expiry_date,contract_month,rank,symbol,ltp,pct_vs_15m_ema50,pct_vs_daily_ema20,rank_final,next_expiry_return_pct,next_expiry,ltp_next
2019-10-31,2019-10,1,YESBANK,70.25,13.83,34.3,23.64,0.2135231316725994,2019-11-28,70.4
2019-10-31,2019-10,2,TMPV,122.5,2.99,27.46,14.57,-6.775510204081625,2019-11-28,114.2
2019-10-31,2019-10,3,SBIN,313.1,4.69,13.56,9.03,11.49792398594698,2019-11-28,349.1
2019-10-31,2019-10,4,EICHERMOT,2263.0,1.31,12.9,6.95,1.8603623508616884,2019-11-28,2305.1
2019-10-31,2019-10,5,GAIL,80.83,3.23,6.8,5.0,-9.192131634294187,2019-11-28,73.4
2019-10-31,2019-10,6,GRASIM,766.95,3.16,6.59,4.86,3.957233196427401,2019-11-28,797.3
2019-10-31,2019-10,7,TCS,2274.55,1.29,7.52,4.36,-8.733595656283665,2019-11-28,2075.9
2019-10-31,2019-10,8,SUNPHARMA,434.05,0.86,6.07,3.43,5.863379794954504,2019-11-28,459.5
2019-10-31,2019-10,9,BAJAJ-AUTO,3163.0,0.49,5.77,3.1,-1.8653177363262774,2019-11-28,3104.0
2019-10-31,2019-10,10,CIPLA,472.0,1.49,4.6,3.03,-0.5932203389830581,2019-11-28,469.2
2019-10-31,2019-10,11,HINDUNILVR,2180.5,0.83,4.96,2.87,-4.52648475120384,2019-11-28,2081.8
2019-10-31,2019-10,12,MARUTI,7555.5,-0.23,5.75,2.72,-3.968632122295024,2019-11-28,7255.65
2019-10-31,2019-10,13,HCLTECH,578.0,0.51,4.89,2.68,-1.903114186851207,2019-11-28,567.0
2019-10-31,2019-10,14,RELIANCE,691.7,-0.19,5.56,2.64,7.98033829694953,2019-11-28,746.9
2019-10-31,2019-10,15,WIPRO,124.2,0.94,4.31,2.61,-7.648953301127214,2019-11-28,114.7
2019-10-31,2019-10,16,BPCL,232.8,-0.02,5.2,2.56,-3.157216494845372,2019-11-28,225.45
2019-10-31,2019-10,17,TATASTEEL,33.62,-1.18,5.82,2.26,14.812611540749575,2019-11-28,38.6
2019-10-31,2019-10,18,NESTLEIND,748.0,0.17,4.15,2.14,-1.7379679144384985,2019-11-28,735.0
2019-10-31,2019-10,19,COALINDIA,193.85,0.53,3.65,2.08,-1.0059324219757526,2019-11-28,191.9
2019-10-31,2019-10,20,ONGC,128.15,0.51,3.14,1.82,-5.9305501365587325,2019-11-28,120.55
2019-10-31,2019-10,21,M&M,605.55,-0.39,3.96,1.76,-10.552390388902644,2019-11-28,541.65
2019-10-31,2019-10,22,NTPC,122.45,0.97,2.38,1.67,-5.594120048999596,2019-11-28,115.6
2019-10-31,2019-10,23,TITAN,1331.8,0.23,3.05,1.63,-12.05511338038744,2019-11-28,1171.25
2019-10-31,2019-10,24,BRITANNIA,3275.95,-0.55,3.71,1.56,-5.555640348601165,2019-11-28,3093.95
2019-10-31,2019-10,25,ITC,212.9,-0.01,3.11,1.54,-4.462188821042745,2019-11-28,203.4
2019-10-31,2019-10,26,BHARTIARTL,366.5,1.26,1.61,1.43,17.844474761255103,2019-11-28,431.9
2019-10-31,2019-10,27,AXISBANK,732.1,-0.85,3.72,1.41,2.5133178527523503,2019-11-28,750.5
2019-10-31,2019-10,28,UPL,574.05,1.26,1.57,1.41,-2.7436634439508722,2019-11-28,558.3
2019-10-31,2019-10,29,LT,1474.0,0.11,2.5,1.3,-8.398914518317502,2019-11-28,1350.2
2019-10-31,2019-10,30,ICICIBANK,463.95,-1.38,3.97,1.26,11.671516327190435,2019-11-28,518.1
2019-10-31,2019-10,31,HEROMOTOCO,2545.9,0.37,1.57,0.97,-9.187320790290276,2019-11-28,2312.0
2019-10-31,2019-10,32,BAJFINANCE,403.0,0.13,1.77,0.95,1.985111662531014,2019-11-28,411.0
2019-10-31,2019-10,33,DRREDDY,557.6,0.05,1.68,0.86,6.5279770444763185,2019-11-28,594.0
2019-10-31,2019-10,34,ASIANPAINT,1809.0,-0.4,2.03,0.81,-5.085682697622995,2019-11-28,1717.0
2019-10-31,2019-10,35,TECHM,680.5,-0.77,1.97,0.59,3.453343130051434,2019-11-28,704.0
2019-10-31,2019-10,36,INDUSINDBK,1313.25,0.52,-0.08,0.22,19.120502569960006,2019-11-28,1564.35
2019-10-31,2019-10,37,BAJAJFINSV,813.0,-0.23,0.55,0.16,13.653136531365305,2019-11-28,924.0
2019-10-31,2019-10,38,HINDALCO,187.45,-0.32,0.42,0.05,8.775673512936798,2019-11-28,203.9
2019-10-31,2019-10,39,VEDL,61.3,-0.65,0.62,-0.02,-1.2234910277324595,2019-11-28,60.55
2019-10-31,2019-10,40,JSWSTEEL,227.7,-2.11,1.71,-0.22,15.722441809398347,2019-11-28,263.5
2019-10-31,2019-10,41,ULTRACEMCO,4061.0,0.15,-0.68,-0.27,3.742920462940158,2019-11-28,4213.0
2019-10-31,2019-10,42,HDFCBANK,615.0,-1.52,0.7,-0.42,3.0081300813008083,2019-11-28,633.5
2019-10-31,2019-10,43,POWERGRID,108.1,-0.58,-1.07,-0.83,-1.0175763182238562,2019-11-28,107.0
2019-10-31,2019-10,44,ADANIPORTS,395.9,-0.44,-1.23,-0.84,-5.948471836322289,2019-11-28,372.35
2019-10-31,2019-10,45,IOC,77.07,-1.99,0.33,-0.84,-9.497859089139737,2019-11-28,69.75
2019-10-31,2019-10,46,KOTAKBANK,313.4,-1.2,-1.22,-1.21,3.1589023611997558,2019-11-28,323.3
2019-10-31,2019-10,47,INFY,672.4,1.38,-4.65,-1.68,2.1118381915526507,2019-11-28,686.6
2019-11-28,2019-11,1,YESBANK,70.4,3.06,8.83,5.91,-30.46875,2019-12-26,48.95
2019-11-28,2019-11,2,INDUSINDBK,1564.35,1.95,9.18,5.5,-3.183430817911592,2019-12-26,1514.55
2019-11-28,2019-11,3,SBIN,349.1,1.32,8.47,4.83,-5.370953881409335,2019-12-26,330.35
2019-11-28,2019-11,4,TATASTEEL,38.6,1.19,8.01,4.54,9.119170984455938,2019-12-26,42.12
2019-11-28,2019-11,5,BHARTIARTL,431.9,1.42,7.55,4.44,1.8291271127576003,2019-12-26,439.8
2019-11-28,2019-11,6,JSWSTEEL,263.5,1.74,6.45,4.07,2.2390891840607052,2019-12-26,269.4
2019-11-28,2019-11,7,UPL,558.3,2.78,4.03,3.4,-2.310585706609347,2019-12-26,545.4
2019-11-28,2019-11,8,ICICIBANK,518.1,1.11,5.55,3.31,3.9953676896351986,2019-12-26,538.8
2019-11-28,2019-11,9,RELIANCE,746.9,0.68,5.35,2.99,-4.183960369527384,2019-12-26,715.65
2019-11-28,2019-11,10,SUNPHARMA,459.5,0.45,5.14,2.77,-8.182807399347125,2019-12-26,421.9
2019-11-28,2019-11,11,HINDALCO,203.9,0.88,4.51,2.68,5.419323197645887,2019-12-26,214.95
2019-11-28,2019-11,12,ULTRACEMCO,4213.0,1.68,3.65,2.66,-5.6729171611678115,2019-12-26,3974.0
2019-11-28,2019-11,13,EICHERMOT,2305.1,0.11,5.14,2.59,-4.362066721617275,2019-12-26,2204.55
2019-11-28,2019-11,14,DRREDDY,594.0,0.38,4.38,2.36,-3.367003367003363,2019-12-26,574.0
2019-11-28,2019-11,15,GRASIM,797.3,0.7,3.43,2.06,-8.202684058698107,2019-12-26,731.9
2019-11-28,2019-11,16,BAJAJFINSV,924.0,0.41,3.53,1.96,1.1688311688311748,2019-12-26,934.8
2019-11-28,2019-11,17,COALINDIA,191.9,1.58,1.83,1.7,-2.970297029702984,2019-12-26,186.2
2019-11-28,2019-11,18,NESTLEIND,735.0,0.74,2.05,1.39,-0.952380952380949,2019-12-26,728.0
2019-11-28,2019-11,19,TMPV,114.2,0.37,1.71,1.04,5.25394045534151,2019-12-26,120.2
2019-11-28,2019-11,20,AXISBANK,750.5,-0.07,2.08,1.0,-1.4123917388407792,2019-12-26,739.9
2019-11-28,2019-11,21,VEDL,60.55,0.74,0.65,0.69,2.8075970272502193,2019-12-26,62.25
2019-11-28,2019-11,22,MARUTI,7255.65,0.17,1.03,0.6,-0.25359547387208137,2019-12-26,7237.25
2019-11-28,2019-11,23,KOTAKBANK,323.3,0.19,0.98,0.58,4.856170739251464,2019-12-26,339.0
2019-11-28,2019-11,24,GAIL,73.4,1.21,-0.13,0.54,-6.880108991825629,2019-12-26,68.35
2019-11-28,2019-11,25,POWERGRID,107.0,0.6,0.44,0.52,-5.887850467289713,2019-12-26,100.7
2019-11-28,2019-11,26,BPCL,225.45,1.1,-0.17,0.46,-6.764249279219337,2019-12-26,210.2
2019-11-28,2019-11,27,HCLTECH,567.0,0.33,0.48,0.4,-1.1287477954144531,2019-12-26,560.6
2019-11-28,2019-11,28,HINDUNILVR,2081.8,0.24,0.35,0.29,-6.628878854837172,2019-12-26,1943.8
2019-11-28,2019-11,29,TECHM,704.0,-0.31,0.86,0.27,1.150568181818179,2019-12-26,712.1
2019-11-28,2019-11,30,BAJFINANCE,411.0,0.12,-0.01,0.05,1.7031630170316392,2019-12-26,418.0
2019-11-28,2019-11,31,INFY,686.6,0.63,-0.52,0.05,3.9615496650160065,2019-12-26,713.8
2019-11-28,2019-11,32,CIPLA,469.2,-0.22,0.24,0.01,0.9057971014492683,2019-12-26,473.45
2019-11-28,2019-11,33,IOC,69.75,1.23,-1.19,0.01,-6.322580645161291,2019-12-26,65.34
2019-11-28,2019-11,34,HDFCBANK,633.5,-0.4,0.38,-0.01,0.23677979479084232,2019-12-26,635.0
2019-11-28,2019-11,35,ONGC,120.55,1.11,-1.24,-0.07,-3.193695562007459,2019-12-26,116.7
2019-11-28,2019-11,36,BAJAJ-AUTO,3104.0,-0.44,0.19,-0.13,1.4175257731958713,2019-12-26,3148.0
2019-11-28,2019-11,37,BRITANNIA,3093.95,0.34,-1.05,-0.36,-1.0488210863136116,2019-12-26,3061.5
2019-11-28,2019-11,38,TITAN,1171.25,0.29,-1.34,-0.53,1.8569903948772781,2019-12-26,1193.0
2019-11-28,2019-11,39,ASIANPAINT,1717.0,0.22,-1.41,-0.6,5.474665113570176,2019-12-26,1811.0
2019-11-28,2019-11,40,ADANIPORTS,372.35,-0.11,-1.42,-0.77,-2.7527863569222544,2019-12-26,362.1
2019-11-28,2019-11,41,TCS,2075.9,0.06,-1.67,-0.81,6.074473722240947,2019-12-26,2202.0
2019-11-28,2019-11,42,ITC,203.4,-0.21,-1.7,-0.96,-3.9085545722713944,2019-12-26,195.45
2019-11-28,2019-11,43,NTPC,115.6,-0.26,-1.81,-1.04,0.6055363321799234,2019-12-26,116.3
2019-11-28,2019-11,44,LT,1350.2,0.48,-2.85,-1.2,-5.251073914975568,2019-12-26,1279.3
2019-11-28,2019-11,45,WIPRO,114.7,0.04,-3.03,-1.51,4.2720139494333065,2019-12-26,119.6
2019-11-28,2019-11,46,M&M,541.65,-0.01,-3.55,-1.8,-2.473922274531515,2019-12-26,528.25
2019-11-28,2019-11,47,HEROMOTOCO,2312.0,-1.17,-2.95,-2.06,-1.3083910034602075,2019-12-26,2281.75
2019-12-26,2019-12,1,TATASTEEL,42.12,0.17,8.5,4.25,-4.415954415954415,2020-01-30,40.26
2019-12-26,2019-12,2,JSWSTEEL,269.4,0.18,3.95,2.05,-4.491462509279865,2020-01-30,257.3
2019-12-26,2019-12,3,VEDL,62.25,0.81,3.19,1.99,-8.032128514056225,2020-01-30,57.25
2019-12-26,2019-12,4,ONGC,116.7,2.75,1.07,1.91,-10.53984575835475,2020-01-30,104.4
2019-12-26,2019-12,5,HINDALCO,214.95,-0.47,3.72,1.6,-10.211677134217256,2020-01-30,193.0
2019-12-26,2019-12,6,ASIANPAINT,1811.0,0.2,2.59,1.39,-0.8503589177250137,2020-01-30,1795.6
2019-12-26,2019-12,7,BAJFINANCE,418.0,0.41,2.17,1.29,4.186602870813405,2020-01-30,435.5
2019-12-26,2019-12,8,COALINDIA,186.2,1.25,1.24,1.24,-5.907626208378092,2020-01-30,175.2
2019-12-26,2019-12,9,NTPC,116.3,1.29,1.1,1.19,-2.1926053310404092,2020-01-30,113.75
2019-12-26,2019-12,10,TCS,2202.0,-0.5,2.69,1.08,-3.058583106267021,2020-01-30,2134.65
2019-12-26,2019-12,11,INDUSINDBK,1514.55,0.04,2.06,1.04,-18.68541811099006,2020-01-30,1231.55
2019-12-26,2019-12,12,BAJAJFINSV,934.8,0.1,1.86,0.98,2.824133504492954,2020-01-30,961.2
2019-12-26,2019-12,13,HEROMOTOCO,2281.75,0.11,1.69,0.9,1.9239618713706719,2020-01-30,2325.65
2019-12-26,2019-12,14,TMPV,120.2,-0.54,1.98,0.71,6.821963394342756,2020-01-30,128.4
2019-12-26,2019-12,15,CIPLA,473.45,-0.33,1.68,0.67,-4.741788995670082,2020-01-30,451.0
2019-12-26,2019-12,16,ICICIBANK,538.8,-0.34,1.69,0.67,-1.429101707498126,2020-01-30,531.1
2019-12-26,2019-12,17,NESTLEIND,728.0,-0.19,1.35,0.58,7.307692307692304,2020-01-30,781.2
2019-12-26,2019-12,18,WIPRO,119.6,-0.39,1.44,0.52,-3.804347826086951,2020-01-30,115.05
2019-12-26,2019-12,19,INFY,713.8,-0.32,1.21,0.44,7.046791818436549,2020-01-30,764.1
2019-12-26,2019-12,20,BHARTIARTL,439.8,-0.93,1.64,0.35,8.697135061391537,2020-01-30,478.05
2019-12-26,2019-12,21,EICHERMOT,2204.55,-0.13,0.84,0.35,-7.917715633576017,2020-01-30,2030.0
2019-12-26,2019-12,22,BAJAJ-AUTO,3148.0,0.12,0.37,0.24,-2.6524777636594665,2020-01-30,3064.5
2019-12-26,2019-12,23,AXISBANK,739.9,0.16,0.31,0.23,-1.2163805919718884,2020-01-30,730.9
2019-12-26,2019-12,24,SBIN,330.35,-0.1,0.56,0.23,-6.160133192069028,2020-01-30,310.0
2019-12-26,2019-12,25,KOTAKBANK,339.0,-0.53,0.84,0.15,-3.9528023598820017,2020-01-30,325.6
2019-12-26,2019-12,26,TECHM,712.1,-0.37,0.58,0.1,3.0192388709450846,2020-01-30,733.6
2019-12-26,2019-12,27,TITAN,1193.0,-0.67,0.87,0.1,-0.9220452640402388,2020-01-30,1182.0
2019-12-26,2019-12,28,MARUTI,7237.25,-0.93,0.71,-0.11,-3.00183080590003,2020-01-30,7020.0
2019-12-26,2019-12,29,UPL,545.4,-0.56,0.28,-0.14,-4.5012834616794954,2020-01-30,520.85
2019-12-26,2019-12,30,DRREDDY,574.0,-0.35,0.06,-0.15,9.895470383275251,2020-01-30,630.8
2019-12-26,2019-12,31,HCLTECH,560.6,-0.38,0.08,-0.15,8.437388512308242,2020-01-30,607.9
2019-12-26,2019-12,32,M&M,528.25,-0.58,0.13,-0.23,7.240889730241373,2020-01-30,566.5
2019-12-26,2019-12,33,HDFCBANK,635.0,-1.24,-0.2,-0.72,-3.307086614173227,2020-01-30,614.0
2019-12-26,2019-12,34,BRITANNIA,3061.5,-0.91,-0.75,-0.83,4.68724481463334,2020-01-30,3205.0
2019-12-26,2019-12,35,POWERGRID,100.7,-0.48,-1.31,-0.9,4.568023833167811,2020-01-30,105.3
2019-12-26,2019-12,36,ULTRACEMCO,3974.0,-0.89,-1.02,-0.96,10.468042274786104,2020-01-30,4390.0
2019-12-26,2019-12,37,IOC,65.34,-0.53,-1.9,-1.22,-8.570554025099486,2020-01-30,59.74
2019-12-26,2019-12,38,HINDUNILVR,1943.8,-0.17,-2.31,-1.25,5.574133141269688,2020-01-30,2052.15
2019-12-26,2019-12,39,ITC,195.45,-0.62,-2.11,-1.37,-1.3814274750575506,2020-01-30,192.75
2019-12-26,2019-12,40,GAIL,68.35,-0.98,-1.96,-1.47,4.9890270665691405,2020-01-30,71.76
2019-12-26,2019-12,41,ADANIPORTS,362.1,-1.52,-2.26,-1.89,4.391052195526091,2020-01-30,378.0
2019-12-26,2019-12,42,SUNPHARMA,421.9,-1.47,-2.4,-1.94,4.7523109741644864,2020-01-30,441.95
2019-12-26,2019-12,43,LT,1279.3,-1.33,-2.61,-1.97,6.698976002501378,2020-01-30,1365.0
2019-12-26,2019-12,44,GRASIM,731.9,-0.76,-3.25,-2.01,7.64448695176938,2020-01-30,787.85
2019-12-26,2019-12,45,RELIANCE,715.65,-1.91,-2.64,-2.28,-4.7509257318521625,2020-01-30,681.65
2019-12-26,2019-12,46,BPCL,210.2,-1.29,-3.34,-2.32,-1.807802093244526,2020-01-30,206.4
2019-12-26,2019-12,47,YESBANK,48.95,-2.59,-7.29,-4.97,-20.122574055158328,2020-01-30,39.1
2020-01-30,2020-01,1,DRREDDY,630.8,0.13,3.99,2.04,-2.813887127457193,2020-02-27,613.05
2020-01-30,2020-01,2,BAJFINANCE,435.5,0.09,3.62,1.84,9.299655568312293,2020-02-27,476.0
2020-01-30,2020-01,3,LT,1365.0,0.31,2.56,1.43,-11.498168498168504,2020-02-27,1208.05
2020-01-30,2020-01,4,HCLTECH,607.9,0.23,2.51,1.36,-6.070077315347911,2020-02-27,571.0
2020-01-30,2020-01,5,BAJAJ-AUTO,3064.5,1.28,1.18,1.23,-6.722140642845487,2020-02-27,2858.5
2020-01-30,2020-01,6,BRITANNIA,3205.0,-0.22,2.48,1.12,-3.432137285491421,2020-02-27,3095.0
2020-01-30,2020-01,7,NESTLEIND,781.2,-0.32,2.5,1.08,3.840245775729656,2020-02-27,811.2
2020-01-30,2020-01,8,HEROMOTOCO,2325.65,-0.04,2.16,1.05,-15.931030034613979,2020-02-27,1955.15
2020-01-30,2020-01,9,INFY,764.1,-0.13,2.06,0.96,-0.523491689569433,2020-02-27,760.1
2020-01-30,2020-01,10,TECHM,733.6,0.09,1.38,0.73,1.8129770992366456,2020-02-27,746.9
2020-01-30,2020-01,11,HINDUNILVR,2052.15,-0.67,1.1,0.21,9.560704626854744,2020-02-27,2248.35
2020-01-30,2020-01,12,ASIANPAINT,1795.6,0.11,0.17,0.14,2.6453553129873075,2020-02-27,1843.1
2020-01-30,2020-01,13,M&M,566.5,-1.17,1.36,0.09,-12.09179170344219,2020-02-27,498.0
2020-01-30,2020-01,14,ICICIBANK,531.1,0.26,-0.2,0.03,-3.1444172472227527,2020-02-27,514.4
2020-01-30,2020-01,15,TMPV,128.4,0.22,-0.17,0.02,-22.157320872274145,2020-02-27,99.95
2020-01-30,2020-01,16,GRASIM,787.85,-1.25,1.14,-0.06,-10.185949101986413,2020-02-27,707.6
2020-01-30,2020-01,17,BAJAJFINSV,961.2,-0.96,0.77,-0.1,-1.6853932584269704,2020-02-27,945.0
2020-01-30,2020-01,18,POWERGRID,105.3,0.17,-0.45,-0.14,-3.6087369420702675,2020-02-27,101.5
2020-01-30,2020-01,19,BHARTIARTL,478.05,-0.66,0.02,-0.32,9.057629955025636,2020-02-27,521.35
2020-01-30,2020-01,20,TITAN,1182.0,-0.42,-0.3,-0.36,8.164128595600673,2020-02-27,1278.5
2020-01-30,2020-01,21,AXISBANK,730.9,-0.42,-0.41,-0.42,0.8756327815022447,2020-02-27,737.3
2020-01-30,2020-01,22,ULTRACEMCO,4390.0,-1.44,0.48,-0.48,-3.3257403189066004,2020-02-27,4244.0
2020-01-30,2020-01,23,KOTAKBANK,325.6,-0.1,-1.1,-0.6,3.101965601965584,2020-02-27,335.7
2020-01-30,2020-01,24,ADANIPORTS,378.0,-0.66,-0.88,-0.77,-6.349206349206349,2020-02-27,354.0
2020-01-30,2020-01,25,SUNPHARMA,441.95,-1.0,-0.8,-0.9,-12.20726326507523,2020-02-27,388.0
2020-01-30,2020-01,26,HDFCBANK,614.0,0.05,-1.89,-0.92,-2.3127035830618925,2020-02-27,599.8
2020-01-30,2020-01,27,NTPC,113.75,0.21,-2.25,-1.03,-4.2197802197802226,2020-02-27,108.95
2020-01-30,2020-01,28,BPCL,206.4,-1.53,-0.57,-1.05,-5.2083333333333375,2020-02-27,195.65
2020-01-30,2020-01,29,ITC,192.75,-0.55,-1.63,-1.09,-15.77172503242542,2020-02-27,162.35
2020-01-30,2020-01,30,MARUTI,7020.0,-0.19,-2.43,-1.32,-10.299145299145296,2020-02-27,6297.0
2020-01-30,2020-01,31,TCS,2134.65,-0.63,-2.16,-1.4,-1.7637551823484032,2020-02-27,2097.0
2020-01-30,2020-01,32,GAIL,71.76,-1.62,-2.15,-1.89,-14.646042363433676,2020-02-27,61.25
2020-01-30,2020-01,33,UPL,520.85,-0.09,-3.72,-1.92,1.3823557646155171,2020-02-27,528.05
2020-01-30,2020-01,34,WIPRO,115.05,-1.21,-2.8,-2.01,-3.8678835289004843,2020-02-27,110.6
2020-01-30,2020-01,35,EICHERMOT,2030.0,-0.95,-3.08,-2.02,-15.837438423645322,2020-02-27,1708.5
2020-01-30,2020-01,36,JSWSTEEL,257.3,-0.77,-3.38,-2.08,-1.7100660707345505,2020-02-27,252.9
2020-01-30,2020-01,37,SBIN,310.0,-1.28,-3.36,-2.33,3.8064516129032278,2020-02-27,321.8
2020-01-30,2020-01,38,CIPLA,451.0,-1.28,-3.6,-2.45,-5.986696230598665,2020-02-27,424.0
2020-01-30,2020-01,39,TATASTEEL,40.26,-0.69,-4.93,-2.83,-8.494783904619963,2020-02-27,36.84
2020-01-30,2020-01,40,IOC,59.74,-1.58,-4.14,-2.87,-11.918312688316046,2020-02-27,52.62
2020-01-30,2020-01,41,ONGC,104.4,-1.05,-4.75,-2.92,-19.54022988505748,2020-02-27,84.0
2020-01-30,2020-01,42,RELIANCE,681.65,-1.34,-4.78,-3.08,-4.320399031761157,2020-02-27,652.2
2020-01-30,2020-01,43,COALINDIA,175.2,-1.13,-5.02,-3.09,-7.619863013698625,2020-02-27,161.85
2020-01-30,2020-01,44,HINDALCO,193.0,-1.8,-5.63,-3.73,-12.746113989637298,2020-02-27,168.4
2020-01-30,2020-01,45,YESBANK,39.1,-2.35,-7.71,-5.07,-6.649616368286448,2020-02-27,36.5
2020-01-30,2020-01,46,VEDL,57.25,-1.76,-8.59,-5.24,-8.733624454148469,2020-02-27,52.25
2020-01-30,2020-01,47,INDUSINDBK,1231.55,-1.54,-9.36,-5.53,-9.544882465186145,2020-02-27,1114.0
2020-02-27,2020-02,1,HINDUNILVR,2248.35,0.68,2.27,1.47,-3.0844841772855625,2020-03-26,2179.0
2020-02-27,2020-02,2,BRITANNIA,3095.0,2.51,-0.27,1.11,-15.993537964458804,2020-03-26,2600.0
2020-02-27,2020-02,3,TITAN,1278.5,0.58,0.89,0.73,-26.710989440750875,2020-03-26,937.0
2020-02-27,2020-02,4,AXISBANK,737.3,1.07,0.29,0.68,-52.94995252949952,2020-03-26,346.9
2020-02-27,2020-02,5,BAJFINANCE,476.0,-0.45,1.64,0.59,-40.65126050420168,2020-03-26,282.5
2020-02-27,2020-02,6,ASIANPAINT,1843.1,0.67,-0.09,0.29,-12.264662796375669,2020-03-26,1617.05
2020-02-27,2020-02,7,KOTAKBANK,335.7,0.43,0.01,0.22,-18.20077450104258,2020-03-26,274.6
2020-02-27,2020-02,8,NESTLEIND,811.2,-0.03,0.22,0.09,-7.544378698224852,2020-03-26,750.0
2020-02-27,2020-02,9,POWERGRID,101.5,0.94,-0.78,0.08,-14.630541871921176,2020-03-26,86.65
2020-02-27,2020-02,10,BHARTIARTL,521.35,-0.05,-0.05,-0.05,-12.448451136472627,2020-03-26,456.45
2020-02-27,2020-02,11,BAJAJFINSV,945.0,0.67,-1.06,-0.2,-45.66137566137566,2020-03-26,513.5
2020-02-27,2020-02,12,SBIN,321.8,-0.68,0.17,-0.26,-39.9005593536358,2020-03-26,193.4
2020-02-27,2020-02,13,HDFCBANK,599.8,0.43,-1.87,-0.73,-24.924974991663884,2020-03-26,450.3
2020-02-27,2020-02,14,TECHM,746.9,-0.52,-1.05,-0.79,-36.95273798366582,2020-03-26,470.9
2020-02-27,2020-02,15,INFY,760.1,-0.93,-0.98,-0.96,-17.589790816997763,2020-03-26,626.4
2020-02-27,2020-02,16,ULTRACEMCO,4244.0,-0.27,-1.89,-1.08,-24.8114985862394,2020-03-26,3191.0
2020-02-27,2020-02,17,CIPLA,424.0,1.16,-3.7,-1.3,-8.018867924528305,2020-03-26,390.0
2020-02-27,2020-02,18,COALINDIA,161.85,0.36,-2.98,-1.32,-28.82298424467099,2020-03-26,115.2
2020-02-27,2020-02,19,YESBANK,36.5,-0.63,-2.05,-1.34,-30.958904109589046,2020-03-26,25.2
2020-02-27,2020-02,20,NTPC,108.95,0.15,-2.88,-1.38,-27.397888939880687,2020-03-26,79.1
2020-02-27,2020-02,21,DRREDDY,613.05,-0.46,-3.02,-1.75,-4.086126743332508,2020-03-26,588.0
2020-02-27,2020-02,22,TCS,2097.0,-0.95,-2.69,-1.82,-14.592274678111583,2020-03-26,1791.0
2020-02-27,2020-02,23,SUNPHARMA,388.0,1.51,-5.27,-1.94,-12.68041237113402,2020-03-26,338.8
2020-02-27,2020-02,24,ADANIPORTS,354.0,-0.48,-3.54,-2.02,-28.8135593220339,2020-03-26,252.0
2020-02-27,2020-02,25,GRASIM,707.6,0.72,-4.75,-2.05,-34.122385528547206,2020-03-26,466.15
2020-02-27,2020-02,26,UPL,528.05,-1.34,-2.88,-2.11,-43.58488779471641,2020-03-26,297.9
2020-02-27,2020-02,27,ICICIBANK,514.4,-1.14,-3.58,-2.37,-35.55598755832037,2020-03-26,331.5
2020-02-27,2020-02,28,BAJAJ-AUTO,2858.5,-0.63,-4.28,-2.47,-29.071191184187505,2020-03-26,2027.5
2020-02-27,2020-02,29,HCLTECH,571.0,-1.22,-4.28,-2.76,-21.891418563922937,2020-03-26,446.0
2020-02-27,2020-02,30,RELIANCE,652.2,-0.91,-4.85,-2.9,-22.75375651640601,2020-03-26,503.8
2020-02-27,2020-02,31,BPCL,195.65,-0.86,-4.92,-2.91,-38.46153846153846,2020-03-26,120.4
2020-02-27,2020-02,32,LT,1208.05,-0.7,-5.36,-3.06,-30.276064732420018,2020-03-26,842.3
2020-02-27,2020-02,33,M&M,498.0,-0.21,-6.04,-3.17,-42.670682730923694,2020-03-26,285.5
2020-02-27,2020-02,34,TATASTEEL,36.84,-0.25,-6.28,-3.31,-34.47339847991314,2020-03-26,24.14
2020-02-27,2020-02,35,WIPRO,110.6,-2.06,-4.61,-3.34,-21.97106690777577,2020-03-26,86.3
2020-02-27,2020-02,36,MARUTI,6297.0,-0.1,-6.91,-3.57,-21.391138637446407,2020-03-26,4950.0
2020-02-27,2020-02,37,ITC,162.35,-0.93,-6.52,-3.77,-20.35725284878348,2020-03-26,129.3
2020-02-27,2020-02,38,VEDL,52.25,-0.16,-7.9,-4.11,-59.52153110047846,2020-03-26,21.15
2020-02-27,2020-02,39,JSWSTEEL,252.9,-1.56,-6.76,-4.2,-40.72756030051403,2020-03-26,149.9
2020-02-27,2020-02,40,INDUSINDBK,1114.0,-0.91,-8.13,-4.59,-60.502692998204665,2020-03-26,440.0
2020-02-27,2020-02,41,EICHERMOT,1708.5,-0.71,-9.29,-5.1,-13.623061164764415,2020-03-26,1475.75
2020-02-27,2020-02,42,HEROMOTOCO,1955.15,-1.57,-8.65,-5.18,-15.927166713551388,2020-03-26,1643.75
2020-02-27,2020-02,43,IOC,52.62,-2.49,-8.3,-5.44,-32.953249714937286,2020-03-26,35.28
2020-02-27,2020-02,44,HINDALCO,168.4,-0.91,-9.78,-5.45,-43.58669833729216,2020-03-26,95.0
2020-02-27,2020-02,45,TMPV,99.95,0.29,-11.18,-5.62,-51.125562781390684,2020-03-26,48.85
2020-02-27,2020-02,46,ONGC,84.0,-2.74,-10.36,-6.63,-30.17857142857143,2020-03-26,58.65
2020-02-27,2020-02,47,GAIL,61.25,-2.14,-11.21,-6.79,-34.08979591836735,2020-03-26,40.37
2020-03-26,2020-03,1,HINDUNILVR,2179.0,3.53,5.21,4.37,1.1932078935291468,2020-04-30,2205.0
2020-03-26,2020-03,2,NESTLEIND,750.0,3.88,0.99,2.42,19.333333333333336,2020-04-30,895.0
2020-03-26,2020-03,3,KOTAKBANK,274.6,6.1,-1.89,2.03,-1.2745812090313224,2020-04-30,271.1
2020-03-26,2020-03,4,BHARTIARTL,456.45,4.92,-1.14,1.84,10.647387446598767,2020-04-30,505.05
2020-03-26,2020-03,5,INFY,626.4,3.3,-0.54,1.36,11.797573435504471,2020-04-30,700.3
2020-03-26,2020-03,6,BRITANNIA,2600.0,4.54,-3.28,0.55,21.578846153846154,2020-04-30,3161.05
2020-03-26,2020-03,7,DRREDDY,588.0,0.59,0.47,0.53,33.70748299319728,2020-04-30,786.2
2020-03-26,2020-03,8,POWERGRID,86.65,4.39,-3.66,0.28,1.6733987305250775,2020-04-30,88.1
2020-03-26,2020-03,9,HEROMOTOCO,1643.75,4.07,-5.0,-0.57,21.888973384030418,2020-04-30,2003.55
2020-03-26,2020-03,10,TCS,1791.0,1.47,-2.67,-0.62,12.741485203796765,2020-04-30,2019.2
2020-03-26,2020-03,11,CIPLA,390.0,0.78,-3.11,-1.18,51.28205128205128,2020-04-30,590.0
2020-03-26,2020-03,12,RELIANCE,503.8,1.89,-4.58,-1.4,37.21714966256451,2020-04-30,691.3
2020-03-26,2020-03,13,ITC,129.3,4.22,-7.37,-1.75,15.622583139984524,2020-04-30,149.5
2020-03-26,2020-03,14,TITAN,937.0,5.82,-8.92,-1.83,3.2870864461045812,2020-04-30,967.8
2020-03-26,2020-03,15,ASIANPAINT,1617.05,1.54,-5.23,-1.9,8.963853931541998,2020-04-30,1762.0
2020-03-26,2020-03,16,HDFCBANK,450.3,4.05,-9.0,-2.69,11.037086386853211,2020-04-30,500.0
2020-03-26,2020-03,17,LT,842.3,8.12,-12.97,-3.0,6.618781906684079,2020-04-30,898.05
2020-03-26,2020-03,18,WIPRO,86.3,1.36,-7.46,-3.15,5.793742757821563,2020-04-30,91.3
2020-03-26,2020-03,19,ONGC,58.65,3.87,-11.49,-4.12,22.591645353793698,2020-04-30,71.9
2020-03-26,2020-03,20,MARUTI,4950.0,2.16,-10.36,-4.3,7.939393939393935,2020-04-30,5343.0
2020-03-26,2020-03,21,EICHERMOT,1475.75,0.55,-9.05,-4.37,-0.7284431644926315,2020-04-30,1465.0
2020-03-26,2020-03,22,ULTRACEMCO,3191.0,1.71,-10.24,-4.45,8.461297398934509,2020-04-30,3461.0
2020-03-26,2020-03,23,HCLTECH,446.0,-0.22,-8.71,-4.56,22.197309417040366,2020-04-30,545.0
2020-03-26,2020-03,24,SUNPHARMA,338.8,-1.75,-8.04,-4.95,37.54427390791027,2020-04-30,466.0
2020-03-26,2020-03,25,BAJAJ-AUTO,2027.5,2.33,-12.39,-5.32,26.21454993834771,2020-04-30,2559.0
2020-03-26,2020-03,26,ADANIPORTS,252.0,1.73,-12.01,-5.39,15.337301587301578,2020-04-30,290.65
2020-03-26,2020-03,27,SHREECEM,17599.65,0.88,-11.52,-5.52,11.422670337194196,2020-04-30,19610.0
2020-03-26,2020-03,28,NTPC,79.1,1.16,-13.37,-6.39,21.238938053097357,2020-04-30,95.9
2020-03-26,2020-03,29,BAJFINANCE,282.5,5.7,-17.84,-6.81,-17.876106194690266,2020-04-30,232.0
2020-03-26,2020-03,30,GRASIM,466.15,4.34,-16.9,-6.88,8.334227180092245,2020-04-30,505.0
2020-03-26,2020-03,31,TATASTEEL,24.14,-0.64,-13.03,-7.04,5.840927920463956,2020-04-30,25.55
2020-03-26,2020-03,32,ICICIBANK,331.5,1.54,-16.78,-8.08,13.891402714932122,2020-04-30,377.55
2020-03-26,2020-03,33,SBIN,193.4,1.09,-17.06,-8.43,-1.7321613236814914,2020-04-30,190.05
2020-03-26,2020-03,34,COALINDIA,115.2,-0.87,-15.91,-8.7,20.225694444444443,2020-04-30,138.5
2020-03-26,2020-03,35,UPL,297.9,3.11,-20.3,-9.35,33.19906008727762,2020-04-30,396.8
2020-03-26,2020-03,36,TECHM,470.9,-1.23,-17.72,-9.85,5.287746867700149,2020-04-30,495.8
2020-03-26,2020-03,37,IOC,35.28,-0.01,-19.57,-10.32,10.629251700680275,2020-04-30,39.03
2020-03-26,2020-03,38,BPCL,120.4,1.65,-21.01,-10.39,34.42691029900331,2020-04-30,161.85
2020-03-26,2020-03,39,GAIL,40.37,-2.6,-17.84,-10.54,33.68838246222443,2020-04-30,53.97
2020-03-26,2020-03,40,HINDALCO,95.0,1.21,-23.21,-11.84,36.8421052631579,2020-04-30,130.0
2020-03-26,2020-03,41,JSWSTEEL,149.9,-0.58,-22.6,-12.28,21.41427618412275,2020-04-30,182.0
2020-03-26,2020-03,42,BAJAJFINSV,513.5,2.2,-25.32,-12.64,-0.8763388510223957,2020-04-30,509.0
2020-03-26,2020-03,43,INDUSINDBK,440.0,15.92,-34.62,-12.94,6.272727272727274,2020-04-30,467.6
2020-03-26,2020-03,44,M&M,285.5,1.08,-25.05,-12.96,28.791593695271445,2020-04-30,367.7
2020-03-26,2020-03,45,TMPV,48.85,0.72,-25.79,-13.55,32.139201637666325,2020-04-30,64.55
2020-03-26,2020-03,46,AXISBANK,346.9,-1.25,-30.84,-17.36,28.048428942058234,2020-04-30,444.2
2020-03-26,2020-03,47,VEDL,21.15,0.18,-33.01,-18.08,52.71867612293144,2020-04-30,32.3
2020-04-30,2020-04,1,TMPV,64.55,10.35,18.48,14.34,-6.971340046475605,2020-05-28,60.05
2020-04-30,2020-04,2,VEDL,32.3,9.65,17.1,13.31,1.8575851393188847,2020-05-28,32.9
2020-04-30,2020-04,3,UPL,396.8,9.82,15.76,12.75,-5.481350806451612,2020-05-28,375.05
2020-04-30,2020-04,4,HINDALCO,130.0,7.36,15.02,11.12,6.423076923076909,2020-05-28,138.35
2020-04-30,2020-04,5,HCLTECH,545.0,7.11,14.17,10.58,-0.20183486238533055,2020-05-28,543.9
2020-04-30,2020-04,6,ONGC,71.9,9.52,11.17,10.34,-1.0431154381084884,2020-05-28,71.15
2020-04-30,2020-04,7,HEROMOTOCO,2003.55,4.42,14.76,9.47,6.548376631479136,2020-05-28,2134.75
2020-04-30,2020-04,8,JSWSTEEL,182.0,7.31,9.17,8.24,1.098901098901095,2020-05-28,184.0
2020-04-30,2020-04,9,GAIL,53.97,4.65,11.9,8.21,-7.096535112099311,2020-05-28,50.14
2020-04-30,2020-04,10,TCS,2019.2,3.61,10.3,6.9,-0.6413431061806696,2020-05-28,2006.25
2020-04-30,2020-04,11,RELIANCE,691.3,0.74,13.04,6.71,1.4176189787357352,2020-05-28,701.1
2020-04-30,2020-04,12,INFY,700.3,2.93,9.2,6.02,-1.1994859345994535,2020-05-28,691.9
2020-04-30,2020-04,13,BAJAJ-AUTO,2559.0,2.67,9.42,5.99,-0.8010941774130531,2020-05-28,2538.5
2020-04-30,2020-04,14,M&M,367.7,3.26,6.35,4.79,18.84688604840903,2020-05-28,437.0
2020-04-30,2020-04,15,COALINDIA,138.5,3.96,4.77,4.36,-10.180505415162456,2020-05-28,124.4
2020-04-30,2020-04,16,ADANIPORTS,290.65,2.21,6.42,4.29,14.054704971615362,2020-05-28,331.5
2020-04-30,2020-04,17,TATASTEEL,25.55,2.81,5.78,4.28,-1.3307240704500956,2020-05-28,25.21
2020-04-30,2020-04,18,BPCL,161.85,2.69,5.87,4.27,-12.202656780970035,2020-05-28,142.1
2020-04-30,2020-04,19,HDFCBANK,500.0,1.46,6.89,4.14,-5.279999999999996,2020-05-28,473.6
2020-04-30,2020-04,20,BHARTIARTL,505.05,2.77,5.39,4.07,9.098109098109086,2020-05-28,551.0
2020-04-30,2020-04,21,NTPC,95.9,3.46,4.2,3.83,-0.31282586027112647,2020-05-28,95.6
2020-04-30,2020-04,22,ICICIBANK,377.55,0.76,6.73,3.7,-13.680307244073642,2020-05-28,325.9
2020-04-30,2020-04,23,KOTAKBANK,271.1,0.65,6.72,3.64,-9.55367023238658,2020-05-28,245.2
2020-04-30,2020-04,24,BRITANNIA,3161.05,-0.32,7.61,3.57,4.840163869600289,2020-05-28,3314.05
2020-04-30,2020-04,25,NESTLEIND,895.0,1.26,5.42,3.32,-5.307262569832405,2020-05-28,847.5
2020-04-30,2020-04,26,MARUTI,5343.0,2.06,4.43,3.24,2.0026202507954283,2020-05-28,5450.0
2020-04-30,2020-04,27,WIPRO,91.3,3.24,2.95,3.09,4.381161007667034,2020-05-28,95.3
2020-04-30,2020-04,28,SHREECEM,19610.0,0.99,4.9,2.93,6.5782763895971375,2020-05-28,20900.0
2020-04-30,2020-04,29,DRREDDY,786.2,-0.06,5.57,2.72,-1.3609768506741338,2020-05-28,775.5
2020-04-30,2020-04,30,CIPLA,590.0,-1.02,6.57,2.7,6.737288135593222,2020-05-28,629.75
2020-04-30,2020-04,31,IOC,39.03,3.81,0.92,2.35,-10.325390725083272,2020-05-28,35.0
2020-04-30,2020-04,32,EICHERMOT,1465.0,1.09,3.19,2.13,9.65870307167236,2020-05-28,1606.5
2020-04-30,2020-04,33,ULTRACEMCO,3461.0,1.45,2.8,2.12,7.801213522103434,2020-05-28,3731.0
2020-04-30,2020-04,34,TECHM,495.8,2.07,1.62,1.84,-3.1262605889471606,2020-05-28,480.3
2020-04-30,2020-04,35,LT,898.05,1.02,2.61,1.81,0.2171371304493075,2020-05-28,900.0
2020-04-30,2020-04,36,TITAN,967.8,1.67,1.53,1.6,-7.005579665220085,2020-05-28,900.0
2020-04-30,2020-04,37,POWERGRID,88.1,1.55,1.2,1.37,-3.1782065834279227,2020-05-28,85.3
2020-04-30,2020-04,38,SUNPHARMA,466.0,-1.25,3.91,1.3,-1.3519313304721003,2020-05-28,459.7
2020-04-30,2020-04,39,BAJAJFINSV,509.0,1.14,1.25,1.19,-15.91355599214146,2020-05-28,428.0
2020-04-30,2020-04,40,INDUSINDBK,467.6,-0.55,2.35,0.89,-17.79298545765613,2020-05-28,384.4
2020-04-30,2020-04,41,AXISBANK,444.2,-0.67,2.08,0.7,-12.224223322827555,2020-05-28,389.9
2020-04-30,2020-04,42,ITC,149.5,-0.28,1.06,0.39,5.351170568561869,2020-05-28,157.5
2020-04-30,2020-04,43,ASIANPAINT,1762.0,-0.56,0.82,0.13,-6.8132803632236065,2020-05-28,1641.95
2020-04-30,2020-04,44,GRASIM,505.0,0.47,-1.4,-0.47,13.405940594059418,2020-05-28,572.7
2020-04-30,2020-04,45,SBIN,190.05,-0.09,-1.13,-0.61,-16.916600894501443,2020-05-28,157.9
2020-04-30,2020-04,46,BAJFINANCE,232.0,0.62,-2.17,-0.78,-16.37931034482759,2020-05-28,194.0
2020-04-30,2020-04,47,HINDUNILVR,2205.0,-0.59,-3.34,-1.97,-9.024943310657596,2020-05-28,2006.0
2020-05-28,2020-05,1,EICHERMOT,1606.5,3.52,12.6,7.96,12.356053532524115,2020-06-25,1805.0
2020-05-28,2020-05,2,HINDALCO,138.35,2.1,12.79,7.31,6.866642573183945,2020-06-25,147.85
2020-05-28,2020-05,3,HEROMOTOCO,2134.75,2.54,10.06,6.23,12.643166647148373,2020-06-25,2404.65
2020-05-28,2020-05,4,GRASIM,572.7,2.25,9.49,5.81,5.6486816832547415,2020-06-25,605.05
2020-05-28,2020-05,5,M&M,437.0,1.32,10.06,5.6,15.949656750572071,2020-06-25,506.7
2020-05-28,2020-05,6,ADANIPORTS,331.5,1.41,9.13,5.2,4.2232277526395245,2020-06-25,345.5
2020-05-28,2020-05,7,MARUTI,5450.0,2.26,7.54,4.87,5.504587155963292,2020-06-25,5750.0
2020-05-28,2020-05,8,SHREECEM,20900.0,1.89,7.66,4.74,5.971291866028716,2020-06-25,22148.0
2020-05-28,2020-05,9,LT,900.0,3.08,6.28,4.67,4.75000000000001,2020-06-25,942.75
2020-05-28,2020-05,10,HDFCBANK,473.6,3.49,5.71,4.59,9.311655405405418,2020-06-25,517.7
2020-05-28,2020-05,11,ULTRACEMCO,3731.0,1.36,7.39,4.33,-0.18761726078799779,2020-06-25,3724.0
2020-05-28,2020-05,12,BRITANNIA,3314.05,1.59,6.75,4.14,3.8140643623361115,2020-06-25,3440.45
2020-05-28,2020-05,13,ITC,157.5,0.59,7.25,3.87,6.2857142857142945,2020-06-25,167.4
2020-05-28,2020-05,14,TATASTEEL,25.21,1.93,5.65,3.77,11.06703689012296,2020-06-25,28.0
2020-05-28,2020-05,15,HCLTECH,543.9,2.36,5.0,3.67,0.84574370288657,2020-06-25,548.5
2020-05-28,2020-05,16,VEDL,32.9,1.62,5.72,3.65,30.547112462006098,2020-06-25,42.95
2020-05-28,2020-05,17,JSWSTEEL,184.0,0.57,6.45,3.47,5.597826086956537,2020-06-25,194.3
2020-05-28,2020-05,18,WIPRO,95.3,1.48,5.5,3.47,9.233997901364122,2020-06-25,104.1
2020-05-28,2020-05,19,TMPV,60.05,2.11,4.73,3.41,19.233971690258112,2020-06-25,71.6
2020-05-28,2020-05,20,UPL,375.05,0.95,5.13,3.02,13.8114918010932,2020-06-25,426.85
2020-05-28,2020-05,21,INFY,691.9,1.37,4.42,2.88,-0.8671773377655678,2020-06-25,685.9
2020-05-28,2020-05,22,NTPC,95.6,1.05,4.01,2.52,-0.20920502092048876,2020-06-25,95.4
2020-05-28,2020-05,23,CIPLA,629.75,-0.2,5.01,2.37,1.3021040095275938,2020-06-25,637.95
2020-05-28,2020-05,24,TCS,2006.25,1.04,3.49,2.26,0.4560747663551412,2020-06-25,2015.4
2020-05-28,2020-05,25,RELIANCE,701.1,1.13,3.19,2.15,16.702324917986022,2020-06-25,818.2
2020-05-28,2020-05,26,BPCL,142.1,2.14,1.94,2.04,13.969035890218162,2020-06-25,161.95
2020-05-28,2020-05,27,ICICIBANK,325.9,2.59,1.41,2.0,7.548327707885871,2020-06-25,350.5
2020-05-28,2020-05,28,COALINDIA,124.4,1.76,2.23,1.99,4.1800643086816525,2020-06-25,129.6
2020-05-28,2020-05,29,TITAN,900.0,1.26,2.66,1.96,8.666666666666668,2020-06-25,978.0
2020-05-28,2020-05,30,ONGC,71.15,0.49,3.43,1.95,5.059732958538299,2020-06-25,74.75
2020-05-28,2020-05,31,KOTAKBANK,245.2,0.9,2.41,1.65,11.500815660685149,2020-06-25,273.4
2020-05-28,2020-05,32,AXISBANK,389.9,1.78,1.38,1.58,7.437804565273143,2020-06-25,418.9
2020-05-28,2020-05,33,BAJAJ-AUTO,2538.5,0.49,2.55,1.51,8.233208587748674,2020-06-25,2747.5
2020-05-28,2020-05,34,ASIANPAINT,1641.95,0.55,2.1,1.32,3.0482048783458726,2020-06-25,1692.0
2020-05-28,2020-05,35,NESTLEIND,847.5,1.24,1.34,1.29,-0.8849557522123908,2020-06-25,840.0
2020-05-28,2020-05,36,IOC,35.0,0.73,1.44,1.08,13.542857142857144,2020-06-25,39.74
2020-05-28,2020-05,37,TECHM,480.3,0.95,1.13,1.04,4.830314386841561,2020-06-25,503.5
2020-05-28,2020-05,38,DRREDDY,775.5,0.19,1.6,0.89,3.275306254029653,2020-06-25,800.9
2020-05-28,2020-05,39,BHARTIARTL,551.0,-0.2,1.86,0.82,-0.7713248638838488,2020-06-25,546.75
2020-05-28,2020-05,40,GAIL,50.14,-0.09,1.71,0.81,18.04946150777822,2020-06-25,59.19
2020-05-28,2020-05,41,SUNPHARMA,459.7,0.2,0.86,0.53,5.98216227974766,2020-06-25,487.2
2020-05-28,2020-05,42,POWERGRID,85.3,0.51,-0.8,-0.15,13.364595545134828,2020-06-25,96.7
2020-05-28,2020-05,43,INDUSINDBK,384.4,2.23,-3.51,-0.68,23.803329864724244,2020-06-25,475.9
2020-05-28,2020-05,44,HINDUNILVR,2006.0,0.34,-2.08,-0.88,7.502492522432691,2020-06-25,2156.5
2020-05-28,2020-05,45,SBIN,157.9,0.51,-4.29,-1.92,17.542748575047497,2020-06-25,185.6
2020-05-28,2020-05,46,BAJFINANCE,194.0,0.48,-5.44,-2.52,54.12371134020619,2020-06-25,299.0
2020-05-28,2020-05,47,BAJAJFINSV,428.0,0.53,-6.47,-3.03,40.46728971962619,2020-06-25,601.2
2020-06-25,2020-06,1,BAJFINANCE,299.0,0.87,16.83,8.56,7.692307692307687,2020-07-30,322.0
2020-06-25,2020-06,2,ITC,167.4,4.07,6.94,5.5,-4.6893667861409805,2020-07-30,159.55
2020-06-25,2020-06,3,HEROMOTOCO,2404.65,1.66,9.11,5.32,5.9468113862724215,2020-07-30,2547.65
2020-06-25,2020-06,4,VEDL,42.95,1.17,9.49,5.25,1.1641443538998875,2020-07-30,43.45
2020-06-25,2020-06,5,BAJAJFINSV,601.2,-1.05,9.91,4.29,2.8775781769793563,2020-07-30,618.5
2020-06-25,2020-06,6,GAIL,59.19,0.64,6.53,3.54,-6.943740496705519,2020-07-30,55.08
2020-06-25,2020-06,7,EICHERMOT,1805.0,-0.03,6.52,3.19,17.282548476454274,2020-07-30,2116.95
2020-06-25,2020-06,8,KOTAKBANK,273.4,0.64,4.67,2.64,0.8778346744696464,2020-07-30,275.8
2020-06-25,2020-06,9,RELIANCE,818.2,-0.78,5.79,2.45,22.48838914690785,2020-07-30,1002.2
2020-06-25,2020-06,10,HDFCBANK,517.7,0.32,4.03,2.16,1.5646127100637175,2020-07-30,525.8
2020-06-25,2020-06,11,M&M,506.7,-0.69,4.69,1.96,18.215906848233665,2020-07-30,599.0
2020-06-25,2020-06,12,POWERGRID,96.7,-1.14,5.1,1.93,-0.5687693898655644,2020-07-30,96.15
2020-06-25,2020-06,13,UPL,426.85,-0.94,4.64,1.81,3.9826636991917574,2020-07-30,443.85
2020-06-25,2020-06,14,HINDUNILVR,2156.5,0.58,2.61,1.59,1.7806631115232952,2020-07-30,2194.9
2020-06-25,2020-06,15,TMPV,71.6,-0.9,4.14,1.59,-0.6983240223463638,2020-07-30,71.1
2020-06-25,2020-06,16,SBIN,185.6,-0.35,3.36,1.49,0.6734913793103425,2020-07-30,186.85
2020-06-25,2020-06,17,LT,942.75,-0.86,2.63,0.87,-3.4102360116679886,2020-07-30,910.6
2020-06-25,2020-06,18,NESTLEIND,840.0,0.47,1.26,0.86,-1.5476190476190421,2020-07-30,827.0
2020-06-25,2020-06,19,BAJAJ-AUTO,2747.5,-1.09,2.78,0.83,8.0800727934486,2020-07-30,2969.5
2020-06-25,2020-06,20,BRITANNIA,3440.45,-0.42,1.87,0.72,10.770393407839096,2020-07-30,3811.0
2020-06-25,2020-06,21,SHREECEM,22148.0,-1.08,2.53,0.71,-3.4675817229546713,2020-07-30,21380.0
2020-06-25,2020-06,22,WIPRO,104.1,-0.74,2.03,0.64,30.355427473583084,2020-07-30,135.7
2020-06-25,2020-06,23,ASIANPAINT,1692.0,-1.33,2.6,0.62,3.1323877068557993,2020-07-30,1745.0
2020-06-25,2020-06,24,MARUTI,5750.0,-0.87,2.08,0.59,8.808695652173903,2020-07-30,6256.5
2020-06-25,2020-06,25,TATASTEEL,28.0,-1.33,2.55,0.59,15.357142857142847,2020-07-30,32.3
2020-06-25,2020-06,26,GRASIM,605.05,-1.15,2.21,0.52,-0.9007520039665984,2020-07-30,599.6
2020-06-25,2020-06,27,JSWSTEEL,194.3,-1.1,2.04,0.46,10.113226968605238,2020-07-30,213.95
2020-06-25,2020-06,28,AXISBANK,418.9,-1.38,2.15,0.37,1.9336357125805836,2020-07-30,427.0
2020-06-25,2020-06,29,ADANIPORTS,345.5,-1.1,1.6,0.24,-9.623733719247463,2020-07-30,312.25
2020-06-25,2020-06,30,TITAN,978.0,-1.07,1.49,0.2,6.349693251533739,2020-07-30,1040.1
2020-06-25,2020-06,31,SUNPHARMA,487.2,-0.48,0.87,0.19,4.9979474548440095,2020-07-30,511.55
2020-06-25,2020-06,32,BPCL,161.95,-1.42,1.6,0.08,13.12133374498301,2020-07-30,183.2
2020-06-25,2020-06,33,TECHM,503.5,-0.86,0.7,-0.08,22.62164846077457,2020-07-30,617.4
2020-06-25,2020-06,34,CIPLA,637.95,-0.21,-0.04,-0.13,7.641664707265461,2020-07-30,686.7
2020-06-25,2020-06,35,HINDALCO,147.85,-2.08,1.83,-0.14,8.961785593506931,2020-07-30,161.1
2020-06-25,2020-06,36,DRREDDY,800.9,-0.7,0.15,-0.28,12.373579722811833,2020-07-30,900.0
2020-06-25,2020-06,37,COALINDIA,129.6,-1.39,0.74,-0.33,-7.523148148148151,2020-07-30,119.85
2020-06-25,2020-06,38,ICICIBANK,350.5,-1.26,0.58,-0.34,-1.4550641940085707,2020-07-30,345.4
2020-06-25,2020-06,39,ULTRACEMCO,3724.0,-1.31,0.51,-0.4,9.022556390977442,2020-07-30,4060.0
2020-06-25,2020-06,40,INFY,685.9,-0.73,-0.29,-0.51,37.30864557515672,2020-07-30,941.8
2020-06-25,2020-06,41,INDUSINDBK,475.9,-2.06,0.89,-0.6,9.560832107585625,2020-07-30,521.4
2020-06-25,2020-06,42,BHARTIARTL,546.75,-0.72,-0.97,-0.85,-1.079103795153169,2020-07-30,540.85
2020-06-25,2020-06,43,TCS,2015.4,-1.16,-0.69,-0.93,13.17852535476829,2020-07-30,2281.0
2020-06-25,2020-06,44,NTPC,95.4,-2.18,0.11,-1.04,-9.014675052410915,2020-07-30,86.8
2020-06-25,2020-06,45,ONGC,74.75,-0.92,-1.21,-1.07,-6.153846153846143,2020-07-30,70.15
2020-06-25,2020-06,46,IOC,39.74,-2.24,-0.67,-1.46,5.737292400603922,2020-07-30,42.02
2020-06-25,2020-06,47,HCLTECH,548.5,-1.89,-2.57,-2.23,26.891522333637184,2020-07-30,696.0
2020-07-30,2020-07,1,DRREDDY,900.0,2.98,9.96,6.41,-1.577777777777778,2020-08-27,885.8
2020-07-30,2020-07,2,WIPRO,135.7,1.17,10.79,5.87,-3.868828297715554,2020-08-27,130.45
2020-07-30,2020-07,3,INFY,941.8,0.22,9.44,4.73,-1.1785941813548417,2020-08-27,930.7
2020-07-30,2020-07,4,SUNPHARMA,511.55,3.26,5.04,4.15,4.818688300263907,2020-08-27,536.2
2020-07-30,2020-07,5,TECHM,617.4,-0.58,8.2,3.72,9.76676384839652,2020-08-27,677.7
2020-07-30,2020-07,6,HCLTECH,696.0,-0.79,8.08,3.55,2.284482758620676,2020-08-27,711.9
2020-07-30,2020-07,7,EICHERMOT,2116.95,-0.89,6.8,2.88,5.812607761165833,2020-08-27,2240.0
2020-07-30,2020-07,8,RELIANCE,1002.2,-0.9,6.72,2.84,0.24945120734385373,2020-08-27,1004.7
2020-07-30,2020-07,9,TATASTEEL,32.3,-0.27,5.96,2.8,18.45201238390093,2020-08-27,38.26
2020-07-30,2020-07,10,ULTRACEMCO,4060.0,-0.2,5.77,2.74,-2.118226600985218,2020-08-27,3974.0
2020-07-30,2020-07,11,CIPLA,686.7,0.8,4.05,2.41,10.579583515363321,2020-08-27,759.35
2020-07-30,2020-07,12,MARUTI,6256.5,-0.22,4.02,1.88,13.713737712778705,2020-08-27,7114.5
2020-07-30,2020-07,13,JSWSTEEL,213.95,-0.89,4.67,1.85,34.96143958868896,2020-08-27,288.75
2020-07-30,2020-07,14,VEDL,43.45,1.2,2.34,1.77,17.95166858457997,2020-08-27,51.25
2020-07-30,2020-07,15,M&M,599.0,-0.88,4.25,1.65,6.6777963272120155,2020-08-27,639.0
2020-07-30,2020-07,16,UPL,443.85,0.2,3.06,1.62,7.356088768728175,2020-08-27,476.5
2020-07-30,2020-07,17,TCS,2281.0,-0.47,3.31,1.4,-1.4445418676019228,2020-08-27,2248.05
2020-07-30,2020-07,18,TITAN,1040.1,-0.64,2.32,0.83,9.527930006730134,2020-08-27,1139.2
2020-07-30,2020-07,19,BRITANNIA,3811.0,-0.19,1.74,0.77,0.23615848858566935,2020-08-27,3820.0
2020-07-30,2020-07,20,KOTAKBANK,275.8,-0.82,2.23,0.69,3.3357505438723623,2020-08-27,285.0
2020-07-30,2020-07,21,BAJAJ-AUTO,2969.5,-1.24,2.44,0.58,-0.05051355447045491,2020-08-27,2968.0
2020-07-30,2020-07,22,ASIANPAINT,1745.0,-0.44,1.51,0.53,13.753581661891111,2020-08-27,1985.0
2020-07-30,2020-07,23,POWERGRID,96.15,-1.21,1.43,0.1,4.836193447737891,2020-08-27,100.8
2020-07-30,2020-07,24,BAJFINANCE,322.0,-1.32,1.4,0.03,12.88819875776397,2020-08-27,363.5
2020-07-30,2020-07,25,HINDALCO,161.1,-1.4,1.15,-0.13,20.732464307883312,2020-08-27,194.5
2020-07-30,2020-07,26,GRASIM,599.6,-0.94,0.31,-0.32,13.625750500333545,2020-08-27,681.3
2020-07-30,2020-07,27,INDUSINDBK,521.4,-2.37,0.86,-0.77,15.97621787495207,2020-08-27,604.7
2020-07-30,2020-07,28,HEROMOTOCO,2547.65,-1.53,-0.09,-0.81,16.252232449512285,2020-08-27,2961.7
2020-07-30,2020-07,29,LT,910.6,-0.88,-1.15,-1.02,7.566439710081263,2020-08-27,979.5
2020-07-30,2020-07,30,BAJAJFINSV,618.5,-1.58,-0.91,-1.25,5.675020210185933,2020-08-27,653.6
2020-07-30,2020-07,31,HINDUNILVR,2194.9,-1.22,-1.28,-1.25,-0.8610870654699565,2020-08-27,2176.0
2020-07-30,2020-07,32,ITC,159.55,-1.22,-1.28,-1.25,0.4387339392039946,2020-08-27,160.25
2020-07-30,2020-07,33,SBIN,186.85,-1.6,-1.18,-1.39,15.707786994915708,2020-08-27,216.2
2020-07-30,2020-07,34,TMPV,71.1,-1.73,-1.19,-1.46,39.029535864978904,2020-08-27,98.85
2020-07-30,2020-07,35,COALINDIA,119.85,-1.11,-2.39,-1.75,9.178139340842728,2020-08-27,130.85
2020-07-30,2020-07,36,NESTLEIND,827.0,-0.95,-2.56,-1.76,-2.4183796856106388,2020-08-27,807.0
2020-07-30,2020-07,37,SHREECEM,21380.0,-1.45,-2.32,-1.89,1.0285313376988015,2020-08-27,21599.9
2020-07-30,2020-07,38,IOC,42.02,-2.69,-1.26,-1.98,-2.260828177058549,2020-08-27,41.07
2020-07-30,2020-07,39,ADANIPORTS,312.25,-1.13,-2.98,-2.06,12.361889511609302,2020-08-27,350.85
2020-07-30,2020-07,40,BHARTIARTL,540.85,-1.49,-2.62,-2.06,-7.025977627808078,2020-08-27,502.85
2020-07-30,2020-07,41,NTPC,86.8,-0.98,-3.29,-2.14,18.260368663594484,2020-08-27,102.65
2020-07-30,2020-07,42,AXISBANK,427.0,-2.15,-2.23,-2.19,10.889929742388759,2020-08-27,473.5
2020-07-30,2020-07,43,HDFCBANK,525.8,-1.61,-3.0,-2.31,5.914796500570563,2020-08-27,556.9
2020-07-30,2020-07,44,GAIL,55.08,-1.28,-3.47,-2.38,3.068264342774163,2020-08-27,56.77
2020-07-30,2020-07,45,ONGC,70.15,-1.97,-3.54,-2.76,3.563791874554534,2020-08-27,72.65
2020-07-30,2020-07,46,ICICIBANK,345.4,-1.56,-4.2,-2.89,13.708743485813546,2020-08-27,392.75
2020-07-30,2020-07,47,BPCL,183.2,-4.78,-0.99,-2.9,-1.1735807860261849,2020-08-27,181.05
2020-08-27,2020-08,1,TMPV,98.85,3.51,16.25,9.7,-14.516944865958514,2020-09-24,84.5
2020-08-27,2020-08,2,INDUSINDBK,604.7,4.09,14.01,8.94,-18.968083347114273,2020-09-24,490.0
2020-08-27,2020-08,3,JSWSTEEL,288.75,1.18,10.02,5.51,-10.199134199134196,2020-09-24,259.3
2020-08-27,2020-08,4,SBIN,216.2,2.0,8.42,5.16,-18.408880666049942,2020-09-24,176.4
2020-08-27,2020-08,5,HEROMOTOCO,2961.7,0.78,8.2,4.42,-7.379207887361982,2020-09-24,2743.15
2020-08-27,2020-08,6,AXISBANK,473.5,1.58,6.18,3.85,-14.730728616684264,2020-09-24,403.75
2020-08-27,2020-08,7,ASIANPAINT,1985.0,0.31,6.44,3.33,-3.5264483627204024,2020-09-24,1915.0
2020-08-27,2020-08,8,GRASIM,681.3,1.24,5.42,3.31,-0.9393805959195589,2020-09-24,674.9
2020-08-27,2020-08,9,M&M,639.0,2.26,4.3,3.27,-8.920187793427225,2020-09-24,582.0
2020-08-27,2020-08,10,NTPC,102.65,-0.28,6.74,3.17,-19.483682415976624,2020-09-24,82.65
2020-08-27,2020-08,11,MARUTI,7114.5,1.0,5.24,3.1,-11.426663855506359,2020-09-24,6301.55
2020-08-27,2020-08,12,BAJFINANCE,363.5,0.27,5.96,3.08,-16.643741403026134,2020-09-24,303.0
2020-08-27,2020-08,13,ICICIBANK,392.75,0.46,5.7,3.05,-14.105665181413107,2020-09-24,337.35
2020-08-27,2020-08,14,HINDALCO,194.5,0.26,5.14,2.67,-18.149100257069417,2020-09-24,159.2
2020-08-27,2020-08,15,TECHM,677.7,0.08,5.09,2.55,2.4051940386601744,2020-09-24,694.0
2020-08-27,2020-08,16,TATASTEEL,38.26,0.56,4.46,2.49,-21.327757449032923,2020-09-24,30.1
2020-08-27,2020-08,17,KOTAKBANK,285.0,0.49,4.25,2.35,-12.912280701754387,2020-09-24,248.2
2020-08-27,2020-08,18,EICHERMOT,2240.0,0.26,4.4,2.31,-9.285714285714286,2020-09-24,2032.0
2020-08-27,2020-08,19,SUNPHARMA,536.2,1.36,2.29,1.82,-8.933233867959721,2020-09-24,488.3
2020-08-27,2020-08,20,TITAN,1139.2,0.37,2.9,1.63,-4.0247542134831615,2020-09-24,1093.35
2020-08-27,2020-08,21,COALINDIA,130.85,-0.49,3.63,1.55,-17.271685135651506,2020-09-24,108.25
2020-08-27,2020-08,22,HDFCBANK,556.9,-0.15,3.23,1.53,-7.487879332016512,2020-09-24,515.2
2020-08-27,2020-08,23,CIPLA,759.35,0.71,2.16,1.43,-2.8774609863699285,2020-09-24,737.5
2020-08-27,2020-08,24,POWERGRID,100.8,-0.01,2.74,1.36,-14.037698412698408,2020-09-24,86.65
2020-08-27,2020-08,25,UPL,476.5,0.2,2.48,1.33,1.762854144805881,2020-09-24,484.9
2020-08-27,2020-08,26,BAJAJFINSV,653.6,-0.0,2.65,1.32,-17.151162790697683,2020-09-24,541.5
2020-08-27,2020-08,27,HCLTECH,711.9,0.34,1.85,1.09,10.689703610057588,2020-09-24,788.0
2020-08-27,2020-08,28,LT,979.5,0.45,1.05,0.75,-13.06789178152118,2020-09-24,851.5
2020-08-27,2020-08,29,ADANIPORTS,350.85,-0.9,2.27,0.67,-10.503063987459038,2020-09-24,314.0
2020-08-27,2020-08,30,INFY,930.7,0.26,0.85,0.55,2.7721070162243455,2020-09-24,956.5
2020-08-27,2020-08,31,RELIANCE,1004.7,-0.43,0.77,0.17,4.120633024783493,2020-09-24,1046.1
2020-08-27,2020-08,32,BAJAJ-AUTO,2968.0,-0.33,0.46,0.06,-3.975741239892183,2020-09-24,2850.0
2020-08-27,2020-08,33,BPCL,181.05,-0.04,-0.07,-0.06,-9.113504556752282,2020-09-24,164.55
2020-08-27,2020-08,34,WIPRO,130.45,0.01,-0.12,-0.06,11.53698735147568,2020-09-24,145.5
2020-08-27,2020-08,35,ONGC,72.65,-0.65,0.49,-0.08,-17.962835512732276,2020-09-24,59.6
2020-08-27,2020-08,36,GAIL,56.77,-0.48,0.31,-0.09,-18.284305090716934,2020-09-24,46.39
2020-08-27,2020-08,37,TCS,2248.05,-0.17,-0.15,-0.16,3.7743822423878415,2020-09-24,2332.9
2020-08-27,2020-08,38,HDFCLIFE,596.8,0.32,-0.67,-0.18,-3.259048257372643,2020-09-24,577.35
2020-08-27,2020-08,39,DRREDDY,885.8,-0.21,-0.34,-0.28,14.201851433732227,2020-09-24,1011.6
2020-08-27,2020-08,40,HINDUNILVR,2176.0,0.07,-1.01,-0.47,-5.441176470588238,2020-09-24,2057.6
2020-08-27,2020-08,41,ULTRACEMCO,3974.0,-0.67,-0.41,-0.54,-6.794162053346753,2020-09-24,3704.0
2020-08-27,2020-08,42,SHREECEM,21599.9,-0.16,-1.12,-0.64,-15.09219950092362,2020-09-24,18340.0
2020-08-27,2020-08,43,BRITANNIA,3820.0,-0.59,-0.75,-0.67,-5.471204188481671,2020-09-24,3611.0
2020-08-27,2020-08,44,IOC,41.07,-0.68,-0.81,-0.75,-23.228634039444852,2020-09-24,31.53
2020-08-27,2020-08,45,ITC,160.25,-0.29,-1.3,-0.8,-13.822152886115447,2020-09-24,138.1
2020-08-27,2020-08,46,NESTLEIND,807.0,-0.31,-2.09,-1.2,-5.762081784386619,2020-09-24,760.5
2020-08-27,2020-08,47,BHARTIARTL,502.85,-0.62,-4.34,-2.5,-18.02724470518048,2020-09-24,412.2
2020-09-24,2020-09,1,DRREDDY,1011.6,-1.21,6.92,2.77,-2.6888098062475385,2020-10-29,984.4
2020-09-24,2020-09,2,HCLTECH,788.0,-2.37,3.1,0.33,6.14213197969542,2020-10-29,836.4
2020-09-24,2020-09,3,WIPRO,145.5,-2.08,2.27,0.07,11.47766323024053,2020-10-29,162.2
2020-09-24,2020-09,4,INFY,956.5,-2.12,0.39,-0.87,9.80658651332984,2020-10-29,1050.3
2020-09-24,2020-09,5,RELIANCE,1046.1,-0.99,-0.77,-0.88,-7.523181340216034,2020-10-29,967.4
2020-09-24,2020-09,6,HDFCLIFE,577.35,-0.17,-1.89,-1.03,1.697410582835368,2020-10-29,587.15
2020-09-24,2020-09,7,HINDUNILVR,2057.6,0.17,-2.58,-1.21,2.945178849144625,2020-10-29,2118.2
2020-09-24,2020-09,8,BAJAJ-AUTO,2850.0,-1.12,-1.6,-1.36,-0.0350877192982435,2020-10-29,2849.0
2020-09-24,2020-09,9,BRITANNIA,3611.0,-0.2,-3.16,-1.69,-2.0672943782885644,2020-10-29,3536.35
2020-09-24,2020-09,10,ASIANPAINT,1915.0,-1.23,-2.52,-1.88,16.031331592689302,2020-10-29,2222.0
2020-09-24,2020-09,11,HEROMOTOCO,2743.15,-1.57,-2.29,-1.93,-0.6543572170679801,2020-10-29,2725.2
2020-09-24,2020-09,12,CIPLA,737.5,-2.58,-1.44,-2.01,3.3966101694915096,2020-10-29,762.55
2020-09-24,2020-09,13,UPL,484.9,-3.06,-1.51,-2.29,-10.486698288306862,2020-10-29,434.05
2020-09-24,2020-09,14,TITAN,1093.35,-0.98,-3.83,-2.42,7.536470480632929,2020-10-29,1175.75
2020-09-24,2020-09,15,HDFCBANK,515.2,-0.98,-3.91,-2.46,15.527950310559003,2020-10-29,595.2
2020-09-24,2020-09,16,TCS,2332.9,-2.72,-2.4,-2.56,12.9688370697415,2020-10-29,2635.45
2020-09-24,2020-09,17,ULTRACEMCO,3704.0,-1.41,-3.72,-2.57,20.194384449244062,2020-10-29,4452.0
2020-09-24,2020-09,18,TECHM,694.0,-3.42,-1.81,-2.62,7.391930835734861,2020-10-29,745.3
2020-09-24,2020-09,19,NESTLEIND,760.5,-0.95,-4.54,-2.76,10.742932281393824,2020-10-29,842.2
2020-09-24,2020-09,20,EICHERMOT,2032.0,-1.27,-4.53,-2.91,5.105807086614167,2020-10-29,2135.75
2020-09-24,2020-09,21,SUNPHARMA,488.3,-2.18,-4.35,-3.27,-6.307597788244934,2020-10-29,457.5
2020-09-24,2020-09,22,GRASIM,674.9,-3.53,-3.49,-3.51,13.50570454882205,2020-10-29,766.05
2020-09-24,2020-09,23,LT,851.5,-0.7,-6.29,-3.54,9.688784497944813,2020-10-29,934.0
2020-09-24,2020-09,24,M&M,582.0,-2.08,-5.76,-3.94,1.8041237113401998,2020-10-29,592.5
2020-09-24,2020-09,25,JSWSTEEL,259.3,-1.87,-6.3,-4.11,18.202853837254153,2020-10-29,306.5
2020-09-24,2020-09,26,KOTAKBANK,248.2,-2.44,-5.93,-4.2,26.43029814665594,2020-10-29,313.8
2020-09-24,2020-09,27,SHREECEM,18340.0,-1.73,-7.22,-4.51,17.773991275899668,2020-10-29,21599.75
2020-09-24,2020-09,28,MARUTI,6301.55,-1.37,-7.82,-4.65,12.416786346216412,2020-10-29,7084.0
2020-09-24,2020-09,29,POWERGRID,86.65,-2.09,-7.15,-4.65,7.039815349105583,2020-10-29,92.75
2020-09-24,2020-09,30,BPCL,164.55,-2.12,-7.26,-4.72,-9.72348830142814,2020-10-29,148.55
2020-09-24,2020-09,31,COALINDIA,108.25,-1.86,-7.77,-4.86,-4.526558891454968,2020-10-29,103.35
2020-09-24,2020-09,32,ITC,138.1,-1.86,-8.01,-4.98,-2.208544532947132,2020-10-29,135.05
2020-09-24,2020-09,33,AXISBANK,403.75,-1.83,-8.08,-5.01,22.1671826625387,2020-10-29,493.25
2020-09-24,2020-09,34,ICICIBANK,337.35,-2.38,-7.66,-5.06,18.245145990810705,2020-10-29,398.9
2020-09-24,2020-09,35,ADANIPORTS,314.0,-2.28,-8.27,-5.32,9.076433121019111,2020-10-29,342.5
2020-09-24,2020-09,36,NTPC,82.65,-2.27,-8.65,-5.51,4.779189352692059,2020-10-29,86.6
2020-09-24,2020-09,37,HINDALCO,159.2,-1.93,-9.63,-5.86,5.653266331658302,2020-10-29,168.2
2020-09-24,2020-09,38,SBIN,176.4,-2.53,-9.67,-6.17,7.2845804988662,2020-10-29,189.25
2020-09-24,2020-09,39,BAJAJFINSV,541.5,-2.73,-9.61,-6.23,3.693444136657442,2020-10-29,561.5
2020-09-24,2020-09,40,GAIL,46.39,-2.08,-10.23,-6.24,1.314938564345769,2020-10-29,47.0
2020-09-24,2020-09,41,ONGC,59.6,-2.26,-10.29,-6.36,-2.097315436241609,2020-10-29,58.35
2020-09-24,2020-09,42,BAJFINANCE,303.0,-4.04,-10.95,-7.56,11.386138613861396,2020-10-29,337.5
2020-09-24,2020-09,43,TMPV,84.5,-4.17,-11.21,-7.76,7.573964497041419,2020-10-29,90.9
2020-09-24,2020-09,44,BHARTIARTL,412.2,-3.71,-13.66,-8.82,7.156720038816111,2020-10-29,441.7
2020-09-24,2020-09,45,TATASTEEL,30.1,-3.42,-13.98,-8.85,18.50498338870432,2020-10-29,35.67
2020-09-24,2020-09,46,IOC,31.53,-4.18,-15.0,-9.75,13.09863621947349,2020-10-29,35.66
2020-09-24,2020-09,47,INDUSINDBK,490.0,-5.59,-15.14,-10.49,19.999999999999996,2020-10-29,588.0
2020-10-29,2020-10,1,KOTAKBANK,313.8,0.81,11.51,6.03,20.458891013384317,2020-11-26,378.0
2020-10-29,2020-10,2,ASIANPAINT,2222.0,1.31,5.89,3.57,-2.7902790279027867,2020-11-26,2160.0
2020-10-29,2020-10,3,IOC,35.66,2.38,2.97,2.67,12.254627033090305,2020-11-26,40.03
2020-10-29,2020-10,4,SHREECEM,21599.75,0.7,3.52,2.1,13.30547807266289,2020-11-26,24473.7
2020-10-29,2020-10,5,BHARTIARTL,441.7,0.09,4.09,2.07,4.22232284355899,2020-11-26,460.35
2020-10-29,2020-10,6,ULTRACEMCO,4452.0,0.19,3.27,1.72,6.716082659478895,2020-11-26,4751.0
2020-10-29,2020-10,7,NESTLEIND,842.2,-0.62,3.88,1.61,5.378769888387547,2020-11-26,887.5
2020-10-29,2020-10,8,POWERGRID,92.75,-0.57,3.16,1.28,15.849056603773581,2020-11-26,107.45
2020-10-29,2020-10,9,HDFCLIFE,587.15,0.33,1.95,1.14,12.313718811206687,2020-11-26,659.45
2020-10-29,2020-10,10,JSWSTEEL,306.5,0.27,1.29,0.78,18.10766721044046,2020-11-26,362.0
2020-10-29,2020-10,11,AXISBANK,493.25,-1.17,2.54,0.67,23.973644196654842,2020-11-26,611.5
2020-10-29,2020-10,12,WIPRO,162.2,0.83,0.43,0.63,4.8397040690505655,2020-11-26,170.05
2020-10-29,2020-10,13,TATASTEEL,35.67,-0.72,1.84,0.55,46.14522007289039,2020-11-26,52.13
2020-10-29,2020-10,14,BAJFINANCE,337.5,-0.28,1.35,0.53,43.70370370370371,2020-11-26,485.0
2020-10-29,2020-10,15,MARUTI,7084.0,-0.69,1.55,0.42,-1.1010728402032766,2020-11-26,7006.0
2020-10-29,2020-10,16,NTPC,86.6,-1.04,1.8,0.37,9.122401847575068,2020-11-26,94.5
2020-10-29,2020-10,17,GRASIM,766.05,-0.64,0.77,0.06,14.418118921741407,2020-11-26,876.5
2020-10-29,2020-10,18,ICICIBANK,398.9,-0.3,0.27,-0.02,19.578841814991232,2020-11-26,477.0
2020-10-29,2020-10,19,HCLTECH,836.4,0.22,-0.68,-0.23,0.5738880918221057,2020-11-26,841.2
2020-10-29,2020-10,20,HDFCBANK,595.2,-0.72,0.05,-0.34,20.295698924731177,2020-11-26,716.0
2020-10-29,2020-10,21,TCS,2635.45,-0.03,-0.9,-0.47,3.473790054829351,2020-11-26,2727.0
2020-10-29,2020-10,22,CIPLA,762.55,-0.37,-0.68,-0.53,-2.8588289292505342,2020-11-26,740.75
2020-10-29,2020-10,23,DIVISLAB,3108.8,-0.65,-0.46,-0.56,13.870303654143079,2020-11-26,3540.0
2020-10-29,2020-10,24,LT,934.0,-1.79,0.66,-0.57,19.866167023554592,2020-11-26,1119.55
2020-10-29,2020-10,25,EICHERMOT,2135.75,0.42,-1.63,-0.61,19.604354442233408,2020-11-26,2554.45
2020-10-29,2020-10,26,INFY,1050.3,-0.44,-1.72,-1.08,4.189279253546596,2020-11-26,1094.3
2020-10-29,2020-10,27,TECHM,745.3,-0.1,-2.09,-1.1,6.601368576412181,2020-11-26,794.5
2020-10-29,2020-10,28,BAJAJ-AUTO,2849.0,-0.18,-2.1,-1.14,7.669357669357679,2020-11-26,3067.5
2020-10-29,2020-10,29,BRITANNIA,3536.35,0.05,-2.33,-1.15,0.668768645637452,2020-11-26,3560.0
2020-10-29,2020-10,30,TMPV,90.9,-0.92,-1.38,-1.15,32.28822882288227,2020-11-26,120.25
2020-10-29,2020-10,31,HINDUNILVR,2118.2,-1.05,-1.26,-1.16,1.8883958077613006,2020-11-26,2158.2
2020-10-29,2020-10,32,GAIL,47.0,0.28,-2.79,-1.27,25.553191489361705,2020-11-26,59.01
2020-10-29,2020-10,33,BPCL,148.55,-0.29,-2.6,-1.45,11.342982160888582,2020-11-26,165.4
2020-10-29,2020-10,34,INDUSINDBK,588.0,-0.51,-2.57,-1.55,45.238095238095234,2020-11-26,854.0
2020-10-29,2020-10,35,UPL,434.05,0.89,-4.02,-1.6,-6.911646123718462,2020-11-26,404.05
2020-10-29,2020-10,36,DRREDDY,984.4,-1.63,-1.97,-1.8,-0.3453880536367304,2020-11-26,981.0
2020-10-29,2020-10,37,M&M,592.5,-1.03,-2.72,-1.88,23.03797468354429,2020-11-26,729.0
2020-10-29,2020-10,38,SBIN,189.25,-0.46,-3.39,-1.94,29.854689564068693,2020-11-26,245.75
2020-10-29,2020-10,39,ITC,135.05,-1.07,-3.15,-2.12,19.02998889300258,2020-11-26,160.75
2020-10-29,2020-10,40,SBILIFE,763.0,-0.41,-3.89,-2.17,11.782437745740504,2020-11-26,852.9
2020-10-29,2020-10,41,COALINDIA,103.35,-0.9,-3.63,-2.27,12.772133526850515,2020-11-26,116.55
2020-10-29,2020-10,42,BAJAJFINSV,561.5,-0.81,-3.82,-2.33,57.27515583259128,2020-11-26,883.1
2020-10-29,2020-10,43,TITAN,1175.75,-1.74,-3.01,-2.38,13.289389751222625,2020-11-26,1332.0
2020-10-29,2020-10,44,RELIANCE,967.4,0.19,-4.97,-2.42,-3.59210254289849,2020-11-26,932.65
2020-10-29,2020-10,45,ADANIPORTS,342.5,-2.3,-2.78,-2.54,19.839416058394164,2020-11-26,410.45
2020-10-29,2020-10,46,HINDALCO,168.2,-1.11,-4.22,-2.68,36.86087990487514,2020-11-26,230.2
2020-10-29,2020-10,47,ONGC,58.35,-1.27,-5.5,-3.41,24.421593830334174,2020-11-26,72.6
2020-10-29,2020-10,48,SUNPHARMA,457.5,-0.97,-6.17,-3.61,12.076502732240435,2020-11-26,512.75
2020-10-29,2020-10,49,HEROMOTOCO,2725.2,-1.43,-6.64,-4.07,4.88404520769119,2020-11-26,2858.3
2020-11-26,2020-11,1,TATASTEEL,52.13,3.79,17.64,10.5,13.696527910991762,2020-12-31,59.27
2020-11-26,2020-11,2,BAJAJFINSV,883.1,0.63,18.33,9.12,0.6171441512852427,2020-12-31,888.55
2020-11-26,2020-11,3,BAJFINANCE,485.0,1.79,13.27,7.38,9.072164948453597,2020-12-31,529.0
2020-11-26,2020-11,4,HINDALCO,230.2,2.67,11.86,7.17,3.9096437880104196,2020-12-31,239.2
2020-11-26,2020-11,5,JSWSTEEL,362.0,5.38,8.88,7.12,6.629834254143652,2020-12-31,386.0
2020-11-26,2020-11,6,TMPV,120.25,1.23,11.68,6.33,5.072765072765062,2020-12-31,126.35
2020-11-26,2020-11,7,GAIL,59.01,0.95,10.58,5.66,21.521775970174552,2020-12-31,71.71
2020-11-26,2020-11,8,ADANIPORTS,410.45,2.5,8.88,5.64,17.127542940674868,2020-12-31,480.75
2020-11-26,2020-11,9,INDUSINDBK,854.0,0.61,10.78,5.57,4.519906323185019,2020-12-31,892.6
2020-11-26,2020-11,10,ONGC,72.6,0.97,10.35,5.56,15.909090909090917,2020-12-31,84.15
2020-11-26,2020-11,11,M&M,729.0,0.45,9.36,4.81,-1.001371742112478,2020-12-31,721.7
2020-11-26,2020-11,12,GRASIM,876.5,2.05,6.59,4.3,4.945807187678275,2020-12-31,919.85
2020-11-26,2020-11,13,KOTAKBANK,378.0,0.6,7.84,4.16,5.582010582010577,2020-12-31,399.1
2020-11-26,2020-11,14,SBIN,245.75,0.88,7.16,3.97,11.658189216683624,2020-12-31,274.4
2020-11-26,2020-11,15,POWERGRID,107.45,1.22,6.32,3.74,-4.606793857608194,2020-12-31,102.5
2020-11-26,2020-11,16,SHREECEM,24473.7,1.63,5.66,3.63,-1.9355471383566858,2020-12-31,24000.0
2020-11-26,2020-11,17,HDFCBANK,716.0,1.17,5.93,3.52,0.4469273743016755,2020-12-31,719.2
2020-11-26,2020-11,18,ITC,160.75,0.41,5.87,3.1,7.278382581648524,2020-12-31,172.45
2020-11-26,2020-11,19,AXISBANK,611.5,0.32,5.69,2.97,1.22649223221587,2020-12-31,619.0
2020-11-26,2020-11,20,DIVISLAB,3540.0,0.92,4.95,2.92,8.418079096045194,2020-12-31,3838.0
2020-11-26,2020-11,21,LT,1119.55,0.07,5.83,2.91,15.059622169621733,2020-12-31,1288.15
2020-11-26,2020-11,22,BAJAJ-AUTO,3067.5,1.63,3.78,2.7,9.209453952730229,2020-12-31,3350.0
2020-11-26,2020-11,23,NESTLEIND,887.5,1.27,3.9,2.58,3.5267605633802823,2020-12-31,918.8
2020-11-26,2020-11,24,NTPC,94.5,0.72,4.47,2.58,5.238095238095242,2020-12-31,99.45
2020-11-26,2020-11,25,TITAN,1332.0,0.81,3.65,2.22,17.135885885885884,2020-12-31,1560.25
2020-11-26,2020-11,26,EICHERMOT,2554.45,-0.89,5.36,2.19,-1.1137426843351728,2020-12-31,2526.0
2020-11-26,2020-11,27,IOC,40.03,0.28,4.06,2.15,8.293779665251066,2020-12-31,43.35
2020-11-26,2020-11,28,ICICIBANK,477.0,0.64,3.49,2.06,11.949685534591193,2020-12-31,534.0
2020-11-26,2020-11,29,WIPRO,170.05,0.8,2.49,1.64,8.497500735077912,2020-12-31,184.5
2020-11-26,2020-11,30,COALINDIA,116.55,0.71,2.54,1.62,8.065208065208074,2020-12-31,125.95
2020-11-26,2020-11,31,HDFCLIFE,659.45,-0.92,4.13,1.57,2.5324133747820055,2020-12-31,676.15
2020-11-26,2020-11,32,SBILIFE,852.9,0.26,2.83,1.54,5.874076679563833,2020-12-31,903.0
2020-11-26,2020-11,33,TCS,2727.0,0.75,1.74,1.24,5.05867253392005,2020-12-31,2864.95
2020-11-26,2020-11,34,ULTRACEMCO,4751.0,0.23,2.21,1.22,8.88234055988213,2020-12-31,5173.0
2020-11-26,2020-11,35,SUNPHARMA,512.75,0.56,1.59,1.07,15.153583617747458,2020-12-31,590.45
2020-11-26,2020-11,36,DRREDDY,981.0,1.13,0.94,1.03,6.299694189602434,2020-12-31,1042.8
2020-11-26,2020-11,37,HCLTECH,841.2,0.72,1.26,0.99,12.422729434141711,2020-12-31,945.7
2020-11-26,2020-11,38,TECHM,794.5,0.07,1.82,0.94,13.971050975456256,2020-12-31,905.5
2020-11-26,2020-11,39,HINDUNILVR,2158.2,0.86,0.93,0.89,10.925771476230196,2020-12-31,2394.0
2020-11-26,2020-11,40,BHARTIARTL,460.35,0.36,0.84,0.6,8.634734441186055,2020-12-31,500.1
2020-11-26,2020-11,41,BRITANNIA,3560.0,0.71,0.49,0.6,0.3511235955056202,2020-12-31,3572.5
2020-11-26,2020-11,42,INFY,1094.3,0.36,0.56,0.46,12.254409211368,2020-12-31,1228.4
2020-11-26,2020-11,43,HEROMOTOCO,2858.3,0.45,0.16,0.3,2.6011965154112637,2020-12-31,2932.65
2020-11-26,2020-11,44,MARUTI,7006.0,-0.06,0.48,0.21,9.24921495860691,2020-12-31,7654.0
2020-11-26,2020-11,45,BPCL,165.4,-0.45,0.53,0.04,0.6045949214026569,2020-12-31,166.4
2020-11-26,2020-11,46,ASIANPAINT,2160.0,0.44,-0.4,0.02,27.80324074074074,2020-12-31,2760.55
2020-11-26,2020-11,47,CIPLA,740.75,0.55,-1.23,-0.34,10.61086736415795,2020-12-31,819.35
2020-11-26,2020-11,48,RELIANCE,932.65,0.29,-1.91,-0.82,1.2705730981611651,2020-12-31,944.5
2020-11-26,2020-11,49,UPL,404.05,0.01,-2.37,-1.19,10.803118425937374,2020-12-31,447.7
2020-12-31,2020-12,1,ASIANPAINT,2760.55,1.1,7.58,4.29,-11.322019162847985,2021-01-28,2448.0
2020-12-31,2020-12,2,TITAN,1560.25,0.49,5.65,3.04,-7.187950648934471,2021-01-28,1448.1
2020-12-31,2020-12,3,HCLTECH,945.7,0.68,5.43,3.03,-1.4486623665010079,2021-01-28,932.0
2020-12-31,2020-12,4,TATASTEEL,59.27,0.51,5.42,2.94,-3.0538214948540587,2021-01-28,57.46
2020-12-31,2020-12,5,INFY,1228.4,0.77,4.79,2.76,1.7176815369586373,2021-01-28,1249.5
2020-12-31,2020-12,6,ICICIBANK,534.0,0.52,4.86,2.67,-1.0767790262172339,2021-01-28,528.25
2020-12-31,2020-12,7,JSWSTEEL,386.0,0.2,5.09,2.62,-2.7590673575129454,2021-01-28,375.35
2020-12-31,2020-12,8,BAJFINANCE,529.0,0.04,5.19,2.58,-9.262759924385634,2021-01-28,480.0
2020-12-31,2020-12,9,WIPRO,184.5,0.31,4.75,2.51,12.1680216802168,2021-01-28,206.95
2020-12-31,2020-12,10,GAIL,71.71,0.66,4.07,2.35,5.0202203318923555,2021-01-28,75.31
2020-12-31,2020-12,11,TECHM,905.5,0.14,4.56,2.33,0.8503589177250248,2021-01-28,913.2
2020-12-31,2020-12,12,DIVISLAB,3838.0,0.89,3.63,2.25,-11.137311099531,2021-01-28,3410.55
2020-12-31,2020-12,13,LT,1288.15,-0.1,4.53,2.19,4.587975002911149,2021-01-28,1347.25
2020-12-31,2020-12,14,SUNPHARMA,590.45,0.6,3.77,2.17,-4.572783470234565,2021-01-28,563.45
2020-12-31,2020-12,15,ULTRACEMCO,5173.0,0.45,3.81,2.12,2.8610090856369563,2021-01-28,5321.0
2020-12-31,2020-12,16,SBILIFE,903.0,0.28,3.9,2.07,-3.100775193798455,2021-01-28,875.0
2020-12-31,2020-12,17,UPL,447.7,0.68,3.25,1.96,20.627652445834265,2021-01-28,540.05
2020-12-31,2020-12,18,HDFCLIFE,676.15,0.44,3.02,1.72,-0.569400281002741,2021-01-28,672.3
2020-12-31,2020-12,19,TMPV,126.35,-0.35,3.72,1.66,44.91491887613772,2021-01-28,183.1
2020-12-31,2020-12,20,ADANIPORTS,480.75,-0.89,4.24,1.64,8.226729069162753,2021-01-28,520.3
2020-12-31,2020-12,21,BAJAJ-AUTO,3350.0,-0.24,3.55,1.64,20.82089552238806,2021-01-28,4047.5
2020-12-31,2020-12,22,SBIN,274.4,-0.3,3.61,1.64,3.0976676384839585,2021-01-28,282.9
2020-12-31,2020-12,23,HDFCBANK,719.2,0.46,2.72,1.58,-4.6440489432703185,2021-01-28,685.8
2020-12-31,2020-12,24,KOTAKBANK,399.1,-0.42,3.54,1.54,-13.580556251566033,2021-01-28,344.9
2020-12-31,2020-12,25,HINDUNILVR,2394.0,-0.16,3.11,1.46,-3.759398496240607,2021-01-28,2304.0
2020-12-31,2020-12,26,DRREDDY,1042.8,0.47,2.33,1.4,-7.15381664748752,2021-01-28,968.2
2020-12-31,2020-12,27,EICHERMOT,2526.0,0.62,2.12,1.37,10.320665083135383,2021-01-28,2786.7
2020-12-31,2020-12,28,MARUTI,7654.0,0.66,2.08,1.37,-0.7055134570159383,2021-01-28,7600.0
2020-12-31,2020-12,29,GRASIM,919.85,0.14,2.41,1.27,15.344893189106923,2021-01-28,1061.0
2020-12-31,2020-12,30,CIPLA,819.35,-0.42,2.91,1.23,2.556904863611398,2021-01-28,840.3
2020-12-31,2020-12,31,HINDALCO,239.2,0.75,1.24,0.99,-4.368729096989965,2021-01-28,228.75
2020-12-31,2020-12,32,M&M,721.7,0.7,1.09,0.89,5.978938617153928,2021-01-28,764.85
2020-12-31,2020-12,33,AXISBANK,619.0,-0.34,1.74,0.69,7.915993537964461,2021-01-28,668.0
2020-12-31,2020-12,34,NESTLEIND,918.8,0.16,1.15,0.65,-5.822812363952979,2021-01-28,865.3
2020-12-31,2020-12,35,ONGC,84.15,-0.39,1.59,0.6,-2.67379679144385,2021-01-28,81.9
2020-12-31,2020-12,36,HEROMOTOCO,2932.65,0.45,0.57,0.51,8.973113054745706,2021-01-28,3195.8
2020-12-31,2020-12,37,NTPC,99.45,0.64,0.34,0.49,-7.742584213172455,2021-01-28,91.75
2020-12-31,2020-12,38,IOC,43.35,0.24,0.66,0.45,2.7450980392156765,2021-01-28,44.54
2020-12-31,2020-12,39,ITC,172.45,-0.46,1.37,0.45,-1.072774717309366,2021-01-28,170.6
2020-12-31,2020-12,40,INDUSINDBK,892.6,-0.56,1.45,0.44,-9.81402643961461,2021-01-28,805.0
2020-12-31,2020-12,41,BHARTIARTL,500.1,-0.87,1.09,0.11,12.347530493901226,2021-01-28,561.85
2020-12-31,2020-12,42,TCS,2864.95,-1.03,0.98,-0.03,11.797762613658168,2021-01-28,3202.95
2020-12-31,2020-12,43,BAJAJFINSV,888.55,-0.63,0.46,-0.09,0.5233245174723011,2021-01-28,893.2
2020-12-31,2020-12,44,COALINDIA,125.95,-0.28,0.03,-0.13,-5.081381500595484,2021-01-28,119.55
2020-12-31,2020-12,45,SHREECEM,24000.0,-0.37,-0.11,-0.24,-4.3737499999999985,2021-01-28,22950.3
2020-12-31,2020-12,46,BPCL,166.4,0.19,-0.68,-0.25,1.0817307692307487,2021-01-28,168.2
2020-12-31,2020-12,47,RELIANCE,944.5,-0.63,0.05,-0.29,-5.314981471678138,2021-01-28,894.3
2020-12-31,2020-12,48,POWERGRID,102.5,-0.43,-1.1,-0.77,-0.536585365853659,2021-01-28,101.95
2020-12-31,2020-12,49,BRITANNIA,3572.5,-0.16,-1.62,-0.89,0.9671098670398948,2021-01-28,3607.05
2021-01-28,2021-01,1,BAJAJ-AUTO,4047.5,0.06,11.23,5.5,-4.459542927733173,2021-02-25,3867.0
2021-01-28,2021-01,2,TMPV,183.1,-1.62,9.22,3.66,25.477880939377396,2021-02-25,229.75
2021-01-28,2021-01,3,GRASIM,1061.0,0.49,5.79,3.11,19.37794533459001,2021-02-25,1266.6
2021-01-28,2021-01,4,UPL,540.05,-1.14,5.95,2.34,5.59207480788817,2021-02-25,570.25
2021-01-28,2021-01,5,AXISBANK,668.0,2.37,2.14,2.25,15.119760479041911,2021-02-25,769.0
2021-01-28,2021-01,6,HEROMOTOCO,3195.8,-0.88,4.18,1.62,1.8258339070029495,2021-02-25,3254.15
2021-01-28,2021-01,7,CIPLA,840.3,0.1,1.8,0.95,-3.189337141497084,2021-02-25,813.5
2021-01-28,2021-01,8,BHARTIARTL,561.85,0.04,1.8,0.92,1.370472546053203,2021-02-25,569.55
2021-01-28,2021-01,9,ADANIPORTS,520.3,-0.16,0.94,0.39,35.498750720738045,2021-02-25,705.0
2021-01-28,2021-01,10,WIPRO,206.95,-1.07,1.4,0.16,-2.7059676250302034,2021-02-25,201.35
2021-01-28,2021-01,11,SBIN,282.9,1.31,-1.02,0.14,44.04383174266526,2021-02-25,407.5
2021-01-28,2021-01,12,LT,1347.25,-0.56,0.74,0.09,12.080163295602153,2021-02-25,1510.0
2021-01-28,2021-01,13,TCS,3202.95,-1.16,1.28,0.05,-6.8031033890631925,2021-02-25,2985.05
2021-01-28,2021-01,14,ULTRACEMCO,5321.0,-0.12,0.11,-0.01,18.737079496335273,2021-02-25,6318.0
2021-01-28,2021-01,15,BRITANNIA,3607.05,-0.24,-0.08,-0.16,-5.532221621546696,2021-02-25,3407.5
2021-01-28,2021-01,16,ICICIBANK,528.25,0.63,-1.23,-0.3,19.072408897302417,2021-02-25,629.0
2021-01-28,2021-01,17,EICHERMOT,2786.7,-1.14,0.25,-0.45,-8.350378583988228,2021-02-25,2554.0
2021-01-28,2021-01,18,TECHM,913.2,0.23,-1.44,-0.61,-2.518615856329387,2021-02-25,890.2
2021-01-28,2021-01,19,BAJAJFINSV,893.2,-1.36,0.12,-0.62,14.576802507836973,2021-02-25,1023.4
2021-01-28,2021-01,20,SBILIFE,875.0,0.14,-1.7,-0.78,0.0,2021-02-25,875.0
2021-01-28,2021-01,21,GAIL,75.31,0.04,-2.48,-1.23,17.633780374452268,2021-02-25,88.59
2021-01-28,2021-01,22,IOC,44.54,0.68,-3.24,-1.3,12.281095644364616,2021-02-25,50.01
2021-01-28,2021-01,23,ITC,170.6,-1.08,-1.8,-1.44,1.1430246189918059,2021-02-25,172.55
2021-01-28,2021-01,24,JSWSTEEL,375.35,-0.39,-2.64,-1.52,12.241907552950583,2021-02-25,421.3
2021-01-28,2021-01,25,M&M,764.85,-1.54,-1.67,-1.61,12.322677649212267,2021-02-25,859.1
2021-01-28,2021-01,26,BPCL,168.2,-0.26,-3.01,-1.64,20.8382877526754,2021-02-25,203.25
2021-01-28,2021-01,27,INFY,1249.5,-1.47,-2.17,-1.82,-0.12004801920768582,2021-02-25,1248.0
2021-01-28,2021-01,28,HDFCLIFE,672.3,-1.09,-2.58,-1.84,9.31875650751155,2021-02-25,734.95
2021-01-28,2021-01,29,NESTLEIND,865.3,-0.82,-2.98,-1.91,-6.853114526753723,2021-02-25,806.0
2021-01-28,2021-01,30,TITAN,1448.1,-0.49,-3.31,-1.91,-0.5420896346937321,2021-02-25,1440.25
2021-01-28,2021-01,31,BAJFINANCE,480.0,-1.11,-3.07,-2.09,15.416666666666657,2021-02-25,554.0
2021-01-28,2021-01,32,HINDUNILVR,2304.0,-1.72,-2.68,-2.2,-6.10026041666667,2021-02-25,2163.45
2021-01-28,2021-01,33,POWERGRID,101.95,-0.73,-3.78,-2.27,22.216772927905826,2021-02-25,124.6
2021-01-28,2021-01,34,SHREECEM,22950.3,-0.44,-4.21,-2.34,19.76030814412011,2021-02-25,27485.35
2021-01-28,2021-01,35,SUNPHARMA,563.45,-0.92,-3.91,-2.43,8.465702369331773,2021-02-25,611.15
2021-01-28,2021-01,36,ONGC,81.9,0.05,-5.14,-2.58,31.135531135531135,2021-02-25,107.4
2021-01-28,2021-01,37,NTPC,91.75,0.01,-5.32,-2.69,17.820163487738405,2021-02-25,108.1
2021-01-28,2021-01,38,HCLTECH,932.0,-1.75,-3.97,-2.87,-0.021459227467812703,2021-02-25,931.8
2021-01-28,2021-01,39,HDFCBANK,685.8,-1.31,-4.83,-3.09,17.045785943423763,2021-02-25,802.7
2021-01-28,2021-01,40,RELIANCE,894.3,-1.72,-4.56,-3.15,14.419098736441915,2021-02-25,1023.25
2021-01-28,2021-01,41,DRREDDY,968.2,-1.26,-5.17,-3.23,-7.333195620739518,2021-02-25,897.2
2021-01-28,2021-01,42,MARUTI,7600.0,-3.37,-3.33,-3.35,-8.867763157894737,2021-02-25,6926.05
2021-01-28,2021-01,43,TATASTEEL,57.46,-0.95,-5.76,-3.38,20.501218238774797,2021-02-25,69.24
2021-01-28,2021-01,44,ASIANPAINT,2448.0,-0.26,-6.48,-3.42,-3.1903594771241828,2021-02-25,2369.9
2021-01-28,2021-01,45,COALINDIA,119.55,-1.05,-5.91,-3.51,22.16645754914264,2021-02-25,146.05
2021-01-28,2021-01,46,DIVISLAB,3410.55,-1.74,-6.17,-3.98,0.7579422673762215,2021-02-25,3436.4
2021-01-28,2021-01,47,HINDALCO,228.75,-1.19,-6.82,-4.05,53.442622950819676,2021-02-25,351.0
2021-01-28,2021-01,48,KOTAKBANK,344.9,-1.26,-7.44,-4.4,9.712960278341543,2021-02-25,378.4
2021-01-28,2021-01,49,INDUSINDBK,805.0,-2.39,-10.09,-6.32,37.91925465838511,2021-02-25,1110.25
2021-02-25,2021-02,1,HINDALCO,351.0,3.19,18.03,10.36,-10.712250712250714,2021-03-25,313.4
2021-02-25,2021-02,2,COALINDIA,146.05,6.11,12.75,9.38,-18.52105443341322,2021-03-25,119.0
2021-02-25,2021-02,3,ADANIPORTS,705.0,3.15,13.72,8.31,-2.468085106382978,2021-03-25,687.6
2021-02-25,2021-02,4,ONGC,107.4,2.4,14.23,8.15,-14.10614525139665,2021-03-25,92.25
2021-02-25,2021-02,5,BPCL,203.25,2.58,9.5,5.98,-9.667896678966791,2021-03-25,183.6
2021-02-25,2021-02,6,UPL,570.25,3.73,8.24,5.96,0.5436212187637013,2021-03-25,573.35
2021-02-25,2021-02,7,GAIL,88.59,1.79,9.2,5.43,-15.882153741957339,2021-03-25,74.52
2021-02-25,2021-02,8,INDUSINDBK,1110.25,2.12,8.32,5.17,-13.704120693537492,2021-03-25,958.1
2021-02-25,2021-02,9,NTPC,108.1,2.37,7.6,4.95,-4.625346901017579,2021-03-25,103.1
2021-02-25,2021-02,10,TMPV,229.75,2.8,7.14,4.95,-14.29815016322089,2021-03-25,196.9
2021-02-25,2021-02,11,TATASTEEL,69.24,1.88,8.0,4.9,-3.1051415366839863,2021-03-25,67.09
2021-02-25,2021-02,12,RELIANCE,1023.25,2.72,6.13,4.41,-7.168336183728319,2021-03-25,949.9
2021-02-25,2021-02,13,SBIN,407.5,0.41,7.56,3.92,-12.601226993865033,2021-03-25,356.15
2021-02-25,2021-02,14,IOC,50.01,2.17,5.23,3.69,-13.417316536692658,2021-03-25,43.3
2021-02-25,2021-02,15,GRASIM,1266.6,1.11,6.26,3.65,7.3424917100900045,2021-03-25,1359.6
2021-02-25,2021-02,16,AXISBANK,769.0,1.43,4.81,3.11,-9.954486345903767,2021-03-25,692.45
2021-02-25,2021-02,17,ULTRACEMCO,6318.0,1.66,4.27,2.96,3.213042101930985,2021-03-25,6521.0
2021-02-25,2021-02,18,HDFCLIFE,734.95,1.38,4.39,2.87,-9.12306959657121,2021-03-25,667.9
2021-02-25,2021-02,19,JSWSTEEL,421.3,1.03,4.25,2.63,3.774032755755985,2021-03-25,437.2
2021-02-25,2021-02,20,POWERGRID,124.6,0.13,5.13,2.6,-5.016051364365969,2021-03-25,118.35
2021-02-25,2021-02,21,HDFCBANK,802.7,0.81,3.31,2.05,-8.558614675470288,2021-03-25,734.0
2021-02-25,2021-02,22,BAJAJFINSV,1023.4,0.27,3.04,1.65,-11.080711354309159,2021-03-25,910.0
2021-02-25,2021-02,23,BAJFINANCE,554.0,0.52,2.22,1.37,-7.490974729241873,2021-03-25,512.5
2021-02-25,2021-02,24,SHREECEM,27485.35,0.4,1.76,1.08,0.3079822523635478,2021-03-25,27570.0
2021-02-25,2021-02,25,ICICIBANK,629.0,0.02,1.91,0.96,-9.284578696343404,2021-03-25,570.6
2021-02-25,2021-02,26,LT,1510.0,0.16,1.3,0.73,-9.006622516556295,2021-03-25,1374.0
2021-02-25,2021-02,27,HEROMOTOCO,3254.15,0.29,0.45,0.37,-14.713519659511709,2021-03-25,2775.35
2021-02-25,2021-02,28,M&M,859.1,0.56,-0.16,0.2,-7.810499359795142,2021-03-25,792.0
2021-02-25,2021-02,29,BHARTIARTL,569.55,0.39,-0.12,0.13,-12.580107102098149,2021-03-25,497.9
2021-02-25,2021-02,30,CIPLA,813.5,1.18,-1.1,0.03,-3.054701905347268,2021-03-25,788.65
2021-02-25,2021-02,31,SUNPHARMA,611.15,0.01,-0.02,-0.01,-6.078704082467478,2021-03-25,574.0
2021-02-25,2021-02,32,SBILIFE,875.0,0.24,-0.3,-0.03,-0.7314285714285718,2021-03-25,868.6
2021-02-25,2021-02,33,BRITANNIA,3407.5,0.7,-0.8,-0.05,1.012472487160676,2021-03-25,3442.0
2021-02-25,2021-02,34,HCLTECH,931.8,0.6,-1.34,-0.37,3.128353723975108,2021-03-25,960.95
2021-02-25,2021-02,35,BAJAJ-AUTO,3867.0,0.36,-1.26,-0.45,-11.45590897336437,2021-03-25,3424.0
2021-02-25,2021-02,36,INFY,1248.0,-0.24,-0.8,-0.52,4.839743589743595,2021-03-25,1308.4
2021-02-25,2021-02,37,TECHM,890.2,0.02,-1.72,-0.85,1.2918445293192526,2021-03-25,901.7
2021-02-25,2021-02,38,TITAN,1440.25,0.26,-2.09,-0.92,0.7880576288838759,2021-03-25,1451.6
2021-02-25,2021-02,39,KOTAKBANK,378.4,-0.58,-1.33,-0.96,-6.7653276955602415,2021-03-25,352.8
2021-02-25,2021-02,40,WIPRO,201.35,-0.38,-1.64,-1.01,-5.065805810777246,2021-03-25,191.15
2021-02-25,2021-02,41,HINDUNILVR,2163.45,-0.22,-2.52,-1.38,3.9081097321407965,2021-03-25,2248.0
2021-02-25,2021-02,42,ASIANPAINT,2369.9,0.15,-3.22,-1.55,1.3882442297143305,2021-03-25,2402.8
2021-02-25,2021-02,43,ITC,172.55,-0.28,-2.93,-1.61,2.2312373225152005,2021-03-25,176.4
2021-02-25,2021-02,44,TCS,2985.05,-0.25,-3.24,-1.76,2.9965997219477014,2021-03-25,3074.5
2021-02-25,2021-02,45,EICHERMOT,2554.0,0.71,-5.13,-2.25,1.2137823022709382,2021-03-25,2585.0
2021-02-25,2021-02,46,NESTLEIND,806.0,-0.25,-4.26,-2.28,0.22332506203472935,2021-03-25,807.8
2021-02-25,2021-02,47,DRREDDY,897.2,-0.48,-4.23,-2.37,-2.2625947391885948,2021-03-25,876.9
2021-02-25,2021-02,48,DIVISLAB,3436.4,-1.02,-4.19,-2.62,-0.3331975323012548,2021-03-25,3424.95
2021-02-25,2021-02,49,MARUTI,6926.05,-0.85,-6.38,-3.65,-1.9354466109831714,2021-03-25,6792.0
2021-03-25,2021-03,1,JSWSTEEL,437.2,-0.01,3.04,1.5,66.10247026532481,2021-04-29,726.2
2021-03-25,2021-03,2,TATASTEEL,67.09,0.92,0.16,0.54,45.50603666716351,2021-04-29,97.62
2021-03-25,2021-03,3,SHREECEM,27570.0,-0.33,0.64,0.15,3.3550961189698914,2021-04-29,28495.0
2021-03-25,2021-03,4,GRASIM,1359.6,-1.4,1.21,-0.1,-0.9524860253015466,2021-04-29,1346.65
2021-03-25,2021-03,5,DRREDDY,876.9,0.71,-0.99,-0.14,16.455696202531644,2021-04-29,1021.2
2021-03-25,2021-03,6,CIPLA,788.65,-0.01,-0.46,-0.24,14.879857985164534,2021-04-29,906.0
2021-03-25,2021-03,7,ITC,176.4,-0.32,-0.19,-0.26,-4.450113378684806,2021-04-29,168.55
2021-03-25,2021-03,8,ULTRACEMCO,6521.0,-1.47,0.87,-0.31,-3.6650820426314956,2021-04-29,6282.0
2021-03-25,2021-03,9,TCS,3074.5,-0.98,-0.09,-0.54,1.2993982761424494,2021-04-29,3114.45
2021-03-25,2021-03,10,INFY,1308.4,-0.79,-0.43,-0.61,1.4445123815346905,2021-04-29,1327.3
2021-03-25,2021-03,11,HCLTECH,960.95,-0.94,-0.66,-0.8,-5.250013007960874,2021-04-29,910.5
2021-03-25,2021-03,12,ASIANPAINT,2402.8,-1.08,-0.57,-0.83,8.748127184950881,2021-04-29,2613.0
2021-03-25,2021-03,13,DIVISLAB,3424.95,-0.85,-1.05,-0.95,14.162250543803555,2021-04-29,3910.0
2021-03-25,2021-03,14,HINDUNILVR,2248.0,-1.88,-0.05,-0.97,7.784697508896787,2021-04-29,2423.0
2021-03-25,2021-03,15,BRITANNIA,3442.0,-1.83,-0.94,-1.39,0.6391632771644451,2021-04-29,3464.0
2021-03-25,2021-03,16,TITAN,1451.6,-1.48,-1.33,-1.41,3.6098098649765875,2021-04-29,1504.0
2021-03-25,2021-03,17,UPL,573.35,-2.01,-1.07,-1.54,3.1394436208249665,2021-04-29,591.35
2021-03-25,2021-03,18,POWERGRID,118.35,-1.34,-1.81,-1.58,1.4786649767638327,2021-04-29,120.1
2021-03-25,2021-03,19,HDFCBANK,734.0,-0.44,-3.18,-1.82,0.24523160762941476,2021-04-29,735.8
2021-03-25,2021-03,20,EICHERMOT,2585.0,-1.54,-2.28,-1.91,-4.719535783365569,2021-04-29,2463.0
2021-03-25,2021-03,21,SBILIFE,868.6,-1.03,-3.1,-2.07,6.832834446235325,2021-04-29,927.95
2021-03-25,2021-03,22,ADANIPORTS,687.6,-2.51,-1.65,-2.08,8.551483420593353,2021-04-29,746.4
2021-03-25,2021-03,23,ICICIBANK,570.6,0.07,-4.2,-2.09,8.84157027690149,2021-04-29,621.05
2021-03-25,2021-03,24,NESTLEIND,807.8,-1.62,-2.58,-2.1,2.1911364199059147,2021-04-29,825.5
2021-03-25,2021-03,25,TECHM,901.7,-2.1,-2.21,-2.16,0.48796717311743176,2021-04-29,906.1
2021-03-25,2021-03,26,HDFCLIFE,667.9,-0.89,-4.14,-2.53,1.0480610869890716,2021-04-29,674.9
2021-03-25,2021-03,27,SUNPHARMA,574.0,-1.4,-3.79,-2.6,12.508710801393729,2021-04-29,645.8
2021-03-25,2021-03,28,HINDALCO,313.4,-1.15,-4.12,-2.65,18.21952776005107,2021-04-29,370.5
2021-03-25,2021-03,29,LT,1374.0,-0.42,-4.95,-2.71,-1.106259097525475,2021-04-29,1358.8
2021-03-25,2021-03,30,INDUSINDBK,958.1,-0.15,-5.22,-2.72,-1.6334411856799846,2021-04-29,942.45
2021-03-25,2021-03,31,SBIN,356.15,-0.42,-5.12,-2.8,0.3650147409799187,2021-04-29,357.45
2021-03-25,2021-03,32,NTPC,103.1,-2.2,-3.49,-2.85,-0.14548981571289588,2021-04-29,102.95
2021-03-25,2021-03,33,RELIANCE,949.9,-1.8,-4.01,-2.91,1.3475102642383385,2021-04-29,962.7
2021-03-25,2021-03,34,BAJAJFINSV,910.0,-0.61,-5.33,-3.0,22.807692307692307,2021-04-29,1117.55
2021-03-25,2021-03,35,KOTAKBANK,352.8,-0.72,-5.22,-3.0,2.182539682539675,2021-04-29,360.5
2021-03-25,2021-03,36,WIPRO,191.15,-1.59,-4.47,-3.04,22.260005231493587,2021-04-29,233.7
2021-03-25,2021-03,37,AXISBANK,692.45,-1.31,-4.8,-3.07,3.5670445519532024,2021-04-29,717.15
2021-03-25,2021-03,38,BPCL,183.6,-1.47,-4.79,-3.14,0.0,2021-04-29,183.6
2021-03-25,2021-03,39,BAJFINANCE,512.5,-1.72,-4.67,-3.21,6.829268292682933,2021-04-29,547.5
2021-03-25,2021-03,40,MARUTI,6792.0,-2.05,-4.84,-3.46,-3.342167255594819,2021-04-29,6565.0
2021-03-25,2021-03,41,BHARTIARTL,497.9,-1.9,-5.09,-3.51,6.497288612171115,2021-04-29,530.25
2021-03-25,2021-03,42,BAJAJ-AUTO,3424.0,-1.81,-6.0,-3.93,8.776285046728983,2021-04-29,3724.5
2021-03-25,2021-03,43,M&M,792.0,-2.42,-5.79,-4.12,-2.2474747474747425,2021-04-29,774.2
2021-03-25,2021-03,44,ONGC,92.25,-2.61,-6.78,-4.72,2.2222222222222143,2021-04-29,94.3
2021-03-25,2021-03,45,TMPV,196.9,-2.18,-7.88,-5.07,5.662772981208741,2021-04-29,208.05
2021-03-25,2021-03,46,GAIL,74.52,-2.4,-8.48,-5.49,5.770263016639832,2021-04-29,78.82
2021-03-25,2021-03,47,HEROMOTOCO,2775.35,-2.46,-9.01,-5.79,-3.093303547300341,2021-04-29,2689.5
2021-03-25,2021-03,48,COALINDIA,119.0,-2.46,-9.17,-5.87,0.08403361344537785,2021-04-29,119.1
2021-03-25,2021-03,49,IOC,43.3,-3.36,-9.49,-6.48,-3.0715935334872935,2021-04-29,41.97
2021-04-29,2021-04,1,JSWSTEEL,726.2,5.4,20.24,12.58,-6.017625998347564,2021-05-27,682.5
2021-04-29,2021-04,2,TATASTEEL,97.62,3.68,15.78,9.56,6.7096906371645115,2021-05-27,104.17
2021-04-29,2021-04,3,BAJAJFINSV,1117.55,3.89,12.4,8.06,6.545568430942694,2021-05-27,1190.7
2021-04-29,2021-04,4,BAJFINANCE,547.5,3.18,10.49,6.77,3.926940639269416,2021-05-27,569.0
2021-04-29,2021-04,5,ICICIBANK,621.05,1.05,6.15,3.57,5.233073021495849,2021-05-27,653.55
2021-04-29,2021-04,6,WIPRO,233.7,0.22,6.55,3.34,9.884467265725295,2021-05-27,256.8
2021-04-29,2021-04,7,INDUSINDBK,942.45,2.3,4.15,3.22,7.178099633932833,2021-05-27,1010.1
2021-04-29,2021-04,8,HINDALCO,370.5,1.12,5.02,3.05,4.412955465587043,2021-05-27,386.85
2021-04-29,2021-04,9,AXISBANK,717.15,1.0,4.29,2.63,4.538799414348471,2021-05-27,749.7
2021-04-29,2021-04,10,DIVISLAB,3910.0,0.31,4.33,2.3,4.859335038363177,2021-05-27,4100.0
2021-04-29,2021-04,11,DRREDDY,1021.2,0.33,4.31,2.3,3.34900117508814,2021-05-27,1055.4
2021-04-29,2021-04,12,POWERGRID,120.1,0.19,3.28,1.72,4.288093255620318,2021-05-27,125.25
2021-04-29,2021-04,13,RELIANCE,962.7,0.59,2.32,1.45,-1.4854056299989704,2021-05-27,948.4
2021-04-29,2021-04,14,SUNPHARMA,645.8,0.22,2.66,1.43,8.470114586559308,2021-05-27,700.5
2021-04-29,2021-04,15,ASIANPAINT,2613.0,0.45,2.12,1.28,13.471106008419431,2021-05-27,2965.0
2021-04-29,2021-04,16,HINDUNILVR,2423.0,0.68,1.71,1.19,-3.3842344201403196,2021-05-27,2341.0
2021-04-29,2021-04,17,UPL,591.35,0.82,1.38,1.1,33.33897015303966,2021-05-27,788.5
2021-04-29,2021-04,18,HDFCBANK,735.8,0.28,1.77,1.02,0.8290296276161957,2021-05-27,741.9
2021-04-29,2021-04,19,SBILIFE,927.95,0.18,1.8,0.99,6.0401961312570585,2021-05-27,984.0
2021-04-29,2021-04,20,BAJAJ-AUTO,3724.5,-1.22,3.2,0.97,11.545173848838775,2021-05-27,4154.5
2021-04-29,2021-04,21,KOTAKBANK,360.5,0.27,1.52,0.89,-1.470180305131763,2021-05-27,355.2
2021-04-29,2021-04,22,SBIN,357.45,-0.33,1.88,0.77,19.17750734368444,2021-05-27,426.0
2021-04-29,2021-04,23,TATACONSUM,664.0,-0.17,1.65,0.74,-3.3132530120481896,2021-05-27,642.0
2021-04-29,2021-04,24,CIPLA,906.0,-0.46,1.82,0.67,4.194260485651213,2021-05-27,944.0
2021-04-29,2021-04,25,BHARTIARTL,530.25,-0.13,1.27,0.57,-3.649222065063651,2021-05-27,510.9
2021-04-29,2021-04,26,GRASIM,1346.65,0.99,-0.07,0.46,5.487691679352458,2021-05-27,1420.55
2021-04-29,2021-04,27,ONGC,94.3,0.29,0.13,0.21,7.15800636267232,2021-05-27,101.05
2021-04-29,2021-04,28,ADANIPORTS,746.4,-0.39,0.79,0.2,0.7167738478027985,2021-05-27,751.75
2021-04-29,2021-04,29,ULTRACEMCO,6282.0,0.88,-0.91,-0.02,4.680038204393511,2021-05-27,6576.0
2021-04-29,2021-04,30,NTPC,102.95,-0.36,0.06,-0.15,6.653715395823201,2021-05-27,109.8
2021-04-29,2021-04,31,TITAN,1504.0,0.0,-0.33,-0.17,6.382978723404253,2021-05-27,1600.0
2021-04-29,2021-04,32,EICHERMOT,2463.0,-0.45,-0.09,-0.27,6.000812017864399,2021-05-27,2610.8
2021-04-29,2021-04,33,INFY,1327.3,0.02,-0.65,-0.32,3.902659534393127,2021-05-27,1379.1
2021-04-29,2021-04,34,TMPV,208.05,-0.55,-0.1,-0.33,5.551550108147074,2021-05-27,219.6
2021-04-29,2021-04,35,BPCL,183.6,-0.29,-0.45,-0.37,12.799564270152498,2021-05-27,207.1
2021-04-29,2021-04,36,TECHM,906.1,0.11,-1.29,-0.59,5.529191038516723,2021-05-27,956.2
2021-04-29,2021-04,37,COALINDIA,119.1,-0.25,-1.05,-0.65,13.014273719563384,2021-05-27,134.6
2021-04-29,2021-04,38,TCS,3114.45,-0.32,-1.11,-0.72,2.6826566488465042,2021-05-27,3198.0
2021-04-29,2021-04,39,SHREECEM,28495.0,0.1,-1.76,-0.83,-1.3862081066853826,2021-05-27,28100.0
2021-04-29,2021-04,40,LT,1358.8,-0.62,-1.18,-0.9,9.14041801589638,2021-05-27,1483.0
2021-04-29,2021-04,41,HDFCLIFE,674.9,-0.2,-1.85,-1.03,-1.3187138835383028,2021-05-27,666.0
2021-04-29,2021-04,42,ITC,168.55,-0.45,-1.84,-1.15,3.3224562444378547,2021-05-27,174.15
2021-04-29,2021-04,43,MARUTI,6565.0,-0.44,-2.26,-1.35,6.138613861386144,2021-05-27,6968.0
2021-04-29,2021-04,44,NESTLEIND,825.5,-0.54,-2.23,-1.39,7.813446396123558,2021-05-27,890.0
2021-04-29,2021-04,45,IOC,41.97,-0.6,-2.39,-1.5,32.49940433643079,2021-05-27,55.61
2021-04-29,2021-04,46,M&M,774.2,-0.73,-2.64,-1.69,6.690777576853524,2021-05-27,826.0
2021-04-29,2021-04,47,HEROMOTOCO,2689.5,-1.42,-2.23,-1.83,5.224019334448782,2021-05-27,2830.0
2021-04-29,2021-04,48,BRITANNIA,3464.0,-0.66,-4.21,-2.45,-1.327944572748263,2021-05-27,3418.0
2021-04-29,2021-04,49,HCLTECH,910.5,-0.84,-5.82,-3.36,3.6243822075782584,2021-05-27,943.5
2021-05-27,2021-05,1,UPL,788.5,1.34,12.31,6.68,-1.0970196575776803,2021-06-24,779.85
2021-05-27,2021-05,2,SBIN,426.0,2.35,10.72,6.45,-1.8192488262910755,2021-06-24,418.25
2021-05-27,2021-05,3,ASIANPAINT,2965.0,1.28,7.77,4.47,2.664418212478914,2021-06-24,3044.0
2021-05-27,2021-05,4,BAJAJFINSV,1190.7,1.61,6.86,4.2,4.098429495254896,2021-06-24,1239.5
2021-05-27,2021-05,5,IOC,55.61,-1.13,9.64,4.12,1.2587664089192652,2021-06-24,56.31
2021-05-27,2021-05,6,BAJAJ-AUTO,4154.5,1.46,6.54,3.97,-0.6980382717535205,2021-06-24,4125.5
2021-05-27,2021-05,7,WIPRO,256.8,0.96,6.25,3.57,1.985981308411211,2021-06-24,261.9
2021-05-27,2021-05,8,TITAN,1600.0,0.97,5.46,3.19,11.068750000000005,2021-06-24,1777.1
2021-05-27,2021-05,9,INDUSINDBK,1010.1,1.12,5.05,3.07,-1.0890010890010848,2021-06-24,999.1
2021-05-27,2021-05,10,LT,1483.0,1.07,5.02,3.03,1.8206338503034436,2021-06-24,1510.0
2021-05-27,2021-05,11,AXISBANK,749.7,1.34,4.63,2.97,-1.3605442176870763,2021-06-24,739.5
2021-05-27,2021-05,12,TECHM,956.2,1.46,4.47,2.95,5.302238025517658,2021-06-24,1006.9
2021-05-27,2021-05,13,ICICIBANK,653.55,0.37,4.91,2.61,-2.83834442659322,2021-06-24,635.0
2021-05-27,2021-05,14,NESTLEIND,890.0,1.56,3.51,2.53,-0.775280898876407,2021-06-24,883.1
2021-05-27,2021-05,15,INFY,1379.1,0.89,3.8,2.33,10.405336813864107,2021-06-24,1522.6
2021-05-27,2021-05,16,HEROMOTOCO,2830.0,0.94,3.59,2.26,-3.0000000000000027,2021-06-24,2745.1
2021-05-27,2021-05,17,M&M,826.0,0.37,4.18,2.26,-3.9951573849878907,2021-06-24,793.0
2021-05-27,2021-05,18,SHREECEM,28100.0,2.74,1.64,2.19,1.7900355871886209,2021-06-24,28603.0
2021-05-27,2021-05,19,ULTRACEMCO,6576.0,1.14,2.82,1.98,3.4671532846715314,2021-06-24,6804.0
2021-05-27,2021-05,20,CIPLA,944.0,0.45,3.43,1.93,0.9057203389830404,2021-06-24,952.55
2021-05-27,2021-05,21,BPCL,207.1,-0.73,4.47,1.84,-0.6277160791887892,2021-06-24,205.8
2021-05-27,2021-05,22,BAJFINANCE,569.0,0.08,3.62,1.83,6.239015817223192,2021-06-24,604.5
2021-05-27,2021-05,23,GRASIM,1420.55,1.29,2.35,1.82,4.797437612192468,2021-06-24,1488.7
2021-05-27,2021-05,24,SBILIFE,984.0,1.43,2.0,1.71,1.7682926829268197,2021-06-24,1001.4
2021-05-27,2021-05,25,TCS,3198.0,0.69,2.72,1.7,5.378361475922455,2021-06-24,3370.0
2021-05-27,2021-05,26,EICHERMOT,2610.8,-0.4,3.51,1.54,3.991113834839899,2021-06-24,2715.0
2021-05-27,2021-05,27,HDFCBANK,741.9,0.6,2.1,1.35,1.4961585119288356,2021-06-24,753.0
2021-05-27,2021-05,28,SUNPHARMA,700.5,0.05,2.58,1.31,-5.09635974304069,2021-06-24,664.8
2021-05-27,2021-05,29,POWERGRID,125.25,0.82,1.69,1.25,0.9181636726546927,2021-06-24,126.4
2021-05-27,2021-05,30,KOTAKBANK,355.2,1.1,1.25,1.17,-1.9425675675675658,2021-06-24,348.3
2021-05-27,2021-05,31,TMPV,219.6,0.0,2.34,1.16,5.122950819672134,2021-06-24,230.85
2021-05-27,2021-05,32,DIVISLAB,4100.0,0.29,1.9,1.09,3.658536585365857,2021-06-24,4250.0
2021-05-27,2021-05,33,TATASTEEL,104.17,0.94,1.24,1.09,1.5455505423826343,2021-06-24,105.78
2021-05-27,2021-05,34,MARUTI,6968.0,-0.37,2.48,1.04,8.079793340987361,2021-06-24,7531.0
2021-05-27,2021-05,35,DRREDDY,1055.4,0.22,1.5,0.86,0.037900322152717436,2021-06-24,1055.8
2021-05-27,2021-05,36,RELIANCE,948.4,0.56,1.14,0.85,7.918599746942223,2021-06-24,1023.5
2021-05-27,2021-05,37,ITC,174.15,-0.14,1.26,0.56,-3.4165948894631204,2021-06-24,168.2
2021-05-27,2021-05,38,HINDALCO,386.85,0.37,0.5,0.43,-4.226444358278403,2021-06-24,370.5
2021-05-27,2021-05,39,HCLTECH,943.5,-0.2,1.02,0.41,4.398516163222044,2021-06-24,985.0
2021-05-27,2021-05,40,TATACONSUM,642.0,0.67,0.09,0.38,16.619937694704067,2021-06-24,748.7
2021-05-27,2021-05,41,HDFCLIFE,666.0,0.65,-0.69,-0.02,8.183183183183186,2021-06-24,720.5
2021-05-27,2021-05,42,COALINDIA,134.6,-0.97,0.85,-0.06,1.4858841010401136,2021-06-24,136.6
2021-05-27,2021-05,43,ONGC,101.05,-1.03,-0.02,-0.53,9.500247402276107,2021-06-24,110.65
2021-05-27,2021-05,44,HINDUNILVR,2341.0,-0.02,-1.1,-0.56,6.5356685177274665,2021-06-24,2494.0
2021-05-27,2021-05,45,NTPC,109.8,-1.48,0.37,-0.56,7.55919854280509,2021-06-24,118.1
2021-05-27,2021-05,46,BRITANNIA,3418.0,0.0,-1.57,-0.79,7.731129315389107,2021-06-24,3682.25
2021-05-27,2021-05,47,JSWSTEEL,682.5,-0.59,-1.06,-0.83,-0.293040293040292,2021-06-24,680.5
2021-05-27,2021-05,48,ADANIPORTS,751.75,-1.22,-0.67,-0.95,-5.154639175257736,2021-06-24,713.0
2021-05-27,2021-05,49,BHARTIARTL,510.9,-0.76,-3.12,-1.95,1.7518105304364928,2021-06-24,519.85
2021-06-24,2021-06,1,INFY,1522.6,1.65,6.61,4.1,3.855247602784706,2021-07-29,1581.3
2021-06-24,2021-06,2,MARUTI,7531.0,1.26,5.42,3.32,-7.064134909042618,2021-07-29,6999.0
2021-06-24,2021-06,3,TATACONSUM,748.7,0.14,5.59,2.83,-0.8080673166822594,2021-07-29,742.65
2021-06-24,2021-06,4,BAJAJFINSV,1239.5,1.31,4.24,2.76,17.111738604275907,2021-07-29,1451.6
2021-06-24,2021-06,5,TCS,3370.0,1.34,3.86,2.59,-5.222551928783381,2021-07-29,3194.0
2021-06-24,2021-06,6,TITAN,1777.1,0.14,4.72,2.4,-2.2002138315232678,2021-07-29,1738.0
2021-06-24,2021-06,7,TECHM,1006.9,1.45,2.99,2.22,4.518820141026936,2021-07-29,1052.4
2021-06-24,2021-06,8,HDFCLIFE,720.5,0.45,3.5,1.96,-7.716863289382381,2021-07-29,664.9
2021-06-24,2021-06,9,ULTRACEMCO,6804.0,0.43,3.32,1.86,10.993533215755447,2021-07-29,7552.0
2021-06-24,2021-06,10,ASIANPAINT,3044.0,0.86,2.6,1.73,-1.4783180026281206,2021-07-29,2999.0
2021-06-24,2021-06,11,HINDUNILVR,2494.0,0.24,3.08,1.65,-6.495589414595027,2021-07-29,2332.0
2021-06-24,2021-06,12,NTPC,118.1,0.99,2.12,1.55,-1.2277730736663717,2021-07-29,116.65
2021-06-24,2021-06,13,BRITANNIA,3682.25,0.15,2.54,1.34,-7.4777649534931045,2021-07-29,3406.9
2021-06-24,2021-06,14,LT,1510.0,0.79,1.52,1.15,5.7615894039735105,2021-07-29,1597.0
2021-06-24,2021-06,15,BAJAJ-AUTO,4125.5,0.4,1.64,1.02,-11.198642588777119,2021-07-29,3663.5
2021-06-24,2021-06,16,HDFCBANK,753.0,0.53,1.41,0.97,-5.630810092961481,2021-07-29,710.6
2021-06-24,2021-06,17,HCLTECH,985.0,0.22,1.7,0.96,2.3350253807106647,2021-07-29,1008.0
2021-06-24,2021-06,18,UPL,779.85,1.15,0.54,0.84,0.7373212797332718,2021-07-29,785.6
2021-06-24,2021-06,19,SBILIFE,1001.4,0.16,1.41,0.78,12.247853005791898,2021-07-29,1124.05
2021-06-24,2021-06,20,BAJFINANCE,604.5,-0.33,1.81,0.73,5.789909015715478,2021-07-29,639.5
2021-06-24,2021-06,21,NESTLEIND,883.1,0.92,0.55,0.73,1.6306194089004578,2021-07-29,897.5
2021-06-24,2021-06,22,GRASIM,1488.7,-0.12,1.4,0.64,2.9018606838181027,2021-07-29,1531.9
2021-06-24,2021-06,23,WIPRO,261.9,0.3,0.72,0.51,7.560137457044669,2021-07-29,281.7
2021-06-24,2021-06,24,TATASTEEL,105.78,0.59,0.25,0.42,31.36698808848555,2021-07-29,138.96
2021-06-24,2021-06,25,EICHERMOT,2715.0,-0.04,0.86,0.41,-6.8895027624309435,2021-07-29,2527.95
2021-06-24,2021-06,26,ICICIBANK,635.0,0.78,0.05,0.41,8.36220472440945,2021-07-29,688.1
2021-06-24,2021-06,27,ONGC,110.65,-0.07,0.81,0.37,-6.2810664256665145,2021-07-29,103.7
2021-06-24,2021-06,28,DIVISLAB,4250.0,0.33,0.37,0.35,13.783529411764706,2021-07-29,4835.8
2021-06-24,2021-06,29,SHREECEM,28603.0,-0.53,1.08,0.27,-3.25367968394924,2021-07-29,27672.35
2021-06-24,2021-06,30,M&M,793.0,0.85,-0.35,0.25,-7.692307692307687,2021-07-29,732.0
2021-06-24,2021-06,31,AXISBANK,739.5,0.04,0.33,0.18,-3.029073698444895,2021-07-29,717.1
2021-06-24,2021-06,32,CIPLA,952.55,0.02,0.1,0.06,-7.511416723531572,2021-07-29,881.0
2021-06-24,2021-06,33,SBIN,418.25,-0.31,-0.02,-0.17,5.941422594142254,2021-07-29,443.1
2021-06-24,2021-06,34,DRREDDY,1055.8,-0.1,-0.37,-0.24,-11.55521879143777,2021-07-29,933.8
2021-06-24,2021-06,35,INDUSINDBK,999.1,-0.37,-0.28,-0.33,-0.7206485837253584,2021-07-29,991.9
2021-06-24,2021-06,36,TMPV,230.85,-0.45,-0.24,-0.35,-12.367338098332247,2021-07-29,202.3
2021-06-24,2021-06,37,JSWSTEEL,680.5,0.64,-1.89,-0.63,9.61058045554739,2021-07-29,745.9
2021-06-24,2021-06,38,HEROMOTOCO,2745.1,-0.15,-1.23,-0.69,-5.792138719900919,2021-07-29,2586.1
2021-06-24,2021-06,39,KOTAKBANK,348.3,0.11,-1.52,-0.71,-5.713465403387897,2021-07-29,328.4
2021-06-24,2021-06,40,SUNPHARMA,664.8,-0.3,-1.12,-0.71,5.520457280385083,2021-07-29,701.5
2021-06-24,2021-06,41,ITC,168.2,0.12,-1.64,-0.76,0.9809750297265163,2021-07-29,169.85
2021-06-24,2021-06,42,IOC,56.31,-0.98,-0.73,-0.86,-8.506481974782453,2021-07-29,51.52
2021-06-24,2021-06,43,BPCL,205.8,-0.51,-1.28,-0.9,-3.74149659863946,2021-07-29,198.1
2021-06-24,2021-06,44,BHARTIARTL,519.85,-0.59,-1.26,-0.93,6.915456381648544,2021-07-29,555.8
2021-06-24,2021-06,45,POWERGRID,126.4,-0.23,-1.65,-0.94,-3.3623417721519,2021-07-29,122.15
2021-06-24,2021-06,46,HINDALCO,370.5,0.13,-2.53,-1.21,23.373819163292865,2021-07-29,457.1
2021-06-24,2021-06,47,COALINDIA,136.6,-0.73,-2.54,-1.64,-3.221083455344076,2021-07-29,132.2
2021-06-24,2021-06,48,RELIANCE,1023.5,-2.09,-1.19,-1.64,-4.3380556912554935,2021-07-29,979.1
2021-06-24,2021-06,49,ADANIPORTS,713.0,-0.58,-5.52,-3.08,-7.538569424964936,2021-07-29,659.25
2021-07-29,2021-07,1,TATASTEEL,138.96,4.36,15.35,9.72,-5.699481865284984,2021-08-26,131.04
2021-07-29,2021-07,2,HINDALCO,457.1,4.98,14.01,9.4,-7.110041566396852,2021-08-26,424.6
2021-07-29,2021-07,3,BAJAJFINSV,1451.6,2.19,11.22,6.61,9.64453017360154,2021-08-26,1591.6
2021-07-29,2021-07,4,JSWSTEEL,745.9,1.56,5.88,3.7,-9.941010859364518,2021-08-26,671.75
2021-07-29,2021-07,5,SBIN,443.1,2.78,3.67,3.22,-7.39110810200857,2021-08-26,410.35
2021-07-29,2021-07,6,ULTRACEMCO,7552.0,0.7,5.72,3.18,-4.952330508474578,2021-08-26,7178.0
2021-07-29,2021-07,7,SBILIFE,1124.05,-0.21,6.48,3.08,2.6333348160669123,2021-08-26,1153.65
2021-07-29,2021-07,8,BAJFINANCE,639.5,1.4,4.07,2.73,8.835027365129001,2021-08-26,696.0
2021-07-29,2021-07,9,BHARTIARTL,555.8,0.45,4.65,2.53,3.3825116948542844,2021-08-26,574.6
2021-07-29,2021-07,10,ICICIBANK,688.1,0.61,3.96,2.27,1.344281354454302,2021-08-26,697.35
2021-07-29,2021-07,11,SUNPHARMA,701.5,1.19,2.39,1.79,8.431931575195994,2021-08-26,760.65
2021-07-29,2021-07,12,INFY,1581.3,0.39,2.88,1.63,6.678049705938172,2021-08-26,1686.9
2021-07-29,2021-07,13,WIPRO,281.7,-0.42,3.67,1.6,6.709265175718859,2021-08-26,300.6
2021-07-29,2021-07,14,TECHM,1052.4,0.29,2.7,1.49,29.247434435575826,2021-08-26,1360.2
2021-07-29,2021-07,15,HCLTECH,1008.0,0.94,1.85,1.39,15.882936507936506,2021-08-26,1168.1
2021-07-29,2021-07,16,DIVISLAB,4835.8,-0.93,3.13,1.08,0.002067910169967213,2021-08-26,4835.9
2021-07-29,2021-07,17,LT,1597.0,0.03,1.79,0.91,0.18785222291797243,2021-08-26,1600.0
2021-07-29,2021-07,18,TITAN,1738.0,-0.1,1.36,0.63,4.430379746835444,2021-08-26,1815.0
2021-07-29,2021-07,19,NESTLEIND,897.5,-0.1,0.72,0.31,11.587743732590528,2021-08-26,1001.5
2021-07-29,2021-07,20,UPL,785.6,0.49,0.12,0.3,-11.9399185336049,2021-08-26,691.8
2021-07-29,2021-07,21,GRASIM,1531.9,0.26,0.31,0.28,-6.276519355049293,2021-08-26,1435.75
2021-07-29,2021-07,22,SHREECEM,27672.35,0.11,-0.82,-0.36,-4.142582758601998,2021-08-26,26526.0
2021-07-29,2021-07,23,TCS,3194.0,-0.1,-0.83,-0.47,14.58985597996243,2021-08-26,3660.0
2021-07-29,2021-07,24,ASIANPAINT,2999.0,-0.39,-0.79,-0.59,1.38879626542181,2021-08-26,3040.65
2021-07-29,2021-07,25,INDUSINDBK,991.9,0.1,-1.52,-0.71,1.3610242968041142,2021-08-26,1005.4
2021-07-29,2021-07,26,ITC,169.85,-1.08,-0.39,-0.74,-0.5593170444509799,2021-08-26,168.9
2021-07-29,2021-07,27,NTPC,116.65,-0.28,-1.25,-0.77,-3.471924560651529,2021-08-26,112.6
2021-07-29,2021-07,28,TATACONSUM,742.65,-0.49,-1.12,-0.81,13.57974819901704,2021-08-26,843.5
2021-07-29,2021-07,29,ONGC,103.7,-0.04,-1.76,-0.9,0.5785920925747368,2021-08-26,104.3
2021-07-29,2021-07,30,RELIANCE,979.1,-0.01,-1.79,-0.9,8.650801756715353,2021-08-26,1063.8
2021-07-29,2021-07,31,HDFCLIFE,664.9,0.0,-1.83,-0.92,5.1962701158069,2021-08-26,699.45
2021-07-29,2021-07,32,BPCL,198.1,-0.39,-1.47,-0.93,4.31600201918223,2021-08-26,206.65
2021-07-29,2021-07,33,BRITANNIA,3406.9,-0.34,-2.05,-1.2,15.80615809093311,2021-08-26,3945.4
2021-07-29,2021-07,34,COALINDIA,132.2,-0.72,-2.35,-1.54,-2.9122541603630814,2021-08-26,128.35
2021-07-29,2021-07,35,IOC,51.52,-0.02,-3.15,-1.6,2.4844720496894235,2021-08-26,52.8
2021-07-29,2021-07,36,HDFCBANK,710.6,-0.13,-3.16,-1.66,9.287925696594424,2021-08-26,776.6
2021-07-29,2021-07,37,TMPV,202.3,0.92,-4.39,-1.77,-3.0894710825506655,2021-08-26,196.05
2021-07-29,2021-07,38,HINDUNILVR,2332.0,-0.76,-2.78,-1.78,13.938679245283026,2021-08-26,2657.05
2021-07-29,2021-07,39,EICHERMOT,2527.95,-0.47,-3.41,-1.95,2.1380960857611875,2021-08-26,2582.0
2021-07-29,2021-07,40,HEROMOTOCO,2586.1,-0.71,-3.87,-2.3,-3.808824098062724,2021-08-26,2487.6
2021-07-29,2021-07,41,M&M,732.0,-0.25,-4.34,-2.32,6.769125683060095,2021-08-26,781.55
2021-07-29,2021-07,42,POWERGRID,122.15,-1.52,-3.26,-2.39,3.4383954154727725,2021-08-26,126.35
2021-07-29,2021-07,43,AXISBANK,717.1,-0.95,-3.93,-2.45,4.037093850230078,2021-08-26,746.05
2021-07-29,2021-07,44,MARUTI,6999.0,-1.17,-3.74,-2.46,-5.543649092727532,2021-08-26,6611.0
2021-07-29,2021-07,45,KOTAKBANK,328.4,-1.06,-4.29,-2.69,3.593179049939099,2021-08-26,340.2
2021-07-29,2021-07,46,ADANIPORTS,659.25,-0.94,-4.72,-2.85,9.503223359878653,2021-08-26,721.9
2021-07-29,2021-07,47,BAJAJ-AUTO,3663.5,-1.14,-4.63,-2.9,-1.6650743824211833,2021-08-26,3602.5
2021-07-29,2021-07,48,CIPLA,881.0,-1.2,-6.7,-3.99,3.291713961407483,2021-08-26,910.0
2021-07-29,2021-07,49,DRREDDY,933.8,-2.06,-10.88,-6.57,-3.4054401370743115,2021-08-26,902.0
2021-08-26,2021-08,1,BRITANNIA,3945.4,1.74,6.61,4.15,0.11659147361484656,2021-09-30,3950.0
2021-08-26,2021-08,2,BAJAJFINSV,1591.6,0.14,8.06,4.02,11.843427996984168,2021-09-30,1780.1
2021-08-26,2021-08,3,TECHM,1360.2,-0.31,8.3,3.91,-4.719894133215707,2021-09-30,1296.0
2021-08-26,2021-08,4,BAJFINANCE,696.0,0.73,7.18,3.9,10.272988505747115,2021-09-30,767.5
2021-08-26,2021-08,5,TATACONSUM,843.5,1.46,5.87,3.64,-4.81327800829876,2021-09-30,802.9
2021-08-26,2021-08,6,NESTLEIND,1001.5,0.55,6.33,3.4,-3.0354468297553616,2021-09-30,971.1
2021-08-26,2021-08,7,HCLTECH,1168.1,0.63,6.23,3.39,9.579659275746955,2021-09-30,1280.0
2021-08-26,2021-08,8,HINDUNILVR,2657.05,0.16,6.46,3.26,1.3906399954837,2021-09-30,2694.0
2021-08-26,2021-08,9,TCS,3660.0,0.02,5.74,2.84,3.2431693989070975,2021-09-30,3778.7
2021-08-26,2021-08,10,RELIANCE,1063.8,0.68,4.1,2.38,12.49764993419815,2021-09-30,1196.75
2021-08-26,2021-08,11,HDFCLIFE,699.45,1.17,3.52,2.34,3.223961684180421,2021-09-30,722.0
2021-08-26,2021-08,12,BPCL,206.65,1.77,2.59,2.18,-8.323251875151227,2021-09-30,189.45
2021-08-26,2021-08,13,ADANIPORTS,721.9,0.88,3.37,2.12,2.0986286189222936,2021-09-30,737.05
2021-08-26,2021-08,14,SBILIFE,1153.65,0.2,2.54,1.36,4.849824470159914,2021-09-30,1209.6
2021-08-26,2021-08,15,HDFCBANK,776.6,-0.16,2.78,1.3,2.5495750708215192,2021-09-30,796.4
2021-08-26,2021-08,16,WIPRO,300.6,-0.41,2.89,1.23,1.0479041916167553,2021-09-30,303.75
2021-08-26,2021-08,17,ICICIBANK,697.35,0.49,1.16,0.82,0.6524700652470017,2021-09-30,701.9
2021-08-26,2021-08,18,INFY,1686.9,-0.56,2.16,0.79,-2.5490544786294422,2021-09-30,1643.9
2021-08-26,2021-08,19,IOC,52.8,0.6,0.8,0.7,23.125000000000018,2021-09-30,65.01
2021-08-26,2021-08,20,M&M,781.55,0.53,0.75,0.64,2.635787857462746,2021-09-30,802.15
2021-08-26,2021-08,21,ONGC,104.3,0.39,0.4,0.39,24.928092042186023,2021-09-30,130.3
2021-08-26,2021-08,22,ASIANPAINT,3040.65,-0.14,0.64,0.25,6.852153322480392,2021-09-30,3249.0
2021-08-26,2021-08,23,AXISBANK,746.05,0.59,-0.12,0.23,2.794718852623812,2021-09-30,766.9
2021-08-26,2021-08,24,LT,1600.0,0.29,-0.31,-0.01,6.499999999999995,2021-09-30,1704.0
2021-08-26,2021-08,25,EICHERMOT,2582.0,0.54,-0.57,-0.02,8.011231603408199,2021-09-30,2788.85
2021-08-26,2021-08,26,HINDALCO,424.6,-0.04,-0.02,-0.03,14.931700423928396,2021-09-30,488.0
2021-08-26,2021-08,27,INDUSINDBK,1005.4,0.05,-0.2,-0.08,10.553013725880245,2021-09-30,1111.5
2021-08-26,2021-08,28,CIPLA,910.0,-0.06,-0.41,-0.24,7.857142857142851,2021-09-30,981.5
2021-08-26,2021-08,29,SHREECEM,26526.0,0.82,-1.49,-0.34,8.391766568649617,2021-09-30,28752.0
2021-08-26,2021-08,30,SUNPHARMA,760.65,-0.73,0.01,-0.36,7.513310984026811,2021-09-30,817.8
2021-08-26,2021-08,31,TITAN,1815.0,-0.62,-0.14,-0.38,19.170798898071606,2021-09-30,2162.95
2021-08-26,2021-08,32,DIVISLAB,4835.9,-0.38,-0.44,-0.41,-0.742364399594686,2021-09-30,4800.0
2021-08-26,2021-08,33,COALINDIA,128.35,0.24,-2.02,-0.9,33.96961433580054,2021-09-30,171.95
2021-08-26,2021-08,34,KOTAKBANK,340.2,-0.18,-1.88,-1.03,17.60728982951205,2021-09-30,400.1
2021-08-26,2021-08,35,ULTRACEMCO,7178.0,-0.55,-1.5,-1.03,0.9334076344385656,2021-09-30,7245.0
2021-08-26,2021-08,36,TATASTEEL,131.04,-0.6,-1.49,-1.05,-6.82234432234432,2021-09-30,122.1
2021-08-26,2021-08,37,ITC,168.9,-0.56,-1.58,-1.07,15.127294256956759,2021-09-30,194.45
2021-08-26,2021-08,38,BAJAJ-AUTO,3602.5,-0.13,-2.41,-1.28,3.8445523941707194,2021-09-30,3741.0
2021-08-26,2021-08,39,POWERGRID,126.35,-0.52,-2.03,-1.28,9.695290858725759,2021-09-30,138.6
2021-08-26,2021-08,40,TMPV,196.05,0.31,-3.04,-1.38,17.189492476409065,2021-09-30,229.75
2021-08-26,2021-08,41,NTPC,112.6,-0.6,-2.98,-1.8,25.93250444049735,2021-09-30,141.8
2021-08-26,2021-08,42,GRASIM,1435.75,-0.3,-3.37,-1.85,15.845376980672121,2021-09-30,1663.25
2021-08-26,2021-08,43,SBIN,410.35,-0.83,-2.85,-1.85,10.44230534909223,2021-09-30,453.2
2021-08-26,2021-08,44,HEROMOTOCO,2487.6,-0.66,-3.87,-2.28,7.195690625502493,2021-09-30,2666.6
2021-08-26,2021-08,45,DRREDDY,902.0,-0.36,-4.52,-2.46,8.337028824833714,2021-09-30,977.2
2021-08-26,2021-08,46,BHARTIARTL,574.6,-2.7,-2.52,-2.61,19.73546815175773,2021-09-30,688.0
2021-08-26,2021-08,47,MARUTI,6611.0,-1.02,-4.64,-2.85,10.725306307669037,2021-09-30,7320.05
2021-08-26,2021-08,48,UPL,691.8,-0.48,-5.24,-2.89,-1.7996530789245346,2021-09-30,679.35
2021-08-26,2021-08,49,JSWSTEEL,671.75,-1.31,-6.0,-3.68,-0.5582433941198395,2021-09-30,668.0
2021-09-30,2021-09,1,NTPC,141.8,1.85,13.01,7.28,-3.1029619181946466,2021-10-28,137.4
2021-09-30,2021-09,2,COALINDIA,171.95,0.33,13.75,6.83,-9.5085780750218,2021-10-28,155.6
2021-09-30,2021-09,3,ONGC,130.3,0.47,9.13,4.71,4.604758250191865,2021-10-28,136.3
2021-09-30,2021-09,4,IOC,65.01,-0.14,8.59,4.13,3.64559298569449,2021-10-28,67.38
2021-09-30,2021-09,5,TMPV,229.75,0.56,6.65,3.56,44.37431991294885,2021-10-28,331.7
2021-09-30,2021-09,6,SUNPHARMA,817.8,1.04,4.83,2.92,-1.3206162876008731,2021-10-28,807.0
2021-09-30,2021-09,7,POWERGRID,138.6,0.03,5.68,2.82,-1.6955266955266945,2021-10-28,136.25
2021-09-30,2021-09,8,TITAN,2162.95,0.55,4.74,2.62,10.585080561270498,2021-10-28,2391.9
2021-09-30,2021-09,9,GRASIM,1663.25,-0.12,4.77,2.3,1.9239440853750178,2021-10-28,1695.25
2021-09-30,2021-09,10,BAJAJFINSV,1780.1,0.97,3.54,2.25,0.8089433177911332,2021-10-28,1794.5
2021-09-30,2021-09,11,HINDALCO,488.0,-0.27,3.85,1.77,-4.354508196721307,2021-10-28,466.75
2021-09-30,2021-09,12,MARUTI,7320.05,-0.44,3.96,1.74,0.6140668438057162,2021-10-28,7365.0
2021-09-30,2021-09,13,BAJFINANCE,767.5,0.91,2.42,1.66,-2.8013029315960947,2021-10-28,746.0
2021-09-30,2021-09,14,RELIANCE,1196.75,-0.37,3.65,1.62,3.4635471067474555,2021-10-28,1238.2
2021-09-30,2021-09,15,M&M,802.15,-0.66,3.47,1.38,9.829832325624889,2021-10-28,881.0
2021-09-30,2021-09,16,CIPLA,981.5,-0.01,2.39,1.18,-9.327559857361178,2021-10-28,889.95
2021-09-30,2021-09,17,SBIN,453.2,-0.2,2.54,1.16,10.977493380406012,2021-10-28,502.95
2021-09-30,2021-09,18,ITC,194.45,-0.81,3.08,1.12,-4.551298534327586,2021-10-28,185.6
2021-09-30,2021-09,19,HCLTECH,1280.0,0.1,1.98,1.04,-9.765625,2021-10-28,1155.0
2021-09-30,2021-09,20,KOTAKBANK,400.1,-1.04,3.06,0.99,4.973756560859788,2021-10-28,420.0
2021-09-30,2021-09,21,SBILIFE,1209.6,0.31,1.17,0.74,-2.951388888888873,2021-10-28,1173.9
2021-09-30,2021-09,22,HDFCBANK,796.4,-0.27,1.21,0.47,-0.02511300853841325,2021-10-28,796.2
2021-09-30,2021-09,23,DRREDDY,977.2,-0.26,0.96,0.35,-6.334424887433487,2021-10-28,915.3
2021-09-30,2021-09,24,INDUSINDBK,1111.5,-1.12,1.65,0.26,5.335132703553747,2021-10-28,1170.8
2021-09-30,2021-09,25,BAJAJ-AUTO,3741.0,-0.51,0.73,0.11,-3.3948142207965826,2021-10-28,3614.0
2021-09-30,2021-09,26,TCS,3778.7,0.08,-0.43,-0.18,-9.41329028501865,2021-10-28,3423.0
2021-09-30,2021-09,27,BHARTIARTL,688.0,-1.36,0.35,-0.51,0.37790697674418006,2021-10-28,690.6
2021-09-30,2021-09,28,LT,1704.0,-0.9,-0.16,-0.53,6.631455399061026,2021-10-28,1817.0
2021-09-30,2021-09,29,HDFCLIFE,722.0,-0.65,-0.63,-0.64,-5.131578947368409,2021-10-28,684.95
2021-09-30,2021-09,30,HINDUNILVR,2694.0,-0.29,-1.15,-0.72,-11.32145508537491,2021-10-28,2389.0
2021-09-30,2021-09,31,HEROMOTOCO,2666.6,-1.03,-0.43,-0.73,-6.065776644416109,2021-10-28,2504.85
2021-09-30,2021-09,32,ADANIPORTS,737.05,-0.76,-0.83,-0.8,-6.241096262126044,2021-10-28,691.05
2021-09-30,2021-09,33,JSWSTEEL,668.0,-0.44,-1.29,-0.87,-0.06736526946108379,2021-10-28,667.55
2021-09-30,2021-09,34,BRITANNIA,3950.0,-0.49,-1.35,-0.92,-6.860759493670887,2021-10-28,3679.0
2021-09-30,2021-09,35,INFY,1643.9,-0.47,-1.41,-0.94,1.5694385303242298,2021-10-28,1669.7
2021-09-30,2021-09,36,NESTLEIND,971.1,-0.42,-1.75,-1.09,-2.636185768715893,2021-10-28,945.5
2021-09-30,2021-09,37,EICHERMOT,2788.85,-1.32,-0.87,-1.1,-9.28518923570647,2021-10-28,2529.9
2021-09-30,2021-09,38,ICICIBANK,701.9,-0.86,-1.51,-1.19,14.076079213563197,2021-10-28,800.7
2021-09-30,2021-09,39,ASIANPAINT,3249.0,-1.37,-1.62,-1.5,-3.8165589412126777,2021-10-28,3125.0
2021-09-30,2021-09,40,BPCL,189.45,-0.15,-2.88,-1.52,-2.5864344154130303,2021-10-28,184.55
2021-09-30,2021-09,41,WIPRO,303.75,-0.66,-2.74,-1.71,3.4074074074074145,2021-10-28,314.1
2021-09-30,2021-09,42,SHREECEM,28752.0,-1.23,-2.38,-1.81,-1.7459654980523043,2021-10-28,28250.0
2021-09-30,2021-09,43,ULTRACEMCO,7245.0,-0.68,-3.1,-1.9,0.6625258799171752,2021-10-28,7293.0
2021-09-30,2021-09,44,UPL,679.35,-0.77,-3.3,-2.04,3.3635092367704456,2021-10-28,702.2
2021-09-30,2021-09,45,AXISBANK,766.9,-1.64,-2.56,-2.1,-0.9649237188681714,2021-10-28,759.5
2021-09-30,2021-09,46,DIVISLAB,4800.0,-0.33,-4.22,-2.29,6.708333333333338,2021-10-28,5122.0
2021-09-30,2021-09,47,TATACONSUM,802.9,-0.85,-3.7,-2.29,-0.5480134512392598,2021-10-28,798.5
2021-09-30,2021-09,48,TATASTEEL,122.1,-0.44,-4.3,-2.39,1.0810810810810922,2021-10-28,123.42
2021-09-30,2021-09,49,TECHM,1296.0,-1.03,-3.86,-2.46,11.157407407407405,2021-10-28,1440.6
2021-10-28,2021-10,1,TMPV,331.7,-1.99,8.05,2.91,2.637925836599342,2021-11-25,340.45
2021-10-28,2021-10,2,ICICIBANK,800.7,-2.28,5.49,1.53,-6.007243661795936,2021-11-25,752.6
2021-10-28,2021-10,3,LT,1817.0,-0.08,2.72,1.31,1.8134287286736495,2021-11-25,1849.95
2021-10-28,2021-10,4,ULTRACEMCO,7293.0,0.6,1.27,0.93,2.2075963252433883,2021-11-25,7454.0
2021-10-28,2021-10,5,TECHM,1440.6,-1.41,3.08,0.81,1.6798556157156863,2021-11-25,1464.8
2021-10-28,2021-10,6,SBIN,502.95,-1.76,3.29,0.73,-2.1771547867581287,2021-11-25,492.0
2021-10-28,2021-10,7,UPL,702.2,0.32,0.7,0.51,-0.5482768442039321,2021-11-25,698.35
2021-10-28,2021-10,8,SHREECEM,28250.0,0.35,0.35,0.35,-5.706194690265487,2021-11-25,26638.0
2021-10-28,2021-10,9,INDUSINDBK,1170.8,-0.58,0.74,0.08,-18.124359412367607,2021-11-25,958.6
2021-10-28,2021-10,10,TITAN,2391.9,-0.84,1.01,0.08,0.255027384087958,2021-11-25,2398.0
2021-10-28,2021-10,11,ASIANPAINT,3125.0,1.21,-1.1,0.05,0.5392000000000063,2021-11-25,3141.85
2021-10-28,2021-10,12,M&M,881.0,-0.88,0.81,-0.04,1.0896708286038725,2021-11-25,890.6
2021-10-28,2021-10,13,GRASIM,1695.25,-1.08,0.97,-0.06,3.907978174310567,2021-11-25,1761.5
2021-10-28,2021-10,14,DIVISLAB,5122.0,-0.36,0.03,-0.17,-6.384224912143699,2021-11-25,4795.0
2021-10-28,2021-10,15,MARUTI,7365.0,-0.25,-0.12,-0.19,2.7902240325865524,2021-11-25,7570.5
2021-10-28,2021-10,16,KOTAKBANK,420.0,-2.4,1.8,-0.32,-3.3333333333333326,2021-11-25,406.0
2021-10-28,2021-10,17,SBILIFE,1173.9,-0.03,-0.91,-0.47,-1.1840872305988626,2021-11-25,1160.0
2021-10-28,2021-10,18,IOC,67.38,-0.84,-0.18,-0.51,-2.5972098545562483,2021-11-25,65.63
2021-10-28,2021-10,19,BHARTIARTL,690.6,-0.89,-0.15,-0.52,10.773240660295391,2021-11-25,765.0
2021-10-28,2021-10,20,BAJAJFINSV,1794.5,-0.62,-0.68,-0.65,-3.2599609919197525,2021-11-25,1736.0
2021-10-28,2021-10,21,RELIANCE,1238.2,-0.87,-0.47,-0.67,-3.811985139718954,2021-11-25,1191.0
2021-10-28,2021-10,22,INFY,1669.7,-0.38,-1.0,-0.69,0.976223273641974,2021-11-25,1686.0
2021-10-28,2021-10,23,TATACONSUM,798.5,-0.44,-1.56,-1.0,0.1502817783343824,2021-11-25,799.7
2021-10-28,2021-10,24,NESTLEIND,945.5,-0.5,-1.66,-1.08,1.4806980433633044,2021-11-25,959.5
2021-10-28,2021-10,25,SUNPHARMA,807.0,-1.22,-0.93,-1.08,-3.0607187112763334,2021-11-25,782.3
2021-10-28,2021-10,26,HDFCLIFE,684.95,-0.52,-2.64,-1.59,0.5912840353310411,2021-11-25,689.0
2021-10-28,2021-10,27,WIPRO,314.1,-1.11,-2.19,-1.65,-3.151862464183397,2021-11-25,304.2
2021-10-28,2021-10,28,TATASTEEL,123.42,-1.14,-2.24,-1.69,-10.055096418732779,2021-11-25,111.01
2021-10-28,2021-10,29,JSWSTEEL,667.55,-1.63,-1.77,-1.7,1.715227323795987,2021-11-25,679.0
2021-10-28,2021-10,30,BRITANNIA,3679.0,-0.29,-3.24,-1.78,-2.6909486273443917,2021-11-25,3580.0
2021-10-28,2021-10,31,BAJFINANCE,746.0,-0.95,-2.81,-1.88,-4.289544235924936,2021-11-25,714.0
2021-10-28,2021-10,32,POWERGRID,136.25,-1.33,-2.48,-1.91,10.165137614678898,2021-11-25,150.1
2021-10-28,2021-10,33,HDFCBANK,796.2,-2.19,-2.63,-2.41,-4.2954031650339175,2021-11-25,762.0
2021-10-28,2021-10,34,ONGC,136.3,-2.42,-2.39,-2.41,2.898019075568592,2021-11-25,140.25
2021-10-28,2021-10,35,BAJAJ-AUTO,3614.0,-1.66,-3.17,-2.42,-8.43940232429441,2021-11-25,3309.0
2021-10-28,2021-10,36,CIPLA,889.95,-2.06,-2.99,-2.53,1.4045732906343034,2021-11-25,902.45
2021-10-28,2021-10,37,NTPC,137.4,-2.2,-2.86,-2.53,-1.455604075691408,2021-11-25,135.4
2021-10-28,2021-10,38,DRREDDY,915.3,-1.13,-4.05,-2.6,0.508030154047856,2021-11-25,919.95
2021-10-28,2021-10,39,HEROMOTOCO,2504.85,-0.88,-4.57,-2.74,-2.948280336147868,2021-11-25,2431.0
2021-10-28,2021-10,40,HINDALCO,466.75,-1.57,-4.38,-2.99,-4.092126405998931,2021-11-25,447.65
2021-10-28,2021-10,41,BPCL,184.55,-1.28,-4.94,-3.13,-4.985098889189931,2021-11-25,175.35
2021-10-28,2021-10,42,HCLTECH,1155.0,-0.84,-5.52,-3.21,-2.5367965367965373,2021-11-25,1125.7
2021-10-28,2021-10,43,TCS,3423.0,-1.25,-5.37,-3.33,0.7887817703768674,2021-11-25,3450.0
2021-10-28,2021-10,44,HINDUNILVR,2389.0,-0.32,-6.42,-3.42,-1.7015487651737216,2021-11-25,2348.35
2021-10-28,2021-10,45,EICHERMOT,2529.9,-1.17,-6.34,-3.79,-0.1936835448041463,2021-11-25,2525.0
2021-10-28,2021-10,46,COALINDIA,155.6,-1.93,-6.07,-4.02,-5.0128534704370065,2021-11-25,147.8
2021-10-28,2021-10,47,AXISBANK,759.5,-3.25,-4.96,-4.11,-10.493745885450956,2021-11-25,679.8
2021-10-28,2021-10,48,ITC,185.6,-2.82,-5.44,-4.14,2.990301724137945,2021-11-25,191.15
2021-10-28,2021-10,49,ADANIPORTS,691.05,-3.57,-8.21,-5.92,10.55639968164388,2021-11-25,764.0
2021-11-25,2021-11,1,POWERGRID,150.1,0.92,6.57,3.71,-0.3664223850766035,2021-12-30,149.55
2021-11-25,2021-11,2,BHARTIARTL,765.0,0.55,5.15,2.82,-10.718954248366009,2021-12-30,683.0
2021-11-25,2021-11,3,ADANIPORTS,764.0,0.83,3.3,2.06,-5.104712041884818,2021-12-30,725.0
2021-11-25,2021-11,4,RELIANCE,1191.0,2.73,0.04,1.38,-5.3610411418975605,2021-12-30,1127.15
2021-11-25,2021-11,5,ONGC,140.25,1.42,0.88,1.15,-9.19786096256685,2021-12-30,127.35
2021-11-25,2021-11,6,TECHM,1464.8,0.37,0.92,0.64,15.770070999453845,2021-12-30,1695.8
2021-11-25,2021-11,7,TMPV,340.45,0.44,0.79,0.61,-4.523424878836824,2021-12-30,325.05
2021-11-25,2021-11,8,JSWSTEEL,679.0,-0.27,0.92,0.32,-4.933726067746691,2021-12-30,645.5
2021-11-25,2021-11,9,NESTLEIND,959.5,0.37,0.19,0.28,0.8858780614903639,2021-12-30,968.0
2021-11-25,2021-11,10,ITC,191.15,0.83,-0.47,0.18,-6.617839393146752,2021-12-30,178.5
2021-11-25,2021-11,11,NTPC,135.4,0.96,-0.75,0.1,-6.6100443131462345,2021-12-30,126.45
2021-11-25,2021-11,12,GRASIM,1761.5,0.38,-0.42,-0.02,-9.894975872835655,2021-12-30,1587.2
2021-11-25,2021-11,13,KOTAKBANK,406.0,0.6,-0.67,-0.04,-13.152709359605907,2021-12-30,352.6
2021-11-25,2021-11,14,CIPLA,902.45,0.44,-0.67,-0.12,5.5792564685023915,2021-12-30,952.8
2021-11-25,2021-11,15,DIVISLAB,4795.0,1.18,-1.93,-0.39,-3.402502606882163,2021-12-30,4631.85
2021-11-25,2021-11,16,INFY,1686.0,0.15,-0.95,-0.4,10.130486358244362,2021-12-30,1856.8
2021-11-25,2021-11,17,SBILIFE,1160.0,-0.1,-0.84,-0.47,2.887931034482749,2021-12-30,1193.5
2021-11-25,2021-11,18,ASIANPAINT,3141.85,-0.51,-0.65,-0.58,7.197988446297576,2021-12-30,3368.0
2021-11-25,2021-11,19,TITAN,2398.0,0.38,-1.58,-0.6,1.9599666388657289,2021-12-30,2445.0
2021-11-25,2021-11,20,M&M,890.6,-0.33,-1.17,-0.75,-6.804401527060411,2021-12-30,830.0
2021-11-25,2021-11,21,TATACONSUM,799.7,0.23,-1.75,-0.76,-9.947480305114432,2021-12-30,720.15
2021-11-25,2021-11,22,SUNPHARMA,782.3,0.13,-1.66,-0.77,6.589543653329932,2021-12-30,833.85
2021-11-25,2021-11,23,UPL,698.35,0.03,-1.56,-0.77,3.114484141189955,2021-12-30,720.1
2021-11-25,2021-11,24,ULTRACEMCO,7454.0,-0.06,-1.54,-0.8,-2.6697075395760717,2021-12-30,7255.0
2021-11-25,2021-11,25,SBIN,492.0,-0.21,-1.53,-0.87,-7.916666666666661,2021-12-30,453.05
2021-11-25,2021-11,26,LT,1849.95,-0.65,-1.23,-0.94,2.010865158517805,2021-12-30,1887.15
2021-11-25,2021-11,27,TCS,3450.0,-0.22,-1.66,-0.94,8.318840579710152,2021-12-30,3737.0
2021-11-25,2021-11,28,ICICIBANK,752.6,-0.17,-1.72,-0.95,-2.2056869519000877,2021-12-30,736.0
2021-11-25,2021-11,29,HDFCLIFE,689.0,-0.4,-1.51,-0.96,-6.894049346879538,2021-12-30,641.5
2021-11-25,2021-11,30,HDFCBANK,762.0,0.13,-2.34,-1.11,-4.002624671916011,2021-12-30,731.5
2021-11-25,2021-11,31,COALINDIA,147.8,0.56,-2.99,-1.23,-8.017591339648188,2021-12-30,135.95
2021-11-25,2021-11,32,MARUTI,7570.5,-1.18,-1.42,-1.3,-3.930387689056203,2021-12-30,7272.95
2021-11-25,2021-11,33,BAJAJFINSV,1736.0,-0.18,-2.46,-1.33,-6.612903225806443,2021-12-30,1621.2
2021-11-25,2021-11,34,HCLTECH,1125.7,0.12,-2.79,-1.35,16.993870480589845,2021-12-30,1317.0
2021-11-25,2021-11,35,HINDALCO,447.65,-0.21,-2.52,-1.37,0.9605718753490367,2021-12-30,451.95
2021-11-25,2021-11,36,WIPRO,304.2,-0.36,-2.57,-1.47,12.508218277449057,2021-12-30,342.25
2021-11-25,2021-11,37,BRITANNIA,3580.0,-0.69,-2.41,-1.55,0.16759776536312554,2021-12-30,3586.0
2021-11-25,2021-11,38,DRREDDY,919.95,-0.63,-2.58,-1.61,6.505788358062925,2021-12-30,979.8
2021-11-25,2021-11,39,HINDUNILVR,2348.35,-0.57,-3.03,-1.81,-0.8665658866863879,2021-12-30,2328.0
2021-11-25,2021-11,40,IOC,65.63,-0.16,-3.47,-1.83,-14.916958707907957,2021-12-30,55.84
2021-11-25,2021-11,41,BAJFINANCE,714.0,-0.28,-3.78,-2.05,-3.7815126050420145,2021-12-30,687.0
2021-11-25,2021-11,42,BPCL,175.35,-0.11,-4.18,-2.17,-6.0735671514114635,2021-12-30,164.7
2021-11-25,2021-11,43,EICHERMOT,2525.0,-0.51,-3.98,-2.26,0.8891089108910899,2021-12-30,2547.45
2021-11-25,2021-11,44,SHREECEM,26638.0,-0.16,-4.43,-2.32,-0.7095127261806389,2021-12-30,26449.0
2021-11-25,2021-11,45,HEROMOTOCO,2431.0,-0.84,-3.8,-2.33,-6.581653640477169,2021-12-30,2271.0
2021-11-25,2021-11,46,BAJAJ-AUTO,3309.0,-0.53,-6.07,-3.34,-5.65125415533394,2021-12-30,3122.0
2021-11-25,2021-11,47,TATASTEEL,111.01,-0.77,-6.43,-3.64,-6.16160706242681,2021-12-30,104.17
2021-11-25,2021-11,48,AXISBANK,679.8,-0.58,-6.72,-3.7,-1.250367755222126,2021-12-30,671.3
2021-11-25,2021-11,49,INDUSINDBK,958.6,-1.16,-8.94,-5.13,-7.364907156269562,2021-12-30,888.0
2021-12-30,2021-12,1,HCLTECH,1317.0,0.98,8.09,4.47,-18.029612756264235,2022-01-27,1079.55
2021-12-30,2021-12,2,TECHM,1695.8,-0.31,7.17,3.36,-19.90800801981365,2022-01-27,1358.2
2021-12-30,2021-12,3,WIPRO,342.25,0.75,5.75,3.22,-23.85682980277575,2022-01-27,260.6
2021-12-30,2021-12,4,SUNPHARMA,833.85,0.47,5.56,2.98,-2.836241530251238,2022-01-27,810.2
2021-12-30,2021-12,5,CIPLA,952.8,1.1,4.47,2.77,-2.7550377833753137,2022-01-27,926.55
2021-12-30,2021-12,6,DRREDDY,979.8,0.94,4.59,2.75,-13.165952235150035,2022-01-27,850.8
2021-12-30,2021-12,7,TITAN,2445.0,1.46,3.7,2.57,-5.398773006134972,2022-01-27,2313.0
2021-12-30,2021-12,8,INFY,1856.8,0.25,4.46,2.33,-11.067427832830678,2022-01-27,1651.3
2021-12-30,2021-12,9,TCS,3737.0,0.51,2.86,1.68,-2.2638480064222644,2022-01-27,3652.4
2021-12-30,2021-12,10,SBILIFE,1193.5,0.28,2.78,1.52,1.4914118139924604,2022-01-27,1211.3
2021-12-30,2021-12,11,ASIANPAINT,3368.0,-0.05,3.1,1.51,-7.476247030878868,2022-01-27,3116.2
2021-12-30,2021-12,12,EICHERMOT,2547.45,0.38,2.13,1.25,4.418143633829907,2022-01-27,2660.0
2021-12-30,2021-12,13,NTPC,126.45,1.47,0.8,1.13,6.603400553578487,2022-01-27,134.8
2021-12-30,2021-12,14,BRITANNIA,3586.0,0.86,0.82,0.84,-2.9043502509760177,2022-01-27,3481.85
2021-12-30,2021-12,15,DIVISLAB,4631.85,0.56,1.0,0.78,-14.893617021276606,2022-01-27,3942.0
2021-12-30,2021-12,16,LT,1887.15,-0.21,1.39,0.59,1.3803884163950952,2022-01-27,1913.2
2021-12-30,2021-12,17,HINDUNILVR,2328.0,0.63,0.51,0.57,-1.3316151202749094,2022-01-27,2297.0
2021-12-30,2021-12,18,ONGC,127.35,1.35,-0.62,0.36,17.471535139379668,2022-01-27,149.6
2021-12-30,2021-12,19,UPL,720.1,-0.6,1.3,0.35,2.770448548812654,2022-01-27,740.05
2021-12-30,2021-12,20,INDUSINDBK,888.0,1.93,-1.43,0.24,0.5461711711711725,2022-01-27,892.85
2021-12-30,2021-12,21,NESTLEIND,968.0,-0.3,0.66,0.18,-5.216942148760328,2022-01-27,917.5
2021-12-30,2021-12,22,ULTRACEMCO,7255.0,-0.33,0.32,-0.01,-3.9558924879393498,2022-01-27,6968.0
2021-12-30,2021-12,23,HINDALCO,451.95,-0.17,0.05,-0.06,8.463325589113847,2022-01-27,490.2
2021-12-30,2021-12,24,ICICIBANK,736.0,-0.19,-0.08,-0.14,8.288043478260864,2022-01-27,797.0
2021-12-30,2021-12,25,SHREECEM,26449.0,-0.63,0.19,-0.22,-9.297137888010887,2022-01-27,23990.0
2021-12-30,2021-12,26,BHARTIARTL,683.0,0.37,-0.83,-0.23,3.9531478770131745,2022-01-27,710.0
2021-12-30,2021-12,27,ADANIPORTS,725.0,0.2,-0.8,-0.3,-2.234482758620693,2022-01-27,708.8
2021-12-30,2021-12,28,HDFCBANK,731.5,0.36,-0.99,-0.32,1.2440191387559807,2022-01-27,740.6
2021-12-30,2021-12,29,HEROMOTOCO,2271.0,0.19,-0.94,-0.38,12.3293703214443,2022-01-27,2551.0
2021-12-30,2021-12,30,POWERGRID,149.55,-0.36,-0.41,-0.39,5.449682380474741,2022-01-27,157.7
2021-12-30,2021-12,31,TMPV,325.05,-0.22,-0.79,-0.51,4.891555145362236,2022-01-27,340.95
2021-12-30,2021-12,32,M&M,830.0,-0.17,-0.86,-0.52,3.2951807228915664,2022-01-27,857.35
2021-12-30,2021-12,33,BAJAJFINSV,1621.2,0.65,-1.9,-0.63,-5.1350851221317555,2022-01-27,1537.95
2021-12-30,2021-12,34,BPCL,164.7,-0.09,-1.2,-0.65,1.1232544019429413,2022-01-27,166.55
2021-12-30,2021-12,35,BAJAJ-AUTO,3122.0,0.08,-1.44,-0.68,9.49711723254325,2022-01-27,3418.5
2021-12-30,2021-12,36,TATACONSUM,720.15,0.08,-1.53,-0.73,-3.096577101992637,2022-01-27,697.85
2021-12-30,2021-12,37,AXISBANK,671.3,0.14,-1.69,-0.78,15.7306718307761,2022-01-27,776.9
2021-12-30,2021-12,38,MARUTI,7272.95,-0.53,-1.18,-0.86,21.010044067400436,2022-01-27,8801.0
2021-12-30,2021-12,39,RELIANCE,1127.15,-0.72,-1.0,-0.86,-0.6787029233021435,2022-01-27,1119.5
2021-12-30,2021-12,40,BAJFINANCE,687.0,-0.45,-1.39,-0.92,0.0,2022-01-27,687.0
2021-12-30,2021-12,41,COALINDIA,135.95,-0.06,-2.04,-1.05,10.261125413755078,2022-01-27,149.9
2021-12-30,2021-12,42,ITC,178.5,-0.32,-1.91,-1.12,-0.5042016806722671,2022-01-27,177.6
2021-12-30,2021-12,43,HDFCLIFE,641.5,-0.07,-2.41,-1.25,-3.2501948558067095,2022-01-27,620.65
2021-12-30,2021-12,44,JSWSTEEL,645.5,-1.22,-1.6,-1.41,-2.3780015491866813,2022-01-27,630.15
2021-12-30,2021-12,45,SBIN,453.05,-0.32,-3.02,-1.68,16.76415406688003,2022-01-27,529.0
2021-12-30,2021-12,46,KOTAKBANK,352.6,-0.03,-3.43,-1.74,7.487237663074309,2022-01-27,379.0
2021-12-30,2021-12,47,TATASTEEL,104.17,-0.93,-3.04,-1.99,-1.0271671306518293,2022-01-27,103.1
2021-12-30,2021-12,48,IOC,55.84,-0.05,-4.36,-2.23,14.129656160458449,2022-01-27,63.73
2021-12-30,2021-12,49,GRASIM,1587.2,-0.68,-3.89,-2.3,6.142893145161299,2022-01-27,1684.7
2022-01-27,2022-01,1,MARUTI,8801.0,3.73,9.33,6.49,-6.8855811839563685,2022-02-24,8195.0
2022-01-27,2022-01,2,AXISBANK,776.9,3.22,7.23,5.21,-6.358604711031013,2022-02-24,727.5
2022-01-27,2022-01,3,SBIN,529.0,2.63,5.63,4.12,-11.001890359168243,2022-02-24,470.8
2022-01-27,2022-01,4,BAJAJ-AUTO,3418.5,1.69,3.26,2.47,-2.0038028375018335,2022-02-24,3350.0
2022-01-27,2022-01,5,IOC,63.73,1.25,2.83,2.04,-12.898164129923106,2022-02-24,55.51
2022-01-27,2022-01,6,CIPLA,926.55,1.73,2.14,1.93,-3.4051049592574545,2022-02-24,895.0
2022-01-27,2022-01,7,ONGC,149.6,-0.16,3.84,1.82,-5.581550802139034,2022-02-24,141.25
2022-01-27,2022-01,8,HEROMOTOCO,2551.0,-0.4,3.4,1.48,-8.222265778126225,2022-02-24,2341.25
2022-01-27,2022-01,9,POWERGRID,157.7,0.17,2.71,1.43,-10.938490805326573,2022-02-24,140.45
2022-01-27,2022-01,10,KOTAKBANK,379.0,2.15,0.42,1.28,-5.9102902374670085,2022-02-24,356.6
2022-01-27,2022-01,11,COALINDIA,149.9,0.9,1.58,1.24,-6.204136090727164,2022-02-24,140.6
2022-01-27,2022-01,12,NTPC,134.8,0.2,1.78,0.99,-7.4554896142433265,2022-02-24,124.75
2022-01-27,2022-01,13,INDUSINDBK,892.85,2.1,-0.35,0.87,-2.520020160161285,2022-02-24,870.35
2022-01-27,2022-01,14,HINDALCO,490.2,0.7,0.65,0.67,5.548755609955114,2022-02-24,517.4
2022-01-27,2022-01,15,BHARTIARTL,710.0,0.34,0.63,0.48,-5.640845070422529,2022-02-24,669.95
2022-01-27,2022-01,16,TMPV,340.95,1.31,-0.46,0.42,-13.97565625458278,2022-02-24,293.3
2022-01-27,2022-01,17,ICICIBANK,797.0,0.36,0.36,0.36,-11.461731493099126,2022-02-24,705.65
2022-01-27,2022-01,18,M&M,857.35,0.31,-0.52,-0.11,-7.085787601329674,2022-02-24,796.6
2022-01-27,2022-01,19,EICHERMOT,2660.0,0.93,-1.47,-0.28,-2.1804511278195493,2022-02-24,2602.0
2022-01-27,2022-01,20,ITC,177.6,0.89,-1.64,-0.38,-2.759009009009017,2022-02-24,172.7
2022-01-27,2022-01,21,SUNPHARMA,810.2,0.61,-1.4,-0.4,0.8392989385336946,2022-02-24,817.0
2022-01-27,2022-01,22,HDFCBANK,740.6,1.12,-2.06,-0.48,-4.793410748042126,2022-02-24,705.1
2022-01-27,2022-01,23,BPCL,166.55,0.63,-1.62,-0.5,-13.389372560792555,2022-02-24,144.25
2022-01-27,2022-01,24,LT,1913.2,0.4,-1.82,-0.72,-8.16433200919925,2022-02-24,1757.0
2022-01-27,2022-01,25,SBILIFE,1211.3,-0.31,-1.15,-0.73,-13.316271774126964,2022-02-24,1050.0
2022-01-27,2022-01,26,HINDUNILVR,2297.0,0.02,-1.87,-0.93,-5.657379190248147,2022-02-24,2167.05
2022-01-27,2022-01,27,TATACONSUM,697.85,0.47,-2.93,-1.24,-4.291753242100748,2022-02-24,667.9
2022-01-27,2022-01,28,UPL,740.05,-0.51,-1.97,-1.24,-18.282548476454284,2022-02-24,604.75
2022-01-27,2022-01,29,ADANIPORTS,708.8,0.59,-3.77,-1.61,-7.322234762979685,2022-02-24,656.9
2022-01-27,2022-01,30,ULTRACEMCO,6968.0,0.25,-4.17,-1.98,-9.959816303099888,2022-02-24,6274.0
2022-01-27,2022-01,31,BRITANNIA,3481.85,-0.47,-3.49,-1.99,-1.3455490615621013,2022-02-24,3435.0
2022-01-27,2022-01,32,RELIANCE,1119.5,-0.13,-3.82,-1.99,-4.135774899508704,2022-02-24,1073.2
2022-01-27,2022-01,33,GRASIM,1684.7,-0.35,-4.08,-2.23,-9.010506321600287,2022-02-24,1532.9
2022-01-27,2022-01,34,JSWSTEEL,630.15,0.1,-4.54,-2.25,-9.545346346108063,2022-02-24,570.0
2022-01-27,2022-01,35,NESTLEIND,917.5,-0.88,-4.22,-2.56,-3.2697547683923744,2022-02-24,887.5
2022-01-27,2022-01,36,HDFCLIFE,620.65,-0.67,-4.55,-2.63,-13.800048336421488,2022-02-24,535.0
2022-01-27,2022-01,37,TCS,3652.4,-1.37,-4.16,-2.78,-6.896834957835951,2022-02-24,3400.5
2022-01-27,2022-01,38,ASIANPAINT,3116.2,-0.03,-5.95,-3.04,-1.6847442397792234,2022-02-24,3063.7
2022-01-27,2022-01,39,TATASTEEL,103.1,-0.54,-5.73,-3.17,-1.1445198836081416,2022-02-24,101.92
2022-01-27,2022-01,40,BAJFINANCE,687.0,-0.35,-6.4,-3.42,-3.8573508005822377,2022-02-24,660.5
2022-01-27,2022-01,41,TITAN,2313.0,-0.87,-7.22,-4.1,3.7181150021617038,2022-02-24,2399.0
2022-01-27,2022-01,42,INFY,1651.3,-0.84,-7.27,-4.11,-0.7145885060255486,2022-02-24,1639.5
2022-01-27,2022-01,43,SHREECEM,23990.0,-0.8,-7.57,-4.24,-3.7098791162984535,2022-02-24,23100.0
2022-01-27,2022-01,44,DRREDDY,850.8,-1.64,-7.32,-4.52,-4.019746121297596,2022-02-24,816.6
2022-01-27,2022-01,45,BAJAJFINSV,1537.95,-0.35,-9.14,-4.85,-0.8420299749666849,2022-02-24,1525.0
2022-01-27,2022-01,46,DIVISLAB,3942.0,-1.19,-9.98,-5.69,-0.17884322678843878,2022-02-24,3934.95
2022-01-27,2022-01,47,HCLTECH,1079.55,-1.83,-11.17,-6.62,1.8016766245194882,2022-02-24,1099.0
2022-01-27,2022-01,48,TECHM,1358.2,-2.01,-11.92,-7.1,-7.9075246649978,2022-02-24,1250.8
2022-01-27,2022-01,49,WIPRO,260.6,-1.71,-14.03,-8.08,-1.2854950115119057,2022-02-24,257.25
2022-02-24,2022-02,1,HINDALCO,517.4,-0.33,-0.17,-0.25,10.417471975260906,2022-03-31,571.3
2022-02-24,2022-02,2,NESTLEIND,887.5,-0.34,-2.45,-1.4,-2.2873239436619675,2022-03-31,867.2
2022-02-24,2022-02,3,BRITANNIA,3435.0,-1.13,-1.86,-1.5,-6.579330422125185,2022-03-31,3209.0
2022-02-24,2022-02,4,CIPLA,895.0,-0.81,-3.19,-2.01,13.927374301675965,2022-03-31,1019.65
2022-02-24,2022-02,5,TITAN,2399.0,-1.69,-2.48,-2.09,5.781575656523552,2022-03-31,2537.7
2022-02-24,2022-02,6,EICHERMOT,2602.0,-2.36,-2.51,-2.44,-5.64950038431975,2022-03-31,2455.0
2022-02-24,2022-02,7,INFY,1639.5,-1.81,-3.57,-2.69,13.92497712717291,2022-03-31,1867.8
2022-02-24,2022-02,8,BAJAJ-AUTO,3350.0,-2.83,-2.74,-2.79,6.8507462686567155,2022-03-31,3579.5
2022-02-24,2022-02,9,SUNPHARMA,817.0,-1.64,-4.39,-3.02,11.872705018359863,2022-03-31,914.0
2022-02-24,2022-02,10,KOTAKBANK,356.6,-3.14,-3.14,-3.14,-1.6825574873808202,2022-03-31,350.6
2022-02-24,2022-02,11,MARUTI,8195.0,-3.1,-3.55,-3.33,-7.708968883465528,2022-03-31,7563.25
2022-02-24,2022-02,12,DRREDDY,816.6,-1.38,-5.27,-3.34,5.143277002204272,2022-03-31,858.6
2022-02-24,2022-02,13,ITC,172.7,-1.59,-5.3,-3.46,19.71627099015636,2022-03-31,206.75
2022-02-24,2022-02,14,POWERGRID,140.45,-1.49,-5.4,-3.46,13.243147027411917,2022-03-31,159.05
2022-02-24,2022-02,15,ONGC,141.25,-2.3,-5.1,-3.71,4.707964601769921,2022-03-31,147.9
2022-02-24,2022-02,16,HCLTECH,1099.0,-2.1,-5.32,-3.72,5.82347588717016,2022-03-31,1163.0
2022-02-24,2022-02,17,BHARTIARTL,669.95,-2.38,-5.11,-3.75,12.993506978132686,2022-03-31,757.0
2022-02-24,2022-02,18,HINDUNILVR,2167.05,-2.69,-4.82,-3.76,-5.585934796151459,2022-03-31,2046.0
2022-02-24,2022-02,19,ASIANPAINT,3063.7,-2.95,-4.89,-3.92,0.5320364265430699,2022-03-31,3080.0
2022-02-24,2022-02,20,LT,1757.0,-2.28,-5.99,-4.15,0.6146841206602138,2022-03-31,1767.8
2022-02-24,2022-02,21,WIPRO,257.25,-2.42,-5.89,-4.17,10.262390670553923,2022-03-31,283.65
2022-02-24,2022-02,22,TATACONSUM,667.9,-3.65,-4.91,-4.28,14.949842790836954,2022-03-31,767.75
2022-02-24,2022-02,23,BAJAJFINSV,1525.0,-3.1,-5.46,-4.29,11.57377049180328,2022-03-31,1701.5
2022-02-24,2022-02,24,NTPC,124.75,-2.54,-6.09,-4.33,8.21643286573146,2022-03-31,135.0
2022-02-24,2022-02,25,RELIANCE,1073.2,-3.27,-5.41,-4.35,17.061125605665282,2022-03-31,1256.3
2022-02-24,2022-02,26,COALINDIA,140.6,-2.89,-6.23,-4.57,21.159317211948792,2022-03-31,170.35
2022-02-24,2022-02,27,M&M,796.6,-3.33,-5.92,-4.63,1.6695957820738183,2022-03-31,809.9
2022-02-24,2022-02,28,BAJFINANCE,660.5,-3.68,-6.1,-4.9,9.916729750189246,2022-03-31,726.0
2022-02-24,2022-02,29,SHREECEM,23100.0,-3.38,-6.44,-4.92,3.597402597402599,2022-03-31,23931.0
2022-02-24,2022-02,30,HDFCBANK,705.1,-4.21,-5.78,-5.0,4.240533257693935,2022-03-31,735.0
2022-02-24,2022-02,31,AXISBANK,727.5,-4.1,-5.97,-5.04,4.625429553264593,2022-03-31,761.15
2022-02-24,2022-02,32,HEROMOTOCO,2341.25,-3.32,-7.35,-5.36,-8.666310731446881,2022-03-31,2138.35
2022-02-24,2022-02,33,SBILIFE,1050.0,-2.98,-7.78,-5.41,6.571428571428561,2022-03-31,1119.0
2022-02-24,2022-02,34,TATASTEEL,101.92,-3.29,-7.76,-5.55,21.90934065934065,2022-03-31,124.25
2022-02-24,2022-02,35,TECHM,1250.8,-2.79,-8.25,-5.56,12.647905340582021,2022-03-31,1409.0
2022-02-24,2022-02,36,ICICIBANK,705.65,-3.22,-7.92,-5.6,3.5499185148444745,2022-03-31,730.7
2022-02-24,2022-02,37,TCS,3400.5,-2.85,-8.36,-5.65,10.067637112189388,2022-03-31,3742.85
2022-02-24,2022-02,38,DIVISLAB,3934.95,-3.69,-7.59,-5.66,12.428366307068718,2022-03-31,4424.0
2022-02-24,2022-02,39,SBIN,470.8,-3.57,-7.79,-5.7,4.779099405267639,2022-03-31,493.3
2022-02-24,2022-02,40,INDUSINDBK,870.35,-4.78,-7.02,-5.91,7.531452863790422,2022-03-31,935.9
2022-02-24,2022-02,41,ADANIPORTS,656.9,-3.88,-8.31,-6.12,17.673922971532964,2022-03-31,773.0
2022-02-24,2022-02,42,ULTRACEMCO,6274.0,-3.41,-9.57,-6.54,3.108065030283713,2022-03-31,6469.0
2022-02-24,2022-02,43,HDFCLIFE,535.0,-3.54,-9.75,-6.7,0.41121495327103297,2022-03-31,537.2
2022-02-24,2022-02,44,IOC,55.51,-4.65,-9.42,-7.07,10.268420104485676,2022-03-31,61.21
2022-02-24,2022-02,45,GRASIM,1532.9,-4.82,-9.32,-7.1,8.4741339943897,2022-03-31,1662.8
2022-02-24,2022-02,46,BPCL,144.25,-4.18,-10.05,-7.16,8.145580589254763,2022-03-31,156.0
2022-02-24,2022-02,47,JSWSTEEL,570.0,-4.59,-10.16,-7.42,28.701754385964918,2022-03-31,733.6
2022-02-24,2022-02,48,UPL,604.75,-5.12,-13.69,-9.51,21.827201322860688,2022-03-31,736.75
2022-02-24,2022-02,49,TMPV,293.3,-6.59,-12.56,-9.62,1.8752130923968657,2022-03-31,298.8
2022-03-31,2022-03,1,BHARTIARTL,757.0,1.23,5.42,3.3,-1.4531043593130732,2022-04-28,746.0
2022-03-31,2022-03,2,JSWSTEEL,733.6,0.35,6.29,3.28,-0.9882769901853883,2022-04-28,726.35
2022-03-31,2022-03,3,TATACONSUM,767.75,1.08,5.33,3.18,4.337349397590362,2022-04-28,801.05
2022-03-31,2022-03,4,ADANIPORTS,773.0,0.44,4.95,2.67,15.232858990944376,2022-04-28,890.75
2022-03-31,2022-03,5,M&M,809.9,1.33,3.91,2.61,13.841214964810478,2022-04-28,922.0
2022-03-31,2022-03,6,RELIANCE,1256.3,-0.27,5.17,2.41,6.614662103000879,2022-04-28,1339.4
2022-03-31,2022-03,7,GRASIM,1662.8,0.9,3.93,2.4,2.6280971854703017,2022-04-28,1706.5
2022-03-31,2022-03,8,AXISBANK,761.15,0.97,3.77,2.36,2.0166852788543688,2022-04-28,776.5
2022-03-31,2022-03,9,BAJFINANCE,726.0,0.14,4.57,2.33,-7.3002754820936655,2022-04-28,673.0
2022-03-31,2022-03,10,BAJAJFINSV,1701.5,-0.05,4.74,2.32,-11.636791066705843,2022-04-28,1503.5
2022-03-31,2022-03,11,POWERGRID,159.05,0.99,2.89,1.94,8.613643508330714,2022-04-28,172.75
2022-03-31,2022-03,12,INFY,1867.8,0.43,3.26,1.84,-17.202055894635393,2022-04-28,1546.5
2022-03-31,2022-03,13,ULTRACEMCO,6469.0,-0.05,3.2,1.56,0.09275003864583908,2022-04-28,6475.0
2022-03-31,2022-03,14,ITC,206.75,-0.41,3.25,1.4,4.449818621523582,2022-04-28,215.95
2022-03-31,2022-03,15,ICICIBANK,730.7,0.39,2.16,1.27,2.2991651840700733,2022-04-28,747.5
2022-03-31,2022-03,16,SBILIFE,1119.0,0.27,2.24,1.25,-0.4512957998212608,2022-04-28,1113.95
2022-03-31,2022-03,17,BAJAJ-AUTO,3579.5,-0.16,2.66,1.24,4.316245285654419,2022-04-28,3734.0
2022-03-31,2022-03,18,DRREDDY,858.6,-0.93,3.16,1.09,-4.122990915443747,2022-04-28,823.2
2022-03-31,2022-03,19,SUNPHARMA,914.0,-0.19,2.33,1.06,0.5251641137855589,2022-04-28,918.8
2022-03-31,2022-03,20,TCS,3742.85,0.25,1.73,0.99,-4.350962501836831,2022-04-28,3580.0
2022-03-31,2022-03,21,SHREECEM,23931.0,-0.09,1.94,0.92,7.935314027830009,2022-04-28,25830.0
2022-03-31,2022-03,22,INDUSINDBK,935.9,0.26,1.57,0.91,5.566834063468318,2022-04-28,988.0
2022-03-31,2022-03,23,HDFCBANK,735.0,0.21,1.38,0.79,-6.653061224489798,2022-04-28,686.1
2022-03-31,2022-03,24,HDFCLIFE,537.2,0.38,1.09,0.73,6.347728965003707,2022-04-28,571.3
2022-03-31,2022-03,25,EICHERMOT,2455.0,-0.0,1.35,0.67,8.843177189409367,2022-04-28,2672.1
2022-03-31,2022-03,26,NTPC,135.0,0.15,1.16,0.65,18.55555555555557,2022-04-28,160.05
2022-03-31,2022-03,27,BRITANNIA,3209.0,1.32,-0.09,0.61,4.393892178248682,2022-04-28,3350.0
2022-03-31,2022-03,28,ASIANPAINT,3080.0,-0.32,1.42,0.55,5.285714285714294,2022-04-28,3242.8
2022-03-31,2022-03,29,HINDUNILVR,2046.0,1.11,-0.01,0.55,9.335288367546424,2022-04-28,2237.0
2022-03-31,2022-03,30,TATASTEEL,124.25,-0.5,1.25,0.37,-3.8551307847082494,2022-04-28,119.46
2022-03-31,2022-03,31,CIPLA,1019.65,-0.27,0.97,0.35,-3.878781934977682,2022-04-28,980.1
2022-03-31,2022-03,32,COALINDIA,170.35,-0.58,1.08,0.25,4.9897270325799825,2022-04-28,178.85
2022-03-31,2022-03,33,LT,1767.8,0.32,0.16,0.24,-2.081683448353888,2022-04-28,1731.0
2022-03-31,2022-03,34,SBIN,493.3,-0.35,0.83,0.24,2.919116156497048,2022-04-28,507.7
2022-03-31,2022-03,35,UPL,736.75,-0.71,1.06,0.17,7.553444180522573,2022-04-28,792.4
2022-03-31,2022-03,36,NESTLEIND,867.2,0.61,-0.58,0.01,5.834870848708484,2022-04-28,917.8
2022-03-31,2022-03,37,TECHM,1409.0,-0.21,0.15,-0.03,-15.52164655784245,2022-04-28,1190.3
2022-03-31,2022-03,38,BPCL,156.0,-0.4,0.11,-0.15,2.564102564102555,2022-04-28,160.0
2022-03-31,2022-03,39,MARUTI,7563.25,-0.02,-0.45,-0.24,4.567480910984023,2022-04-28,7908.7
2022-03-31,2022-03,40,TITAN,2537.7,0.08,-0.63,-0.28,-1.2097568664538705,2022-04-28,2507.0
2022-03-31,2022-03,41,KOTAKBANK,350.6,-0.02,-0.65,-0.34,0.7986309184255358,2022-04-28,353.4
2022-03-31,2022-03,42,TMPV,298.8,-0.45,-0.29,-0.37,0.3514056224899642,2022-04-28,299.85
2022-03-31,2022-03,43,WIPRO,283.65,-0.81,-0.17,-0.49,-11.968975850520003,2022-04-28,249.7
2022-03-31,2022-03,44,DIVISLAB,4424.0,-1.51,0.44,-0.54,2.848101265822778,2022-04-28,4550.0
2022-03-31,2022-03,45,HCLTECH,1163.0,-0.49,-0.78,-0.64,-6.1049011177988,2022-04-28,1092.0
2022-03-31,2022-03,46,HEROMOTOCO,2138.35,-0.41,-3.72,-2.08,10.218158860803882,2022-04-28,2356.85
2022-03-31,2022-03,47,APOLLOHOSP,4522.0,-1.01,-3.35,-2.19,0.3538257408226553,2022-04-28,4538.0
2022-03-31,2022-03,48,ONGC,147.9,-0.67,-3.84,-2.27,0.7437457741717335,2022-04-28,149.0
2022-03-31,2022-03,49,HINDALCO,571.3,-2.92,-3.26,-3.09,-14.40574129179064,2022-04-28,489.0
2022-04-28,2022-04,1,HEROMOTOCO,2356.85,1.49,7.0,4.21,5.163671850138973,2022-05-26,2478.55
2022-04-28,2022-04,2,HINDUNILVR,2237.0,1.98,4.66,3.31,2.1323200715243518,2022-05-26,2284.7
2022-04-28,2022-04,3,ADANIPORTS,890.75,0.38,6.21,3.25,-21.072130227336515,2022-05-26,703.05
2022-04-28,2022-04,4,NTPC,160.05,1.8,4.61,3.2,-3.6551077788191333,2022-05-26,154.2
2022-04-28,2022-04,5,HDFCLIFE,571.3,2.53,3.12,2.82,1.1902678102573283,2022-05-26,578.1
2022-04-28,2022-04,6,RELIANCE,1339.4,0.13,5.38,2.72,-7.83933104375093,2022-05-26,1234.4
2022-04-28,2022-04,7,ASIANPAINT,3242.8,1.25,4.04,2.64,-12.267176514123602,2022-05-26,2845.0
2022-04-28,2022-04,8,POWERGRID,172.75,1.5,3.79,2.64,-2.8654124457308194,2022-05-26,167.8
2022-04-28,2022-04,9,M&M,922.0,-0.44,5.59,2.53,1.1388286334056419,2022-05-26,932.5
2022-04-28,2022-04,10,EICHERMOT,2672.1,0.2,4.39,2.27,2.0919875753153017,2022-05-26,2728.0
2022-04-28,2022-04,11,UPL,792.4,1.46,2.82,2.14,-9.382887430590614,2022-05-26,718.05
2022-04-28,2022-04,12,INDUSINDBK,988.0,1.11,2.25,1.68,-8.876518218623486,2022-05-26,900.3
2022-04-28,2022-04,13,MARUTI,7908.7,0.53,2.45,1.49,-1.150631582940309,2022-05-26,7817.7
2022-04-28,2022-04,14,SHREECEM,25830.0,0.07,2.62,1.34,-16.144018583042975,2022-05-26,21660.0
2022-04-28,2022-04,15,ITC,215.95,0.75,1.54,1.14,1.968048159296143,2022-05-26,220.2
2022-04-28,2022-04,16,DIVISLAB,4550.0,0.5,1.75,1.12,-24.06593406593407,2022-05-26,3455.0
2022-04-28,2022-04,17,COALINDIA,178.85,1.62,0.55,1.08,-4.333240145373218,2022-05-26,171.1
2022-04-28,2022-04,18,BAJAJ-AUTO,3734.0,-0.41,2.53,1.05,1.0712372790573133,2022-05-26,3774.0
2022-04-28,2022-04,19,TATACONSUM,801.05,0.3,1.75,1.02,-10.904437925223132,2022-05-26,713.7
2022-04-28,2022-04,20,SBIN,507.7,1.35,0.66,1.0,-7.504431751034069,2022-05-26,469.6
2022-04-28,2022-04,21,SBILIFE,1113.95,1.83,-0.11,0.86,-0.6598141747834352,2022-05-26,1106.6
2022-04-28,2022-04,22,KOTAKBANK,353.4,0.91,0.59,0.75,8.31918505942275,2022-05-26,382.8
2022-04-28,2022-04,23,LT,1731.0,1.65,-0.22,0.71,-9.300982091276722,2022-05-26,1570.0
2022-04-28,2022-04,24,BRITANNIA,3350.0,0.11,1.23,0.67,6.447761194029855,2022-05-26,3566.0
2022-04-28,2022-04,25,NESTLEIND,917.8,-0.17,1.28,0.55,-3.682719546742208,2022-05-26,884.0
2022-04-28,2022-04,26,GRASIM,1706.5,0.53,0.51,0.52,-18.61998242015822,2022-05-26,1388.75
2022-04-28,2022-04,27,SUNPHARMA,918.8,0.42,0.3,0.36,-1.8447975620374368,2022-05-26,901.85
2022-04-28,2022-04,28,ICICIBANK,747.5,0.34,0.23,0.28,-2.0468227424749075,2022-05-26,732.2
2022-04-28,2022-04,29,AXISBANK,776.5,0.47,-0.0,0.23,-11.880231809401154,2022-05-26,684.25
2022-04-28,2022-04,30,TMPV,299.85,0.61,-0.43,0.09,-3.2182758045689597,2022-05-26,290.2
2022-04-28,2022-04,31,BHARTIARTL,746.0,-0.47,0.6,0.06,-6.970509383378021,2022-05-26,694.0
2022-04-28,2022-04,32,TITAN,2507.0,0.08,0.01,0.04,-14.635021938572002,2022-05-26,2140.1
2022-04-28,2022-04,33,JSWSTEEL,726.35,0.14,-0.17,-0.02,-24.003579541543342,2022-05-26,552.0
2022-04-28,2022-04,34,ULTRACEMCO,6475.0,0.19,-0.4,-0.11,-11.08880308880309,2022-05-26,5757.0
2022-04-28,2022-04,35,TCS,3580.0,0.45,-1.03,-0.29,-9.777932960893864,2022-05-26,3229.95
2022-04-28,2022-04,36,CIPLA,980.1,0.08,-1.79,-0.86,-1.2345679012345734,2022-05-26,968.0
2022-04-28,2022-04,37,TATASTEEL,119.46,0.97,-2.67,-0.87,-17.051732797589146,2022-05-26,99.09
2022-04-28,2022-04,38,BPCL,160.0,-0.1,-2.07,-1.09,-12.437500000000002,2022-05-26,140.1
2022-04-28,2022-04,39,DRREDDY,823.2,-0.03,-2.33,-1.19,4.494655004859083,2022-05-26,860.2
2022-04-28,2022-04,40,HCLTECH,1092.0,0.33,-2.69,-1.19,-9.890109890109889,2022-05-26,984.0
2022-04-28,2022-04,41,HDFCBANK,686.1,0.22,-3.3,-1.56,-0.18947675265996722,2022-05-26,684.8
2022-04-28,2022-04,42,APOLLOHOSP,4538.0,-0.64,-2.57,-1.61,-18.488320846187744,2022-05-26,3699.0
2022-04-28,2022-04,43,ONGC,149.0,-0.09,-3.17,-1.64,-7.919463087248335,2022-05-26,137.2
2022-04-28,2022-04,44,BAJAJFINSV,1503.5,0.51,-4.92,-2.24,-16.481543066178915,2022-05-26,1255.7
2022-04-28,2022-04,45,WIPRO,249.7,0.08,-5.51,-2.76,-13.055666800160193,2022-05-26,217.1
2022-04-28,2022-04,46,INFY,1546.5,0.17,-5.93,-2.93,-9.621726479146453,2022-05-26,1397.7
2022-04-28,2022-04,47,BAJFINANCE,673.0,-0.8,-5.05,-2.95,-13.224368499257055,2022-05-26,584.0
2022-04-28,2022-04,48,TECHM,1190.3,0.34,-6.86,-3.33,-15.323867932454005,2022-05-26,1007.9
2022-04-28,2022-04,49,HINDALCO,489.0,0.23,-9.16,-4.58,-16.60531697341513,2022-05-26,407.8
2022-05-26,2022-05,1,BRITANNIA,3566.0,1.14,5.43,3.26,-3.5053280987100366,2022-06-30,3441.0
2022-05-26,2022-05,2,HEROMOTOCO,2478.55,0.96,4.85,2.89,3.5141514191765255,2022-06-30,2565.65
2022-05-26,2022-05,3,BAJAJ-AUTO,3774.0,1.86,3.92,2.88,-4.358770535241119,2022-06-30,3609.5
2022-05-26,2022-05,4,HDFCLIFE,578.1,1.8,3.77,2.78,-5.3796920947932865,2022-06-30,547.0
2022-05-26,2022-05,5,KOTAKBANK,382.8,0.65,4.91,2.76,-13.375130616509923,2022-06-30,331.6
2022-05-26,2022-05,6,EICHERMOT,2728.0,0.89,4.6,2.73,2.089442815249276,2022-06-30,2785.0
2022-05-26,2022-05,7,NESTLEIND,884.0,1.37,3.39,2.38,-2.1493212669683293,2022-06-30,865.0
2022-05-26,2022-05,8,HDFCBANK,684.8,1.86,2.21,2.03,-1.869158878504662,2022-06-30,672.0
2022-05-26,2022-05,9,ICICIBANK,732.2,1.78,2.28,2.03,-3.550942365473919,2022-06-30,706.2
2022-05-26,2022-05,10,DRREDDY,860.2,-0.44,4.42,1.96,1.5984654731457715,2022-06-30,873.95
2022-05-26,2022-05,11,MARUTI,7817.7,0.83,2.87,1.84,7.960141729664727,2022-06-30,8440.0
2022-05-26,2022-05,12,NTPC,154.2,1.65,1.75,1.7,-7.522697795071331,2022-06-30,142.6
2022-05-26,2022-05,13,SBILIFE,1106.6,1.14,2.27,1.7,-2.878185432857394,2022-06-30,1074.75
2022-05-26,2022-05,14,M&M,932.5,0.56,2.82,1.68,17.254691689008062,2022-06-30,1093.4
2022-05-26,2022-05,15,TMPV,290.2,1.28,1.06,1.17,-2.498277050310127,2022-06-30,282.95
2022-05-26,2022-05,16,SBIN,469.6,2.12,-0.11,1.0,-0.8730834752981309,2022-06-30,465.5
2022-05-26,2022-05,17,HINDUNILVR,2284.7,-0.2,2.02,0.9,-2.8318816474810604,2022-06-30,2220.0
2022-05-26,2022-05,18,COALINDIA,171.1,1.0,0.74,0.87,0.20455873758036258,2022-06-30,171.45
2022-05-26,2022-05,19,AXISBANK,684.25,1.61,0.02,0.81,-7.212276214833768,2022-06-30,634.9
2022-05-26,2022-05,20,CIPLA,968.0,-0.08,0.73,0.32,-5.578512396694213,2022-06-30,914.0
2022-05-26,2022-05,21,APOLLOHOSP,3699.0,4.59,-4.04,0.18,-0.8110300081103028,2022-06-30,3669.0
2022-05-26,2022-05,22,RELIANCE,1234.4,-0.2,0.47,0.13,-0.04050550874918901,2022-06-30,1233.9
2022-05-26,2022-05,23,ITC,220.2,-0.52,0.49,-0.02,2.0663033605812897,2022-06-30,224.75
2022-05-26,2022-05,24,POWERGRID,167.8,0.99,-1.05,-0.04,-7.657926102502987,2022-06-30,154.95
2022-05-26,2022-05,25,BHARTIARTL,694.0,1.22,-1.31,-0.05,-1.3112391930835798,2022-06-30,684.9
2022-05-26,2022-05,26,SUNPHARMA,901.85,-0.49,0.24,-0.13,-7.856073626434556,2022-06-30,831.0
2022-05-26,2022-05,27,INDUSINDBK,900.3,0.69,-1.29,-0.3,-12.034877263134502,2022-06-30,791.95
2022-05-26,2022-05,28,BAJFINANCE,584.0,1.05,-3.22,-1.11,-7.705479452054798,2022-06-30,539.0
2022-05-26,2022-05,29,TITAN,2140.1,0.78,-3.01,-1.13,-9.782253165739919,2022-06-30,1930.75
2022-05-26,2022-05,30,TATACONSUM,713.7,0.93,-3.44,-1.28,-2.46602213815329,2022-06-30,696.1
2022-05-26,2022-05,31,LT,1570.0,-0.34,-2.8,-1.58,-0.8917197452229297,2022-06-30,1556.0
2022-05-26,2022-05,32,ONGC,137.2,0.69,-4.56,-1.97,-0.5830903790087327,2022-06-30,136.4
2022-05-26,2022-05,33,TCS,3229.95,0.45,-4.63,-2.12,1.0696760011764894,2022-06-30,3264.5
2022-05-26,2022-05,34,BAJAJFINSV,1255.7,1.55,-5.68,-2.13,-13.012662260093977,2022-06-30,1092.3
2022-05-26,2022-05,35,ULTRACEMCO,5757.0,0.43,-4.73,-2.18,-5.541080423831857,2022-06-30,5438.0
2022-05-26,2022-05,36,SHREECEM,21660.0,1.09,-5.43,-2.22,-12.622345337026776,2022-06-30,18926.0
2022-05-26,2022-05,37,WIPRO,217.1,0.73,-5.6,-2.49,-8.590511285122071,2022-06-30,198.45
2022-05-26,2022-05,38,BPCL,140.1,0.42,-5.57,-2.62,-5.638829407566027,2022-06-30,132.2
2022-05-26,2022-05,39,HINDALCO,407.8,1.5,-6.59,-2.63,-17.189798921039735,2022-06-30,337.7
2022-05-26,2022-05,40,INFY,1397.7,0.3,-5.52,-2.65,2.2107748443871866,2022-06-30,1428.6
2022-05-26,2022-05,41,HCLTECH,984.0,0.31,-5.71,-2.75,-1.2957317073170715,2022-06-30,971.25
2022-05-26,2022-05,42,TATASTEEL,99.09,2.69,-8.46,-3.05,-18.29649813301041,2022-06-30,80.96
2022-05-26,2022-05,43,UPL,718.05,-1.0,-5.61,-3.33,-15.354083977438894,2022-06-30,607.8
2022-05-26,2022-05,44,GRASIM,1388.75,0.4,-7.45,-3.6,-5.612961296129615,2022-06-30,1310.8
2022-05-26,2022-05,45,ASIANPAINT,2845.0,-0.65,-6.61,-3.68,-5.764499121265376,2022-06-30,2681.0
2022-05-26,2022-05,46,ADANIPORTS,703.05,-0.3,-7.7,-4.07,-4.757840836355864,2022-06-30,669.6
2022-05-26,2022-05,47,TECHM,1007.9,0.51,-9.19,-4.46,-7.877765651354296,2022-06-30,928.5
2022-05-26,2022-05,48,JSWSTEEL,552.0,2.08,-11.26,-4.82,1.666666666666683,2022-06-30,561.2
2022-05-26,2022-05,49,DIVISLAB,3455.0,-2.22,-15.59,-9.15,5.065123010130246,2022-06-30,3630.0
2022-06-30,2022-06,1,M&M,1093.4,-0.72,5.48,2.33,5.11706603255897,2022-07-28,1149.35
2022-06-30,2022-06,2,MARUTI,8440.0,-0.91,4.55,1.78,3.303317535545025,2022-07-28,8718.8
2022-06-30,2022-06,3,HEROMOTOCO,2565.65,-0.56,3.63,1.51,1.7091185469569004,2022-07-28,2609.5
2022-06-30,2022-06,4,ONGC,136.4,0.72,2.03,1.37,-13.74633431085044,2022-07-28,117.65
2022-06-30,2022-06,5,SBIN,465.5,0.32,1.75,1.03,14.296455424274956,2022-07-28,532.05
2022-06-30,2022-06,6,DRREDDY,873.95,0.06,1.91,0.98,-2.603123748498193,2022-07-28,851.2
2022-06-30,2022-06,7,BHARTIARTL,684.9,0.38,1.45,0.91,-2.61352022193021,2022-07-28,667.0
2022-06-30,2022-06,8,ITC,224.75,-0.02,1.52,0.75,11.279199110122363,2022-07-28,250.1
2022-06-30,2022-06,9,LT,1556.0,0.25,0.61,0.43,15.992930591259636,2022-07-28,1804.85
2022-06-30,2022-06,10,DIVISLAB,3630.0,0.82,0.01,0.41,5.9228650137741035,2022-07-28,3845.0
2022-06-30,2022-06,11,RELIANCE,1233.9,0.41,0.33,0.37,-5.138179755247596,2022-07-28,1170.5
2022-06-30,2022-06,12,BRITANNIA,3441.0,0.18,0.46,0.32,12.118570183086309,2022-07-28,3858.0
2022-06-30,2022-06,13,NESTLEIND,865.0,-0.61,1.12,0.25,10.115606936416178,2022-07-28,952.5
2022-06-30,2022-06,14,NTPC,142.6,0.97,-0.96,0.0,5.189340813464249,2022-07-28,150.0
2022-06-30,2022-06,15,HDFCBANK,672.0,-0.21,0.18,-0.02,5.342261904761902,2022-07-28,707.9
2022-06-30,2022-06,16,ICICIBANK,706.2,-0.21,-0.21,-0.21,15.059473237043308,2022-07-28,812.55
2022-06-30,2022-06,17,EICHERMOT,2785.0,-1.82,1.36,-0.24,9.874326750448837,2022-07-28,3060.0
2022-06-30,2022-06,18,SUNPHARMA,831.0,0.01,-0.53,-0.26,7.587244283995176,2022-07-28,894.05
2022-06-30,2022-06,19,INFY,1428.6,-0.45,-0.22,-0.34,3.9549209015819597,2022-07-28,1485.1
2022-06-30,2022-06,20,ULTRACEMCO,5438.0,-0.87,-0.2,-0.54,16.678926075763158,2022-07-28,6345.0
2022-06-30,2022-06,21,COALINDIA,171.45,-0.47,-0.71,-0.59,10.11956838728494,2022-07-28,188.8
2022-06-30,2022-06,22,TCS,3264.5,-0.78,-0.62,-0.7,-0.07658140603461483,2022-07-28,3262.0
2022-06-30,2022-06,23,TMPV,282.95,-1.24,-0.2,-0.72,7.6868704718147995,2022-07-28,304.7
2022-06-30,2022-06,24,AXISBANK,634.9,-0.11,-1.67,-0.89,14.269963773822658,2022-07-28,725.5
2022-06-30,2022-06,25,HINDUNILVR,2220.0,-1.13,-0.75,-0.94,17.97297297297298,2022-07-28,2619.0
2022-06-30,2022-06,26,SBILIFE,1074.75,-0.24,-1.84,-1.04,10.983949755757138,2022-07-28,1192.8
2022-06-30,2022-06,27,POWERGRID,154.95,-0.21,-2.14,-1.18,1.5811552113585092,2022-07-28,157.4
2022-06-30,2022-06,28,GRASIM,1310.8,-0.91,-2.03,-1.47,17.55035093072932,2022-07-28,1540.85
2022-06-30,2022-06,29,JSWSTEEL,561.2,-1.51,-1.54,-1.53,9.853884533143265,2022-07-28,616.5
2022-06-30,2022-06,30,ASIANPAINT,2681.0,-1.01,-2.29,-1.65,21.943304737038428,2022-07-28,3269.3
2022-06-30,2022-06,31,HCLTECH,971.25,-1.11,-2.24,-1.68,-2.393822393822398,2022-07-28,948.0
2022-06-30,2022-06,32,BAJAJ-AUTO,3609.5,-2.05,-1.68,-1.87,4.432746917855668,2022-07-28,3769.5
2022-06-30,2022-06,33,KOTAKBANK,331.6,-0.23,-3.68,-1.97,10.223160434258126,2022-07-28,365.5
2022-06-30,2022-06,34,HDFCLIFE,547.0,-0.81,-3.22,-2.02,-2.10237659963437,2022-07-28,535.5
2022-06-30,2022-06,35,APOLLOHOSP,3669.0,-1.85,-2.32,-2.09,13.973834832379396,2022-07-28,4181.7
2022-06-30,2022-06,36,SHREECEM,18926.0,-1.58,-2.66,-2.12,7.682553101553413,2022-07-28,20380.0
2022-06-30,2022-06,37,CIPLA,914.0,-1.19,-3.21,-2.21,5.908096280087527,2022-07-28,968.0
2022-06-30,2022-06,38,ADANIPORTS,669.6,-1.02,-3.65,-2.34,14.217443249701311,2022-07-28,764.8
2022-06-30,2022-06,39,BPCL,132.2,-2.07,-2.66,-2.37,6.35400907715582,2022-07-28,140.6
2022-06-30,2022-06,40,TECHM,928.5,-1.1,-4.12,-2.62,4.534194938072167,2022-07-28,970.6
2022-06-30,2022-06,41,TATACONSUM,696.1,-1.72,-3.53,-2.63,14.150265766412872,2022-07-28,794.6
2022-06-30,2022-06,42,BAJFINANCE,539.0,-1.55,-3.79,-2.68,31.261595547309827,2022-07-28,707.5
2022-06-30,2022-06,43,WIPRO,198.45,-0.98,-4.6,-2.81,0.07558578987150177,2022-07-28,198.6
2022-06-30,2022-06,44,HINDALCO,337.7,-0.88,-5.03,-2.98,16.005330174711286,2022-07-28,391.75
2022-06-30,2022-06,45,INDUSINDBK,791.95,-1.25,-5.25,-3.27,28.410884525538215,2022-07-28,1016.95
2022-06-30,2022-06,46,TITAN,1930.75,-0.97,-5.9,-3.47,20.704389485951058,2022-07-28,2330.5
2022-06-30,2022-06,47,UPL,607.8,-1.14,-7.12,-4.18,14.89799276077659,2022-07-28,698.35
2022-06-30,2022-06,48,TATASTEEL,80.96,-1.2,-7.57,-4.44,16.600790513834006,2022-07-28,94.4
2022-06-30,2022-06,49,BAJAJFINSV,1092.3,-1.67,-7.19,-4.47,34.120662821569184,2022-07-28,1465.0
2022-07-28,2022-07,1,BAJAJFINSV,1465.0,4.84,16.61,10.57,10.71672354948805,2022-08-25,1622.0
2022-07-28,2022-07,2,BAJFINANCE,707.5,5.03,15.71,10.24,-0.4240282685512353,2022-08-25,704.5
2022-07-28,2022-07,3,INDUSINDBK,1016.95,1.98,12.89,7.3,6.839077634101964,2022-08-25,1086.5
2022-07-28,2022-07,4,ASIANPAINT,3269.3,1.87,8.84,5.3,2.8048817789740887,2022-08-25,3361.0
2022-07-28,2022-07,5,TATASTEEL,94.4,2.01,7.85,4.89,6.514830508474567,2022-08-25,100.55
2022-07-28,2022-07,6,SBIN,532.05,0.87,6.79,3.79,-2.236631895498542,2022-08-25,520.15
2022-07-28,2022-07,7,GRASIM,1540.85,0.07,6.92,3.44,4.812278936950398,2022-08-25,1615.0
2022-07-28,2022-07,8,HINDALCO,391.75,0.74,6.12,3.4,10.784939374601144,2022-08-25,434.0
2022-07-28,2022-07,9,LT,1804.85,0.7,6.05,3.34,3.9366152311826497,2022-08-25,1875.9
2022-07-28,2022-07,10,JSWSTEEL,616.5,1.33,5.34,3.32,5.2392538523925225,2022-08-25,648.8
2022-07-28,2022-07,11,SBILIFE,1192.8,2.58,3.92,3.25,8.568075117370899,2022-08-25,1295.0
2022-07-28,2022-07,12,ULTRACEMCO,6345.0,-0.18,6.61,3.16,0.07880220646176994,2022-08-25,6350.0
2022-07-28,2022-07,13,ICICIBANK,812.55,0.7,5.55,3.1,6.922650913789918,2022-08-25,868.8
2022-07-28,2022-07,14,TITAN,2330.5,0.47,5.44,2.93,5.745548165629688,2022-08-25,2464.4
2022-07-28,2022-07,15,AXISBANK,725.5,0.38,4.81,2.57,2.1088904203997227,2022-08-25,740.8
2022-07-28,2022-07,16,KOTAKBANK,365.5,2.04,3.08,2.56,1.8604651162790642,2022-08-25,372.3
2022-07-28,2022-07,17,APOLLOHOSP,4181.7,0.69,4.37,2.51,-0.2797905158189229,2022-08-25,4170.0
2022-07-28,2022-07,18,HINDUNILVR,2619.0,0.75,4.2,2.46,-1.6781214203894557,2022-08-25,2575.05
2022-07-28,2022-07,19,NESTLEIND,952.5,1.29,3.57,2.42,2.425196850393707,2022-08-25,975.6
2022-07-28,2022-07,20,ADANIPORTS,764.8,0.64,4.13,2.37,6.65533472803348,2022-08-25,815.7
2022-07-28,2022-07,21,UPL,698.35,0.41,4.12,2.25,4.668146344955981,2022-08-25,730.95
2022-07-28,2022-07,22,TECHM,970.6,1.96,2.49,2.22,2.9363280445085405,2022-08-25,999.1
2022-07-28,2022-07,23,TCS,3262.0,1.49,2.81,2.15,-1.2875536480686733,2022-08-25,3220.0
2022-07-28,2022-07,24,DIVISLAB,3845.0,1.01,3.03,2.02,-8.166449934980491,2022-08-25,3531.0
2022-07-28,2022-07,25,COALINDIA,188.8,0.1,3.86,1.96,11.17584745762712,2022-08-25,209.9
2022-07-28,2022-07,26,SUNPHARMA,894.05,0.79,3.15,1.96,-1.9070521782898031,2022-08-25,877.0
2022-07-28,2022-07,27,INFY,1485.1,1.36,2.37,1.86,0.18180593899401742,2022-08-25,1487.8
2022-07-28,2022-07,28,TATACONSUM,794.6,0.35,3.17,1.75,-0.308331235841941,2022-08-25,792.15
2022-07-28,2022-07,29,ITC,250.1,-0.02,3.23,1.59,3.1987205117952833,2022-08-25,258.1
2022-07-28,2022-07,30,HDFCBANK,707.9,0.31,2.86,1.58,3.333804209634139,2022-08-25,731.5
2022-07-28,2022-07,31,BPCL,140.6,0.61,2.5,1.55,1.2091038406828014,2022-08-25,142.3
2022-07-28,2022-07,32,BRITANNIA,3858.0,0.18,2.54,1.35,-5.418610679108349,2022-08-25,3648.95
2022-07-28,2022-07,33,MARUTI,8718.8,0.74,1.82,1.28,0.20874432261321907,2022-08-25,8737.0
2022-07-28,2022-07,34,EICHERMOT,3060.0,0.06,2.43,1.24,13.725490196078427,2022-08-25,3480.0
2022-07-28,2022-07,35,HCLTECH,948.0,1.29,1.17,1.23,-0.31645569620253333,2022-08-25,945.0
2022-07-28,2022-07,36,POWERGRID,157.4,1.19,1.17,1.18,5.9402795425667065,2022-08-25,166.75
2022-07-28,2022-07,37,M&M,1149.35,0.58,1.4,0.99,9.940401096271811,2022-08-25,1263.6
2022-07-28,2022-07,38,NTPC,150.0,0.04,1.42,0.73,6.033333333333335,2022-08-25,159.05
2022-07-28,2022-07,39,WIPRO,198.6,0.82,0.49,0.65,0.10070493454179541,2022-08-25,198.8
2022-07-28,2022-07,40,TMPV,304.7,0.06,1.17,0.61,3.856252051197906,2022-08-25,316.45
2022-07-28,2022-07,41,HDFCLIFE,535.5,1.93,-0.71,0.6,6.591970121381885,2022-08-25,570.8
2022-07-28,2022-07,42,CIPLA,968.0,-0.07,1.01,0.47,5.464876033057853,2022-08-25,1020.9
2022-07-28,2022-07,43,RELIANCE,1170.5,0.63,0.05,0.34,7.048269970098242,2022-08-25,1253.0
2022-07-28,2022-07,44,ONGC,117.65,0.83,-0.76,0.03,4.929876753081164,2022-08-25,123.45
2022-07-28,2022-07,45,HEROMOTOCO,2609.5,-0.29,-0.53,-0.41,0.9733665453151907,2022-08-25,2634.9
2022-07-28,2022-07,46,SHREECEM,20380.0,-2.12,1.09,-0.53,6.1334641805691925,2022-08-25,21630.0
2022-07-28,2022-07,47,BHARTIARTL,667.0,-0.74,-0.78,-0.76,10.44227886056972,2022-08-25,736.65
2022-07-28,2022-07,48,BAJAJ-AUTO,3769.5,-0.68,-0.85,-0.77,5.305743467303348,2022-08-25,3969.5
2022-07-28,2022-07,49,DRREDDY,851.2,0.21,-2.42,-1.11,-0.8693609022556448,2022-08-25,843.8
2022-08-25,2022-08,1,EICHERMOT,3480.0,0.35,6.46,3.36,4.741379310344818,2022-09-29,3645.0
2022-08-25,2022-08,2,COALINDIA,209.9,0.34,4.61,2.45,-5.097665555026209,2022-09-29,199.2
2022-08-25,2022-08,3,BAJAJFINSV,1622.0,-0.87,5.07,2.06,0.6843403205918586,2022-09-29,1633.1
2022-08-25,2022-08,4,HINDALCO,434.0,0.4,3.66,2.02,-14.170506912442393,2022-09-29,372.5
2022-08-25,2022-08,5,GRASIM,1615.0,0.2,2.98,1.58,2.0371517027863772,2022-09-29,1647.9
2022-08-25,2022-08,6,SHREECEM,21630.0,0.5,2.66,1.57,-0.25427646786869706,2022-09-29,21575.0
2022-08-25,2022-08,7,INDUSINDBK,1086.5,-0.73,3.91,1.56,5.954901058444562,2022-09-29,1151.2
2022-08-25,2022-08,8,BHARTIARTL,736.65,-0.33,3.34,1.49,4.05891536007601,2022-09-29,766.55
2022-08-25,2022-08,9,ICICIBANK,868.8,-0.48,2.68,1.09,-2.9063075506445712,2022-09-29,843.55
2022-08-25,2022-08,10,SBILIFE,1295.0,-0.21,2.33,1.05,-4.24710424710425,2022-09-29,1240.0
2022-08-25,2022-08,11,HDFCLIFE,570.8,-0.17,2.23,1.02,-7.848633496846524,2022-09-29,526.0
2022-08-25,2022-08,12,TITAN,2464.4,-0.33,2.15,0.9,2.95406589839311,2022-09-29,2537.2
2022-08-25,2022-08,13,M&M,1263.6,-0.23,2.03,0.89,-0.44317822095598647,2022-09-29,1258.0
2022-08-25,2022-08,14,BAJAJ-AUTO,3969.5,0.2,1.16,0.68,-14.309106940420712,2022-09-29,3401.5
2022-08-25,2022-08,15,LT,1875.9,-0.96,2.15,0.58,-3.1611493149954817,2022-09-29,1816.6
2022-08-25,2022-08,16,ONGC,123.45,-0.01,1.11,0.55,-7.047387606318345,2022-09-29,114.75
2022-08-25,2022-08,17,POWERGRID,166.75,-0.55,1.48,0.46,-8.965517241379306,2022-09-29,151.8
2022-08-25,2022-08,18,TATACONSUM,792.15,-0.28,1.21,0.46,-0.7448084327463245,2022-09-29,786.25
2022-08-25,2022-08,19,NTPC,159.05,-0.65,1.57,0.45,0.5029864822382768,2022-09-29,159.85
2022-08-25,2022-08,20,UPL,730.95,-0.48,1.36,0.44,-13.58506053765648,2022-09-29,631.65
2022-08-25,2022-08,21,RELIANCE,1253.0,-0.65,1.48,0.41,-11.45251396648045,2022-09-29,1109.5
2022-08-25,2022-08,22,ITC,258.1,-0.65,1.28,0.31,6.838434715226649,2022-09-29,275.75
2022-08-25,2022-08,23,TECHM,999.1,-0.29,0.67,0.19,-5.915323791412275,2022-09-29,940.0
2022-08-25,2022-08,24,KOTAKBANK,372.3,-0.73,1.04,0.15,-5.022831050228305,2022-09-29,353.6
2022-08-25,2022-08,25,NESTLEIND,975.6,-0.59,0.64,0.02,-2.1525215252152563,2022-09-29,954.6
2022-08-25,2022-08,26,TATASTEEL,100.55,-0.45,0.39,-0.03,-9.278965688712082,2022-09-29,91.22
2022-08-25,2022-08,27,ASIANPAINT,3361.0,-0.4,0.25,-0.08,1.2198750371913203,2022-09-29,3402.0
2022-08-25,2022-08,28,HEROMOTOCO,2634.9,-0.01,-0.24,-0.13,-9.636039318380208,2022-09-29,2381.0
2022-08-25,2022-08,29,SBIN,520.15,-0.31,0.05,-0.13,0.7401711044890957,2022-09-29,524.0
2022-08-25,2022-08,30,HDFCBANK,731.5,-0.86,0.42,-0.22,-5.5775803144224145,2022-09-29,690.7
2022-08-25,2022-08,31,MARUTI,8737.0,-0.09,-0.39,-0.24,-0.8813093739269751,2022-09-29,8660.0
2022-08-25,2022-08,32,JSWSTEEL,648.8,-0.72,0.21,-0.26,-4.816584463625151,2022-09-29,617.55
2022-08-25,2022-08,33,ADANIPORTS,815.7,-1.62,1.06,-0.29,0.6497486821135157,2022-09-29,821.0
2022-08-25,2022-08,34,CIPLA,1020.9,-1.0,0.38,-0.31,9.707121167597222,2022-09-29,1120.0
2022-08-25,2022-08,35,DRREDDY,843.8,-0.26,-0.42,-0.34,3.602749466698274,2022-09-29,874.2
2022-08-25,2022-08,36,ULTRACEMCO,6350.0,-0.51,-0.2,-0.36,-4.346456692913381,2022-09-29,6074.0
2022-08-25,2022-08,37,APOLLOHOSP,4170.0,-0.11,-0.81,-0.46,5.22901678657075,2022-09-29,4388.05
2022-08-25,2022-08,38,AXISBANK,740.8,-1.2,0.19,-0.51,-3.212742980561545,2022-09-29,717.0
2022-08-25,2022-08,39,HCLTECH,945.0,-0.32,-0.98,-0.65,-2.33862433862434,2022-09-29,922.9
2022-08-25,2022-08,40,BRITANNIA,3648.95,-0.23,-1.3,-0.77,6.085312213102401,2022-09-29,3871.0
2022-08-25,2022-08,41,TMPV,316.45,-0.71,-0.99,-0.85,-12.26102069837257,2022-09-29,277.65
2022-08-25,2022-08,42,BAJFINANCE,704.5,-1.55,-0.29,-0.92,0.9936124911284594,2022-09-29,711.5
2022-08-25,2022-08,43,BPCL,142.3,-0.91,-0.98,-0.95,-8.468025298664806,2022-09-29,130.25
2022-08-25,2022-08,44,HINDUNILVR,2575.05,-0.94,-1.09,-1.02,5.062037630337279,2022-09-29,2705.4
2022-08-25,2022-08,45,WIPRO,198.8,-0.45,-2.31,-1.38,-5.5080482897384435,2022-09-29,187.85
2022-08-25,2022-08,46,SUNPHARMA,877.0,-0.75,-2.11,-1.43,6.431014823261116,2022-09-29,933.4
2022-08-25,2022-08,47,INFY,1487.8,-1.16,-2.46,-1.81,-7.796746874579918,2022-09-29,1371.8
2022-08-25,2022-08,48,TCS,3220.0,-1.08,-2.65,-1.87,-6.521739130434778,2022-09-29,3010.0
2022-08-25,2022-08,49,DIVISLAB,3531.0,0.04,-4.63,-2.32,4.055508354573778,2022-09-29,3674.2
2022-09-29,2022-09,1,CIPLA,1120.0,1.37,5.15,3.24,4.084821428571428,2022-10-27,1165.75
2022-09-29,2022-09,2,DRREDDY,874.2,1.32,3.81,2.56,2.8140013726835944,2022-10-27,898.8
2022-09-29,2022-09,3,SUNPHARMA,933.4,0.6,3.71,2.14,8.527962288407975,2022-10-27,1013.0
2022-09-29,2022-09,4,BRITANNIA,3871.0,0.52,3.28,1.89,-3.610178248514595,2022-10-27,3731.25
2022-09-29,2022-09,5,EICHERMOT,3645.0,0.53,2.57,1.54,1.4746227709190762,2022-10-27,3698.75
2022-09-29,2022-09,6,HINDUNILVR,2705.4,0.2,2.77,1.48,-6.769793745841657,2022-10-27,2522.25
2022-09-29,2022-09,7,NESTLEIND,954.6,0.9,1.01,0.95,5.593966059082334,2022-10-27,1008.0
2022-09-29,2022-09,8,APOLLOHOSP,4388.05,1.15,0.42,0.78,1.1838971752828664,2022-10-27,4440.0
2022-09-29,2022-09,9,ITC,275.75,0.54,0.91,0.72,3.680870353581134,2022-10-27,285.9
2022-09-29,2022-09,10,BHARTIARTL,766.55,0.2,0.49,0.34,6.842345574326525,2022-10-27,819.0
2022-09-29,2022-09,11,HCLTECH,922.9,0.11,0.18,0.14,11.604724238812448,2022-10-27,1030.0
2022-09-29,2022-09,12,SHREECEM,21575.0,2.52,-2.21,0.13,-0.17612977983777478,2022-10-27,21537.0
2022-09-29,2022-09,13,DIVISLAB,3674.2,-0.89,0.88,-0.01,-1.3390670077840006,2022-10-27,3625.0
2022-09-29,2022-09,14,ONGC,114.75,1.53,-2.13,-0.32,4.052287581699354,2022-10-27,119.4
2022-09-29,2022-09,15,INDUSINDBK,1151.2,-0.16,-0.68,-0.42,-0.547255038220984,2022-10-27,1144.9
2022-09-29,2022-09,16,M&M,1258.0,0.37,-1.27,-0.45,2.9372019077901435,2022-10-27,1294.95
2022-09-29,2022-09,17,TATACONSUM,786.25,-0.03,-1.03,-0.53,-3.186009538950707,2022-10-27,761.2
2022-09-29,2022-09,18,INFY,1371.8,0.28,-1.91,-0.82,8.81323808135297,2022-10-27,1492.7
2022-09-29,2022-09,19,ASIANPAINT,3402.0,-1.54,-0.41,-0.98,-10.317460317460315,2022-10-27,3051.0
2022-09-29,2022-09,20,NTPC,159.85,0.18,-2.56,-1.2,7.288082577416333,2022-10-27,171.5
2022-09-29,2022-09,21,TCS,3010.0,-0.15,-2.35,-1.26,5.051495016611307,2022-10-27,3162.05
2022-09-29,2022-09,22,SBILIFE,1240.0,-0.21,-2.94,-1.58,0.9879032258064413,2022-10-27,1252.25
2022-09-29,2022-09,23,HDFCLIFE,526.0,0.76,-4.01,-1.65,1.425855513307983,2022-10-27,533.5
2022-09-29,2022-09,24,ULTRACEMCO,6074.0,0.02,-3.33,-1.67,3.9348040829766173,2022-10-27,6313.0
2022-09-29,2022-09,25,GRASIM,1647.9,-0.84,-2.6,-1.72,4.047575702409123,2022-10-27,1714.6
2022-09-29,2022-09,26,WIPRO,187.85,-0.78,-2.96,-1.88,-2.422145328719716,2022-10-27,183.3
2022-09-29,2022-09,27,COALINDIA,199.2,0.48,-4.28,-1.93,12.851405622489963,2022-10-27,224.8
2022-09-29,2022-09,28,BAJFINANCE,711.5,-1.23,-2.77,-2.0,-1.8271257905832727,2022-10-27,698.5
2022-09-29,2022-09,29,TITAN,2537.2,-1.14,-2.9,-2.02,6.653003310736261,2022-10-27,2706.0
2022-09-29,2022-09,30,MARUTI,8660.0,-0.69,-3.4,-2.05,4.734411085450341,2022-10-27,9070.0
2022-09-29,2022-09,31,LT,1816.6,-0.58,-3.76,-2.18,8.169107123197183,2022-10-27,1965.0
2022-09-29,2022-09,32,ICICIBANK,843.55,-0.9,-4.11,-2.52,9.537075454922661,2022-10-27,924.0
2022-09-29,2022-09,33,SBIN,524.0,-1.06,-3.98,-2.53,10.524809160305338,2022-10-27,579.15
2022-09-29,2022-09,34,TECHM,940.0,-1.08,-4.28,-2.69,6.702127659574475,2022-10-27,1003.0
2022-09-29,2022-09,35,POWERGRID,151.8,-0.24,-5.32,-2.81,8.234519104084326,2022-10-27,164.3
2022-09-29,2022-09,36,BAJAJFINSV,1633.1,-1.71,-4.13,-2.93,-0.07041822301143696,2022-10-27,1631.95
2022-09-29,2022-09,37,TMPV,277.65,0.06,-6.07,-3.05,1.1705384476859315,2022-10-27,280.9
2022-09-29,2022-09,38,HDFCBANK,690.7,-1.02,-5.42,-3.25,5.400318517446068,2022-10-27,728.0
2022-09-29,2022-09,39,TATASTEEL,91.22,-0.34,-6.14,-3.28,7.772418329313746,2022-10-27,98.31
2022-09-29,2022-09,40,KOTAKBANK,353.6,-1.12,-5.41,-3.29,5.825791855203599,2022-10-27,374.2
2022-09-29,2022-09,41,BPCL,130.25,-1.2,-5.46,-3.35,0.9213051823416363,2022-10-27,131.45
2022-09-29,2022-09,42,AXISBANK,717.0,-1.0,-5.89,-3.48,27.754532775453278,2022-10-27,916.0
2022-09-29,2022-09,43,RELIANCE,1109.5,-0.81,-6.12,-3.5,5.561063542136102,2022-10-27,1171.2
2022-09-29,2022-09,44,HINDALCO,372.5,0.08,-7.54,-3.81,10.738255033557053,2022-10-27,412.5
2022-09-29,2022-09,45,BAJAJ-AUTO,3401.5,-1.01,-6.6,-3.85,3.9394384830222062,2022-10-27,3535.5
2022-09-29,2022-09,46,JSWSTEEL,617.55,-1.22,-6.49,-3.89,10.43640191077646,2022-10-27,682.0
2022-09-29,2022-09,47,ADANIPORTS,821.0,-1.54,-7.12,-4.37,-0.08526187576127775,2022-10-27,820.3
2022-09-29,2022-09,48,UPL,631.65,-1.29,-7.42,-4.4,7.203356289084151,2022-10-27,677.15
2022-09-29,2022-09,49,HEROMOTOCO,2381.0,-1.57,-7.44,-4.55,3.206635867282648,2022-10-27,2457.35
2022-10-27,2022-10,1,AXISBANK,916.0,1.39,11.85,6.49,-3.84279475982533,2022-11-24,880.8
2022-10-27,2022-10,2,JSWSTEEL,682.0,3.26,5.4,4.32,6.488269794721413,2022-11-24,726.25
2022-10-27,2022-10,3,SUNPHARMA,1013.0,1.27,5.39,3.31,2.221125370187571,2022-11-24,1035.5
2022-10-27,2022-10,4,SBIN,579.15,0.36,5.36,2.83,5.2577052577052585,2022-11-24,609.6
2022-10-27,2022-10,5,POWERGRID,164.3,1.68,3.92,2.79,-1.460742544126603,2022-11-24,161.9
2022-10-27,2022-10,6,BHARTIARTL,819.0,1.26,4.3,2.77,3.656898656898666,2022-11-24,848.95
2022-10-27,2022-10,7,HCLTECH,1030.0,0.3,4.83,2.54,9.902912621359228,2022-11-24,1132.0
2022-10-27,2022-10,8,NTPC,171.5,1.59,3.47,2.53,-1.0787172011661794,2022-11-24,169.65
2022-10-27,2022-10,9,HINDALCO,412.5,1.61,3.36,2.48,6.278787878787884,2022-11-24,438.4
2022-10-27,2022-10,10,CIPLA,1165.75,0.71,4.13,2.41,-5.888912717134898,2022-11-24,1097.1
2022-10-27,2022-10,11,DRREDDY,898.8,0.8,3.66,2.22,-1.7133956386292781,2022-11-24,883.4
2022-10-27,2022-10,12,LT,1965.0,0.98,3.22,2.09,4.631043256997458,2022-11-24,2056.0
2022-10-27,2022-10,13,TECHM,1003.0,0.54,3.62,2.07,-0.638085742771688,2022-11-24,996.6
2022-10-27,2022-10,14,MARUTI,9070.0,1.26,2.84,2.05,-0.8495038588754,2022-11-24,8992.95
2022-10-27,2022-10,15,COALINDIA,224.8,0.62,3.45,2.03,-5.182384341637015,2022-11-24,213.15
2022-10-27,2022-10,16,TATASTEEL,98.31,1.28,2.78,2.03,1.3426914861153438,2022-11-24,99.63
2022-10-27,2022-10,17,ICICIBANK,924.0,0.15,3.87,1.99,1.6233766233766156,2022-11-24,939.0
2022-10-27,2022-10,18,INFY,1492.7,0.31,3.63,1.96,7.215113552622765,2022-11-24,1600.4
2022-10-27,2022-10,19,EICHERMOT,3698.75,0.54,3.33,1.93,-8.501520784048655,2022-11-24,3384.3
2022-10-27,2022-10,20,NESTLEIND,1008.0,0.15,3.73,1.92,-1.5873015873015928,2022-11-24,992.0
2022-10-27,2022-10,21,M&M,1294.95,1.02,2.8,1.91,-3.2395073168848265,2022-11-24,1253.0
2022-10-27,2022-10,22,TITAN,2706.0,0.53,2.48,1.5,-3.40539541759054,2022-11-24,2613.85
2022-10-27,2022-10,23,ITC,285.9,0.36,2.62,1.48,-1.6089541797831286,2022-11-24,281.3
2022-10-27,2022-10,24,UPL,677.15,0.53,2.04,1.28,9.643358192424145,2022-11-24,742.45
2022-10-27,2022-10,25,APOLLOHOSP,4440.0,0.55,1.82,1.18,8.445945945945944,2022-11-24,4815.0
2022-10-27,2022-10,26,ULTRACEMCO,6313.0,0.47,1.88,1.17,6.953904641216546,2022-11-24,6752.0
2022-10-27,2022-10,27,ONGC,119.4,0.75,1.37,1.06,5.192629815745375,2022-11-24,125.6
2022-10-27,2022-10,28,GRASIM,1714.6,0.16,1.83,0.99,0.4986585792604803,2022-11-24,1723.15
2022-10-27,2022-10,29,HEROMOTOCO,2457.35,1.18,0.68,0.93,1.9065253219932021,2022-11-24,2504.2
2022-10-27,2022-10,30,TCS,3162.05,0.09,1.58,0.83,6.946442972122502,2022-11-24,3381.7
2022-10-27,2022-10,31,ADANIPORTS,820.3,1.52,0.07,0.79,6.765817383883954,2022-11-24,875.8
2022-10-27,2022-10,32,KOTAKBANK,374.2,0.36,1.11,0.73,4.195617316942801,2022-11-24,389.9
2022-10-27,2022-10,33,SBILIFE,1252.25,0.26,1.2,0.73,-0.6109003793172363,2022-11-24,1244.6
2022-10-27,2022-10,34,BPCL,131.45,0.93,0.51,0.72,5.096995055154063,2022-11-24,138.15
2022-10-27,2022-10,35,HDFCBANK,728.0,0.08,0.93,0.5,11.923076923076925,2022-11-24,814.8
2022-10-27,2022-10,36,RELIANCE,1171.2,0.18,0.64,0.41,5.315061475409832,2022-11-24,1233.45
2022-10-27,2022-10,37,TMPV,280.9,0.35,0.39,0.37,3.898184407262395,2022-11-24,291.85
2022-10-27,2022-10,38,DIVISLAB,3625.0,0.45,0.28,0.36,-8.85655172413794,2022-11-24,3303.95
2022-10-27,2022-10,39,ADANIENT,3218.7,0.23,-0.09,0.07,18.373877652468384,2022-11-24,3810.1
2022-10-27,2022-10,40,TATACONSUM,761.2,0.37,-0.48,-0.06,2.923016290068303,2022-11-24,783.45
2022-10-27,2022-10,41,HDFCLIFE,533.5,-0.21,-0.09,-0.15,7.216494845360821,2022-11-24,572.0
2022-10-27,2022-10,42,BRITANNIA,3731.25,-0.0,-0.86,-0.43,12.695477386934662,2022-11-24,4204.95
2022-10-27,2022-10,43,BAJAJ-AUTO,3535.5,-0.49,-0.5,-0.5,0.0,2022-11-24,3535.5
2022-10-27,2022-10,44,WIPRO,183.3,0.04,-1.86,-0.91,3.8734315330059887,2022-11-24,190.4
2022-10-27,2022-10,45,INDUSINDBK,1144.9,0.04,-2.45,-1.21,2.650886540309183,2022-11-24,1175.25
2022-10-27,2022-10,46,HINDUNILVR,2522.25,-0.03,-2.68,-1.36,1.3024085637823424,2022-11-24,2555.1
2022-10-27,2022-10,47,BAJAJFINSV,1631.95,-1.21,-3.41,-2.32,0.009191458071633463,2022-11-24,1632.1
2022-10-27,2022-10,48,BAJFINANCE,698.5,-1.03,-3.79,-2.42,-2.863278453829632,2022-11-24,678.5
2022-10-27,2022-10,49,ASIANPAINT,3051.0,-0.75,-5.53,-3.17,2.2566371681415953,2022-11-24,3119.85
2022-11-24,2022-11,1,APOLLOHOSP,4815.0,2.78,7.49,5.11,-5.856697819314638,2022-12-29,4533.0
2022-11-24,2022-11,2,HDFCLIFE,572.0,2.49,5.98,4.22,-0.2797202797202858,2022-12-29,570.4
2022-11-24,2022-11,3,INFY,1600.4,2.18,4.87,3.52,-7.098225443639095,2022-12-29,1486.8
2022-11-24,2022-11,4,HCLTECH,1132.0,1.31,5.38,3.32,-7.685512367491166,2022-12-29,1045.0
2022-11-24,2022-11,5,BPCL,138.15,1.83,4.37,3.09,2.316322837495477,2022-12-29,141.35
2022-11-24,2022-11,6,HDFCBANK,814.8,1.16,4.21,2.67,0.589101620029453,2022-12-29,819.6
2022-11-24,2022-11,7,JSWSTEEL,726.25,1.09,3.87,2.47,6.024096385542177,2022-12-29,770.0
2022-11-24,2022-11,8,TCS,3381.7,1.5,3.3,2.4,-3.2661087618653273,2022-12-29,3271.25
2022-11-24,2022-11,9,BRITANNIA,4204.95,0.69,4.07,2.37,3.8668711875289974,2022-12-29,4367.55
2022-11-24,2022-11,10,TATACONSUM,783.45,1.42,2.46,1.94,-2.1635075627034372,2022-12-29,766.5
2022-11-24,2022-11,11,UPL,742.45,0.53,3.25,1.88,-6.3303926190315885,2022-12-29,695.45
2022-11-24,2022-11,12,SUNPHARMA,1035.5,1.22,2.53,1.87,-3.0468372766779273,2022-12-29,1003.95
2022-11-24,2022-11,13,LT,2056.0,0.94,2.77,1.85,2.8672178988326857,2022-12-29,2114.95
2022-11-24,2022-11,14,ICICIBANK,939.0,0.83,2.79,1.81,-3.301384451544198,2022-12-29,908.0
2022-11-24,2022-11,15,SBIN,609.6,0.46,2.93,1.69,0.7299868766404094,2022-12-29,614.05
2022-11-24,2022-11,16,HINDALCO,438.4,0.91,2.39,1.65,7.595802919708028,2022-12-29,471.7
2022-11-24,2022-11,17,WIPRO,190.4,1.68,1.42,1.55,-1.8382352941176516,2022-12-29,186.9
2022-11-24,2022-11,18,AXISBANK,880.8,0.59,2.47,1.53,6.732515894641233,2022-12-29,940.1
2022-11-24,2022-11,19,TECHM,996.6,1.35,1.65,1.5,-5.2578767810555815,2022-12-29,944.2
2022-11-24,2022-11,20,BHARTIARTL,848.95,0.59,2.38,1.48,-3.0567171211496658,2022-12-29,823.0
2022-11-24,2022-11,21,ADANIENT,3810.1,0.23,2.45,1.33,-2.9185585680165826,2022-12-29,3698.9
2022-11-24,2022-11,22,HINDUNILVR,2555.1,1.12,1.48,1.3,0.8962467222418002,2022-12-29,2578.0
2022-11-24,2022-11,23,ULTRACEMCO,6752.0,0.61,1.86,1.23,1.5254739336492795,2022-12-29,6855.0
2022-11-24,2022-11,24,RELIANCE,1233.45,1.07,1.11,1.09,-1.6660586160768487,2022-12-29,1212.9
2022-11-24,2022-11,25,INDUSINDBK,1175.25,0.44,1.73,1.08,4.284194852159118,2022-12-29,1225.6
2022-11-24,2022-11,26,ONGC,125.6,0.98,1.1,1.04,4.378980891719753,2022-12-29,131.1
2022-11-24,2022-11,27,KOTAKBANK,389.9,0.28,1.58,0.93,-6.642728904847395,2022-12-29,364.0
2022-11-24,2022-11,28,POWERGRID,161.9,1.06,0.77,0.91,-2.378011117974055,2022-12-29,158.05
2022-11-24,2022-11,29,GRASIM,1723.15,0.96,0.85,0.9,1.735194266314588,2022-12-29,1753.05
2022-11-24,2022-11,30,TATASTEEL,99.63,0.31,0.72,0.51,5.982133895413044,2022-12-29,105.59
2022-11-24,2022-11,31,NTPC,169.65,0.95,-0.04,0.45,-2.151488358384912,2022-12-29,166.0
2022-11-24,2022-11,32,SBILIFE,1244.6,1.03,-0.14,0.44,1.2373453318335281,2022-12-29,1260.0
2022-11-24,2022-11,33,ADANIPORTS,875.8,-0.15,0.98,0.41,-6.302808860470421,2022-12-29,820.6
2022-11-24,2022-11,34,ASIANPAINT,3119.85,0.52,0.12,0.32,-0.04487395227334989,2022-12-29,3118.45
2022-11-24,2022-11,35,NESTLEIND,992.0,0.87,-0.35,0.26,-0.20161290322581182,2022-12-29,990.0
2022-11-24,2022-11,36,TMPV,291.85,0.06,0.46,0.26,-8.823025526811723,2022-12-29,266.1
2022-11-24,2022-11,37,MARUTI,8992.95,0.6,-0.36,0.12,-6.104226088213549,2022-12-29,8444.0
2022-11-24,2022-11,38,DRREDDY,883.4,0.39,-0.19,0.1,-3.6053882725831987,2022-12-29,851.55
2022-11-24,2022-11,39,HEROMOTOCO,2504.2,0.08,-0.06,0.01,1.8289274019646973,2022-12-29,2550.0
2022-11-24,2022-11,40,ITC,281.3,0.37,-0.91,-0.27,-1.6530394596516285,2022-12-29,276.65
2022-11-24,2022-11,41,M&M,1253.0,0.91,-1.46,-0.28,0.6025538707102873,2022-12-29,1260.55
2022-11-24,2022-11,42,TITAN,2613.85,0.37,-0.97,-0.3,-2.326070738565711,2022-12-29,2553.05
2022-11-24,2022-11,43,BAJAJ-AUTO,3535.5,0.32,-1.35,-0.52,-1.4000848536274924,2022-12-29,3486.0
2022-11-24,2022-11,44,BAJFINANCE,678.5,0.28,-2.49,-1.11,-4.053058216654382,2022-12-29,651.0
2022-11-24,2022-11,45,DIVISLAB,3303.95,0.07,-2.77,-1.36,3.280921321448571,2022-12-29,3412.35
2022-11-24,2022-11,46,CIPLA,1097.1,-0.77,-2.06,-1.42,-1.0117582718074836,2022-12-29,1086.0
2022-11-24,2022-11,47,BAJAJFINSV,1632.1,-0.2,-2.9,-1.56,-6.745910177072478,2022-12-29,1522.0
2022-11-24,2022-11,48,COALINDIA,213.15,-0.04,-3.26,-1.66,-3.1198686371100237,2022-12-29,206.5
2022-11-24,2022-11,49,EICHERMOT,3384.3,0.19,-3.72,-1.78,-2.8454924208846766,2022-12-29,3288.0
2022-12-29,2022-12,1,HINDALCO,471.7,2.1,3.31,2.7,3.6675853296586736,2023-01-25,489.0
2022-12-29,2022-12,2,JSWSTEEL,770.0,1.38,3.56,2.46,-5.61688311688312,2023-01-25,726.75
2022-12-29,2022-12,3,SBIN,614.05,1.71,1.88,1.79,-7.434248025405099,2023-01-25,568.4
2022-12-29,2022-12,4,TATASTEEL,105.59,1.17,2.24,1.7,8.694005114120639,2023-01-25,114.77
2022-12-29,2022-12,5,AXISBANK,940.1,1.46,1.9,1.68,-5.068609722369954,2023-01-25,892.45
2022-12-29,2022-12,6,INDUSINDBK,1225.6,1.01,2.17,1.59,-5.303524804177551,2023-01-25,1160.6
2022-12-29,2022-12,7,EICHERMOT,3288.0,2.32,-0.01,1.15,-1.7639902676399033,2023-01-25,3230.0
2022-12-29,2022-12,8,SBILIFE,1260.0,1.33,0.64,0.98,-0.3968253968253954,2023-01-25,1255.0
2022-12-29,2022-12,9,HDFCBANK,819.6,0.87,1.05,0.96,0.7076622742801408,2023-01-25,825.4
2022-12-29,2022-12,10,ONGC,131.1,0.45,1.4,0.92,5.568268497330298,2023-01-25,138.4
2022-12-29,2022-12,11,BHARTIARTL,823.0,1.64,-0.0,0.82,-5.571081409477518,2023-01-25,777.15
2022-12-29,2022-12,12,GRASIM,1753.05,1.18,0.19,0.68,-9.660306323265166,2023-01-25,1583.7
2022-12-29,2022-12,13,ICICIBANK,908.0,1.22,-0.02,0.6,-5.6718061674008835,2023-01-25,856.5
2022-12-29,2022-12,14,M&M,1260.55,1.02,0.11,0.56,4.5575344095831305,2023-01-25,1318.0
2022-12-29,2022-12,15,WIPRO,186.9,0.96,-0.19,0.38,2.6484751203852186,2023-01-25,191.85
2022-12-29,2022-12,16,SUNPHARMA,1003.95,0.63,-0.05,0.29,3.819911350166838,2023-01-25,1042.3
2022-12-29,2022-12,17,HDFCLIFE,570.4,0.88,-0.36,0.26,2.822580645161299,2023-01-25,586.5
2022-12-29,2022-12,18,ASIANPAINT,3118.45,0.32,0.14,0.23,-11.021501066234817,2023-01-25,2774.75
2022-12-29,2022-12,19,BRITANNIA,4367.55,0.4,0.0,0.2,1.5443440830671618,2023-01-25,4435.0
2022-12-29,2022-12,20,ITC,276.65,0.76,-0.47,0.14,1.4820169889752544,2023-01-25,280.75
2022-12-29,2022-12,21,TITAN,2553.05,0.0,0.25,0.12,-7.447954407473412,2023-01-25,2362.9
2022-12-29,2022-12,22,POWERGRID,158.05,0.49,-0.29,0.1,1.6134134767478603,2023-01-25,160.6
2022-12-29,2022-12,23,TCS,3271.25,0.54,-0.38,0.08,4.917080626671755,2023-01-25,3432.1
2022-12-29,2022-12,24,HCLTECH,1045.0,0.78,-0.64,0.07,7.315789473684209,2023-01-25,1121.45
2022-12-29,2022-12,25,LT,2114.95,0.16,-0.01,0.07,2.839310622000535,2023-01-25,2175.0
2022-12-29,2022-12,26,HEROMOTOCO,2550.0,0.53,-0.56,-0.02,2.831372549019595,2023-01-25,2622.2
2022-12-29,2022-12,27,BPCL,141.35,1.15,-1.19,-0.03,6.402546869472947,2023-01-25,150.4
2022-12-29,2022-12,28,MARUTI,8444.0,0.76,-0.95,-0.1,3.979156797726202,2023-01-25,8780.0
2022-12-29,2022-12,29,BAJFINANCE,651.0,0.65,-1.06,-0.21,-10.906298003072202,2023-01-25,580.0
2022-12-29,2022-12,30,DIVISLAB,3412.35,-0.52,0.06,-0.23,-1.9107066977303022,2023-01-25,3347.15
2022-12-29,2022-12,31,ULTRACEMCO,6855.0,-0.01,-0.56,-0.29,-4.27425237053246,2023-01-25,6562.0
2022-12-29,2022-12,32,INFY,1486.8,0.46,-1.27,-0.41,1.4998654829163183,2023-01-25,1509.1
2022-12-29,2022-12,33,NESTLEIND,990.0,0.12,-0.93,-0.41,-2.2828282828282864,2023-01-25,967.4
2022-12-29,2022-12,34,BAJAJ-AUTO,3486.0,0.13,-0.99,-0.43,4.632816982214583,2023-01-25,3647.5
2022-12-29,2022-12,35,ADANIENT,3698.9,0.95,-1.84,-0.45,-10.754548649598538,2023-01-25,3301.1
2022-12-29,2022-12,36,NTPC,166.0,0.41,-1.35,-0.47,0.1807228915662762,2023-01-25,166.3
2022-12-29,2022-12,37,RELIANCE,1212.9,0.32,-1.42,-0.55,-6.323687031082537,2023-01-25,1136.2
2022-12-29,2022-12,38,TECHM,944.2,0.28,-1.61,-0.67,3.653886888371116,2023-01-25,978.7
2022-12-29,2022-12,39,TATACONSUM,766.5,0.51,-1.93,-0.72,-4.76842791911285,2023-01-25,729.95
2022-12-29,2022-12,40,KOTAKBANK,364.0,0.31,-1.79,-0.75,-3.791208791208789,2023-01-25,350.2
2022-12-29,2022-12,41,CIPLA,1086.0,0.11,-1.73,-0.81,-4.327808471454874,2023-01-25,1039.0
2022-12-29,2022-12,42,HINDUNILVR,2578.0,0.34,-1.98,-0.83,2.0170674941815347,2023-01-25,2630.0
2022-12-29,2022-12,43,COALINDIA,206.5,0.02,-1.71,-0.85,2.324455205811149,2023-01-25,211.3
2022-12-29,2022-12,44,DRREDDY,851.55,0.17,-2.23,-1.04,-1.3563501849568338,2023-01-25,840.0
2022-12-29,2022-12,45,ADANIPORTS,820.6,1.43,-3.65,-1.14,-12.929563733853279,2023-01-25,714.5
2022-12-29,2022-12,46,UPL,695.45,0.44,-2.91,-1.25,1.6536055791214421,2023-01-25,706.95
2022-12-29,2022-12,47,APOLLOHOSP,4533.0,-0.59,-2.53,-1.56,-6.6401941319214615,2023-01-25,4232.0
2022-12-29,2022-12,48,BAJAJFINSV,1522.0,0.17,-3.59,-1.73,-13.600525624178717,2023-01-25,1315.0
2022-12-29,2022-12,49,TMPV,266.1,-0.29,-4.65,-2.49,8.286358511837634,2023-01-25,288.15
2023-01-25,2023-01,1,BAJAJ-AUTO,3647.5,1.53,3.34,2.43,2.5085675119945083,2023-02-23,3739.0
2023-01-25,2023-01,2,MARUTI,8780.0,1.01,3.39,2.19,-0.8542141230068356,2023-02-23,8705.0
2023-01-25,2023-01,3,ONGC,138.4,0.71,2.93,1.81,1.0838150289017356,2023-02-23,139.9
2023-01-25,2023-01,4,BRITANNIA,4435.0,1.39,1.87,1.63,0.11273957158963732,2023-02-23,4440.0
2023-01-25,2023-01,5,TCS,3432.1,0.31,2.34,1.32,-0.6701436438332209,2023-02-23,3409.1
2023-01-25,2023-01,6,HCLTECH,1121.45,-0.36,3.0,1.31,-2.389763252931465,2023-02-23,1094.65
2023-01-25,2023-01,7,TMPV,288.15,-0.08,2.72,1.31,3.9389207010237737,2023-02-23,299.5
2023-01-25,2023-01,8,COALINDIA,211.3,0.19,2.3,1.24,-5.158542356838625,2023-02-23,200.4
2023-01-25,2023-01,9,ITC,280.75,0.73,1.68,1.2,13.8379341050757,2023-02-23,319.6
2023-01-25,2023-01,10,TATASTEEL,114.77,-0.09,2.2,1.05,-7.528099677616106,2023-02-23,106.13
2023-01-25,2023-01,11,HEROMOTOCO,2622.2,0.39,1.47,0.93,-10.71428571428571,2023-02-23,2341.25
2023-01-25,2023-01,12,SUNPHARMA,1042.3,0.37,1.44,0.9,-6.653554638779613,2023-02-23,972.95
2023-01-25,2023-01,13,EICHERMOT,3230.0,0.63,0.83,0.73,0.1718266253869949,2023-02-23,3235.55
2023-01-25,2023-01,14,HINDUNILVR,2630.0,0.66,0.72,0.69,-5.313688212927758,2023-02-23,2490.25
2023-01-25,2023-01,15,HINDALCO,489.0,-0.19,1.49,0.65,-10.55214723926381,2023-02-23,437.4
2023-01-25,2023-01,16,M&M,1318.0,-0.08,1.18,0.55,-0.3641881638846711,2023-02-23,1313.2
2023-01-25,2023-01,17,INFY,1509.1,-0.39,1.17,0.39,0.6427672122457206,2023-02-23,1518.8
2023-01-25,2023-01,18,BPCL,150.4,-0.3,0.85,0.27,-8.01196808510639,2023-02-23,138.35
2023-01-25,2023-01,19,TECHM,978.7,-0.89,1.45,0.27,7.877797077756199,2023-02-23,1055.8
2023-01-25,2023-01,20,WIPRO,191.85,-0.49,0.86,0.18,-1.5897836851706981,2023-02-23,188.8
2023-01-25,2023-01,21,HDFCBANK,825.4,-0.92,1.22,0.14,-2.8955657862854367,2023-02-23,801.5
2023-01-25,2023-01,22,POWERGRID,160.6,-0.79,0.72,-0.04,-2.6463262764632622,2023-02-23,156.35
2023-01-25,2023-01,23,UPL,706.95,-0.67,0.44,-0.12,1.3579461065138743,2023-02-23,716.55
2023-01-25,2023-01,24,BHARTIARTL,777.15,0.58,-0.93,-0.18,-1.5634047481181246,2023-02-23,765.0
2023-01-25,2023-01,25,NTPC,166.3,0.22,-0.79,-0.29,2.3150932050510997,2023-02-23,170.15
2023-01-25,2023-01,26,LT,2175.0,-0.8,0.15,-0.33,-0.96551724137931,2023-02-23,2154.0
2023-01-25,2023-01,27,DIVISLAB,3347.15,0.12,-1.03,-0.46,-14.106030503562739,2023-02-23,2875.0
2023-01-25,2023-01,28,NESTLEIND,967.4,0.42,-1.63,-0.61,-3.65929295017573,2023-02-23,932.0
2023-01-25,2023-01,29,HDFCLIFE,586.5,-0.14,-1.09,-0.62,-16.845694799658993,2023-02-23,487.7
2023-01-25,2023-01,30,TATACONSUM,729.95,0.11,-2.19,-1.05,-3.1851496677854696,2023-02-23,706.7
2023-01-25,2023-01,31,JSWSTEEL,726.75,0.14,-2.66,-1.27,-2.407980736154114,2023-02-23,709.25
2023-01-25,2023-01,32,KOTAKBANK,350.2,-0.4,-2.39,-1.4,-2.4557395773843416,2023-02-23,341.6
2023-01-25,2023-01,33,ICICIBANK,856.5,-0.66,-2.21,-1.44,-1.7513134851138368,2023-02-23,841.5
2023-01-25,2023-01,34,TITAN,2362.9,0.09,-3.23,-1.58,1.2315375174573484,2023-02-23,2392.0
2023-01-25,2023-01,35,SBILIFE,1255.0,-1.0,-2.21,-1.61,-9.40239043824701,2023-02-23,1137.0
2023-01-25,2023-01,36,DRREDDY,840.0,-0.95,-2.47,-1.71,5.982142857142847,2023-02-23,890.25
2023-01-25,2023-01,37,CIPLA,1039.0,-1.19,-2.84,-2.02,-7.603464870067378,2023-02-23,960.0
2023-01-25,2023-01,38,APOLLOHOSP,4232.0,-0.74,-3.43,-2.09,5.151228733459368,2023-02-23,4450.0
2023-01-25,2023-01,39,AXISBANK,892.45,-1.22,-3.69,-2.46,-5.148747829010036,2023-02-23,846.5
2023-01-25,2023-01,40,RELIANCE,1136.2,-0.87,-4.06,-2.48,-0.7305051927477546,2023-02-23,1127.9
2023-01-25,2023-01,41,BAJFINANCE,580.0,-0.62,-4.4,-2.53,6.982758620689644,2023-02-23,620.5
2023-01-25,2023-01,42,GRASIM,1583.7,-0.97,-4.5,-2.75,-0.7356191197827933,2023-02-23,1572.05
2023-01-25,2023-01,43,ASIANPAINT,2774.75,-0.5,-4.99,-2.77,-2.441661410937923,2023-02-23,2707.0
2023-01-25,2023-01,44,ULTRACEMCO,6562.0,-1.14,-4.82,-3.0,7.406278573605607,2023-02-23,7048.0
2023-01-25,2023-01,45,ADANIENT,3301.1,0.17,-6.08,-3.01,-59.26509345369725,2023-02-23,1344.7
2023-01-25,2023-01,46,INDUSINDBK,1160.6,-2.38,-3.9,-3.14,-7.20317077373771,2023-02-23,1077.0
2023-01-25,2023-01,47,SBIN,568.4,-2.34,-4.6,-3.48,-7.987332864180152,2023-02-23,523.0
2023-01-25,2023-01,48,BAJAJFINSV,1315.0,-0.86,-6.66,-3.8,2.5855513307984745,2023-02-23,1349.0
2023-01-25,2023-01,49,ADANIPORTS,714.5,-2.93,-9.42,-6.23,-22.533240027991607,2023-02-23,553.5
2023-02-23,2023-02,1,TECHM,1055.8,-0.11,5.52,2.67,-4.347414283008144,2023-03-29,1009.9
2023-02-23,2023-02,2,ITC,319.6,-0.06,3.85,1.88,-1.1733416770963734,2023-03-29,315.85
2023-02-23,2023-02,3,ONGC,139.9,0.15,2.94,1.54,-2.751965689778413,2023-03-29,136.05
2023-02-23,2023-02,4,NTPC,170.15,-0.15,1.22,0.53,2.997355274757574,2023-03-29,175.25
2023-02-23,2023-02,5,TMPV,299.5,0.35,0.01,0.18,-5.7595993322203665,2023-03-29,282.25
2023-02-23,2023-02,6,UPL,716.55,-0.17,0.49,0.16,-5.086874607494229,2023-03-29,680.1
2023-02-23,2023-02,7,MARUTI,8705.0,0.22,-0.28,-0.03,-4.939689833429062,2023-03-29,8275.0
2023-02-23,2023-02,8,APOLLOHOSP,4450.0,-0.59,0.48,-0.06,-1.6179775280898867,2023-03-29,4378.0
2023-02-23,2023-02,9,BAJAJ-AUTO,3739.0,-0.26,0.13,-0.07,0.8157261299812868,2023-03-29,3769.5
2023-02-23,2023-02,10,COALINDIA,200.4,0.26,-0.62,-0.18,-1.646706586826352,2023-03-29,197.1
2023-02-23,2023-02,11,DRREDDY,890.25,-0.49,0.09,-0.2,2.555461948890758,2023-03-29,913.0
2023-02-23,2023-02,12,ULTRACEMCO,7048.0,-0.56,0.13,-0.22,4.965947786606129,2023-03-29,7398.0
2023-02-23,2023-02,13,HINDALCO,437.4,0.86,-1.52,-0.34,-8.779149519890261,2023-03-29,399.0
2023-02-23,2023-02,14,EICHERMOT,3235.55,-0.6,-0.47,-0.54,-9.412619183755467,2023-03-29,2931.0
2023-02-23,2023-02,15,TATASTEEL,106.13,0.04,-1.19,-0.58,-7.735795722227456,2023-03-29,97.92
2023-02-23,2023-02,16,BAJFINANCE,620.5,-0.57,-0.72,-0.65,-9.105560032232074,2023-03-29,564.0
2023-02-23,2023-02,17,JSWSTEEL,709.25,0.35,-1.96,-0.81,-4.603454353189984,2023-03-29,676.6
2023-02-23,2023-02,18,POWERGRID,156.35,-0.65,-0.99,-0.82,4.924848097217782,2023-03-29,164.05
2023-02-23,2023-02,19,AXISBANK,846.5,0.67,-2.36,-0.86,-0.04725339633785408,2023-03-29,846.1
2023-02-23,2023-02,20,ICICIBANK,841.5,-0.14,-1.71,-0.93,1.6042780748663166,2023-03-29,855.0
2023-02-23,2023-02,21,INFY,1518.8,-0.71,-1.23,-0.97,-10.495127732420329,2023-03-29,1359.4
2023-02-23,2023-02,22,BRITANNIA,4440.0,-0.61,-1.43,-1.02,-3.716216216216217,2023-03-29,4275.0
2023-02-23,2023-02,23,TCS,3409.1,-0.75,-1.36,-1.06,-7.658912909565574,2023-03-29,3148.0
2023-02-23,2023-02,24,RELIANCE,1127.9,-0.99,-1.17,-1.08,-5.222094157283452,2023-03-29,1069.0
2023-02-23,2023-02,25,HCLTECH,1094.65,-0.52,-1.73,-1.13,-2.3112410359475755,2023-03-29,1069.35
2023-02-23,2023-02,26,WIPRO,188.8,-0.5,-1.81,-1.16,-8.924788135593232,2023-03-29,171.95
2023-02-23,2023-02,27,BHARTIARTL,765.0,-0.86,-1.5,-1.18,-2.614379084967322,2023-03-29,745.0
2023-02-23,2023-02,28,TATACONSUM,706.7,-0.69,-1.89,-1.29,-2.348945804443192,2023-03-29,690.1
2023-02-23,2023-02,29,SUNPHARMA,972.95,0.07,-2.65,-1.3,2.014492008839097,2023-03-29,992.55
2023-02-23,2023-02,30,KOTAKBANK,341.6,-0.13,-2.63,-1.39,0.9660421545667264,2023-03-29,344.9
2023-02-23,2023-02,31,NESTLEIND,932.0,-0.61,-2.21,-1.41,2.5751072961373467,2023-03-29,956.0
2023-02-23,2023-02,32,HDFCBANK,801.5,-0.66,-2.26,-1.46,-0.6238303181534621,2023-03-29,796.5
2023-02-23,2023-02,33,LT,2154.0,-1.69,-1.23,-1.46,-0.18570102135562205,2023-03-29,2150.0
2023-02-23,2023-02,34,HINDUNILVR,2490.25,-0.48,-2.51,-1.5,1.6825619917679058,2023-03-29,2532.15
2023-02-23,2023-02,35,SBIN,523.0,0.64,-3.61,-1.51,-1.147227533460804,2023-03-29,517.0
2023-02-23,2023-02,36,SBILIFE,1137.0,0.09,-3.14,-1.54,-3.0782761653474044,2023-03-29,1102.0
2023-02-23,2023-02,37,M&M,1313.2,-0.87,-2.32,-1.6,-12.743679561376798,2023-03-29,1145.85
2023-02-23,2023-02,38,GRASIM,1572.05,-0.68,-2.62,-1.65,3.590852708247194,2023-03-29,1628.5
2023-02-23,2023-02,39,BAJAJFINSV,1349.0,-1.02,-2.36,-1.69,-7.357301704966646,2023-03-29,1249.75
2023-02-23,2023-02,40,BPCL,138.35,-0.3,-3.18,-1.75,6.396819660281894,2023-03-29,147.2
2023-02-23,2023-02,41,TITAN,2392.0,-1.0,-2.55,-1.78,5.415969899665551,2023-03-29,2521.55
2023-02-23,2023-02,42,HEROMOTOCO,2341.25,-0.12,-3.75,-1.95,-7.75013347570741,2023-03-29,2159.8
2023-02-23,2023-02,43,DIVISLAB,2875.0,-0.88,-3.08,-1.99,-1.2173913043478257,2023-03-29,2840.0
2023-02-23,2023-02,44,ASIANPAINT,2707.0,-1.74,-3.42,-2.58,2.512005910602144,2023-03-29,2775.0
2023-02-23,2023-02,45,INDUSINDBK,1077.0,-0.63,-4.71,-2.69,-1.8570102135561761,2023-03-29,1057.0
2023-02-23,2023-02,46,CIPLA,960.0,-0.43,-5.24,-2.86,-7.447916666666665,2023-03-29,888.5
2023-02-23,2023-02,47,ADANIPORTS,553.5,-0.21,-6.84,-3.58,14.905149051490518,2023-03-29,636.0
2023-02-23,2023-02,48,HDFCLIFE,487.7,-1.03,-6.09,-3.59,1.8556489645273677,2023-03-29,496.75
2023-02-23,2023-02,49,ADANIENT,1344.7,-2.98,-30.22,-17.72,26.13222280062466,2023-03-29,1696.1
2023-03-29,2023-03,1,ULTRACEMCO,7398.0,0.88,3.22,2.04,-0.5812381724790483,2023-04-27,7355.0
2023-03-29,2023-03,2,DRREDDY,913.0,0.62,2.54,1.58,7.491785323110611,2023-04-27,981.4
2023-03-29,2023-03,3,TITAN,2521.55,0.61,2.5,1.55,5.504550772342398,2023-04-27,2660.35
2023-03-29,2023-03,4,HINDUNILVR,2532.15,1.19,1.86,1.52,-2.4939280848291,2023-04-27,2469.0
2023-03-29,2023-03,5,GRASIM,1628.5,0.9,2.06,1.48,3.9699109610070726,2023-04-27,1693.15
2023-03-29,2023-03,6,SUNPHARMA,992.55,0.82,1.99,1.4,-1.304720165230966,2023-04-27,979.6
2023-03-29,2023-03,7,HDFCLIFE,496.75,1.09,1.45,1.27,4.63009562154002,2023-04-27,519.75
2023-03-29,2023-03,8,NESTLEIND,956.0,0.72,1.74,1.23,10.836820083682008,2023-04-27,1059.6
2023-03-29,2023-03,9,KOTAKBANK,344.9,1.06,1.07,1.06,10.553783705421882,2023-04-27,381.3
2023-03-29,2023-03,10,NTPC,175.25,1.55,0.52,1.03,-2.3965763195434975,2023-04-27,171.05
2023-03-29,2023-03,11,INDUSINDBK,1057.0,1.88,0.13,1.0,8.122043519394495,2023-04-27,1142.85
2023-03-29,2023-03,12,BAJAJ-AUTO,3769.5,0.71,1.28,0.99,14.153070699031712,2023-04-27,4303.0
2023-03-29,2023-03,13,JSWSTEEL,676.6,1.52,0.3,0.91,8.187998817617492,2023-04-27,732.0
2023-03-29,2023-03,14,APOLLOHOSP,4378.0,0.91,0.9,0.9,1.0735495660118666,2023-04-27,4425.0
2023-03-29,2023-03,15,DIVISLAB,2840.0,1.05,0.5,0.77,13.838028169014095,2023-04-27,3233.0
2023-03-29,2023-03,16,AXISBANK,846.1,1.36,0.11,0.73,4.065713272662808,2023-04-27,880.5
2023-03-29,2023-03,17,ITC,315.85,0.69,0.76,0.72,8.611682760804173,2023-04-27,343.05
2023-03-29,2023-03,18,ADANIPORTS,636.0,2.53,-1.16,0.67,3.702830188679229,2023-04-27,659.55
2023-03-29,2023-03,19,ADANIENT,1696.1,3.28,-2.06,0.57,5.972525204881807,2023-04-27,1797.4
2023-03-29,2023-03,20,HDFCBANK,796.5,0.51,0.59,0.55,5.461393596986808,2023-04-27,840.0
2023-03-29,2023-03,21,POWERGRID,164.05,0.74,0.14,0.44,5.91283145382504,2023-04-27,173.75
2023-03-29,2023-03,22,BRITANNIA,4275.0,1.35,-0.55,0.4,3.298245614035089,2023-04-27,4416.0
2023-03-29,2023-03,23,ICICIBANK,855.0,0.08,0.67,0.37,7.321637426900596,2023-04-27,917.6
2023-03-29,2023-03,24,HINDALCO,399.0,1.31,-0.68,0.31,7.957393483709274,2023-04-27,430.75
2023-03-29,2023-03,25,ONGC,136.05,1.34,-0.83,0.25,6.174200661521478,2023-04-27,144.45
2023-03-29,2023-03,26,SBILIFE,1102.0,0.71,-0.3,0.2,3.62976406533575,2023-04-27,1142.0
2023-03-29,2023-03,27,BPCL,147.2,0.04,0.18,0.11,4.6875,2023-04-27,154.1
2023-03-29,2023-03,28,HCLTECH,1069.35,1.29,-1.18,0.05,0.2478140926731376,2023-04-27,1072.0
2023-03-29,2023-03,29,UPL,680.1,0.27,-0.38,-0.06,2.6981326275547834,2023-04-27,698.45
2023-03-29,2023-03,30,SBIN,517.0,1.28,-1.43,-0.08,9.177949709864608,2023-04-27,564.45
2023-03-29,2023-03,31,LT,2150.0,0.32,-0.84,-0.26,7.241860465116279,2023-04-27,2305.7
2023-03-29,2023-03,32,CIPLA,888.5,0.15,-0.68,-0.27,3.230163196398439,2023-04-27,917.2
2023-03-29,2023-03,33,TATASTEEL,97.92,1.22,-1.89,-0.35,3.8909313725490113,2023-04-27,101.73
2023-03-29,2023-03,34,TECHM,1009.9,0.25,-1.16,-0.46,-7.782948806812562,2023-04-27,931.3
2023-03-29,2023-03,35,TATACONSUM,690.1,-0.05,-0.92,-0.49,8.049558035067372,2023-04-27,745.65
2023-03-29,2023-03,36,COALINDIA,197.1,0.81,-1.82,-0.51,9.715880263825483,2023-04-27,216.25
2023-03-29,2023-03,37,MARUTI,8275.0,0.48,-1.57,-0.55,3.383685800604219,2023-04-27,8555.0
2023-03-29,2023-03,38,RELIANCE,1069.0,0.45,-1.6,-0.58,6.183348924228249,2023-04-27,1135.1
2023-03-29,2023-03,39,TCS,3148.0,0.68,-2.04,-0.69,1.331003811944087,2023-04-27,3189.9
2023-03-29,2023-03,40,TMPV,282.25,0.64,-2.05,-0.71,17.325066430469427,2023-04-27,331.15
2023-03-29,2023-03,41,ASIANPAINT,2775.0,-0.11,-1.39,-0.75,4.62162162162163,2023-04-27,2903.25
2023-03-29,2023-03,42,EICHERMOT,2931.0,0.93,-2.42,-0.76,11.566018423746161,2023-04-27,3270.0
2023-03-29,2023-03,43,HEROMOTOCO,2159.8,1.2,-2.85,-0.85,9.030928789702731,2023-04-27,2354.85
2023-03-29,2023-03,44,INFY,1359.4,0.74,-2.82,-1.06,-10.276592614388703,2023-04-27,1219.7
2023-03-29,2023-03,45,BAJAJFINSV,1249.75,1.05,-3.17,-1.08,8.741748349669942,2023-04-27,1359.0
2023-03-29,2023-03,46,BHARTIARTL,745.0,-0.37,-1.83,-1.1,5.489932885906046,2023-04-27,785.9
2023-03-29,2023-03,47,BAJFINANCE,564.0,0.59,-2.82,-1.13,9.92907801418439,2023-04-27,620.0
2023-03-29,2023-03,48,WIPRO,171.95,0.47,-3.76,-1.67,4.187263739459146,2023-04-27,179.15
2023-03-29,2023-03,49,M&M,1145.85,0.29,-3.93,-1.84,6.820264432517353,2023-04-27,1224.0
2023-04-27,2023-04,1,BAJAJ-AUTO,4303.0,1.46,5.51,3.47,5.414826864977917,2023-05-25,4536.0
2023-04-27,2023-04,2,NESTLEIND,1059.6,0.99,5.33,3.14,1.5477538693846826,2023-05-25,1076.0
2023-04-27,2023-04,3,TATACONSUM,745.65,1.33,4.7,3.0,3.3326627774425077,2023-05-25,770.5
2023-04-27,2023-04,4,BAJFINANCE,620.0,0.98,4.5,2.72,10.241935483870979,2023-05-25,683.5
2023-04-27,2023-04,5,TMPV,331.15,0.42,4.86,2.62,7.171976445719452,2023-05-25,354.9
2023-04-27,2023-04,6,BPCL,154.1,1.04,3.97,2.49,2.69305645684621,2023-05-25,158.25
2023-04-27,2023-04,7,ITC,343.05,0.51,4.4,2.44,6.194432298498764,2023-05-25,364.3
2023-04-27,2023-04,8,DIVISLAB,3233.0,0.41,4.24,2.31,6.402721930095878,2023-05-25,3440.0
2023-04-27,2023-04,9,KOTAKBANK,381.3,0.67,3.76,2.2,1.258851298190411,2023-05-25,386.1
2023-04-27,2023-04,10,EICHERMOT,3270.0,0.53,3.72,2.11,12.20183486238533,2023-05-25,3669.0
2023-04-27,2023-04,11,SBIN,564.45,0.24,4.02,2.11,2.8434759500398643,2023-05-25,580.5
2023-04-27,2023-04,12,LT,2305.7,1.08,3.1,2.09,-4.343583293576769,2023-05-25,2205.55
2023-04-27,2023-04,13,TITAN,2660.35,0.77,3.35,2.05,1.8662957881481868,2023-05-25,2710.0
2023-04-27,2023-04,14,JSWSTEEL,732.0,0.83,3.26,2.04,-4.979508196721316,2023-05-25,695.55
2023-04-27,2023-04,15,INDUSINDBK,1142.85,0.46,3.63,2.03,10.259439121494518,2023-05-25,1260.1
2023-04-27,2023-04,16,DRREDDY,981.4,0.88,2.98,1.92,-8.171999184837976,2023-05-25,901.2
2023-04-27,2023-04,17,BHARTIARTL,785.9,1.17,2.43,1.8,4.84794503117445,2023-05-25,824.0
2023-04-27,2023-04,18,ICICIBANK,917.6,0.37,3.13,1.74,2.375762859633812,2023-05-25,939.4
2023-04-27,2023-04,19,COALINDIA,216.25,0.62,2.73,1.67,3.1445086705202296,2023-05-25,223.05
2023-04-27,2023-04,20,BAJAJFINSV,1359.0,0.51,2.8,1.65,4.889624724061803,2023-05-25,1425.45
2023-04-27,2023-04,21,SBILIFE,1142.0,1.25,2.06,1.65,3.48511383537653,2023-05-25,1181.8
2023-04-27,2023-04,22,HINDALCO,430.75,0.59,2.63,1.6,-6.279744631456763,2023-05-25,403.7
2023-04-27,2023-04,23,POWERGRID,173.75,0.59,2.59,1.59,0.7194244604316502,2023-05-25,175.0
2023-04-27,2023-04,24,HEROMOTOCO,2354.85,0.23,2.54,1.38,9.13646304435527,2023-05-25,2570.0
2023-04-27,2023-04,25,BRITANNIA,4416.0,0.35,2.07,1.21,3.4635416666666696,2023-05-25,4568.95
2023-04-27,2023-04,26,RELIANCE,1135.1,0.57,1.74,1.15,2.65174874460401,2023-05-25,1165.2
2023-04-27,2023-04,27,M&M,1224.0,0.59,1.68,1.13,4.522058823529407,2023-05-25,1279.35
2023-04-27,2023-04,28,ASIANPAINT,2903.25,0.15,1.99,1.07,7.462326702833044,2023-05-25,3119.9
2023-04-27,2023-04,29,ADANIENT,1797.4,0.21,1.9,1.05,37.431845999777444,2023-05-25,2470.2
2023-04-27,2023-04,30,APOLLOHOSP,4425.0,0.38,1.68,1.03,3.570621468926549,2023-05-25,4583.0
2023-04-27,2023-04,31,GRASIM,1693.15,0.52,1.55,1.03,0.09449842010453846,2023-05-25,1694.75
2023-04-27,2023-04,32,HDFCBANK,840.0,0.46,1.57,1.01,-3.964285714285709,2023-05-25,806.7
2023-04-27,2023-04,33,CIPLA,917.2,0.89,1.08,0.98,3.0854775403401646,2023-05-25,945.5
2023-04-27,2023-04,34,AXISBANK,880.5,-0.21,1.76,0.77,4.5258375922771155,2023-05-25,920.35
2023-04-27,2023-04,35,TATASTEEL,101.73,0.53,0.99,0.76,-2.5951046888823326,2023-05-25,99.09
2023-04-27,2023-04,36,HCLTECH,1072.0,0.68,0.36,0.52,4.18843283582091,2023-05-25,1116.9
2023-04-27,2023-04,37,ONGC,144.45,-0.41,1.43,0.51,4.015230183454488,2023-05-25,150.25
2023-04-27,2023-04,38,WIPRO,179.15,0.01,1.01,0.51,5.3865475858219325,2023-05-25,188.8
2023-04-27,2023-04,39,UPL,698.45,0.71,0.22,0.46,-7.094280191853397,2023-05-25,648.9
2023-04-27,2023-04,40,MARUTI,8555.0,0.5,0.17,0.33,8.498538866160121,2023-05-25,9282.05
2023-04-27,2023-04,41,ULTRACEMCO,7355.0,0.51,0.08,0.29,1.6315431679129855,2023-05-25,7475.0
2023-04-27,2023-04,42,TCS,3189.9,0.14,0.25,0.19,3.2947741308504863,2023-05-25,3295.0
2023-04-27,2023-04,43,SUNPHARMA,979.6,0.95,-0.69,0.13,-3.542262147815445,2023-05-25,944.9
2023-04-27,2023-04,44,ADANIPORTS,659.55,-0.57,0.44,-0.07,10.044727465696312,2023-05-25,725.8
2023-04-27,2023-04,45,NTPC,171.05,0.5,-0.65,-0.08,2.0754165448699124,2023-05-25,174.6
2023-04-27,2023-04,46,HDFCLIFE,519.75,-0.72,0.26,-0.23,10.245310245310236,2023-05-25,573.0
2023-04-27,2023-04,47,HINDUNILVR,2469.0,-0.59,-1.64,-1.12,5.226812474686104,2023-05-25,2598.05
2023-04-27,2023-04,48,INFY,1219.7,0.95,-4.93,-2.03,4.804460113142572,2023-05-25,1278.3
2023-04-27,2023-04,49,TECHM,931.3,0.07,-4.25,-2.11,10.082680124557086,2023-05-25,1025.2
2023-05-25,2023-05,1,ADANIENT,2470.2,2.93,21.57,11.86,-5.2951178042263685,2023-06-28,2339.4
2023-05-25,2023-05,2,DIVISLAB,3440.0,1.27,5.09,3.16,4.491279069767451,2023-06-28,3594.5
2023-05-25,2023-05,3,EICHERMOT,3669.0,1.18,5.18,3.16,-3.251567184518944,2023-06-28,3549.7
2023-05-25,2023-05,4,ITC,364.3,1.18,4.35,2.75,1.6469942355201717,2023-06-28,370.3
2023-05-25,2023-05,5,BAJAJ-AUTO,4536.0,1.41,3.93,2.66,1.5873015873015817,2023-06-28,4608.0
2023-05-25,2023-05,6,BHARTIARTL,824.0,1.43,3.74,2.58,5.825242718446599,2023-06-28,872.0
2023-05-25,2023-05,7,ADANIPORTS,725.8,0.62,4.39,2.49,4.02314687241665,2023-06-28,755.0
2023-05-25,2023-05,8,INDUSINDBK,1260.1,0.09,4.78,2.41,6.301087215300383,2023-06-28,1339.5
2023-05-25,2023-05,9,BAJFINANCE,683.5,0.6,3.79,2.18,3.8771031455742566,2023-06-28,710.0
2023-05-25,2023-05,10,HDFCLIFE,573.0,0.76,3.44,2.09,15.130890052356039,2023-06-28,659.7
2023-05-25,2023-05,11,HEROMOTOCO,2570.0,0.33,3.84,2.07,3.5505836575875582,2023-06-28,2661.25
2023-05-25,2023-05,12,TECHM,1025.2,0.41,3.17,1.78,0.8583690987124415,2023-06-28,1034.0
2023-05-25,2023-05,13,M&M,1279.35,0.88,2.15,1.51,9.196076132411001,2023-06-28,1397.0
2023-05-25,2023-05,14,HCLTECH,1116.9,0.46,2.5,1.47,4.843763989614103,2023-06-28,1171.0
2023-05-25,2023-05,15,CIPLA,945.5,0.81,2.09,1.45,7.144368059227912,2023-06-28,1013.05
2023-05-25,2023-05,16,MARUTI,9282.05,0.28,2.61,1.44,2.672362247563864,2023-06-28,9530.1
2023-05-25,2023-05,17,ASIANPAINT,3119.9,0.34,2.33,1.33,7.373633770313148,2023-06-28,3349.95
2023-05-25,2023-05,18,AXISBANK,920.35,0.38,2.18,1.28,6.530124409192162,2023-06-28,980.45
2023-05-25,2023-05,19,INFY,1278.3,0.61,1.95,1.28,-0.7118829695689555,2023-06-28,1269.2
2023-05-25,2023-05,20,SBILIFE,1181.8,0.75,1.68,1.21,10.001692333728208,2023-06-28,1300.0
2023-05-25,2023-05,21,TATACONSUM,770.5,0.61,1.43,1.02,9.863724853990918,2023-06-28,846.5
2023-05-25,2023-05,22,APOLLOHOSP,4583.0,0.52,1.39,0.95,11.981234998909018,2023-06-28,5132.1
2023-05-25,2023-05,23,WIPRO,188.8,-0.32,2.23,0.95,-3.230932203389847,2023-06-28,182.7
2023-05-25,2023-05,24,TMPV,354.9,-0.14,1.93,0.89,13.679909833756,2023-06-28,403.45
2023-05-25,2023-05,25,BAJAJFINSV,1425.45,-0.09,1.81,0.86,6.69613104633624,2023-06-28,1520.9
2023-05-25,2023-05,26,ONGC,150.25,0.35,1.25,0.8,-4.758735440931783,2023-06-28,143.1
2023-05-25,2023-05,27,TCS,3295.0,0.15,1.4,0.77,-2.189681335356608,2023-06-28,3222.85
2023-05-25,2023-05,28,BRITANNIA,4568.95,0.45,0.92,0.68,9.589730682104225,2023-06-28,5007.1
2023-05-25,2023-05,29,BPCL,158.25,0.2,1.02,0.61,0.5371248025276332,2023-06-28,159.1
2023-05-25,2023-05,30,COALINDIA,223.05,0.02,1.2,0.61,-5.04371217215871,2023-06-28,211.8
2023-05-25,2023-05,31,SBIN,580.5,-0.04,1.2,0.58,-1.636520241171402,2023-06-28,571.0
2023-05-25,2023-05,32,KOTAKBANK,386.1,0.46,0.51,0.48,-4.480704480704478,2023-06-28,368.8
2023-05-25,2023-05,33,POWERGRID,175.0,0.59,0.33,0.46,5.971428571428561,2023-06-28,185.45
2023-05-25,2023-05,34,TITAN,2710.0,0.48,0.29,0.38,11.845018450184508,2023-06-28,3031.0
2023-05-25,2023-05,35,RELIANCE,1165.2,0.36,0.35,0.35,3.4843803638860305,2023-06-28,1205.8
2023-05-25,2023-05,36,NESTLEIND,1076.0,0.29,0.34,0.31,5.715613382899631,2023-06-28,1137.5
2023-05-25,2023-05,37,ICICIBANK,939.4,-0.28,0.58,0.15,0.05322546306152365,2023-06-28,939.9
2023-05-25,2023-05,38,HINDUNILVR,2598.05,-0.3,0.4,0.05,2.7559130886626537,2023-06-28,2669.65
2023-05-25,2023-05,39,NTPC,174.6,0.07,-0.15,-0.04,8.07560137457044,2023-06-28,188.7
2023-05-25,2023-05,40,ULTRACEMCO,7475.0,-0.13,-0.18,-0.16,8.81605351170569,2023-06-28,8134.0
2023-05-25,2023-05,41,SUNPHARMA,944.9,0.08,-0.77,-0.35,8.482379087734149,2023-06-28,1025.05
2023-05-25,2023-05,42,GRASIM,1694.75,0.01,-0.96,-0.48,2.43988788906917,2023-06-28,1736.1
2023-05-25,2023-05,43,LT,2205.55,0.56,-1.67,-0.56,9.904558953549003,2023-06-28,2424.0
2023-05-25,2023-05,44,TATASTEEL,99.09,0.11,-1.58,-0.74,6.509234029670008,2023-06-28,105.54
2023-05-25,2023-05,45,JSWSTEEL,695.55,-0.12,-1.52,-0.82,12.745309467328036,2023-06-28,784.2
2023-05-25,2023-05,46,DRREDDY,901.2,0.25,-2.09,-0.93,13.470927652019515,2023-06-28,1022.6
2023-05-25,2023-05,47,HDFCBANK,806.7,-0.06,-1.96,-1.01,3.7808355026651697,2023-06-28,837.2
2023-05-25,2023-05,48,UPL,648.9,-0.13,-2.15,-1.15,0.7474187085837691,2023-06-28,653.75
2023-05-25,2023-05,49,HINDALCO,403.7,-0.02,-3.01,-1.53,4.099578895219236,2023-06-28,420.25
2023-06-28,2023-06,1,HDFCLIFE,659.7,0.92,7.2,4.01,0.6972866454448834,2023-07-27,664.3
2023-06-28,2023-06,2,DRREDDY,1022.6,0.86,5.52,3.16,7.8623117543516585,2023-07-27,1103.0
2023-06-28,2023-06,3,JSWSTEEL,784.2,1.58,4.5,3.03,1.4345830145371163,2023-07-27,795.45
2023-06-28,2023-06,4,ADANIPORTS,755.0,2.66,3.06,2.86,-0.675496688741728,2023-07-27,749.9
2023-06-28,2023-06,5,TMPV,403.45,1.07,4.36,2.7,10.1747428429793,2023-07-27,444.5
2023-06-28,2023-06,6,SUNPHARMA,1025.05,1.85,3.28,2.56,10.97995219745378,2023-07-27,1137.6
2023-06-28,2023-06,7,TITAN,3031.0,0.95,3.77,2.35,-0.8907951171230666,2023-07-27,3004.0
2023-06-28,2023-06,8,BHARTIARTL,872.0,0.67,3.95,2.3,2.5114678899082588,2023-07-27,893.9
2023-06-28,2023-06,9,INDUSINDBK,1339.5,1.17,3.2,2.18,5.808137364688304,2023-07-27,1417.3
2023-06-28,2023-06,10,SBILIFE,1300.0,0.73,3.55,2.13,-0.1615384615384574,2023-07-27,1297.9
2023-06-28,2023-06,11,ADANIENT,2339.4,2.38,1.71,2.04,0.850645464649058,2023-07-27,2359.3
2023-06-28,2023-06,12,LT,2424.0,0.72,3.01,1.86,9.816419141914178,2023-07-27,2661.95
2023-06-28,2023-06,13,BAJAJ-AUTO,4608.0,1.84,1.57,1.7,2.842881944444442,2023-07-27,4739.0
2023-06-28,2023-06,14,HDFCBANK,837.2,0.66,2.76,1.7,0.15527950310558758,2023-07-27,838.5
2023-06-28,2023-06,15,ASIANPAINT,3349.95,0.52,2.75,1.63,0.9865818892819345,2023-07-27,3383.0
2023-06-28,2023-06,16,POWERGRID,185.45,0.69,2.5,1.59,-0.3774602318684206,2023-07-27,184.75
2023-06-28,2023-06,17,NTPC,188.7,0.53,2.59,1.55,7.021727609962913,2023-07-27,201.95
2023-06-28,2023-06,18,ULTRACEMCO,8134.0,0.98,2.07,1.52,0.0,2023-07-27,8134.0
2023-06-28,2023-06,19,AXISBANK,980.45,0.8,2.02,1.41,-1.9684838594522969,2023-07-27,961.15
2023-06-28,2023-06,20,APOLLOHOSP,5132.1,0.2,2.56,1.37,1.810175171956896,2023-07-27,5225.0
2023-06-28,2023-06,21,TATACONSUM,846.5,0.07,2.66,1.36,-0.7974010632014195,2023-07-27,839.75
2023-06-28,2023-06,22,DIVISLAB,3594.5,0.08,2.45,1.26,4.465155098066487,2023-07-27,3755.0
2023-06-28,2023-06,23,CIPLA,1013.05,0.17,2.35,1.25,15.788954148363853,2023-07-27,1173.0
2023-06-28,2023-06,24,BRITANNIA,5007.1,0.39,2.05,1.22,-2.578338758962284,2023-07-27,4878.0
2023-06-28,2023-06,25,HCLTECH,1171.0,0.12,2.05,1.08,-4.739538855678904,2023-07-27,1115.5
2023-06-28,2023-06,26,BAJAJFINSV,1520.9,0.07,2.0,1.03,6.252876586231837,2023-07-27,1616.0
2023-06-28,2023-06,27,NESTLEIND,1137.5,0.34,1.35,0.84,-1.8461538461538418,2023-07-27,1116.5
2023-06-28,2023-06,28,INFY,1269.2,0.82,0.63,0.72,4.459502048534492,2023-07-27,1325.8
2023-06-28,2023-06,29,M&M,1397.0,-0.3,1.75,0.72,3.7222619899785148,2023-07-27,1449.0
2023-06-28,2023-06,30,ITC,370.3,0.41,0.99,0.7,4.037267080745344,2023-07-27,385.25
2023-06-28,2023-06,31,BAJFINANCE,710.0,0.55,0.73,0.64,2.605633802816909,2023-07-27,728.5
2023-06-28,2023-06,32,MARUTI,9530.1,0.45,0.82,0.63,2.3215915887556227,2023-07-27,9751.35
2023-06-28,2023-06,33,ICICIBANK,939.9,0.51,0.65,0.58,5.766570911799129,2023-07-27,994.1
2023-06-28,2023-06,34,TATASTEEL,105.54,0.46,0.68,0.57,8.053818457456895,2023-07-27,114.04
2023-06-28,2023-06,35,RELIANCE,1205.8,0.49,0.62,0.55,4.2876098855531675,2023-07-27,1257.5
2023-06-28,2023-06,36,SBIN,571.0,0.75,0.04,0.39,8.056042031523635,2023-07-27,617.0
2023-06-28,2023-06,37,HINDALCO,420.25,0.43,0.3,0.36,7.721594289113609,2023-07-27,452.7
2023-06-28,2023-06,38,BPCL,159.1,0.81,-0.14,0.33,4.085480829666865,2023-07-27,165.6
2023-06-28,2023-06,39,UPL,653.75,0.71,-0.12,0.29,-7.678776290630984,2023-07-27,603.55
2023-06-28,2023-06,40,HINDUNILVR,2669.65,0.28,0.27,0.27,-3.552900192909181,2023-07-27,2574.8
2023-06-28,2023-06,41,GRASIM,1736.1,0.43,0.06,0.24,4.360347906226614,2023-07-27,1811.8
2023-06-28,2023-06,42,HEROMOTOCO,2661.25,0.06,0.1,0.08,11.986848285580077,2023-07-27,2980.25
2023-06-28,2023-06,43,ONGC,143.1,-0.11,0.25,0.07,8.001397624039154,2023-07-27,154.55
2023-06-28,2023-06,44,TCS,3222.85,0.39,-0.27,0.06,5.4330794172859465,2023-07-27,3397.95
2023-06-28,2023-06,45,COALINDIA,211.8,0.72,-0.66,0.03,0.9442870632672351,2023-07-27,213.8
2023-06-28,2023-06,46,TECHM,1034.0,-0.78,0.8,0.01,-0.5899419729206823,2023-07-27,1027.9
2023-06-28,2023-06,47,EICHERMOT,3549.7,0.09,-0.5,-0.21,-6.245598219567849,2023-07-27,3328.0
2023-06-28,2023-06,48,KOTAKBANK,368.8,0.38,-1.09,-0.36,1.626898047722336,2023-07-27,374.8
2023-06-28,2023-06,49,WIPRO,182.7,0.06,-1.39,-0.67,5.008210180623984,2023-07-27,191.85
2023-07-27,2023-07,1,CIPLA,1173.0,4.11,12.12,8.04,6.854219948849116,2023-08-31,1253.4
2023-07-27,2023-07,2,SUNPHARMA,1137.6,1.03,5.8,3.39,-2.1316807313642716,2023-08-31,1113.35
2023-07-27,2023-07,3,LT,2661.95,0.47,5.86,3.13,1.4707263472266696,2023-08-31,2701.1
2023-07-27,2023-07,4,DRREDDY,1103.0,0.17,5.27,2.69,1.903898458748876,2023-08-31,1124.0
2023-07-27,2023-07,5,TMPV,444.5,0.34,4.65,2.47,-6.771653543307088,2023-08-31,414.4
2023-07-27,2023-07,6,NTPC,201.95,0.45,4.5,2.45,8.541718247090868,2023-08-31,219.2
2023-07-27,2023-07,7,TATASTEEL,114.04,0.38,3.79,2.07,2.3149772009821046,2023-08-31,116.68
2023-07-27,2023-07,8,HINDALCO,452.7,0.5,3.62,2.05,2.032250938811564,2023-08-31,461.9
2023-07-27,2023-07,9,HEROMOTOCO,2980.25,0.68,2.74,1.7,-7.692307692307687,2023-08-31,2751.0
2023-07-27,2023-07,10,DIVISLAB,3755.0,0.59,2.77,1.67,-4.553928095872173,2023-08-31,3584.0
2023-07-27,2023-07,11,SBIN,617.0,0.26,3.0,1.62,-8.889789303079422,2023-08-31,562.15
2023-07-27,2023-07,12,ICICIBANK,994.1,0.03,2.29,1.15,-3.4453274318479,2023-08-31,959.85
2023-07-27,2023-07,13,HDFCLIFE,664.3,0.56,1.55,1.05,-2.7472527472527486,2023-08-31,646.05
2023-07-27,2023-07,14,BHARTIARTL,893.9,0.16,1.85,1.0,-4.122385054256627,2023-08-31,857.05
2023-07-27,2023-07,15,ADANIPORTS,749.9,0.05,1.92,0.98,5.734097879717304,2023-08-31,792.9
2023-07-27,2023-07,16,INDUSINDBK,1417.3,-0.09,1.98,0.94,-2.7023213151767367,2023-08-31,1379.0
2023-07-27,2023-07,17,ONGC,154.55,-0.56,2.36,0.89,1.6499514720155206,2023-08-31,157.1
2023-07-27,2023-07,18,APOLLOHOSP,5225.0,0.45,1.22,0.83,-7.693779904306219,2023-08-31,4823.0
2023-07-27,2023-07,19,POWERGRID,184.75,0.07,1.35,0.71,-0.4871447902571102,2023-08-31,183.85
2023-07-27,2023-07,20,GRASIM,1811.8,-0.5,1.66,0.57,-1.5950987967766839,2023-08-31,1782.9
2023-07-27,2023-07,21,TCS,3397.95,0.05,0.82,0.43,-1.0874203563913443,2023-08-31,3361.0
2023-07-27,2023-07,22,BAJAJ-AUTO,4739.0,-0.14,0.68,0.27,-5.127664064148552,2023-08-31,4496.0
2023-07-27,2023-07,23,MARUTI,9751.35,0.02,0.52,0.27,2.549903346716098,2023-08-31,10000.0
2023-07-27,2023-07,24,ULTRACEMCO,8134.0,-0.17,0.41,0.12,0.14752889107449985,2023-08-31,8146.0
2023-07-27,2023-07,25,ADANIENT,2359.3,-0.65,0.82,0.08,-0.3517992624931243,2023-08-31,2351.0
2023-07-27,2023-07,26,JSWSTEEL,795.45,-0.59,0.73,0.07,-1.8982965616946457,2023-08-31,780.35
2023-07-27,2023-07,27,SBILIFE,1297.9,0.07,0.05,0.06,0.007704753833115419,2023-08-31,1298.0
2023-07-27,2023-07,28,HDFCBANK,838.5,-0.48,0.36,-0.06,-5.963029218843174,2023-08-31,788.5
2023-07-27,2023-07,29,TITAN,3004.0,0.1,-0.31,-0.11,3.595206391478034,2023-08-31,3112.0
2023-07-27,2023-07,30,INFY,1325.8,0.25,-0.5,-0.13,6.056720470659216,2023-08-31,1406.1
2023-07-27,2023-07,31,WIPRO,191.85,-0.39,0.03,-0.18,1.9025280166796943,2023-08-31,195.5
2023-07-27,2023-07,32,COALINDIA,213.8,-0.12,-0.34,-0.23,0.280636108512633,2023-08-31,214.4
2023-07-27,2023-07,33,BAJAJFINSV,1616.0,-1.43,0.72,-0.36,-7.775371287128719,2023-08-31,1490.35
2023-07-27,2023-07,34,ITC,385.25,-0.51,-0.47,-0.49,-5.918234912394549,2023-08-31,362.45
2023-07-27,2023-07,35,ASIANPAINT,3383.0,-0.22,-0.78,-0.5,-3.7836240023647605,2023-08-31,3255.0
2023-07-27,2023-07,36,RELIANCE,1257.5,0.02,-1.13,-0.56,-4.238568588469183,2023-08-31,1204.2
2023-07-27,2023-07,37,AXISBANK,961.15,-0.65,-0.54,-0.6,1.1288560578473827,2023-08-31,972.0
2023-07-27,2023-07,38,EICHERMOT,3328.0,-0.38,-0.83,-0.61,0.390625,2023-08-31,3341.0
2023-07-27,2023-07,39,KOTAKBANK,374.8,-0.5,-0.76,-0.63,-6.083244397011745,2023-08-31,352.0
2023-07-27,2023-07,40,TATACONSUM,839.75,-1.18,-0.31,-0.75,-1.5540339386722168,2023-08-31,826.7
2023-07-27,2023-07,41,BPCL,165.6,-1.17,-0.7,-0.94,-10.929951690821248,2023-08-31,147.5
2023-07-27,2023-07,42,HCLTECH,1115.5,-0.01,-1.87,-0.94,5.333930972657996,2023-08-31,1175.0
2023-07-27,2023-07,43,HINDUNILVR,2574.8,-0.02,-2.54,-1.29,-2.567189684635718,2023-08-31,2508.7
2023-07-27,2023-07,44,NESTLEIND,1116.5,-0.83,-1.99,-1.41,-1.5494849977608527,2023-08-31,1099.2
2023-07-27,2023-07,45,UPL,603.55,-0.13,-2.69,-1.42,-5.9150028995112125,2023-08-31,567.85
2023-07-27,2023-07,46,BRITANNIA,4878.0,-0.61,-2.49,-1.55,-8.509635096350976,2023-08-31,4462.9
2023-07-27,2023-07,47,BAJFINANCE,728.5,-2.51,-2.26,-2.39,-1.5785861358956765,2023-08-31,717.0
2023-07-27,2023-07,48,M&M,1449.0,-2.7,-4.06,-3.38,8.88198757763976,2023-08-31,1577.7
2023-07-27,2023-07,49,TECHM,1027.9,-2.35,-5.69,-4.03,9.504815643545083,2023-08-31,1125.6
2023-08-31,2023-08,1,MARUTI,10000.0,1.2,4.14,2.66,5.750000000000011,2023-09-28,10575.0
2023-08-31,2023-08,2,CIPLA,1253.4,1.2,3.23,2.21,-7.10866443274295,2023-09-28,1164.3
2023-08-31,2023-08,3,TATASTEEL,116.68,0.82,3.62,2.21,3.6852931093589225,2023-09-28,120.98
2023-08-31,2023-08,4,TITAN,3112.0,0.53,2.24,1.38,1.855719794344468,2023-09-28,3169.75
2023-08-31,2023-08,5,HDFCLIFE,646.05,1.21,1.5,1.35,-1.6330005417537263,2023-09-28,635.5
2023-08-31,2023-08,6,HINDALCO,461.9,0.48,1.99,1.23,1.3206321714656966,2023-09-28,468.0
2023-08-31,2023-08,7,INFY,1406.1,0.1,2.26,1.17,0.3840409643695475,2023-09-28,1411.5
2023-08-31,2023-08,8,M&M,1577.7,0.03,2.28,1.15,-1.4800025353362556,2023-09-28,1554.35
2023-08-31,2023-08,9,ULTRACEMCO,8146.0,0.43,1.37,0.9,-1.804566658482687,2023-09-28,7999.0
2023-08-31,2023-08,10,LT,2701.1,0.02,1.49,0.75,12.008070785976077,2023-09-28,3025.45
2023-08-31,2023-08,11,HCLTECH,1175.0,0.12,1.25,0.68,6.242553191489364,2023-09-28,1248.35
2023-08-31,2023-08,12,NTPC,219.2,-0.64,1.25,0.3,9.215328467153295,2023-09-28,239.4
2023-08-31,2023-08,13,TECHM,1125.6,-0.28,0.63,0.17,2.6474769012082566,2023-09-28,1155.4
2023-08-31,2023-08,14,SBILIFE,1298.0,-0.11,0.2,0.04,-0.38520801232665436,2023-09-28,1293.0
2023-08-31,2023-08,15,COALINDIA,214.4,0.22,-0.16,0.03,27.02891791044777,2023-09-28,272.35
2023-08-31,2023-08,16,WIPRO,195.5,0.13,-0.31,-0.09,-0.48593350383631106,2023-09-28,194.55
2023-08-31,2023-08,17,AXISBANK,972.0,-1.09,0.73,-0.18,5.838477366255135,2023-09-28,1028.75
2023-08-31,2023-08,18,SUNPHARMA,1113.35,0.17,-0.68,-0.26,2.0209278304216927,2023-09-28,1135.85
2023-08-31,2023-08,19,NESTLEIND,1099.2,0.04,-0.74,-0.35,2.9839883551673996,2023-09-28,1132.0
2023-08-31,2023-08,20,ICICIBANK,959.85,-0.25,-0.51,-0.38,-1.7815283638068502,2023-09-28,942.75
2023-08-31,2023-08,21,ASIANPAINT,3255.0,-0.62,-0.2,-0.41,-2.304147465437789,2023-09-28,3180.0
2023-08-31,2023-08,22,BAJFINANCE,717.0,-0.82,0.01,-0.41,7.810320781032076,2023-09-28,773.0
2023-08-31,2023-08,23,ONGC,157.1,-0.72,-0.4,-0.56,8.306810948440502,2023-09-28,170.15
2023-08-31,2023-08,24,GRASIM,1782.9,-0.53,-0.62,-0.58,6.761456054742276,2023-09-28,1903.45
2023-08-31,2023-08,25,TATACONSUM,826.7,-0.46,-0.76,-0.61,5.140921737026738,2023-09-28,869.2
2023-08-31,2023-08,26,EICHERMOT,3341.0,-0.89,-0.37,-0.63,3.184675246932067,2023-09-28,3447.4
2023-08-31,2023-08,27,POWERGRID,183.85,-1.02,-0.33,-0.68,8.75713897198802,2023-09-28,199.95
2023-08-31,2023-08,28,BHARTIARTL,857.05,-0.11,-1.3,-0.71,8.628434747097602,2023-09-28,931.0
2023-08-31,2023-08,29,BAJAJFINSV,1490.35,-0.7,-0.85,-0.78,3.1972355486966197,2023-09-28,1538.0
2023-08-31,2023-08,30,HDFCBANK,788.5,-0.01,-1.56,-0.79,-3.7159162967660087,2023-09-28,759.2
2023-08-31,2023-08,31,INDUSINDBK,1379.0,-0.4,-1.19,-0.8,2.592458303118206,2023-09-28,1414.75
2023-08-31,2023-08,32,TCS,3361.0,-0.69,-1.03,-0.86,5.593573341267488,2023-09-28,3549.0
2023-08-31,2023-08,33,UPL,567.85,-0.71,-1.02,-0.87,2.5711015232896095,2023-09-28,582.45
2023-08-31,2023-08,34,JSWSTEEL,780.35,-0.59,-1.34,-0.97,-1.2238098289229282,2023-09-28,770.8
2023-08-31,2023-08,35,BAJAJ-AUTO,4496.0,-1.02,-1.14,-1.08,8.963523131672591,2023-09-28,4899.0
2023-08-31,2023-08,36,HINDUNILVR,2508.7,-0.53,-1.77,-1.15,-1.8216606210387787,2023-09-28,2463.0
2023-08-31,2023-08,37,TMPV,414.4,-0.77,-1.62,-1.2,2.183880308880304,2023-09-28,423.45
2023-08-31,2023-08,38,ITC,362.45,-0.29,-2.12,-1.21,0.3724651676093371,2023-09-28,363.8
2023-08-31,2023-08,39,KOTAKBANK,352.0,-0.81,-1.84,-1.33,-1.647727272727273,2023-09-28,346.2
2023-08-31,2023-08,40,HEROMOTOCO,2751.0,-0.9,-1.88,-1.39,1.8429661941112174,2023-09-28,2801.7
2023-08-31,2023-08,41,DRREDDY,1124.0,-0.85,-1.94,-1.4,-3.380782918149461,2023-09-28,1086.0
2023-08-31,2023-08,42,ADANIPORTS,792.9,-1.6,-1.28,-1.44,4.319586328666913,2023-09-28,827.15
2023-08-31,2023-08,43,APOLLOHOSP,4823.0,-0.9,-2.19,-1.55,4.438109060750572,2023-09-28,5037.05
2023-08-31,2023-08,44,SBIN,562.15,-0.99,-2.26,-1.63,5.043137952503773,2023-09-28,590.5
2023-08-31,2023-08,45,DIVISLAB,3584.0,-1.2,-2.26,-1.73,2.977120535714284,2023-09-28,3690.7
2023-08-31,2023-08,46,RELIANCE,1204.2,-0.46,-3.19,-1.83,-2.8815811327022156,2023-09-28,1169.5
2023-08-31,2023-08,47,BRITANNIA,4462.9,-1.15,-2.79,-1.97,1.7275762396647965,2023-09-28,4540.0
2023-08-31,2023-08,48,ADANIENT,2351.0,-1.79,-3.19,-2.49,2.101233517652057,2023-09-28,2400.4
2023-08-31,2023-08,49,BPCL,147.5,-2.17,-4.61,-3.4,1.3559322033898313,2023-09-28,149.5
2023-09-28,2023-09,1,COALINDIA,272.35,0.7,6.9,3.75,4.387736368643291,2023-10-26,284.3
2023-09-28,2023-09,2,LT,3025.45,1.2,5.25,3.21,-5.321522418152669,2023-10-26,2864.45
2023-09-28,2023-09,3,BHARTIARTL,931.0,1.21,3.04,2.12,-2.470461868958107,2023-10-26,908.0
2023-09-28,2023-09,4,AXISBANK,1028.75,0.39,2.21,1.3,-5.390036452004865,2023-10-26,973.3
2023-09-28,2023-09,5,ONGC,170.15,0.37,2.17,1.27,-4.437261240082291,2023-10-26,162.6
2023-09-28,2023-09,6,POWERGRID,199.95,0.32,2.12,1.22,-0.47511877969491634,2023-10-26,199.0
2023-09-28,2023-09,7,BAJFINANCE,773.0,-0.68,2.67,0.98,-4.139715394566624,2023-10-26,741.0
2023-09-28,2023-09,8,NTPC,239.4,0.1,1.73,0.91,-3.0910609857978333,2023-10-26,232.0
2023-09-28,2023-09,9,MARUTI,10575.0,-0.29,2.08,0.89,-1.654846335697402,2023-10-26,10400.0
2023-09-28,2023-09,10,BAJAJ-AUTO,4899.0,-0.21,1.9,0.84,4.623392529087567,2023-10-26,5125.5
2023-09-28,2023-09,11,EICHERMOT,3447.4,-0.44,1.08,0.32,-3.550501827464181,2023-10-26,3325.0
2023-09-28,2023-09,12,NESTLEIND,1132.0,-0.2,0.72,0.26,3.5777385159010633,2023-10-26,1172.5
2023-09-28,2023-09,13,TATACONSUM,869.2,-0.58,0.79,0.1,-0.23009664058905033,2023-10-26,867.2
2023-09-28,2023-09,14,SBIN,590.5,-0.17,0.23,0.03,-7.366638441998308,2023-10-26,547.0
2023-09-28,2023-09,15,TCS,3549.0,-0.46,0.49,0.01,-6.120033812341497,2023-10-26,3331.8
2023-09-28,2023-09,16,GRASIM,1903.45,-0.64,0.62,-0.01,-3.0103233602143398,2023-10-26,1846.15
2023-09-28,2023-09,17,SUNPHARMA,1135.85,-0.14,0.07,-0.04,-2.6279878505084175,2023-10-26,1106.0
2023-09-28,2023-09,18,ADANIPORTS,827.15,-0.33,0.19,-0.07,-6.703741763888038,2023-10-26,771.7
2023-09-28,2023-09,19,TATASTEEL,120.98,-0.35,-0.05,-0.2,-5.934865266986289,2023-10-26,113.8
2023-09-28,2023-09,20,APOLLOHOSP,5037.05,-0.7,0.29,-0.21,-5.301714297058801,2023-10-26,4770.0
2023-09-28,2023-09,21,HCLTECH,1248.35,-0.37,-0.31,-0.34,-1.5941042175671827,2023-10-26,1228.45
2023-09-28,2023-09,22,ADANIENT,2400.4,0.02,-0.72,-0.35,-10.719046825529087,2023-10-26,2143.1
2023-09-28,2023-09,23,BAJAJFINSV,1538.0,-1.09,-0.16,-0.63,1.2353706111833507,2023-10-26,1557.0
2023-09-28,2023-09,24,BRITANNIA,4540.0,-0.69,-0.71,-0.7,-0.6640969162995503,2023-10-26,4509.85
2023-09-28,2023-09,25,TMPV,423.45,-0.57,-1.06,-0.82,1.7121265792891638,2023-10-26,430.7
2023-09-28,2023-09,26,ITC,363.8,-0.48,-1.25,-0.87,-1.924134139637168,2023-10-26,356.8
2023-09-28,2023-09,27,INDUSINDBK,1414.75,-0.86,-1.05,-0.96,-0.272132885668841,2023-10-26,1410.9
2023-09-28,2023-09,28,HINDUNILVR,2463.0,-0.55,-1.45,-1.0,0.3024766544863944,2023-10-26,2470.45
2023-09-28,2023-09,29,HEROMOTOCO,2801.7,-0.92,-1.12,-1.02,5.125459542420696,2023-10-26,2945.3
2023-09-28,2023-09,30,TITAN,3169.75,-0.82,-1.24,-1.03,-2.0111996214212446,2023-10-26,3106.0
2023-09-28,2023-09,31,UPL,582.45,-1.0,-1.06,-1.03,-7.691647351704023,2023-10-26,537.65
2023-09-28,2023-09,32,DIVISLAB,3690.7,-1.15,-0.98,-1.07,-7.686888666106695,2023-10-26,3407.0
2023-09-28,2023-09,33,HINDALCO,468.0,-0.79,-1.34,-1.07,-2.350427350427353,2023-10-26,457.0
2023-09-28,2023-09,34,ICICIBANK,942.75,0.1,-2.26,-1.09,-3.436754176610979,2023-10-26,910.35
2023-09-28,2023-09,35,SBILIFE,1293.0,-0.24,-2.09,-1.17,1.0827532869296164,2023-10-26,1307.0
2023-09-28,2023-09,36,HDFCLIFE,635.5,-0.79,-1.61,-1.2,-4.4531864673485355,2023-10-26,607.2
2023-09-28,2023-09,37,INFY,1411.5,-0.87,-1.75,-1.31,-5.688983351044985,2023-10-26,1331.2
2023-09-28,2023-09,38,M&M,1554.35,-1.14,-1.69,-1.42,-2.9819538713931837,2023-10-26,1508.0
2023-09-28,2023-09,39,ULTRACEMCO,7999.0,-0.6,-2.32,-1.46,0.5250656332041581,2023-10-26,8041.0
2023-09-28,2023-09,40,BPCL,149.5,-0.68,-2.41,-1.55,-3.04347826086957,2023-10-26,144.95
2023-09-28,2023-09,41,RELIANCE,1169.5,-0.58,-2.73,-1.66,-4.916631038905517,2023-10-26,1112.0
2023-09-28,2023-09,42,JSWSTEEL,770.8,-0.83,-2.7,-1.77,-5.572132848988054,2023-10-26,727.85
2023-09-28,2023-09,43,KOTAKBANK,346.2,-1.04,-2.81,-1.93,-2.253032928942811,2023-10-26,338.4
2023-09-28,2023-09,44,ASIANPAINT,3180.0,-1.63,-2.28,-1.96,-7.201257861635224,2023-10-26,2951.0
2023-09-28,2023-09,45,DRREDDY,1086.0,-0.88,-3.09,-1.99,-0.11049723756906271,2023-10-26,1084.8
2023-09-28,2023-09,46,TECHM,1155.4,-1.76,-2.35,-2.06,-9.537822399169126,2023-10-26,1045.2
2023-09-28,2023-09,47,HDFCBANK,759.2,-0.66,-3.67,-2.18,-3.688092729188619,2023-10-26,731.2
2023-09-28,2023-09,48,CIPLA,1164.3,-0.69,-3.66,-2.19,-1.0564287554753915,2023-10-26,1152.0
2023-09-28,2023-09,49,WIPRO,194.55,-1.13,-3.48,-2.31,-6.913389874068376,2023-10-26,181.1
2023-10-26,2023-10,1,COALINDIA,284.3,-0.31,1.55,0.62,13.172704889201547,2023-11-30,321.75
2023-10-26,2023-10,2,HEROMOTOCO,2945.3,-0.05,0.51,0.23,23.211557396530047,2023-11-30,3628.95
2023-10-26,2023-10,3,BAJAJ-AUTO,5125.5,-1.25,1.68,0.2,15.686274509803933,2023-11-30,5929.5
2023-10-26,2023-10,4,POWERGRID,199.0,0.02,-0.64,-0.31,5.276381909547734,2023-11-30,209.5
2023-10-26,2023-10,5,BRITANNIA,4509.85,-0.37,-0.98,-0.68,7.985853188021763,2023-11-30,4870.0
2023-10-26,2023-10,6,AXISBANK,973.3,0.55,-2.01,-0.74,10.19212986746123,2023-11-30,1072.5
2023-10-26,2023-10,7,NESTLEIND,1172.5,-1.95,0.39,-0.79,3.1982942430703654,2023-11-30,1210.0
2023-10-26,2023-10,8,TATACONSUM,867.2,-0.65,-1.0,-0.83,6.907287822878216,2023-11-30,927.1
2023-10-26,2023-10,9,ULTRACEMCO,8041.0,-0.39,-1.26,-0.83,9.737594826514107,2023-11-30,8824.0
2023-10-26,2023-10,10,SBILIFE,1307.0,-0.67,-1.14,-0.91,9.724560061208877,2023-11-30,1434.1
2023-10-26,2023-10,11,HINDUNILVR,2470.45,-0.32,-1.7,-1.01,2.8618267926896035,2023-11-30,2541.15
2023-10-26,2023-10,12,INDUSINDBK,1410.9,-0.63,-1.44,-1.04,4.032886809837688,2023-11-30,1467.8
2023-10-26,2023-10,13,HCLTECH,1228.45,-0.56,-1.61,-1.09,9.080548658879062,2023-11-30,1340.0
2023-10-26,2023-10,14,MARUTI,10400.0,-1.07,-1.25,-1.16,2.2596153846153877,2023-11-30,10635.0
2023-10-26,2023-10,15,NTPC,232.0,0.05,-2.36,-1.16,12.5,2023-11-30,261.0
2023-10-26,2023-10,16,ITC,356.8,-0.26,-2.28,-1.28,0.9529147982062725,2023-11-30,360.2
2023-10-26,2023-10,17,CIPLA,1152.0,-0.13,-2.52,-1.33,5.338541666666674,2023-11-30,1213.5
2023-10-26,2023-10,18,SUNPHARMA,1106.0,-0.58,-2.15,-1.37,10.804701627486434,2023-11-30,1225.5
2023-10-26,2023-10,19,DRREDDY,1084.8,-0.8,-1.99,-1.4,6.641777286135686,2023-11-30,1156.85
2023-10-26,2023-10,20,ADANIPORTS,771.7,0.57,-3.65,-1.56,7.165997149151226,2023-11-30,827.0
2023-10-26,2023-10,21,ICICIBANK,910.35,-0.26,-3.29,-1.79,2.718734552644597,2023-11-30,935.1
2023-10-26,2023-10,22,BHARTIARTL,908.0,-1.09,-2.55,-1.82,11.800660792951545,2023-11-30,1015.15
2023-10-26,2023-10,23,HINDALCO,457.0,-0.28,-3.43,-1.87,12.910284463894971,2023-11-30,516.0
2023-10-26,2023-10,24,TMPV,430.7,-1.56,-2.37,-1.97,12.862781518458322,2023-11-30,486.1
2023-10-26,2023-10,25,ONGC,162.6,-1.64,-2.38,-2.01,11.377613776137752,2023-11-30,181.1
2023-10-26,2023-10,26,BPCL,144.95,-0.68,-3.4,-2.05,32.424974129009996,2023-11-30,191.95
2023-10-26,2023-10,27,TATASTEEL,113.8,-0.46,-3.83,-2.16,6.739894551845338,2023-11-30,121.47
2023-10-26,2023-10,28,BAJAJFINSV,1557.0,-1.86,-2.68,-2.27,7.585099550417462,2023-11-30,1675.1
2023-10-26,2023-10,29,EICHERMOT,3325.0,-1.27,-3.27,-2.28,16.842105263157904,2023-11-30,3885.0
2023-10-26,2023-10,30,HDFCLIFE,607.2,-0.94,-3.64,-2.3,13.965744400527003,2023-11-30,692.0
2023-10-26,2023-10,31,GRASIM,1846.15,-1.05,-3.66,-2.36,8.28210058770955,2023-11-30,1999.05
2023-10-26,2023-10,32,KOTAKBANK,338.4,-1.45,-3.26,-2.36,3.8416075650118175,2023-11-30,351.4
2023-10-26,2023-10,33,M&M,1508.0,-1.65,-3.23,-2.44,9.058355437665778,2023-11-30,1644.6
2023-10-26,2023-10,34,RELIANCE,1112.0,-1.0,-4.03,-2.53,6.89748201438849,2023-11-30,1188.7
2023-10-26,2023-10,35,APOLLOHOSP,4770.0,-1.01,-4.18,-2.61,16.331236897274625,2023-11-30,5549.0
2023-10-26,2023-10,36,SBIN,547.0,-0.78,-4.7,-2.76,3.318098720292495,2023-11-30,565.15
2023-10-26,2023-10,37,HDFCBANK,731.2,-1.4,-4.14,-2.78,6.441466083150971,2023-11-30,778.3
2023-10-26,2023-10,38,LT,2864.45,-1.32,-4.29,-2.82,8.680549494667389,2023-11-30,3113.1
2023-10-26,2023-10,39,TITAN,3106.0,-1.76,-3.95,-2.86,12.163554410817778,2023-11-30,3483.8
2023-10-26,2023-10,40,TCS,3331.8,-1.16,-4.64,-2.92,4.685155171378841,2023-11-30,3487.9
2023-10-26,2023-10,41,INFY,1331.2,-1.02,-5.1,-3.08,6.858473557692313,2023-11-30,1422.5
2023-10-26,2023-10,42,WIPRO,181.1,-0.59,-5.8,-3.23,8.669243511871905,2023-11-30,196.8
2023-10-26,2023-10,43,TECHM,1045.2,-0.68,-6.14,-3.45,9.16570991197856,2023-11-30,1141.0
2023-10-26,2023-10,44,DIVISLAB,3407.0,-0.84,-6.04,-3.48,10.94217786909304,2023-11-30,3779.8
2023-10-26,2023-10,45,BAJFINANCE,741.0,-2.16,-4.93,-3.55,-3.7786774628879916,2023-11-30,713.0
2023-10-26,2023-10,46,JSWSTEEL,727.85,-2.0,-5.37,-3.7,9.706670330425226,2023-11-30,798.5
2023-10-26,2023-10,47,ASIANPAINT,2951.0,-2.56,-5.59,-4.09,5.903083700440526,2023-11-30,3125.2
2023-10-26,2023-10,48,ADANIENT,2143.1,-1.42,-7.89,-4.71,6.9665437917036055,2023-11-30,2292.4
2023-10-26,2023-10,49,UPL,537.65,-2.27,-7.5,-4.92,1.6646517250999748,2023-11-30,546.6
2023-11-30,2023-11,1,HEROMOTOCO,3628.95,1.2,12.95,6.91,9.409057716419355,2023-12-28,3970.4
2023-11-30,2023-11,2,BPCL,191.95,1.84,11.15,6.39,12.138577754623615,2023-12-28,215.25
2023-11-30,2023-11,3,HDFCLIFE,692.0,1.67,6.03,3.83,-6.41618497109826,2023-12-28,647.6
2023-11-30,2023-11,4,BAJAJ-AUTO,5929.5,0.52,7.02,3.72,10.599544649633197,2023-12-28,6558.0
2023-11-30,2023-11,5,AXISBANK,1072.5,1.85,5.5,3.66,3.0722610722610844,2023-12-28,1105.45
2023-11-30,2023-11,6,BHARTIARTL,1015.15,1.68,5.48,3.56,2.201645077082204,2023-12-28,1037.5
2023-11-30,2023-11,7,M&M,1644.6,1.17,5.59,3.36,5.496777331874014,2023-12-28,1735.0
2023-11-30,2023-11,8,NTPC,261.0,1.23,4.8,3.0,20.727969348659016,2023-12-28,315.1
2023-11-30,2023-11,9,APOLLOHOSP,5549.0,1.45,4.3,2.87,3.6438998017660706,2023-12-28,5751.2
2023-11-30,2023-11,10,ULTRACEMCO,8824.0,1.72,3.94,2.82,15.729827742520408,2023-12-28,10212.0
2023-11-30,2023-11,11,TMPV,486.1,0.62,4.82,2.7,6.799012548858241,2023-12-28,519.15
2023-11-30,2023-11,12,BRITANNIA,4870.0,1.44,3.95,2.69,8.01950718685831,2023-12-28,5260.55
2023-11-30,2023-11,13,SUNPHARMA,1225.5,1.49,3.6,2.54,3.043655650754795,2023-12-28,1262.8
2023-11-30,2023-11,14,WIPRO,196.8,1.32,3.75,2.53,13.89735772357723,2023-12-28,224.15
2023-11-30,2023-11,15,EICHERMOT,3885.0,0.65,4.4,2.51,5.423423423423412,2023-12-28,4095.7
2023-11-30,2023-11,16,TITAN,3483.8,0.99,3.92,2.44,6.779952924966981,2023-12-28,3720.0
2023-11-30,2023-11,17,BAJAJFINSV,1675.1,1.1,3.75,2.42,0.5910094919706399,2023-12-28,1685.0
2023-11-30,2023-11,18,DRREDDY,1156.85,0.81,3.65,2.22,1.0113670743830294,2023-12-28,1168.55
2023-11-30,2023-11,19,COALINDIA,321.75,0.62,3.66,2.13,11.188811188811187,2023-12-28,357.75
2023-11-30,2023-11,20,SBILIFE,1434.1,0.43,3.63,2.02,-0.2510285196290263,2023-12-28,1430.5
2023-11-30,2023-11,21,JSWSTEEL,798.5,0.5,3.54,2.01,10.457107075767059,2023-12-28,882.0
2023-11-30,2023-11,22,DIVISLAB,3779.8,0.13,3.89,1.99,4.238319487803577,2023-12-28,3940.0
2023-11-30,2023-11,23,HINDALCO,516.0,0.11,3.62,1.85,18.99224806201549,2023-12-28,614.0
2023-11-30,2023-11,24,HCLTECH,1340.0,0.6,2.95,1.77,9.850746268656717,2023-12-28,1472.0
2023-11-30,2023-11,25,ADANIENT,2292.4,-0.26,3.79,1.74,19.097888675623786,2023-12-28,2730.2
2023-11-30,2023-11,26,LT,3113.1,1.04,2.26,1.65,13.019177026115457,2023-12-28,3518.4
2023-11-30,2023-11,27,ONGC,181.1,0.49,2.66,1.57,6.819436775262289,2023-12-28,193.45
2023-11-30,2023-11,28,HDFCBANK,778.3,0.6,2.5,1.55,9.726326609276637,2023-12-28,854.0
2023-11-30,2023-11,29,GRASIM,1999.05,0.5,2.6,1.54,6.7657137140141765,2023-12-28,2134.3
2023-11-30,2023-11,30,TECHM,1141.0,0.35,2.63,1.48,5.451358457493427,2023-12-28,1203.2
2023-11-30,2023-11,31,TATASTEEL,121.47,0.13,2.78,1.45,8.166625504239722,2023-12-28,131.39
2023-11-30,2023-11,32,TATACONSUM,927.1,0.26,1.75,1.0,11.71394671556467,2023-12-28,1035.7
2023-11-30,2023-11,33,MARUTI,10635.0,0.6,1.36,0.98,-3.3098260460742823,2023-12-28,10283.0
2023-11-30,2023-11,34,ADANIPORTS,827.0,-0.38,2.19,0.9,23.33131801692867,2023-12-28,1019.95
2023-11-30,2023-11,35,INFY,1422.5,-0.04,1.68,0.82,7.753954305799637,2023-12-28,1532.8
2023-11-30,2023-11,36,HINDUNILVR,2541.15,0.38,1.24,0.81,3.5751529819176397,2023-12-28,2632.0
2023-11-30,2023-11,37,UPL,546.6,0.28,0.88,0.58,3.5766556897182555,2023-12-28,566.15
2023-11-30,2023-11,38,CIPLA,1213.5,1.04,-0.2,0.42,3.9967037494849533,2023-12-28,1262.0
2023-11-30,2023-11,39,NESTLEIND,1210.0,0.44,0.3,0.37,8.347107438016522,2023-12-28,1311.0
2023-11-30,2023-11,40,KOTAKBANK,351.4,0.32,0.34,0.33,9.277177006260672,2023-12-28,384.0
2023-11-30,2023-11,41,ICICIBANK,935.1,0.3,0.34,0.32,7.533953587851561,2023-12-28,1005.55
2023-11-30,2023-11,42,TCS,3487.9,-0.2,0.77,0.28,8.915106511081161,2023-12-28,3798.85
2023-11-30,2023-11,43,RELIANCE,1188.7,-0.5,0.77,0.13,9.573483637587277,2023-12-28,1302.5
2023-11-30,2023-11,44,POWERGRID,209.5,-0.4,0.58,0.09,13.41288782816228,2023-12-28,237.6
2023-11-30,2023-11,45,ASIANPAINT,3125.2,-0.39,0.46,0.03,8.777038269550763,2023-12-28,3399.5
2023-11-30,2023-11,46,ITC,360.2,0.11,-0.17,-0.03,6.232648528595219,2023-12-28,382.65
2023-11-30,2023-11,47,SBIN,565.15,-0.18,-0.65,-0.42,14.916393877731583,2023-12-28,649.45
2023-11-30,2023-11,48,INDUSINDBK,1467.8,-0.43,-0.65,-0.54,9.664123177544637,2023-12-28,1609.65
2023-11-30,2023-11,49,BAJFINANCE,713.0,0.25,-1.95,-0.86,1.33239831697054,2023-12-28,722.5
2023-12-28,2023-12,1,HINDALCO,614.0,1.6,11.09,6.24,-7.540716612377841,2024-01-25,567.7
2023-12-28,2023-12,2,HEROMOTOCO,3970.4,1.59,8.88,5.17,6.632832963933111,2024-01-25,4233.75
2023-12-28,2023-12,3,TATACONSUM,1035.7,2.22,7.7,4.92,8.240803321425116,2024-01-25,1121.05
2023-12-28,2023-12,4,COALINDIA,357.75,2.38,7.33,4.83,2.4737945492662616,2024-01-25,366.6
2023-12-28,2023-12,5,NTPC,315.1,1.47,7.56,4.47,-0.07933989209775172,2024-01-25,314.85
2023-12-28,2023-12,6,BAJAJ-AUTO,6558.0,1.19,6.94,4.03,12.877401646843545,2024-01-25,7402.5
2023-12-28,2023-12,7,BPCL,215.25,1.54,6.35,3.92,1.6957026713124268,2024-01-25,218.9
2023-12-28,2023-12,8,ULTRACEMCO,10212.0,0.85,6.68,3.72,-4.014884449667056,2024-01-25,9802.0
2023-12-28,2023-12,9,WIPRO,224.15,-0.06,7.32,3.56,0.20075842070041983,2024-01-25,224.6
2023-12-28,2023-12,10,DIVISLAB,3940.0,1.59,5.46,3.51,-9.771573604060912,2024-01-25,3555.0
2023-12-28,2023-12,11,TMPV,519.15,1.65,5.07,3.35,7.49301743234132,2024-01-25,558.05
2023-12-28,2023-12,12,M&M,1735.0,2.17,4.48,3.32,-5.873198847262251,2024-01-25,1633.1
2023-12-28,2023-12,13,JSWSTEEL,882.0,0.96,4.78,2.85,-7.210884353741498,2024-01-25,818.4
2023-12-28,2023-12,14,NESTLEIND,1311.0,1.1,4.64,2.85,-5.3775743707093815,2024-01-25,1240.5
2023-12-28,2023-12,15,BRITANNIA,5260.55,0.51,5.23,2.84,-2.4788282594025435,2024-01-25,5130.15
2023-12-28,2023-12,16,DRREDDY,1168.55,2.15,3.47,2.81,-0.17115228274356964,2024-01-25,1166.55
2023-12-28,2023-12,17,BHARTIARTL,1037.5,1.51,4.1,2.8,11.783132530120488,2024-01-25,1159.75
2023-12-28,2023-12,18,TATASTEEL,131.39,0.6,4.44,2.5,-2.9073749904863333,2024-01-25,127.57
2023-12-28,2023-12,19,KOTAKBANK,384.0,0.8,4.2,2.49,-7.5520833333333375,2024-01-25,355.0
2023-12-28,2023-12,20,APOLLOHOSP,5751.2,0.91,4.04,2.46,7.782723605508424,2024-01-25,6198.8
2023-12-28,2023-12,21,INDUSINDBK,1609.65,0.72,4.22,2.46,-6.252912123753617,2024-01-25,1509.0
2023-12-28,2023-12,22,GRASIM,2134.3,1.54,3.37,2.45,-2.21618329194585,2024-01-25,2087.0
2023-12-28,2023-12,23,POWERGRID,237.6,0.71,4.05,2.37,3.367003367003374,2024-01-25,245.6
2023-12-28,2023-12,24,TITAN,3720.0,0.84,3.9,2.36,0.7338709677419342,2024-01-25,3747.3
2023-12-28,2023-12,25,RELIANCE,1302.5,0.4,4.16,2.26,4.069097888675621,2024-01-25,1355.5
2023-12-28,2023-12,26,SBIN,649.45,0.28,3.95,2.1,-5.304488413272779,2024-01-25,615.0
2023-12-28,2023-12,27,HDFCBANK,854.0,0.2,4.01,2.09,-15.63231850117096,2024-01-25,720.5
2023-12-28,2023-12,28,ONGC,193.45,0.42,3.76,2.08,12.794003618506068,2024-01-25,218.2
2023-12-28,2023-12,29,HCLTECH,1472.0,0.07,4.08,2.06,5.264945652173902,2024-01-25,1549.5
2023-12-28,2023-12,30,ASIANPAINT,3399.5,0.52,3.48,1.99,-13.2490072069422,2024-01-25,2949.1
2023-12-28,2023-12,31,HINDUNILVR,2632.0,0.86,2.94,1.89,-7.294832826747721,2024-01-25,2440.0
2023-12-28,2023-12,32,CIPLA,1262.0,1.0,2.77,1.88,8.93819334389856,2024-01-25,1374.8
2023-12-28,2023-12,33,INFY,1532.8,0.48,3.26,1.86,6.387004175365352,2024-01-25,1630.7
2023-12-28,2023-12,34,ITC,382.65,1.19,2.39,1.79,-1.3720109760878119,2024-01-25,377.4
2023-12-28,2023-12,35,LT,3518.4,-0.18,3.78,1.78,1.8644838562983157,2024-01-25,3584.0
2023-12-28,2023-12,36,TECHM,1203.2,0.48,2.8,1.63,3.174867021276606,2024-01-25,1241.4
2023-12-28,2023-12,37,SUNPHARMA,1262.8,0.71,2.35,1.53,8.219828951536257,2024-01-25,1366.6
2023-12-28,2023-12,38,EICHERMOT,4095.7,0.36,2.57,1.46,-11.631711306980485,2024-01-25,3619.3
2023-12-28,2023-12,39,TCS,3798.85,-0.23,2.48,1.12,0.16189109862194684,2024-01-25,3805.0
2023-12-28,2023-12,40,ADANIPORTS,1019.95,-0.33,2.16,0.91,12.848669052404516,2024-01-25,1151.0
2023-12-28,2023-12,41,UPL,566.15,0.79,0.79,0.79,-8.928729135388135,2024-01-25,515.6
2023-12-28,2023-12,42,ICICIBANK,1005.55,0.4,0.95,0.67,0.3430958182089494,2024-01-25,1009.0
2023-12-28,2023-12,43,BAJAJFINSV,1685.0,0.77,0.42,0.59,-3.264094955489616,2024-01-25,1630.0
2023-12-28,2023-12,44,ADANIENT,2730.2,-0.77,1.9,0.56,3.0840231484873026,2024-01-25,2814.4
2023-12-28,2023-12,45,AXISBANK,1105.45,0.22,0.91,0.56,-5.007010719616456,2024-01-25,1050.1
2023-12-28,2023-12,46,SBILIFE,1430.5,0.67,0.37,0.52,-3.005941978329252,2024-01-25,1387.5
2023-12-28,2023-12,47,MARUTI,10283.0,0.34,-0.55,-0.11,-3.921520956919189,2024-01-25,9879.75
2023-12-28,2023-12,48,HDFCLIFE,647.6,0.32,-1.73,-0.71,-10.701050030883275,2024-01-25,578.3
2023-12-28,2023-12,49,BAJFINANCE,722.5,-0.39,-1.6,-1.0,-1.868512110726639,2024-01-25,709.0
2024-01-25,2024-01,1,BAJAJ-AUTO,7402.5,2.87,7.58,5.2,4.430935494765276,2024-02-29,7730.5
2024-01-25,2024-01,2,BHARTIARTL,1159.75,-0.69,6.17,2.68,-2.7376589782280636,2024-02-29,1128.0
2024-01-25,2024-01,3,APOLLOHOSP,6198.8,0.47,4.59,2.51,-1.2712137833128967,2024-02-29,6120.0
2024-01-25,2024-01,4,HEROMOTOCO,4233.75,0.51,4.3,2.39,1.6132270445822217,2024-02-29,4302.05
2024-01-25,2024-01,5,ONGC,218.2,0.03,4.22,2.1,13.107241063244746,2024-02-29,246.8
2024-01-25,2024-01,6,INFY,1630.7,0.12,3.95,2.02,0.49671920034339845,2024-02-29,1638.8
2024-01-25,2024-01,7,CIPLA,1374.8,-0.58,4.25,1.81,7.277422170497516,2024-02-29,1474.85
2024-01-25,2024-01,8,COALINDIA,366.6,0.91,2.58,1.74,12.424986361156565,2024-02-29,412.15
2024-01-25,2024-01,9,SUNPHARMA,1366.6,0.09,3.41,1.74,15.29342894775354,2024-02-29,1575.6
2024-01-25,2024-01,10,POWERGRID,245.6,0.43,3.03,1.72,15.350162866449523,2024-02-29,283.3
2024-01-25,2024-01,11,NTPC,314.85,0.89,2.25,1.57,6.5745593139590275,2024-02-29,335.55
2024-01-25,2024-01,12,ADANIPORTS,1151.0,1.69,1.2,1.44,15.291051259774102,2024-02-29,1327.0
2024-01-25,2024-01,13,RELIANCE,1355.5,0.93,1.7,1.31,8.1077093323497,2024-02-29,1465.4
2024-01-25,2024-01,14,HCLTECH,1549.5,0.07,2.18,1.12,7.776702161987736,2024-02-29,1670.0
2024-01-25,2024-01,15,BPCL,218.9,-0.31,2.25,0.96,28.026496116948387,2024-02-29,280.25
2024-01-25,2024-01,16,TMPV,558.05,0.19,1.71,0.95,17.70450676462685,2024-02-29,656.85
2024-01-25,2024-01,17,DRREDDY,1166.55,-0.24,1.64,0.7,9.879559384509884,2024-02-29,1281.8
2024-01-25,2024-01,18,ICICIBANK,1009.0,0.43,0.95,0.69,4.554013875123886,2024-02-29,1054.95
2024-01-25,2024-01,19,GRASIM,2087.0,1.0,0.37,0.68,5.6540488739817985,2024-02-29,2205.0
2024-01-25,2024-01,20,HINDALCO,567.7,1.19,0.03,0.61,-10.780341729786869,2024-02-29,506.5
2024-01-25,2024-01,21,ULTRACEMCO,9802.0,0.54,0.58,0.56,-1.1120179555192844,2024-02-29,9693.0
2024-01-25,2024-01,22,JSWSTEEL,818.4,1.27,-0.43,0.42,-1.85728250244378,2024-02-29,803.2
2024-01-25,2024-01,23,LT,3584.0,-0.29,1.1,0.4,-2.8125000000000067,2024-02-29,3483.2
2024-01-25,2024-01,24,M&M,1633.1,0.74,-0.02,0.36,18.302614659237037,2024-02-29,1932.0
2024-01-25,2024-01,25,TATACONSUM,1121.05,-1.06,1.78,0.35,5.0220775166138765,2024-02-29,1177.35
2024-01-25,2024-01,26,TATASTEEL,127.57,0.37,0.24,0.3,5.714509680959479,2024-02-29,134.86
2024-01-25,2024-01,27,BAJAJFINSV,1630.0,0.76,-0.3,0.23,-1.7239263803680904,2024-02-29,1601.9
2024-01-25,2024-01,28,TITAN,3747.3,-0.09,0.49,0.2,-2.863394977717293,2024-02-29,3640.0
2024-01-25,2024-01,29,BRITANNIA,5130.15,0.13,0.21,0.17,-2.926815005409189,2024-02-29,4980.0
2024-01-25,2024-01,30,WIPRO,224.6,-0.65,0.44,-0.11,10.841495992876226,2024-02-29,248.95
2024-01-25,2024-01,31,ADANIENT,2814.4,1.03,-1.38,-0.18,13.672541216600331,2024-02-29,3199.2
2024-01-25,2024-01,32,TCS,3805.0,-0.34,-0.22,-0.28,8.094612352168195,2024-02-29,4113.0
2024-01-25,2024-01,33,TECHM,1241.4,-1.81,0.56,-0.63,-3.544385371354919,2024-02-29,1197.4
2024-01-25,2024-01,34,SBIN,615.0,0.3,-1.8,-0.76,22.4390243902439,2024-02-29,753.0
2024-01-25,2024-01,35,ITC,377.4,-0.22,-1.41,-0.82,-11.075781664016947,2024-02-29,335.6
2024-01-25,2024-01,36,MARUTI,9879.75,-0.17,-1.6,-0.89,14.375363749082727,2024-02-29,11300.0
2024-01-25,2024-01,37,KOTAKBANK,355.0,0.12,-2.12,-1.01,-4.394366197183109,2024-02-29,339.4
2024-01-25,2024-01,38,SBILIFE,1387.5,0.11,-2.32,-1.11,12.789189189189187,2024-02-29,1564.95
2024-01-25,2024-01,39,NESTLEIND,1240.5,-0.24,-2.26,-1.26,4.75614671503426,2024-02-29,1299.5
2024-01-25,2024-01,40,HINDUNILVR,2440.0,0.04,-3.36,-1.67,-1.4426229508196609,2024-02-29,2404.8
2024-01-25,2024-01,41,INDUSINDBK,1509.0,0.76,-4.14,-1.72,-1.9284294234592436,2024-02-29,1479.9
2024-01-25,2024-01,42,BAJFINANCE,709.0,0.07,-3.56,-1.76,-8.180535966149504,2024-02-29,651.0
2024-01-25,2024-01,43,AXISBANK,1050.1,0.13,-4.23,-2.07,2.2426435577564297,2024-02-29,1073.65
2024-01-25,2024-01,44,EICHERMOT,3619.3,-0.07,-4.4,-2.26,4.992678142182183,2024-02-29,3800.0
2024-01-25,2024-01,45,UPL,515.6,-0.57,-3.98,-2.29,-12.199379363847951,2024-02-29,452.7
2024-01-25,2024-01,46,DIVISLAB,3555.0,-1.34,-5.48,-3.43,-1.8002812939521773,2024-02-29,3491.0
2024-01-25,2024-01,47,HDFCLIFE,578.3,-1.06,-6.57,-3.85,0.9856475877572324,2024-02-29,584.0
2024-01-25,2024-01,48,HDFCBANK,720.5,0.22,-7.9,-3.93,-2.2900763358778664,2024-02-29,704.0
2024-01-25,2024-01,49,ASIANPAINT,2949.1,-1.29,-7.76,-4.58,-3.8791495710555846,2024-02-29,2834.7
2024-02-29,2024-02,1,M&M,1932.0,0.06,6.32,3.14,-0.8618012422360266,2024-03-28,1915.35
2024-02-29,2024-02,2,SBILIFE,1564.95,1.15,4.47,2.8,-3.565609124892166,2024-03-28,1509.15
2024-02-29,2024-02,3,ADANIPORTS,1327.0,1.04,3.51,2.27,1.2019593067068568,2024-03-28,1342.95
2024-02-29,2024-02,4,SUNPHARMA,1575.6,0.44,3.85,2.13,3.2622493018532595,2024-03-28,1627.0
2024-02-29,2024-02,5,SBIN,753.0,0.79,3.45,2.11,-0.00664010624169542,2024-03-28,752.95
2024-02-29,2024-02,6,TATACONSUM,1177.35,0.88,3.19,2.03,-7.716481929757501,2024-03-28,1086.5
2024-02-29,2024-02,7,ADANIENT,3199.2,1.18,2.68,1.93,-3.1195298824706064,2024-03-28,3099.4
2024-02-29,2024-02,8,TMPV,656.85,0.12,3.63,1.86,4.277993453604334,2024-03-28,684.95
2024-02-29,2024-02,9,GRASIM,2205.0,0.73,2.39,1.56,4.53514739229024,2024-03-28,2305.0
2024-02-29,2024-02,10,NESTLEIND,1299.5,0.61,2.52,1.56,1.4621008080030862,2024-03-28,1318.5
2024-02-29,2024-02,11,POWERGRID,283.3,0.54,2.57,1.55,-2.1002470878926927,2024-03-28,277.35
2024-02-29,2024-02,12,HCLTECH,1670.0,0.71,1.93,1.32,-7.362275449101796,2024-03-28,1547.05
2024-02-29,2024-02,13,CIPLA,1474.85,0.02,2.48,1.24,1.434044140082058,2024-03-28,1496.0
2024-02-29,2024-02,14,LT,3483.2,0.42,1.93,1.17,8.087390904915036,2024-03-28,3764.9
2024-02-29,2024-02,15,DRREDDY,1281.8,-0.09,2.08,0.99,-4.189421126540804,2024-03-28,1228.1
2024-02-29,2024-02,16,TCS,4113.0,0.26,1.73,0.99,-5.613907123753958,2024-03-28,3882.1
2024-02-29,2024-02,17,ICICIBANK,1054.95,0.21,1.71,0.96,3.8959192378785534,2024-03-28,1096.05
2024-02-29,2024-02,18,MARUTI,11300.0,0.02,1.81,0.91,11.566371681415921,2024-03-28,12607.0
2024-02-29,2024-02,19,NTPC,335.55,0.36,1.12,0.74,0.49172999552971053,2024-03-28,337.2
2024-02-29,2024-02,20,BRITANNIA,4980.0,1.29,0.18,0.73,-0.7248995983935802,2024-03-28,4943.9
2024-02-29,2024-02,21,WIPRO,248.95,0.03,1.35,0.69,-7.752560755171711,2024-03-28,229.65
2024-02-29,2024-02,22,INFY,1638.8,0.43,0.34,0.38,-10.69074932877716,2024-03-28,1463.6
2024-02-29,2024-02,23,BAJAJFINSV,1601.9,0.55,0.13,0.34,2.815406704538348,2024-03-28,1647.0
2024-02-29,2024-02,24,COALINDIA,412.15,0.67,-0.1,0.28,-1.1282300133446554,2024-03-28,407.5
2024-02-29,2024-02,25,RELIANCE,1465.4,-0.12,0.68,0.28,1.3375187662071797,2024-03-28,1485.0
2024-02-29,2024-02,26,BPCL,280.25,-0.36,0.91,0.27,-0.5530776092774303,2024-03-28,278.7
2024-02-29,2024-02,27,BHARTIARTL,1128.0,0.28,0.15,0.21,9.57446808510638,2024-03-28,1236.0
2024-02-29,2024-02,28,TITAN,3640.0,0.53,-0.13,0.2,4.395604395604402,2024-03-28,3800.0
2024-02-29,2024-02,29,TATASTEEL,134.86,0.13,0.24,0.18,10.611004004152424,2024-03-28,149.17
2024-02-29,2024-02,30,INDUSINDBK,1479.9,1.09,-0.97,0.05,4.736806540982497,2024-03-28,1550.0
2024-02-29,2024-02,31,ONGC,246.8,-0.02,0.11,0.04,1.2560777957860703,2024-03-28,249.9
2024-02-29,2024-02,32,HDFCLIFE,584.0,0.41,-0.35,0.03,8.304794520547954,2024-03-28,632.5
2024-02-29,2024-02,33,ULTRACEMCO,9693.0,0.36,-0.42,-0.03,-1.6816259156091973,2024-03-28,9530.0
2024-02-29,2024-02,34,AXISBANK,1073.65,0.11,-0.38,-0.14,-2.528757043729346,2024-03-28,1046.5
2024-02-29,2024-02,35,HINDUNILVR,2404.8,-0.24,-0.5,-0.37,-5.938123752495017,2024-03-28,2262.0
2024-02-29,2024-02,36,JSWSTEEL,803.2,-0.08,-1.48,-0.78,3.80976095617529,2024-03-28,833.8
2024-02-29,2024-02,37,HDFCBANK,704.0,-0.07,-1.74,-0.91,2.7698863636363535,2024-03-28,723.5
2024-02-29,2024-02,38,HEROMOTOCO,4302.05,0.26,-2.34,-1.05,7.255843144547369,2024-03-28,4614.2
2024-02-29,2024-02,39,KOTAKBANK,339.4,0.25,-2.4,-1.08,5.480259281084265,2024-03-28,358.0
2024-02-29,2024-02,40,TECHM,1197.4,-0.38,-2.08,-1.23,-2.5555369968264685,2024-03-28,1166.8
2024-02-29,2024-02,41,ITC,335.6,-0.39,-2.42,-1.41,5.423122765196653,2024-03-28,353.8
2024-02-29,2024-02,42,BAJFINANCE,651.0,-0.14,-2.84,-1.5,11.290322580645151,2024-03-28,724.5
2024-02-29,2024-02,43,EICHERMOT,3800.0,-1.36,-2.05,-1.71,5.9473684210526345,2024-03-28,4026.0
2024-02-29,2024-02,44,ASIANPAINT,2834.7,0.58,-4.01,-1.74,0.7743323808516056,2024-03-28,2856.65
2024-02-29,2024-02,45,BAJAJ-AUTO,7730.5,-1.95,-1.66,-1.81,14.895543625897423,2024-03-28,8882.0
2024-02-29,2024-02,46,HINDALCO,506.5,0.52,-4.27,-1.9,10.927936821322803,2024-03-28,561.85
2024-02-29,2024-02,47,DIVISLAB,3491.0,-0.42,-4.07,-2.26,-1.5468347178458908,2024-03-28,3437.0
2024-02-29,2024-02,48,UPL,452.7,-0.63,-4.3,-2.48,-3.357631985862597,2024-03-28,437.5
2024-02-29,2024-02,49,APOLLOHOSP,6120.0,-2.61,-5.4,-4.02,3.7254901960784403,2024-03-28,6348.0
2024-03-28,2024-03,1,BAJFINANCE,724.5,1.44,7.99,4.66,0.6901311249137398,2024-04-25,729.5
2024-03-28,2024-03,2,MARUTI,12607.0,0.51,6.74,3.58,2.378440548901417,2024-04-25,12906.85
2024-03-28,2024-03,3,GRASIM,2305.0,2.1,4.4,3.24,2.5683297180043363,2024-04-25,2364.2
2024-03-28,2024-03,4,TATASTEEL,149.17,1.31,4.88,3.08,7.17302406650131,2024-04-25,159.87
2024-03-28,2024-03,5,BAJAJ-AUTO,8882.0,-0.07,5.58,2.72,-4.154469714028375,2024-04-25,8513.0
2024-03-28,2024-03,6,LT,3764.9,0.65,4.81,2.71,-3.2643629312863576,2024-04-25,3642.0
2024-03-28,2024-03,7,EICHERMOT,4026.0,0.91,4.19,2.54,14.048683556880292,2024-04-25,4591.6
2024-03-28,2024-03,8,ADANIPORTS,1342.95,1.09,3.94,2.51,-1.09460516028147,2024-04-25,1328.25
2024-03-28,2024-03,9,HINDALCO,561.85,0.49,4.39,2.42,14.656936904867845,2024-04-25,644.2
2024-03-28,2024-03,10,BAJAJFINSV,1647.0,1.04,3.45,2.24,0.4250151791135304,2024-04-25,1654.0
2024-03-28,2024-03,11,HEROMOTOCO,4614.2,1.18,2.96,2.07,-4.852412119110561,2024-04-25,4390.3
2024-03-28,2024-03,12,TITAN,3800.0,1.04,3.05,2.04,-6.05526315789473,2024-04-25,3569.9
2024-03-28,2024-03,13,NESTLEIND,1318.5,1.5,2.56,2.03,-2.7682973075464523,2024-04-25,1282.0
2024-03-28,2024-03,14,SUNPHARMA,1627.0,0.6,3.28,1.93,-6.834665027658271,2024-04-25,1515.8
2024-03-28,2024-03,15,BHARTIARTL,1236.0,0.76,3.08,1.91,8.313106796116498,2024-04-25,1338.75
2024-03-28,2024-03,16,INDUSINDBK,1550.0,0.6,2.87,1.73,-3.429032258064524,2024-04-25,1496.85
2024-03-28,2024-03,17,NTPC,337.2,1.1,2.14,1.62,6.613285883748521,2024-04-25,359.5
2024-03-28,2024-03,18,JSWSTEEL,833.8,0.62,2.44,1.53,8.311345646438006,2024-04-25,903.1
2024-03-28,2024-03,19,TMPV,684.95,0.72,2.3,1.51,0.802978319585379,2024-04-25,690.45
2024-03-28,2024-03,20,M&M,1915.35,0.65,2.35,1.5,9.241130863810799,2024-04-25,2092.35
2024-03-28,2024-03,21,ADANIENT,3099.4,1.25,1.69,1.47,-2.5650125830805948,2024-04-25,3019.9
2024-03-28,2024-03,22,CIPLA,1496.0,0.73,1.99,1.36,-6.350267379679142,2024-04-25,1401.0
2024-03-28,2024-03,23,HDFCLIFE,632.5,0.13,2.42,1.27,-6.086956521739129,2024-04-25,594.0
2024-03-28,2024-03,24,KOTAKBANK,358.0,0.38,2.14,1.26,-8.100558659217882,2024-04-25,329.0
2024-03-28,2024-03,25,ITC,353.8,0.02,2.31,1.16,2.0774448841153204,2024-04-25,361.15
2024-03-28,2024-03,26,APOLLOHOSP,6348.0,0.32,1.87,1.09,0.1890359168241984,2024-04-25,6360.0
2024-03-28,2024-03,27,POWERGRID,277.35,0.98,1.1,1.04,5.300162249864782,2024-04-25,292.05
2024-03-28,2024-03,28,SBIN,752.95,0.78,1.09,0.93,7.842486220864586,2024-04-25,812.0
2024-03-28,2024-03,29,ICICIBANK,1096.05,0.17,1.67,0.92,1.3548651977555837,2024-04-25,1110.9
2024-03-28,2024-03,30,ONGC,249.9,0.78,0.93,0.85,5.14205682272908,2024-04-25,262.75
2024-03-28,2024-03,31,SBILIFE,1509.15,0.73,0.97,0.85,-4.250737169930097,2024-04-25,1445.0
2024-03-28,2024-03,32,BRITANNIA,4943.9,0.7,0.85,0.77,-1.9539230162422316,2024-04-25,4847.3
2024-03-28,2024-03,33,RELIANCE,1485.0,-0.21,1.75,0.77,-1.760942760942763,2024-04-25,1458.85
2024-03-28,2024-03,34,BPCL,278.7,0.07,0.82,0.44,-0.2870470039469053,2024-04-25,277.9
2024-03-28,2024-03,35,SHRIRAMFIN,473.4,0.18,0.3,0.24,4.0874524714829,2024-04-25,492.75
2024-03-28,2024-03,36,ASIANPAINT,2856.65,0.56,-0.09,0.23,0.07701328479161607,2024-04-25,2858.85
2024-03-28,2024-03,37,HDFCBANK,723.5,0.01,0.37,0.19,4.6302695231513535,2024-04-25,757.0
2024-03-28,2024-03,38,ULTRACEMCO,9530.0,-0.1,0.33,0.11,-0.20986358866736943,2024-04-25,9510.0
2024-03-28,2024-03,39,COALINDIA,407.5,-0.19,-0.11,-0.15,4.368098159509204,2024-04-25,425.3
2024-03-28,2024-03,40,DIVISLAB,3437.0,0.4,-1.45,-0.53,11.725341867908057,2024-04-25,3840.0
2024-03-28,2024-03,41,DRREDDY,1228.1,-0.1,-1.15,-0.63,1.7832424069701203,2024-04-25,1250.0
2024-03-28,2024-03,42,AXISBANK,1046.5,-0.2,-1.54,-0.87,7.735308170090782,2024-04-25,1127.45
2024-03-28,2024-03,43,HINDUNILVR,2262.0,0.08,-2.3,-1.12,-1.2113174182139752,2024-04-25,2234.6
2024-03-28,2024-03,44,TECHM,1166.8,-0.72,-2.04,-1.38,-4.610901611244422,2024-04-25,1113.0
2024-03-28,2024-03,45,TCS,3882.1,-0.14,-3.22,-1.69,-0.8011127997733181,2024-04-25,3851.0
2024-03-28,2024-03,46,WIPRO,229.65,0.15,-3.79,-1.84,-3.962551709122575,2024-04-25,220.55
2024-03-28,2024-03,47,HCLTECH,1547.05,-0.38,-3.58,-1.99,-2.918457709834843,2024-04-25,1501.9
2024-03-28,2024-03,48,TATACONSUM,1086.5,-0.32,-4.72,-2.54,0.4417855499309731,2024-04-25,1091.3
2024-03-28,2024-03,49,INFY,1463.6,-0.44,-5.15,-2.82,-3.8125170811697195,2024-04-25,1407.8
2024-04-25,2024-04,1,HINDALCO,644.2,1.94,7.93,4.89,8.312635827382797,2024-05-30,697.75
2024-04-25,2024-04,2,SBIN,812.0,3.15,6.15,4.64,2.081280788177331,2024-05-30,828.9
2024-04-25,2024-04,3,EICHERMOT,4591.6,1.15,7.76,4.4,3.667566861224847,2024-05-30,4760.0
2024-04-25,2024-04,4,AXISBANK,1127.45,2.71,5.86,4.27,3.9513947403432503,2024-05-30,1172.0
2024-04-25,2024-04,5,JSWSTEEL,903.1,2.34,5.21,3.77,-1.79382128225003,2024-05-30,886.9
2024-04-25,2024-04,6,BHARTIARTL,1338.75,0.36,6.33,3.3,3.197012138188615,2024-05-30,1381.55
2024-04-25,2024-04,7,DRREDDY,1250.0,3.35,2.52,2.93,-5.759999999999998,2024-05-30,1178.0
2024-04-25,2024-04,8,TATASTEEL,159.87,1.26,4.04,2.64,-1.2197410395946795,2024-05-30,157.92
2024-04-25,2024-04,9,NTPC,359.5,1.86,2.72,2.29,0.4172461752433909,2024-05-30,361.0
2024-04-25,2024-04,10,POWERGRID,292.05,0.51,3.9,2.19,5.786680362951535,2024-05-30,308.95
2024-04-25,2024-04,11,DIVISLAB,3840.0,0.46,3.71,2.07,15.225260416666654,2024-05-30,4424.65
2024-04-25,2024-04,12,M&M,2092.35,0.7,3.43,2.06,19.53784022749541,2024-05-30,2501.15
2024-04-25,2024-04,13,GRASIM,2364.2,0.39,3.66,2.01,-1.3789019541493919,2024-05-30,2331.6
2024-04-25,2024-04,14,ITC,361.15,1.24,2.64,1.94,-2.990447182611089,2024-05-30,350.35
2024-04-25,2024-04,15,ONGC,262.75,0.91,2.98,1.94,-5.290199809705043,2024-05-30,248.85
2024-04-25,2024-04,16,COALINDIA,425.3,1.29,1.95,1.62,6.959793087232535,2024-05-30,454.9
2024-04-25,2024-04,17,MARUTI,12906.85,0.25,3.0,1.62,-2.609854457129357,2024-05-30,12570.0
2024-04-25,2024-04,18,NESTLEIND,1282.0,1.58,1.49,1.53,-5.951638065522613,2024-05-30,1205.7
2024-04-25,2024-04,19,HEROMOTOCO,4390.3,1.78,1.2,1.49,14.477370566931636,2024-05-30,5025.9
2024-04-25,2024-04,20,ICICIBANK,1110.9,0.68,2.29,1.48,0.6346205779097946,2024-05-30,1117.95
2024-04-25,2024-04,21,BAJFINANCE,729.5,0.21,2.69,1.44,-9.115832762165866,2024-05-30,663.0
2024-04-25,2024-04,22,APOLLOHOSP,6360.0,1.37,1.09,1.23,-9.02437106918239,2024-05-30,5786.05
2024-04-25,2024-04,23,TMPV,690.45,1.0,1.24,1.12,-7.328553841697449,2024-05-30,639.85
2024-04-25,2024-04,24,BAJAJFINSV,1654.0,0.77,1.07,0.92,-7.799274486094321,2024-05-30,1525.0
2024-04-25,2024-04,25,BPCL,277.9,0.89,0.89,0.89,4.08420295070171,2024-05-30,289.25
2024-04-25,2024-04,26,BRITANNIA,4847.3,0.92,0.79,0.85,7.441255956924464,2024-05-30,5208.0
2024-04-25,2024-04,27,SHRIRAMFIN,492.75,0.29,1.13,0.71,-6.240487062404876,2024-05-30,462.0
2024-04-25,2024-04,28,ULTRACEMCO,9510.0,0.77,0.5,0.63,1.8086225026288094,2024-05-30,9682.0
2024-04-25,2024-04,29,ADANIENT,3019.9,1.64,-0.44,0.59,3.04976985992913,2024-05-30,3112.0
2024-04-25,2024-04,30,HDFCBANK,757.0,0.05,0.83,0.44,0.29062087186262353,2024-05-30,759.2
2024-04-25,2024-04,31,ADANIPORTS,1328.25,0.14,0.18,0.16,4.648974214191615,2024-05-30,1390.0
2024-04-25,2024-04,32,ASIANPAINT,2858.85,0.1,0.06,0.08,1.0651135946272206,2024-05-30,2889.3
2024-04-25,2024-04,33,LT,3642.0,0.14,-0.04,0.05,0.027457440966505153,2024-05-30,3643.0
2024-04-25,2024-04,34,INDUSINDBK,1496.85,0.83,-0.76,0.03,-2.9962922136486547,2024-05-30,1452.0
2024-04-25,2024-04,35,CIPLA,1401.0,0.7,-0.67,0.01,4.925053533190571,2024-05-30,1470.0
2024-04-25,2024-04,36,RELIANCE,1458.85,-0.05,-0.46,-0.26,-2.0084312986256236,2024-05-30,1429.55
2024-04-25,2024-04,37,HCLTECH,1501.9,0.5,-1.11,-0.31,-10.876223450296296,2024-05-30,1338.55
2024-04-25,2024-04,38,HINDUNILVR,2234.6,-0.17,-1.08,-0.63,5.401414123333037,2024-05-30,2355.3
2024-04-25,2024-04,39,BAJAJ-AUTO,8513.0,-0.18,-1.4,-0.79,3.0952660636673235,2024-05-30,8776.5
2024-04-25,2024-04,40,SUNPHARMA,1515.8,0.64,-2.19,-0.79,-3.338171262699563,2024-05-30,1465.2
2024-04-25,2024-04,41,TCS,3851.0,-0.09,-1.71,-0.9,-2.90833549727344,2024-05-30,3739.0
2024-04-25,2024-04,42,WIPRO,220.55,0.19,-2.02,-0.92,-5.032872364543195,2024-05-30,209.45
2024-04-25,2024-04,43,INFY,1407.8,0.19,-2.45,-1.14,-0.23440829663303742,2024-05-30,1404.5
2024-04-25,2024-04,44,TITAN,3569.9,-0.44,-2.05,-1.25,-7.840555757864365,2024-05-30,3290.0
2024-04-25,2024-04,45,SBILIFE,1445.0,-0.6,-2.06,-1.33,-4.152249134948094,2024-05-30,1385.0
2024-04-25,2024-04,46,TECHM,1113.0,0.17,-2.95,-1.4,4.7259658580413255,2024-05-30,1165.6
2024-04-25,2024-04,47,HDFCLIFE,594.0,0.02,-2.83,-1.42,-7.070707070707072,2024-05-30,552.0
2024-04-25,2024-04,48,TATACONSUM,1091.3,-0.56,-2.87,-1.72,-2.7994135434802447,2024-05-30,1060.75
2024-04-25,2024-04,49,KOTAKBANK,329.0,-3.98,-7.39,-5.7,2.735562310030404,2024-05-30,338.0
2024-05-30,2024-05,1,DIVISLAB,4424.65,0.22,8.28,4.17,2.222774682743278,2024-06-27,4523.0
2024-05-30,2024-05,2,HINDALCO,697.75,-0.15,5.1,2.44,-1.9706198495162974,2024-06-27,684.0
2024-05-30,2024-05,3,HEROMOTOCO,5025.9,0.23,3.78,1.99,6.366023995702275,2024-06-27,5345.85
2024-05-30,2024-05,4,BHARTIARTL,1381.55,0.36,3.06,1.7,6.984908255220579,2024-06-27,1478.05
2024-05-30,2024-05,5,M&M,2501.15,-0.5,3.95,1.7,15.346940407412578,2024-06-27,2885.0
2024-05-30,2024-05,6,LT,3643.0,0.23,2.78,1.5,-2.1959923140268955,2024-06-27,3563.0
2024-05-30,2024-05,7,AXISBANK,1172.0,0.32,2.22,1.27,9.901877133105796,2024-06-27,1288.05
2024-05-30,2024-05,8,EICHERMOT,4760.0,0.12,1.7,0.91,-1.0073529411764648,2024-06-27,4712.05
2024-05-30,2024-05,9,HDFCBANK,759.2,0.18,1.64,0.91,11.696522655426755,2024-06-27,848.0
2024-05-30,2024-05,10,COALINDIA,454.9,-0.27,1.79,0.75,-3.2754451527808315,2024-06-27,440.0
2024-05-30,2024-05,11,BRITANNIA,5208.0,-0.06,1.5,0.72,4.166666666666674,2024-06-27,5425.0
2024-05-30,2024-05,12,CIPLA,1470.0,-0.45,1.86,0.7,1.0204081632652962,2024-06-27,1485.0
2024-05-30,2024-05,13,SBIN,828.9,0.13,1.27,0.7,1.9423332126915271,2024-06-27,845.0
2024-05-30,2024-05,14,ADANIENT,3112.0,-1.07,2.11,0.51,-1.0893316195372815,2024-06-27,3078.1
2024-05-30,2024-05,15,ADANIPORTS,1390.0,-0.95,1.68,0.36,7.050359712230225,2024-06-27,1488.0
2024-05-30,2024-05,16,BAJAJ-AUTO,8776.5,-0.13,0.77,0.32,5.201390075770518,2024-06-27,9233.0
2024-05-30,2024-05,17,ASIANPAINT,2889.3,-0.19,0.73,0.27,-0.12113660748278576,2024-06-27,2885.8
2024-05-30,2024-05,18,HINDUNILVR,2355.3,-0.34,0.65,0.15,4.615123338852789,2024-06-27,2464.0
2024-05-30,2024-05,19,ICICIBANK,1117.95,0.4,-0.29,0.05,8.815242184355299,2024-06-27,1216.5
2024-05-30,2024-05,20,INDUSINDBK,1452.0,-0.35,0.39,0.02,3.305785123966931,2024-06-27,1500.0
2024-05-30,2024-05,21,KOTAKBANK,338.0,-0.38,0.11,-0.14,7.98816568047338,2024-06-27,365.0
2024-05-30,2024-05,22,JSWSTEEL,886.9,-0.48,-0.46,-0.47,6.325403089412562,2024-06-27,943.0
2024-05-30,2024-05,23,ULTRACEMCO,9682.0,-0.8,-0.16,-0.48,18.93203883495145,2024-06-27,11515.0
2024-05-30,2024-05,24,NTPC,361.0,-0.42,-0.63,-0.53,4.321329639889204,2024-06-27,376.6
2024-05-30,2024-05,25,DRREDDY,1178.0,-0.43,-0.92,-0.68,5.85738539898133,2024-06-27,1247.0
2024-05-30,2024-05,26,POWERGRID,308.95,-0.87,-0.51,-0.69,7.363651076225919,2024-06-27,331.7
2024-05-30,2024-05,27,INFY,1404.5,-0.52,-0.97,-0.75,9.412602349590603,2024-06-27,1536.7
2024-05-30,2024-05,28,RELIANCE,1429.55,-0.49,-1.06,-0.78,6.925256199503349,2024-06-27,1528.55
2024-05-30,2024-05,29,BPCL,289.25,-1.18,-0.44,-0.81,-2.4373379429559194,2024-06-27,282.2
2024-05-30,2024-05,30,TATACONSUM,1060.75,0.47,-2.07,-0.81,0.9380155550318126,2024-06-27,1070.7
2024-05-30,2024-05,31,HCLTECH,1338.55,-0.32,-1.56,-0.94,8.699712375331515,2024-06-27,1455.0
2024-05-30,2024-05,32,MARUTI,12570.0,-1.08,-0.9,-0.99,-3.062848050914879,2024-06-27,12185.0
2024-05-30,2024-05,33,ITC,350.35,-0.51,-1.8,-1.16,0.18552875695732052,2024-06-27,351.0
2024-05-30,2024-05,34,SUNPHARMA,1465.2,-0.12,-2.73,-1.43,3.535353535353525,2024-06-27,1517.0
2024-05-30,2024-05,35,NESTLEIND,1205.7,-0.91,-2.54,-1.73,4.918304719250233,2024-06-27,1265.0
2024-05-30,2024-05,36,APOLLOHOSP,5786.05,-1.02,-2.58,-1.8,6.808617277762896,2024-06-27,6180.0
2024-05-30,2024-05,37,HDFCLIFE,552.0,-1.27,-2.78,-2.03,7.626811594202909,2024-06-27,594.1
2024-05-30,2024-05,38,TCS,3739.0,-1.07,-3.03,-2.05,5.054827493982339,2024-06-27,3928.0
2024-05-30,2024-05,39,BAJFINANCE,663.0,-1.64,-2.57,-2.11,8.14479638009049,2024-06-27,717.0
2024-05-30,2024-05,40,TITAN,3290.0,-1.2,-3.05,-2.13,2.7264437689969556,2024-06-27,3379.7
2024-05-30,2024-05,41,SBILIFE,1385.0,-1.07,-3.24,-2.16,5.653429602888083,2024-06-27,1463.3
2024-05-30,2024-05,42,ONGC,248.85,-1.28,-3.13,-2.21,-0.04018485031143104,2024-06-27,248.75
2024-05-30,2024-05,43,SHRIRAMFIN,462.0,-1.25,-3.18,-2.22,28.13852813852813,2024-06-27,592.0
2024-05-30,2024-05,44,TMPV,639.85,-1.0,-3.54,-2.28,4.657341564429163,2024-06-27,669.65
2024-05-30,2024-05,45,GRASIM,2331.6,-2.05,-2.57,-2.31,13.012523588951797,2024-06-27,2635.0
2024-05-30,2024-05,46,TATASTEEL,157.92,-2.55,-2.47,-2.51,7.8900709219858145,2024-06-27,170.38
2024-05-30,2024-05,47,BAJAJFINSV,1525.0,-1.65,-4.0,-2.83,4.901639344262287,2024-06-27,1599.75
2024-05-30,2024-05,48,WIPRO,209.45,-1.73,-4.24,-2.99,16.495583671520663,2024-06-27,244.0
2024-05-30,2024-05,49,TECHM,1165.6,-2.53,-3.49,-3.01,15.133836650652043,2024-06-27,1342.0
2024-06-27,2024-06,1,ULTRACEMCO,11515.0,3.38,9.0,6.15,-2.4229266174554898,2024-07-25,11236.0
2024-06-27,2024-06,2,SHRIRAMFIN,592.0,-0.1,9.0,4.35,-9.527027027027025,2024-07-25,535.6
2024-06-27,2024-06,3,GRASIM,2635.0,1.73,6.74,4.2,6.299810246679316,2024-07-25,2801.0
2024-06-27,2024-06,4,WIPRO,244.0,1.88,5.87,3.86,-0.5942622950819598,2024-07-25,242.55
2024-06-27,2024-06,5,BHARTIARTL,1478.05,1.87,5.01,3.43,-1.9146848888738521,2024-07-25,1449.75
2024-06-27,2024-06,6,AXISBANK,1288.05,0.59,5.97,3.24,-8.699196459764757,2024-07-25,1176.0
2024-06-27,2024-06,7,NTPC,376.6,2.53,3.35,2.94,4.062665958576717,2024-07-25,391.9
2024-06-27,2024-06,8,ICICIBANK,1216.5,0.1,5.62,2.82,-1.6152897657213394,2024-07-25,1196.85
2024-06-27,2024-06,9,ADANIPORTS,1488.0,1.65,3.98,2.81,0.13440860215054862,2024-07-25,1490.0
2024-06-27,2024-06,10,INFY,1536.7,1.14,4.47,2.79,16.333702088891776,2024-07-25,1787.7
2024-06-27,2024-06,11,KOTAKBANK,365.0,0.93,4.44,2.67,-2.5753424657534163,2024-07-25,355.6
2024-06-27,2024-06,12,RELIANCE,1528.55,1.23,4.14,2.67,-2.2472277648752037,2024-07-25,1494.2
2024-06-27,2024-06,13,TECHM,1342.0,0.55,4.72,2.61,9.8435171385991,2024-07-25,1474.1
2024-06-27,2024-06,14,DRREDDY,1247.0,1.32,3.54,2.42,9.991980753809138,2024-07-25,1371.6
2024-06-27,2024-06,15,HDFCBANK,848.0,-0.16,5.0,2.39,-4.716981132075471,2024-07-25,808.0
2024-06-27,2024-06,16,M&M,2885.0,0.93,3.49,2.2,-2.620450606585789,2024-07-25,2809.4
2024-06-27,2024-06,17,JSWSTEEL,943.0,1.0,2.93,1.96,-7.317073170731703,2024-07-25,874.0
2024-06-27,2024-06,18,POWERGRID,331.7,0.88,2.99,1.93,1.9143804642749451,2024-07-25,338.05
2024-06-27,2024-06,19,TCS,3928.0,1.26,2.39,1.82,10.291496945010191,2024-07-25,4332.25
2024-06-27,2024-06,20,HCLTECH,1455.0,0.81,2.5,1.65,9.079037800687285,2024-07-25,1587.1
2024-06-27,2024-06,21,HDFCLIFE,594.1,0.69,2.38,1.53,14.795488974920046,2024-07-25,682.0
2024-06-27,2024-06,22,TMPV,669.65,1.64,0.7,1.17,12.066004629283956,2024-07-25,750.45
2024-06-27,2024-06,23,BRITANNIA,5425.0,0.42,1.4,0.91,7.465437788018425,2024-07-25,5830.0
2024-06-27,2024-06,24,HINDALCO,684.0,0.79,1.04,0.91,-5.292397660818715,2024-07-25,647.8
2024-06-27,2024-06,25,SBILIFE,1463.3,0.45,1.31,0.88,15.629057609512742,2024-07-25,1692.0
2024-06-27,2024-06,26,BAJFINANCE,717.0,0.53,1.22,0.87,-7.1129707112970735,2024-07-25,666.0
2024-06-27,2024-06,27,SUNPHARMA,1517.0,0.42,1.1,0.76,9.271588661832574,2024-07-25,1657.65
2024-06-27,2024-06,28,BPCL,282.2,1.8,-0.34,0.72,6.785967399007808,2024-07-25,301.35
2024-06-27,2024-06,29,SBIN,845.0,0.27,1.08,0.67,0.4674556213017711,2024-07-25,848.95
2024-06-27,2024-06,30,DIVISLAB,4523.0,-0.33,1.66,0.66,1.04023877957109,2024-07-25,4570.05
2024-06-27,2024-06,31,APOLLOHOSP,6180.0,0.21,1.06,0.63,3.1941747572815427,2024-07-25,6377.4
2024-06-27,2024-06,32,BAJAJFINSV,1599.75,-0.07,1.02,0.47,-1.4846069698390418,2024-07-25,1576.0
2024-06-27,2024-06,33,INDUSINDBK,1500.0,0.25,0.57,0.41,-8.003333333333329,2024-07-25,1379.95
2024-06-27,2024-06,34,NESTLEIND,1265.0,-0.04,0.74,0.35,-2.055335968379446,2024-07-25,1239.0
2024-06-27,2024-06,35,TATASTEEL,170.38,0.45,0.2,0.32,-9.666627538443484,2024-07-25,153.91
2024-06-27,2024-06,36,HINDUNILVR,2464.0,0.18,0.38,0.28,10.000000000000009,2024-07-25,2710.4
2024-06-27,2024-06,37,HEROMOTOCO,5345.85,0.18,0.09,0.13,-1.5507356173480424,2024-07-25,5262.95
2024-06-27,2024-06,38,ASIANPAINT,2885.8,0.46,-0.21,0.12,0.6999792085383483,2024-07-25,2906.0
2024-06-27,2024-06,39,ITC,351.0,0.47,-0.48,-0.01,15.213675213675204,2024-07-25,404.4
2024-06-27,2024-06,40,ONGC,248.75,0.22,-0.88,-0.33,25.206030150753755,2024-07-25,311.45
2024-06-27,2024-06,41,ADANIENT,3078.1,0.1,-0.93,-0.42,-5.669081576297064,2024-07-25,2903.6
2024-06-27,2024-06,42,BAJAJ-AUTO,9233.0,-0.01,-0.84,-0.43,-1.8520524206650069,2024-07-25,9062.0
2024-06-27,2024-06,43,TITAN,3379.7,-0.01,-0.88,-0.45,0.7485871527058707,2024-07-25,3405.0
2024-06-27,2024-06,44,LT,3563.0,-0.36,-0.59,-0.48,1.655907942744883,2024-07-25,3622.0
2024-06-27,2024-06,45,CIPLA,1485.0,0.23,-1.35,-0.56,1.0101010101010166,2024-07-25,1500.0
2024-06-27,2024-06,46,COALINDIA,440.0,0.31,-1.79,-0.75,5.954545454545457,2024-07-25,466.2
2024-06-27,2024-06,47,MARUTI,12185.0,0.27,-2.01,-0.88,2.5030775543701367,2024-07-25,12490.0
2024-06-27,2024-06,48,TATACONSUM,1070.7,-0.2,-1.72,-0.96,12.823386569533945,2024-07-25,1208.0
2024-06-27,2024-06,49,EICHERMOT,4712.05,-0.68,-1.39,-1.04,3.8847210874247917,2024-07-25,4895.1
2024-07-25,2024-07,1,ONGC,311.45,2.55,9.2,5.82,-1.653555947985219,2024-08-29,306.3
2024-07-25,2024-07,2,TMPV,750.45,3.13,7.88,5.48,2.032114064894386,2024-08-29,765.7
2024-07-25,2024-07,3,HDFCLIFE,682.0,1.66,8.0,4.78,8.504398826979465,2024-08-29,740.0
2024-07-25,2024-07,4,SBILIFE,1692.0,2.08,7.37,4.69,8.850472813238763,2024-08-29,1841.75
2024-07-25,2024-07,5,BPCL,301.35,2.54,5.49,4.0,12.676290028206406,2024-08-29,339.55
2024-07-25,2024-07,6,SUNPHARMA,1657.65,1.86,5.17,3.5,8.575392875456211,2024-08-29,1799.8
2024-07-25,2024-07,7,INFY,1787.7,0.15,6.94,3.49,5.68328019242601,2024-08-29,1889.3
2024-07-25,2024-07,8,ITC,404.4,0.13,6.33,3.18,2.979723046488636,2024-08-29,416.45
2024-07-25,2024-07,9,TECHM,1474.1,1.09,5.24,3.14,6.939827691472766,2024-08-29,1576.4
2024-07-25,2024-07,10,TCS,4332.25,0.37,4.91,2.61,4.0337007328755226,2024-08-29,4507.0
2024-07-25,2024-07,11,DRREDDY,1371.6,0.47,4.11,2.27,1.4144065325167654,2024-08-29,1391.0
2024-07-25,2024-07,12,TATACONSUM,1208.0,-0.09,4.44,2.15,-1.0761589403973537,2024-08-29,1195.0
2024-07-25,2024-07,13,NTPC,391.9,0.49,3.7,2.08,4.9374840520540975,2024-08-29,411.25
2024-07-25,2024-07,14,HCLTECH,1587.1,0.02,3.12,1.56,10.292357129355434,2024-08-29,1750.45
2024-07-25,2024-07,15,HINDUNILVR,2710.4,-0.04,2.99,1.46,2.7283795749704742,2024-08-29,2784.35
2024-07-25,2024-07,16,GRASIM,2801.0,0.06,2.07,1.06,-4.500178507675834,2024-08-29,2674.95
2024-07-25,2024-07,17,TITAN,3405.0,-0.34,2.21,0.93,4.107195301027899,2024-08-29,3544.85
2024-07-25,2024-07,18,BRITANNIA,5830.0,-0.25,2.02,0.88,0.22041166380790678,2024-08-29,5842.85
2024-07-25,2024-07,19,DIVISLAB,4570.05,1.04,0.68,0.86,9.725276528703187,2024-08-29,5014.5
2024-07-25,2024-07,20,COALINDIA,466.2,0.54,1.06,0.8,6.585156585156593,2024-08-29,496.9
2024-07-25,2024-07,21,LT,3622.0,0.96,0.41,0.68,1.8774157923798995,2024-08-29,3690.0
2024-07-25,2024-07,22,EICHERMOT,4895.1,-0.13,1.15,0.51,0.15423586852156834,2024-08-29,4902.65
2024-07-25,2024-07,23,ADANIPORTS,1490.0,0.09,0.73,0.41,-0.6040268456375841,2024-08-29,1481.0
2024-07-25,2024-07,24,POWERGRID,338.05,0.11,0.62,0.36,-0.7543262830942199,2024-08-29,335.5
2024-07-25,2024-07,25,M&M,2809.4,0.22,0.37,0.29,-1.651598206022642,2024-08-29,2763.0
2024-07-25,2024-07,26,ULTRACEMCO,11236.0,0.32,0.01,0.16,-2.2249911000356004,2024-08-29,10986.0
2024-07-25,2024-07,27,APOLLOHOSP,6377.4,-0.39,0.7,0.15,7.8621381754319986,2024-08-29,6878.8
2024-07-25,2024-07,28,BHARTIARTL,1449.75,-0.13,0.38,0.12,7.949646490774276,2024-08-29,1565.0
2024-07-25,2024-07,29,KOTAKBANK,355.6,0.88,-0.82,0.03,0.0,2024-08-29,355.6
2024-07-25,2024-07,30,CIPLA,1500.0,-0.06,-0.05,-0.06,7.733333333333325,2024-08-29,1616.0
2024-07-25,2024-07,31,MARUTI,12490.0,-0.08,-0.09,-0.09,-0.32025620496397567,2024-08-29,12450.0
2024-07-25,2024-07,32,ASIANPAINT,2906.0,0.04,-0.84,-0.4,7.192016517549904,2024-08-29,3115.0
2024-07-25,2024-07,33,HDFCBANK,808.0,0.11,-0.92,-0.41,1.5965346534653424,2024-08-29,820.9
2024-07-25,2024-07,34,SBIN,848.95,-0.38,-1.26,-0.82,-3.9166028623593863,2024-08-29,815.7
2024-07-25,2024-07,35,BAJAJFINSV,1576.0,-0.39,-1.4,-0.9,11.567258883248721,2024-08-29,1758.3
2024-07-25,2024-07,36,BAJAJ-AUTO,9062.0,-0.07,-1.8,-0.94,16.331935555065115,2024-08-29,10542.0
2024-07-25,2024-07,37,HEROMOTOCO,5262.95,-0.44,-1.88,-1.16,-0.2964117082624673,2024-08-29,5247.35
2024-07-25,2024-07,38,ADANIENT,2903.6,0.41,-2.73,-1.17,0.9677641548422544,2024-08-29,2931.7
2024-07-25,2024-07,39,WIPRO,242.55,0.66,-3.13,-1.25,6.163677592249006,2024-08-29,257.5
2024-07-25,2024-07,40,RELIANCE,1494.2,0.03,-2.62,-1.3,1.827064649979926,2024-08-29,1521.5
2024-07-25,2024-07,41,ICICIBANK,1196.85,-0.93,-1.73,-1.33,2.026151982286839,2024-08-29,1221.1
2024-07-25,2024-07,42,BAJFINANCE,666.0,0.13,-4.18,-2.05,6.156156156156145,2024-08-29,707.0
2024-07-25,2024-07,43,HINDALCO,647.8,0.12,-4.32,-2.13,8.058042605742521,2024-08-29,700.0
2024-07-25,2024-07,44,SHRIRAMFIN,535.6,-0.57,-3.66,-2.13,19.492158327109777,2024-08-29,640.0
2024-07-25,2024-07,45,INDUSINDBK,1379.95,-0.7,-3.83,-2.28,2.5761802963875535,2024-08-29,1415.5
2024-07-25,2024-07,46,JSWSTEEL,874.0,-0.52,-4.19,-2.37,7.345537757437071,2024-08-29,938.2
2024-07-25,2024-07,47,NESTLEIND,1239.0,-1.41,-3.41,-2.42,1.0895883777239712,2024-08-29,1252.5
2024-07-25,2024-07,48,TATASTEEL,153.91,-0.68,-5.41,-3.07,-2.761354038074204,2024-08-29,149.66
2024-07-25,2024-07,49,AXISBANK,1176.0,-1.75,-6.94,-4.38,-0.08503401360544505,2024-08-29,1175.0
2024-08-29,2024-08,1,BAJAJFINSV,1758.3,1.18,7.61,4.35,12.574645964852426,2024-09-26,1979.4
2024-08-29,2024-08,2,BAJAJ-AUTO,10542.0,1.06,7.6,4.28,16.567065073041178,2024-09-26,12288.5
2024-08-29,2024-08,3,BPCL,339.55,1.53,5.05,3.28,-3.2395817994404386,2024-09-26,328.55
2024-08-29,2024-08,4,HCLTECH,1750.45,0.94,5.54,3.21,1.8023936701990984,2024-09-26,1782.0
2024-08-29,2024-08,5,TMPV,765.7,2.96,3.3,3.13,-10.976883897087642,2024-09-26,681.65
2024-08-29,2024-08,6,BHARTIARTL,1565.0,0.93,4.81,2.85,12.916932907348254,2024-09-26,1767.15
2024-08-29,2024-08,7,BAJFINANCE,707.0,1.11,4.43,2.76,9.618104667609618,2024-09-26,775.0
2024-08-29,2024-08,8,WIPRO,257.5,0.87,4.12,2.48,0.27184466019416487,2024-09-26,258.2
2024-08-29,2024-08,9,TECHM,1576.4,0.42,4.55,2.46,-2.6072062928190864,2024-09-26,1535.3
2024-08-29,2024-08,10,SBILIFE,1841.75,-0.17,5.04,2.4,3.0921677752137944,2024-09-26,1898.7
2024-08-29,2024-08,11,SHRIRAMFIN,640.0,-0.2,4.76,2.25,13.187499999999996,2024-09-26,724.4
2024-08-29,2024-08,12,HDFCLIFE,740.0,0.02,4.34,2.16,-1.62837837837837,2024-09-26,727.95
2024-08-29,2024-08,13,INFY,1889.3,-0.02,4.29,2.11,-1.8737098396231389,2024-09-26,1853.9
2024-08-29,2024-08,14,HINDALCO,700.0,-0.02,4.04,1.99,5.035714285714277,2024-09-26,735.25
2024-08-29,2024-08,15,DIVISLAB,5014.5,0.45,3.43,1.93,6.989729783627485,2024-09-26,5365.0
2024-08-29,2024-08,16,APOLLOHOSP,6878.8,0.81,2.72,1.76,3.8720416351689213,2024-09-26,7145.15
2024-08-29,2024-08,17,SUNPHARMA,1799.8,-0.14,3.1,1.47,5.845093899322151,2024-09-26,1905.0
2024-08-29,2024-08,18,CIPLA,1616.0,0.12,2.63,1.37,0.18564356435644136,2024-09-26,1619.0
2024-08-29,2024-08,19,BRITANNIA,5842.85,1.19,1.36,1.27,6.8485413796349315,2024-09-26,6243.0
2024-08-29,2024-08,20,RELIANCE,1521.5,0.88,1.66,1.27,-1.183043049622079,2024-09-26,1503.5
2024-08-29,2024-08,21,INDUSINDBK,1415.5,0.3,2.02,1.16,2.6492405510420314,2024-09-26,1453.0
2024-08-29,2024-08,22,TCS,4507.0,-0.25,2.53,1.13,-4.703794098069669,2024-09-26,4295.0
2024-08-29,2024-08,23,ITC,416.45,0.49,1.75,1.12,3.445791811742116,2024-09-26,430.8
2024-08-29,2024-08,24,HEROMOTOCO,5247.35,0.84,1.25,1.04,12.282390158842071,2024-09-26,5891.85
2024-08-29,2024-08,25,NTPC,411.25,0.45,1.54,0.99,5.410334346504553,2024-09-26,433.5
2024-08-29,2024-08,26,TITAN,3544.85,0.06,1.83,0.94,5.900108608262689,2024-09-26,3754.0
2024-08-29,2024-08,27,COALINDIA,496.9,0.57,1.16,0.86,-4.377138257194602,2024-09-26,475.15
2024-08-29,2024-08,28,LT,3690.0,0.01,1.71,0.86,1.8970189701897011,2024-09-26,3760.0
2024-08-29,2024-08,29,ICICIBANK,1221.1,-0.29,1.89,0.79,8.545573663090678,2024-09-26,1325.45
2024-08-29,2024-08,30,MARUTI,12450.0,0.74,0.73,0.73,7.2983935742971795,2024-09-26,13358.65
2024-08-29,2024-08,31,ONGC,306.3,0.47,0.89,0.68,-10.34933072151485,2024-09-26,274.6
2024-08-29,2024-08,32,HINDUNILVR,2784.35,0.01,1.19,0.6,7.418248424228291,2024-09-26,2990.9
2024-08-29,2024-08,33,JSWSTEEL,938.2,-0.51,1.45,0.47,6.608399062033676,2024-09-26,1000.2
2024-08-29,2024-08,34,DRREDDY,1391.0,0.19,0.72,0.45,-3.1344356578001387,2024-09-26,1347.4
2024-08-29,2024-08,35,HDFCBANK,820.9,0.28,0.61,0.44,8.29577293214765,2024-09-26,889.0
2024-08-29,2024-08,36,EICHERMOT,4902.65,-0.2,0.97,0.38,1.781689494457095,2024-09-26,4990.0
2024-08-29,2024-08,37,ASIANPAINT,3115.0,-0.42,0.82,0.2,5.187800963081868,2024-09-26,3276.6
2024-08-29,2024-08,38,AXISBANK,1175.0,0.07,0.08,0.07,8.421276595744676,2024-09-26,1273.95
2024-08-29,2024-08,39,TATACONSUM,1195.0,-0.49,0.42,-0.04,1.3347280334728095,2024-09-26,1210.95
2024-08-29,2024-08,40,ADANIPORTS,1481.0,0.51,-0.93,-0.21,-0.4659014179608456,2024-09-26,1474.1
2024-08-29,2024-08,41,SBIN,815.7,0.22,-0.67,-0.23,-1.6672796371214882,2024-09-26,802.1
2024-08-29,2024-08,42,GRASIM,2674.95,-0.4,-0.08,-0.24,2.69350828987458,2024-09-26,2747.0
2024-08-29,2024-08,43,POWERGRID,335.5,0.46,-0.93,-0.24,8.76304023845007,2024-09-26,364.9
2024-08-29,2024-08,44,NESTLEIND,1252.5,-0.12,-0.48,-0.3,9.580838323353301,2024-09-26,1372.5
2024-08-29,2024-08,45,M&M,2763.0,-0.47,-0.38,-0.43,14.694173000361932,2024-09-26,3169.0
2024-08-29,2024-08,46,TATASTEEL,149.66,-0.06,-1.1,-0.58,8.064947213684338,2024-09-26,161.73
2024-08-29,2024-08,47,ULTRACEMCO,10986.0,-0.1,-1.14,-0.62,7.582377571454568,2024-09-26,11819.0
2024-08-29,2024-08,48,KOTAKBANK,355.6,-0.73,-0.75,-0.74,7.058492688413942,2024-09-26,380.7
2024-08-29,2024-08,49,ADANIENT,2931.7,-0.02,-1.97,-1.0,3.0084933656240542,2024-09-26,3019.9
2024-09-26,2024-09,1,M&M,3169.0,2.13,9.96,5.97,-13.221836541495735,2024-10-31,2750.0
2024-09-26,2024-09,2,BAJAJ-AUTO,12288.5,0.98,8.28,4.57,-21.902591854172606,2024-10-31,9597.0
2024-09-26,2024-09,3,MARUTI,13358.65,2.17,6.67,4.4,-16.826550587072788,2024-10-31,11110.85
2024-09-26,2024-09,4,TATASTEEL,161.73,1.79,6.75,4.24,-10.375316886168306,2024-10-31,144.95
2024-09-26,2024-09,5,SHRIRAMFIN,724.4,2.07,6.39,4.21,-13.307564881281053,2024-10-31,628.0
2024-09-26,2024-09,6,BAJAJFINSV,1979.4,1.74,6.48,4.08,-11.690411235728003,2024-10-31,1748.0
2024-09-26,2024-09,7,HINDALCO,735.25,1.67,6.55,4.08,-6.956817409044536,2024-10-31,684.1
2024-09-26,2024-09,8,POWERGRID,364.9,1.43,6.46,3.91,-12.085502877500677,2024-10-31,320.8
2024-09-26,2024-09,9,BHARTIARTL,1767.15,0.57,7.0,3.74,-8.219449395919987,2024-10-31,1621.9
2024-09-26,2024-09,10,NESTLEIND,1372.5,1.01,5.19,3.08,-17.53734061930784,2024-10-31,1131.8
2024-09-26,2024-09,11,BAJFINANCE,775.0,1.29,4.56,2.91,-10.967741935483865,2024-10-31,690.0
2024-09-26,2024-09,12,JSWSTEEL,1000.2,0.87,4.18,2.51,-3.6542691461707744,2024-10-31,963.65
2024-09-26,2024-09,13,ULTRACEMCO,11819.0,1.66,3.36,2.51,-8.15635840595651,2024-10-31,10855.0
2024-09-26,2024-09,14,AXISBANK,1273.95,0.77,4.19,2.47,-8.39514894619099,2024-10-31,1167.0
2024-09-26,2024-09,15,SUNPHARMA,1905.0,1.45,3.32,2.38,-2.461942257217853,2024-10-31,1858.1
2024-09-26,2024-09,16,HDFCBANK,889.0,0.12,4.61,2.34,-2.452193475815523,2024-10-31,867.2
2024-09-26,2024-09,17,NTPC,433.5,0.35,4.13,2.22,-5.767012687427908,2024-10-31,408.5
2024-09-26,2024-09,18,HINDUNILVR,2990.9,1.26,3.08,2.17,-15.393359858236655,2024-10-31,2530.5
2024-09-26,2024-09,19,GRASIM,2747.0,2.49,1.59,2.04,-1.583545686203136,2024-10-31,2703.5
2024-09-26,2024-09,20,ICICIBANK,1325.45,0.04,3.88,1.94,-2.312422196235253,2024-10-31,1294.8
2024-09-26,2024-09,21,BRITANNIA,6243.0,0.76,2.94,1.84,-8.217203267659778,2024-10-31,5730.0
2024-09-26,2024-09,22,EICHERMOT,4990.0,1.15,2.37,1.76,-1.6042084168336745,2024-10-31,4909.95
2024-09-26,2024-09,23,HEROMOTOCO,5891.85,0.06,3.31,1.67,-17.559000992896966,2024-10-31,4857.3
2024-09-26,2024-09,24,SBILIFE,1898.7,0.95,2.32,1.63,-14.781166060989104,2024-10-31,1618.05
2024-09-26,2024-09,25,ADANIENT,3019.9,0.44,2.79,1.61,-5.327990993079245,2024-10-31,2859.0
2024-09-26,2024-09,26,ITC,430.8,0.66,2.2,1.43,-6.348653667595173,2024-10-31,403.45
2024-09-26,2024-09,27,KOTAKBANK,380.7,0.06,2.82,1.43,-8.799579721565543,2024-10-31,347.2
2024-09-26,2024-09,28,BPCL,328.55,1.59,1.18,1.38,-9.770202404504646,2024-10-31,296.45
2024-09-26,2024-09,29,ADANIPORTS,1474.1,1.36,1.23,1.29,-6.665083779933523,2024-10-31,1375.85
2024-09-26,2024-09,30,HDFCLIFE,727.95,0.72,1.57,1.14,-1.0921079744487971,2024-10-31,720.0
2024-09-26,2024-09,31,APOLLOHOSP,7145.15,0.06,2.12,1.08,-1.927181374778697,2024-10-31,7007.45
2024-09-26,2024-09,32,RELIANCE,1503.5,0.56,1.21,0.88,-11.40671765879614,2024-10-31,1332.0
2024-09-26,2024-09,33,COALINDIA,475.15,0.53,1.11,0.82,-10.491423760917595,2024-10-31,425.3
2024-09-26,2024-09,34,WIPRO,258.2,0.31,1.3,0.8,2.3818745158791677,2024-10-31,264.35
2024-09-26,2024-09,35,TITAN,3754.0,0.31,1.19,0.75,-12.706446457112408,2024-10-31,3277.0
2024-09-26,2024-09,36,ASIANPAINT,3276.6,0.78,0.65,0.71,-10.689434169566015,2024-10-31,2926.35
2024-09-26,2024-09,37,DRREDDY,1347.4,0.7,0.61,0.65,-5.447528573549065,2024-10-31,1274.0
2024-09-26,2024-09,38,LT,3760.0,-0.37,1.68,0.65,-3.6289893617021174,2024-10-31,3623.55
2024-09-26,2024-09,39,DIVISLAB,5365.0,0.03,1.19,0.61,9.506057781919841,2024-10-31,5875.0
2024-09-26,2024-09,40,TATACONSUM,1210.95,0.73,0.5,0.61,-17.222015772740416,2024-10-31,1002.4
2024-09-26,2024-09,41,SBIN,802.1,0.63,0.57,0.6,2.368781947388099,2024-10-31,821.1
2024-09-26,2024-09,42,HCLTECH,1782.0,-0.08,1.19,0.55,-0.5050505050505083,2024-10-31,1773.0
2024-09-26,2024-09,43,INDUSINDBK,1453.0,0.5,0.55,0.52,-27.39160357880248,2024-10-31,1055.0
2024-09-26,2024-09,44,TMPV,681.65,1.16,-1.42,-0.14,-15.6385241692951,2024-10-31,575.05
2024-09-26,2024-09,45,TECHM,1535.3,-0.03,-0.66,-0.35,0.3842897153650826,2024-10-31,1541.2
2024-09-26,2024-09,46,INFY,1853.9,-0.29,-0.55,-0.42,-6.920545876260864,2024-10-31,1725.6
2024-09-26,2024-09,47,CIPLA,1619.0,-0.49,-0.96,-0.73,-4.076590487955523,2024-10-31,1553.0
2024-09-26,2024-09,48,TCS,4295.0,0.38,-1.99,-0.81,-7.450523864959258,2024-10-31,3975.0
2024-09-26,2024-09,49,ONGC,274.6,-0.14,-1.86,-1.0,-9.504734158776406,2024-10-31,248.5
2024-10-31,2024-10,1,LT,3623.55,2.22,3.44,2.83,1.1991003297870728,2024-11-28,3667.0
2024-10-31,2024-10,2,EICHERMOT,4909.95,0.7,2.82,1.75,-1.2413568366276606,2024-11-28,4849.0
2024-10-31,2024-10,3,CIPLA,1553.0,2.69,0.79,1.74,-3.531873792659368,2024-11-28,1498.15
2024-10-31,2024-10,4,SBIN,821.1,0.3,2.1,1.2,2.3687735963950685,2024-11-28,840.55
2024-10-31,2024-10,5,BEL,285.0,-0.09,1.35,0.63,7.298245614035093,2024-11-28,305.8
2024-10-31,2024-10,6,GRASIM,2703.5,0.86,0.37,0.61,-4.3462178657296064,2024-11-28,2586.0
2024-10-31,2024-10,7,HDFCBANK,867.2,0.09,1.12,0.6,3.378690036900367,2024-11-28,896.5
2024-10-31,2024-10,8,ICICIBANK,1294.8,-0.66,1.69,0.51,-0.6641952425084918,2024-11-28,1286.2
2024-10-31,2024-10,9,ADANIENT,2859.0,0.58,0.02,0.3,-17.36271423574677,2024-11-28,2362.6
2024-10-31,2024-10,10,APOLLOHOSP,7007.45,0.16,0.43,0.29,-1.9914519547053477,2024-11-28,6867.9
2024-10-31,2024-10,11,WIPRO,264.35,-0.72,1.26,0.27,3.8585209003215493,2024-11-28,274.55
2024-10-31,2024-10,12,ITC,403.45,0.27,-0.38,-0.06,-2.8132358408724634,2024-11-28,392.1
2024-10-31,2024-10,13,JSWSTEEL,963.65,0.31,-1.17,-0.43,-0.5344263996264198,2024-11-28,958.5
2024-10-31,2024-10,14,HDFCLIFE,720.0,-0.37,-0.51,-0.44,-9.013888888888888,2024-11-28,655.1
2024-10-31,2024-10,15,SUNPHARMA,1858.1,-0.1,-1.01,-0.56,-6.253700016145514,2024-11-28,1741.9
2024-10-31,2024-10,16,AXISBANK,1167.0,-0.15,-1.0,-0.58,-2.699228791773778,2024-11-28,1135.5
2024-10-31,2024-10,17,ADANIPORTS,1375.85,-0.38,-0.84,-0.61,-14.965294181778532,2024-11-28,1169.95
2024-10-31,2024-10,18,ULTRACEMCO,10855.0,-0.4,-0.98,-0.69,-0.09212344541685846,2024-11-28,10845.0
2024-10-31,2024-10,19,NTPC,408.5,0.21,-1.6,-0.7,-10.611995104039174,2024-11-28,365.15
2024-10-31,2024-10,20,POWERGRID,320.8,0.23,-1.68,-0.73,4.1147132169575995,2024-11-28,334.0
2024-10-31,2024-10,21,BRITANNIA,5730.0,-0.04,-2.27,-1.16,-13.961605584642234,2024-11-28,4930.0
2024-10-31,2024-10,22,DRREDDY,1274.0,0.68,-2.96,-1.16,-5.9772370486656285,2024-11-28,1197.85
2024-10-31,2024-10,23,BAJAJFINSV,1748.0,0.14,-2.5,-1.19,-9.47940503432495,2024-11-28,1582.3
2024-10-31,2024-10,24,BAJFINANCE,690.0,-0.43,-2.06,-1.25,-5.21739130434783,2024-11-28,654.0
2024-10-31,2024-10,25,ONGC,248.5,0.73,-3.51,-1.41,-2.917505030181089,2024-11-28,241.25
2024-10-31,2024-10,26,RELIANCE,1332.0,-0.4,-2.45,-1.43,-4.4519519519519495,2024-11-28,1272.7
2024-10-31,2024-10,27,BHARTIARTL,1621.9,-0.24,-2.86,-1.56,-3.511313891115364,2024-11-28,1564.95
2024-10-31,2024-10,28,TATASTEEL,144.95,-0.43,-3.0,-1.72,-3.1666091755777726,2024-11-28,140.36
2024-10-31,2024-10,29,KOTAKBANK,347.2,-0.13,-3.44,-1.8,1.6129032258064502,2024-11-28,352.8
2024-10-31,2024-10,30,M&M,2750.0,1.29,-4.86,-1.83,5.600000000000005,2024-11-28,2904.0
2024-10-31,2024-10,31,TITAN,3277.0,0.08,-3.79,-1.87,-1.600549282880681,2024-11-28,3224.55
2024-10-31,2024-10,32,COALINDIA,425.3,0.63,-4.42,-1.93,-4.655537267810961,2024-11-28,405.5
2024-10-31,2024-10,33,HINDALCO,684.1,-0.33,-3.58,-1.97,-4.838473907323493,2024-11-28,651.0
2024-10-31,2024-10,34,HEROMOTOCO,4857.3,0.64,-4.71,-2.07,-4.110308195911316,2024-11-28,4657.65
2024-10-31,2024-10,35,SHRIRAMFIN,628.0,-0.35,-4.27,-2.33,-3.248407643312101,2024-11-28,607.6
2024-10-31,2024-10,36,TCS,3975.0,-1.13,-3.57,-2.36,6.938364779874218,2024-11-28,4250.8
2024-10-31,2024-10,37,BPCL,296.45,-0.03,-4.72,-2.4,-6.088716478326872,2024-11-28,278.4
2024-10-31,2024-10,38,ASIANPAINT,2926.35,-1.33,-3.75,-2.55,-15.90547952227177,2024-11-28,2460.9
2024-10-31,2024-10,39,HCLTECH,1773.0,-2.0,-3.15,-2.58,4.004512126339543,2024-11-28,1844.0
2024-10-31,2024-10,40,SBILIFE,1618.05,-0.45,-4.69,-2.59,-11.992830876672533,2024-11-28,1424.0
2024-10-31,2024-10,41,TATACONSUM,1002.4,-0.22,-5.13,-2.71,-5.646448523543501,2024-11-28,945.8
2024-10-31,2024-10,42,TECHM,1541.2,-1.81,-3.74,-2.78,6.5079159096807615,2024-11-28,1641.5
2024-10-31,2024-10,43,NESTLEIND,1131.8,-0.39,-5.14,-2.79,-0.8216999469870978,2024-11-28,1122.5
2024-10-31,2024-10,44,TRENT,4760.0,-0.74,-5.09,-2.94,-5.111344537815132,2024-11-28,4516.7
2024-10-31,2024-10,45,HINDUNILVR,2530.5,-0.51,-5.42,-3.0,-2.454060462359209,2024-11-28,2468.4
2024-10-31,2024-10,46,INFY,1725.6,-1.19,-5.78,-3.51,5.5227167362077,2024-11-28,1820.9
2024-10-31,2024-10,47,TMPV,575.05,-0.64,-6.69,-3.71,-6.4342231110338215,2024-11-28,538.05
2024-10-31,2024-10,48,MARUTI,11110.85,-0.67,-6.76,-3.76,-1.1776776754253704,2024-11-28,10980.0
2024-10-31,2024-10,49,BAJAJ-AUTO,9597.0,-0.56,-7.73,-4.21,-8.33593831405648,2024-11-28,8797.0
2024-10-31,2024-10,50,INDUSINDBK,1055.0,0.01,-14.34,-7.44,-5.805687203791465,2024-11-28,993.75
2024-11-28,2024-11,1,BEL,305.8,0.29,5.57,2.9,-3.2701111837802443,2024-12-26,295.8
2024-11-28,2024-11,2,SBIN,840.55,0.29,2.11,1.2,-3.230027957884718,2024-12-26,813.4
2024-11-28,2024-11,3,HDFCBANK,896.5,-0.32,2.57,1.11,-0.03346346904629094,2024-12-26,896.2
2024-11-28,2024-11,4,POWERGRID,334.0,-0.63,2.08,0.72,-6.976047904191618,2024-12-26,310.7
2024-11-28,2024-11,5,LT,3667.0,-0.48,1.86,0.68,-0.9435505863103377,2024-12-26,3632.4
2024-11-28,2024-11,6,SHRIRAMFIN,607.6,0.55,0.76,0.65,-3.6208031599736623,2024-12-26,585.6
2024-11-28,2024-11,7,TCS,4250.8,-0.84,1.69,0.42,-1.8772936858944211,2024-12-26,4171.0
2024-11-28,2024-11,8,WIPRO,274.55,-0.65,1.43,0.38,6.119103988344565,2024-12-26,291.35
2024-11-28,2024-11,9,TECHM,1641.5,-0.87,0.79,-0.04,-1.1026500152299668,2024-12-26,1623.4
2024-11-28,2024-11,10,ICICIBANK,1286.2,-0.76,0.66,-0.05,0.8396827865028822,2024-12-26,1297.0
2024-11-28,2024-11,11,ULTRACEMCO,10845.0,-0.12,-0.03,-0.08,3.5408022130013928,2024-12-26,11229.0
2024-11-28,2024-11,12,ITC,392.1,0.03,-0.28,-0.13,0.3315480744707777,2024-12-26,393.4
2024-11-28,2024-11,13,KOTAKBANK,352.8,-0.51,0.22,-0.15,-0.28344671201814275,2024-12-26,351.8
2024-11-28,2024-11,14,CIPLA,1498.15,0.63,-1.06,-0.22,-0.6107532623569112,2024-12-26,1489.0
2024-11-28,2024-11,15,TRENT,4516.7,-0.22,-0.24,-0.23,4.206611021320872,2024-12-26,4706.7
2024-11-28,2024-11,16,GRASIM,2586.0,-0.32,-0.32,-0.32,-3.8998453209590056,2024-12-26,2485.15
2024-11-28,2024-11,17,EICHERMOT,4849.0,-0.4,-0.32,-0.36,-1.0105176325015508,2024-12-26,4800.0
2024-11-28,2024-11,18,JSWSTEEL,958.5,-0.37,-0.63,-0.5,-4.590505998956706,2024-12-26,914.5
2024-11-28,2024-11,19,ONGC,241.25,-0.24,-0.79,-0.52,-4.974093264248703,2024-12-26,229.25
2024-11-28,2024-11,20,BHARTIARTL,1564.95,-0.25,-1.11,-0.68,2.2684430812486056,2024-12-26,1600.45
2024-11-28,2024-11,21,TATASTEEL,140.36,-0.35,-1.18,-0.77,-2.108862923909949,2024-12-26,137.4
2024-11-28,2024-11,22,HINDUNILVR,2468.4,-0.4,-1.21,-0.81,-5.6473829201102,2024-12-26,2329.0
2024-11-28,2024-11,23,NESTLEIND,1122.5,-0.42,-1.19,-0.81,-4.0356347438752715,2024-12-26,1077.2
2024-11-28,2024-11,24,INFY,1820.9,-1.45,-0.2,-0.83,2.619583722335106,2024-12-26,1868.6
2024-11-28,2024-11,25,HCLTECH,1844.0,-1.34,-0.57,-0.96,3.0368763557483636,2024-12-26,1900.0
2024-11-28,2024-11,26,COALINDIA,405.5,-0.24,-1.77,-1.01,-7.1023427866831135,2024-12-26,376.7
2024-11-28,2024-11,27,AXISBANK,1135.5,-0.58,-1.48,-1.03,-5.129898723029502,2024-12-26,1077.25
2024-11-28,2024-11,28,MARUTI,10980.0,-0.15,-2.09,-1.12,-0.6211293260473649,2024-12-26,10911.8
2024-11-28,2024-11,29,APOLLOHOSP,6867.9,-0.92,-1.33,-1.13,5.592684809039161,2024-12-26,7252.0
2024-11-28,2024-11,30,RELIANCE,1272.7,-0.93,-1.41,-1.17,-4.376522354050449,2024-12-26,1217.0
2024-11-28,2024-11,31,TITAN,3224.55,-1.02,-1.32,-1.17,2.7740304848738573,2024-12-26,3314.0
2024-11-28,2024-11,32,M&M,2904.0,-1.75,-0.83,-1.29,2.7617079889806995,2024-12-26,2984.2
2024-11-28,2024-11,33,HEROMOTOCO,4657.65,-1.23,-1.73,-1.48,-10.315287752407333,2024-12-26,4177.2
2024-11-28,2024-11,34,HINDALCO,651.0,-1.06,-2.01,-1.54,-3.2258064516129004,2024-12-26,630.0
2024-11-28,2024-11,35,SUNPHARMA,1741.9,-0.16,-2.99,-1.59,5.921694701188351,2024-12-26,1845.05
2024-11-28,2024-11,36,TATACONSUM,945.8,-0.76,-2.74,-1.75,-4.842461408331566,2024-12-26,900.0
2024-11-28,2024-11,37,DRREDDY,1197.85,-0.01,-3.49,-1.77,13.45327044287683,2024-12-26,1359.0
2024-11-28,2024-11,38,BPCL,278.4,-0.29,-3.25,-1.78,0.9159482758620774,2024-12-26,280.95
2024-11-28,2024-11,39,TMPV,538.05,-0.54,-3.47,-2.02,-5.120341975652809,2024-12-26,510.5
2024-11-28,2024-11,40,BAJFINANCE,654.0,-1.38,-2.84,-2.11,4.128440366972486,2024-12-26,681.0
2024-11-28,2024-11,41,NTPC,365.15,-0.11,-4.21,-2.18,-8.078871696563061,2024-12-26,335.65
2024-11-28,2024-11,42,BAJAJFINSV,1582.3,-0.43,-4.66,-2.57,-1.4756999304809448,2024-12-26,1558.95
2024-11-28,2024-11,43,BRITANNIA,4930.0,-0.38,-5.3,-2.87,-3.5659229208924947,2024-12-26,4754.2
2024-11-28,2024-11,44,ADANIENT,2362.6,1.56,-7.13,-2.88,-1.4771861508507622,2024-12-26,2327.7
2024-11-28,2024-11,45,INDUSINDBK,993.75,-0.67,-5.95,-3.35,-6.228930817610056,2024-12-26,931.85
2024-11-28,2024-11,46,ASIANPAINT,2460.9,-0.61,-6.28,-3.49,-8.102726644723479,2024-12-26,2261.5
2024-11-28,2024-11,47,ADANIPORTS,1169.95,-0.89,-6.83,-3.91,6.325056626351544,2024-12-26,1243.95
2024-11-28,2024-11,48,HDFCLIFE,655.1,-2.7,-5.45,-4.08,-4.518394138299497,2024-12-26,625.5
2024-11-28,2024-11,49,BAJAJ-AUTO,8797.0,-1.42,-6.71,-4.1,-1.750596794361714,2024-12-26,8643.0
2024-11-28,2024-11,50,SBILIFE,1424.0,-3.83,-8.25,-6.07,-0.98314606741573,2024-12-26,1410.0
2024-12-26,2024-12,1,DRREDDY,1359.0,0.57,5.72,3.11,-11.994113318616629,2025-01-30,1196.0
2024-12-26,2024-12,2,ADANIPORTS,1243.95,3.13,1.22,2.17,-13.66212468346799,2025-01-30,1074.0
2024-12-26,2024-12,3,SUNPHARMA,1845.05,1.1,1.94,1.52,-5.848079997832034,2025-01-30,1737.15
2024-12-26,2024-12,4,TRENT,4706.7,0.7,1.55,1.12,-21.558629188178546,2025-01-30,3692.0
2024-12-26,2024-12,5,CIPLA,1489.0,0.59,0.54,0.56,-1.950973807924783,2025-01-30,1459.95
2024-12-26,2024-12,6,ITC,393.4,-0.02,1.11,0.54,6.037112353838325,2025-01-30,417.15
2024-12-26,2024-12,7,APOLLOHOSP,7252.0,-0.15,0.81,0.33,-5.681191395477114,2025-01-30,6840.0
2024-12-26,2024-12,8,M&M,2984.2,0.88,-0.33,0.27,-0.4088197841967678,2025-01-30,2972.0
2024-12-26,2024-12,9,WIPRO,291.35,-0.27,0.71,0.22,3.552428350780845,2025-01-30,301.7
2024-12-26,2024-12,10,BHARTIARTL,1600.45,0.36,-0.1,0.13,2.6273860476740962,2025-01-30,1642.5
2024-12-26,2024-12,11,EICHERMOT,4800.0,0.28,-0.07,0.1,7.499999999999996,2025-01-30,5160.0
2024-12-26,2024-12,12,BPCL,280.95,0.48,-0.37,0.05,-12.813667912439941,2025-01-30,244.95
2024-12-26,2024-12,13,KOTAKBANK,351.8,0.39,-0.47,-0.04,8.243320068220573,2025-01-30,380.8
2024-12-26,2024-12,14,HCLTECH,1900.0,-0.07,-0.55,-0.31,-9.584210526315784,2025-01-30,1717.9
2024-12-26,2024-12,15,ICICIBANK,1297.0,0.11,-0.81,-0.35,-2.8643022359290726,2025-01-30,1259.85
2024-12-26,2024-12,16,ULTRACEMCO,11229.0,0.23,-0.95,-0.36,0.6055748508326575,2025-01-30,11297.0
2024-12-26,2024-12,17,MARUTI,10911.8,0.28,-1.33,-0.53,10.01851206950275,2025-01-30,12005.0
2024-12-26,2024-12,18,INFY,1868.6,-0.26,-0.91,-0.59,-2.1299368511184857,2025-01-30,1828.8
2024-12-26,2024-12,19,HDFCBANK,896.2,-0.15,-1.04,-0.6,-5.489846016514177,2025-01-30,847.0
2024-12-26,2024-12,20,BEL,295.8,0.55,-1.94,-0.7,-5.307640297498306,2025-01-30,280.1
2024-12-26,2024-12,21,SBILIFE,1410.0,0.37,-1.97,-0.81,4.549645390070922,2025-01-30,1474.15
2024-12-26,2024-12,22,BAJAJ-AUTO,8643.0,0.29,-1.91,-0.82,-1.2032858961008919,2025-01-30,8539.0
2024-12-26,2024-12,23,BAJFINANCE,681.0,-0.45,-1.26,-0.86,16.37298091042585,2025-01-30,792.5
2024-12-26,2024-12,24,BRITANNIA,4754.2,0.06,-1.98,-0.97,7.377687097724128,2025-01-30,5104.95
2024-12-26,2024-12,25,HDFCLIFE,625.5,0.09,-2.07,-1.0,1.51878497202238,2025-01-30,635.0
2024-12-26,2024-12,26,ADANIENT,2327.7,0.6,-2.61,-1.02,-6.375392017871706,2025-01-30,2179.3
2024-12-26,2024-12,27,SHRIRAMFIN,585.6,0.79,-2.8,-1.02,-7.641734972677594,2025-01-30,540.85
2024-12-26,2024-12,28,TCS,4171.0,-0.01,-2.6,-1.31,-1.5104291536801706,2025-01-30,4108.0
2024-12-26,2024-12,29,HINDALCO,630.0,0.06,-2.76,-1.36,-6.253968253968245,2025-01-30,590.6
2024-12-26,2024-12,30,SBIN,813.4,-0.15,-2.66,-1.41,-6.03639045979838,2025-01-30,764.3
2024-12-26,2024-12,31,TATASTEEL,137.4,0.1,-2.9,-1.41,-6.259097525473067,2025-01-30,128.8
2024-12-26,2024-12,32,TECHM,1623.4,-0.52,-2.3,-1.41,-0.8870272268079349,2025-01-30,1609.0
2024-12-26,2024-12,33,LT,3632.4,-0.24,-2.58,-1.42,-5.503248540909588,2025-01-30,3432.5
2024-12-26,2024-12,34,NESTLEIND,1077.2,-0.35,-2.53,-1.45,3.323431117712583,2025-01-30,1113.0
2024-12-26,2024-12,35,TITAN,3314.0,-1.15,-1.76,-1.46,1.7395896197948124,2025-01-30,3371.65
2024-12-26,2024-12,36,HINDUNILVR,2329.0,-0.35,-2.68,-1.52,4.05324173465007,2025-01-30,2423.4
2024-12-26,2024-12,37,TATACONSUM,900.0,-0.43,-2.81,-1.63,7.777777777777772,2025-01-30,970.0
2024-12-26,2024-12,38,ONGC,229.25,0.06,-3.35,-1.66,6.913849509269343,2025-01-30,245.1
2024-12-26,2024-12,39,TMPV,510.5,0.23,-3.69,-1.75,-5.60235063663076,2025-01-30,481.9
2024-12-26,2024-12,40,RELIANCE,1217.0,-0.47,-3.24,-1.86,2.9745275267050175,2025-01-30,1253.2
2024-12-26,2024-12,41,COALINDIA,376.7,-0.05,-4.03,-2.06,-0.4114680116803826,2025-01-30,375.15
2024-12-26,2024-12,42,BAJAJFINSV,1558.95,-0.52,-3.68,-2.11,12.255043458738246,2025-01-30,1750.0
2024-12-26,2024-12,43,AXISBANK,1077.25,-0.18,-4.09,-2.15,-8.377813877929919,2025-01-30,987.0
2024-12-26,2024-12,44,POWERGRID,310.7,-0.5,-3.78,-2.15,-4.763437399420667,2025-01-30,295.9
2024-12-26,2024-12,45,NTPC,335.65,0.23,-4.89,-2.36,-3.4112915239088326,2025-01-30,324.2
2024-12-26,2024-12,46,GRASIM,2485.15,-0.65,-4.09,-2.39,0.5231072571072248,2025-01-30,2498.15
2024-12-26,2024-12,47,HEROMOTOCO,4177.2,-0.16,-4.97,-2.59,-2.265871875897718,2025-01-30,4082.55
2024-12-26,2024-12,48,INDUSINDBK,931.85,-0.48,-4.79,-2.66,2.96721575360841,2025-01-30,959.5
2024-12-26,2024-12,49,JSWSTEEL,914.5,-0.88,-4.75,-2.83,4.373974849644613,2025-01-30,954.5
2024-12-26,2024-12,50,ASIANPAINT,2261.5,-0.6,-5.28,-2.97,-0.2874198540791517,2025-01-30,2255.0
2025-01-30,2025-01,1,BAJFINANCE,792.5,1.1,7.23,4.12,9.27444794952681,2025-02-27,866.0
2025-01-30,2025-01,2,BEL,280.1,3.51,1.38,2.44,-10.032131381649423,2025-02-27,252.0
2025-01-30,2025-01,3,JSWSTEEL,954.5,1.38,3.35,2.36,2.1581980094290243,2025-02-27,975.1
2025-01-30,2025-01,4,ULTRACEMCO,11297.0,0.56,3.19,1.87,-9.347614410905546,2025-02-27,10241.0
2025-01-30,2025-01,5,GRASIM,2498.15,1.24,2.45,1.84,-6.050477353241401,2025-02-27,2347.0
2025-01-30,2025-01,6,BRITANNIA,5104.95,0.8,2.82,1.8,-5.914847354038722,2025-02-27,4803.0
2025-01-30,2025-01,7,WIPRO,301.7,0.14,3.35,1.73,-5.53529996685449,2025-02-27,285.0
2025-01-30,2025-01,8,HDFCLIFE,635.0,1.37,2.06,1.71,-3.149606299212604,2025-02-27,615.0
2025-01-30,2025-01,9,HEROMOTOCO,4082.55,1.69,1.37,1.53,-8.145644266451125,2025-02-27,3750.0
2025-01-30,2025-01,10,HINDUNILVR,2423.4,1.16,1.85,1.5,-7.4131385656515665,2025-02-27,2243.75
2025-01-30,2025-01,11,BHARTIARTL,1642.5,1.31,1.5,1.4,0.21308980213090578,2025-02-27,1646.0
2025-01-30,2025-01,12,KOTAKBANK,380.8,-0.17,2.98,1.39,1.995798319327724,2025-02-27,388.4
2025-01-30,2025-01,13,NESTLEIND,1113.0,1.66,1.12,1.39,2.336028751123087,2025-02-27,1139.0
2025-01-30,2025-01,14,BAJAJ-AUTO,8539.0,0.74,1.56,1.15,-6.446890736620214,2025-02-27,7988.5
2025-01-30,2025-01,15,SBILIFE,1474.15,1.07,1.1,1.08,-0.8208119933521107,2025-02-27,1462.05
2025-01-30,2025-01,16,ICICIBANK,1259.85,0.85,1.21,1.03,-3.163074969242363,2025-02-27,1220.0
2025-01-30,2025-01,17,M&M,2972.0,0.95,1.05,1.0,-8.479138627187076,2025-02-27,2720.0
2025-01-30,2025-01,18,CIPLA,1459.95,1.21,0.72,0.96,-1.4692283982328247,2025-02-27,1438.5
2025-01-30,2025-01,19,COALINDIA,375.15,0.9,0.89,0.89,-5.797680927628946,2025-02-27,353.4
2025-01-30,2025-01,20,TATACONSUM,970.0,0.64,1.14,0.89,3.9175257731958846,2025-02-27,1008.0
2025-01-30,2025-01,21,HDFCBANK,847.0,0.77,0.67,0.72,0.24793388429751317,2025-02-27,849.1
2025-01-30,2025-01,22,ITC,417.15,0.58,0.67,0.62,-8.234448040273278,2025-02-27,382.8
2025-01-30,2025-01,23,MARUTI,12005.0,-0.23,1.45,0.61,2.64056643065389,2025-02-27,12322.0
2025-01-30,2025-01,24,EICHERMOT,5160.0,-0.65,1.72,0.53,-4.651162790697672,2025-02-27,4920.0
2025-01-30,2025-01,25,TATASTEEL,128.8,0.66,0.32,0.49,5.310559006211157,2025-02-27,135.64
2025-01-30,2025-01,26,ONGC,245.1,0.92,0.04,0.48,-10.057119543043658,2025-02-27,220.45
2025-01-30,2025-01,27,RELIANCE,1253.2,0.68,0.01,0.34,-3.6067666773060947,2025-02-27,1208.0
2025-01-30,2025-01,28,BAJAJFINSV,1750.0,-1.62,2.17,0.26,9.800000000000008,2025-02-27,1921.5
2025-01-30,2025-01,29,INDUSINDBK,959.5,0.57,-0.06,0.25,8.462741010943198,2025-02-27,1040.7
2025-01-30,2025-01,30,SBIN,764.3,0.69,-0.19,0.25,-8.11199790658118,2025-02-27,702.3
2025-01-30,2025-01,31,NTPC,324.2,0.82,-0.49,0.16,-2.6218383713756954,2025-02-27,315.7
2025-01-30,2025-01,32,POWERGRID,295.9,1.29,-1.0,0.14,-13.315309226089889,2025-02-27,256.5
2025-01-30,2025-01,33,TITAN,3371.65,0.19,0.1,0.14,-4.349502469117494,2025-02-27,3225.0
2025-01-30,2025-01,34,TECHM,1609.0,0.17,-0.11,0.03,-6.283405842137968,2025-02-27,1507.9
2025-01-30,2025-01,35,INFY,1828.8,0.49,-0.57,-0.04,-5.637576552930879,2025-02-27,1725.7
2025-01-30,2025-01,36,ASIANPAINT,2255.0,0.58,-0.75,-0.09,-1.8181818181818188,2025-02-27,2214.0
2025-01-30,2025-01,37,TCS,4108.0,0.39,-0.7,-0.16,-12.170155793573512,2025-02-27,3608.05
2025-01-30,2025-01,38,APOLLOHOSP,6840.0,0.5,-0.96,-0.23,-9.795321637426902,2025-02-27,6170.0
2025-01-30,2025-01,39,HINDALCO,590.6,0.62,-1.47,-0.43,6.92516085336945,2025-02-27,631.5
2025-01-30,2025-01,40,SHRIRAMFIN,540.85,-0.35,-0.72,-0.54,11.676065452528416,2025-02-27,604.0
2025-01-30,2025-01,41,AXISBANK,987.0,0.38,-2.12,-0.88,3.0851063829787195,2025-02-27,1017.45
2025-01-30,2025-01,42,SUNPHARMA,1737.15,0.18,-2.7,-1.27,-5.503266845119892,2025-02-27,1641.55
2025-01-30,2025-01,43,LT,3432.5,-0.27,-2.61,-1.45,-6.457392571012388,2025-02-27,3210.85
2025-01-30,2025-01,44,HCLTECH,1717.9,-0.07,-5.08,-2.61,-5.640607718726354,2025-02-27,1621.0
2025-01-30,2025-01,45,DRREDDY,1196.0,0.23,-5.96,-2.91,-6.187290969899662,2025-02-27,1122.0
2025-01-30,2025-01,46,ADANIPORTS,1074.0,-1.28,-4.58,-2.94,0.1443202979515723,2025-02-27,1075.55
2025-01-30,2025-01,47,BPCL,244.95,-0.4,-5.49,-2.98,-4.960195958358837,2025-02-27,232.8
2025-01-30,2025-01,48,ADANIENT,2179.3,-2.23,-5.15,-3.7,-6.222181434405549,2025-02-27,2043.7
2025-01-30,2025-01,49,TRENT,3692.0,-0.04,-8.11,-4.16,-13.686348862405207,2025-02-27,3186.7
2025-01-30,2025-01,50,TMPV,481.9,-2.07,-6.75,-4.44,-7.563809919070341,2025-02-27,445.45
2025-02-27,2025-02,1,SHRIRAMFIN,604.0,1.8,7.12,4.43,13.013245033112586,2025-03-27,682.6
2025-02-27,2025-02,2,BAJAJFINSV,1921.5,0.86,4.8,2.81,4.033307311995826,2025-03-27,1999.0
2025-02-27,2025-02,3,BAJFINANCE,866.0,0.62,4.71,2.64,3.9838337182448003,2025-03-27,900.5
2025-02-27,2025-02,4,TATASTEEL,135.64,1.14,2.51,1.82,11.677971099970508,2025-03-27,151.48
2025-02-27,2025-02,5,NESTLEIND,1139.0,0.95,2.35,1.65,-1.4486391571553958,2025-03-27,1122.5
2025-02-27,2025-02,6,HINDALCO,631.5,0.54,2.53,1.53,9.762470308788584,2025-03-27,693.15
2025-02-27,2025-02,7,JSWSTEEL,975.1,0.73,1.47,1.1,8.706799302635627,2025-03-27,1060.0
2025-02-27,2025-02,8,AXISBANK,1017.45,0.28,0.94,0.61,7.916850950906684,2025-03-27,1098.0
2025-02-27,2025-02,9,INDUSINDBK,1040.7,-0.32,1.16,0.42,-35.283943499567606,2025-03-27,673.5
2025-02-27,2025-02,10,TATACONSUM,1008.0,0.29,-0.03,0.13,-2.7380952380952395,2025-03-27,980.4
2025-02-27,2025-02,11,HDFCBANK,849.1,0.21,-0.04,0.08,7.24296313743964,2025-03-27,910.6
2025-02-27,2025-02,12,BHARTIARTL,1646.0,0.22,-0.29,-0.04,4.8602673147023046,2025-03-27,1726.0
2025-02-27,2025-02,13,KOTAKBANK,388.4,-0.66,0.25,-0.21,9.96395468589084,2025-03-27,427.1
2025-02-27,2025-02,14,NTPC,315.7,-0.44,-0.18,-0.31,15.299334811529942,2025-03-27,364.0
2025-02-27,2025-02,15,TITAN,3225.0,0.85,-1.51,-0.34,-4.525581395348832,2025-03-27,3079.05
2025-02-27,2025-02,16,SBILIFE,1462.05,-0.56,-0.33,-0.45,5.89583119592354,2025-03-27,1548.25
2025-02-27,2025-02,17,COALINDIA,353.4,0.36,-1.37,-0.51,9.295415959252985,2025-03-27,386.25
2025-02-27,2025-02,18,BRITANNIA,4803.0,0.05,-1.76,-0.86,2.219446179471163,2025-03-27,4909.6
2025-02-27,2025-02,19,HDFCLIFE,615.0,-0.69,-1.25,-0.97,10.894308943089426,2025-03-27,682.0
2025-02-27,2025-02,20,MARUTI,12322.0,-0.54,-1.42,-0.98,-5.0478818373640655,2025-03-27,11700.0
2025-02-27,2025-02,21,RELIANCE,1208.0,-0.07,-1.91,-0.99,5.96026490066226,2025-03-27,1280.0
2025-02-27,2025-02,22,ASIANPAINT,2214.0,-0.45,-1.56,-1.01,5.691056910569103,2025-03-27,2340.0
2025-02-27,2025-02,23,EICHERMOT,4920.0,-0.65,-1.49,-1.07,8.678861788617876,2025-03-27,5347.0
2025-02-27,2025-02,24,ICICIBANK,1220.0,-0.56,-1.85,-1.21,9.754098360655728,2025-03-27,1339.0
2025-02-27,2025-02,25,SUNPHARMA,1641.55,0.8,-3.2,-1.22,5.653193627973563,2025-03-27,1734.35
2025-02-27,2025-02,26,ADANIPORTS,1075.55,-0.32,-2.17,-1.25,11.663799916321892,2025-03-27,1201.0
2025-02-27,2025-02,27,CIPLA,1438.5,-1.09,-1.53,-1.31,3.2255822036844073,2025-03-27,1484.9
2025-02-27,2025-02,28,HINDUNILVR,2243.75,-0.18,-2.8,-1.5,-1.9498607242339872,2025-03-27,2200.0
2025-02-27,2025-02,29,LT,3210.85,-0.47,-2.94,-1.71,9.31840478378001,2025-03-27,3510.05
2025-02-27,2025-02,30,ITC,382.8,-0.15,-3.38,-1.78,2.050679205851602,2025-03-27,390.65
2025-02-27,2025-02,31,GRASIM,2347.0,-0.44,-3.53,-2.0,10.613549211759699,2025-03-27,2596.1
2025-02-27,2025-02,32,INFY,1725.7,-0.24,-3.8,-2.04,-8.964478182766412,2025-03-27,1571.0
2025-02-27,2025-02,33,ONGC,220.45,-0.29,-4.24,-2.28,4.967112723973699,2025-03-27,231.4
2025-02-27,2025-02,34,WIPRO,285.0,-0.53,-4.14,-2.35,-7.473684210526321,2025-03-27,263.7
2025-02-27,2025-02,35,POWERGRID,256.5,-0.11,-4.71,-2.44,13.957115009746591,2025-03-27,292.3
2025-02-27,2025-02,36,BEL,252.0,-1.07,-3.81,-2.45,19.76190476190476,2025-03-27,301.8
2025-02-27,2025-02,37,SBIN,702.3,-1.07,-4.06,-2.58,9.931653139683894,2025-03-27,772.05
2025-02-27,2025-02,38,BPCL,232.8,-0.74,-4.44,-2.61,14.132302405498276,2025-03-27,265.7
2025-02-27,2025-02,39,APOLLOHOSP,6170.0,-0.7,-4.64,-2.69,4.862236628849281,2025-03-27,6470.0
2025-02-27,2025-02,40,HCLTECH,1621.0,-0.79,-4.86,-2.85,1.002467612584823,2025-03-27,1637.25
2025-02-27,2025-02,41,TECHM,1507.9,-1.06,-4.63,-2.86,-9.73539359373965,2025-03-27,1361.1
2025-02-27,2025-02,42,HEROMOTOCO,3750.0,-1.01,-4.77,-2.91,0.2666666666666595,2025-03-27,3760.0
2025-02-27,2025-02,43,BAJAJ-AUTO,7988.5,-1.46,-4.46,-2.97,-2.8228077861926493,2025-03-27,7763.0
2025-02-27,2025-02,44,ADANIENT,2043.7,-0.89,-5.11,-3.02,12.095708763517155,2025-03-27,2290.9
2025-02-27,2025-02,45,M&M,2720.0,-0.64,-5.48,-3.09,0.5147058823529393,2025-03-27,2734.0
2025-02-27,2025-02,46,DRREDDY,1122.0,-0.9,-5.88,-3.42,3.511586452762927,2025-03-27,1161.4
2025-02-27,2025-02,47,TMPV,445.45,-1.51,-6.06,-3.81,3.47962734313616,2025-03-27,460.95
2025-02-27,2025-02,48,TCS,3608.05,-0.73,-6.88,-3.85,1.0240988899821168,2025-03-27,3645.0
2025-02-27,2025-02,49,ULTRACEMCO,10241.0,-1.75,-6.58,-4.2,10.809491260619076,2025-03-27,11348.0
2025-02-27,2025-02,50,TRENT,3186.7,-2.4,-9.12,-5.82,13.283333856340418,2025-03-27,3610.0
2025-03-27,2025-03,1,NTPC,364.0,1.63,6.77,4.17,-0.15109890109890056,2025-04-24,363.45
2025-03-27,2025-03,2,BAJAJFINSV,1999.0,1.62,6.77,4.16,5.342671335667837,2025-04-24,2105.8
2025-03-27,2025-03,3,SHRIRAMFIN,682.6,0.88,6.09,3.45,2.387928508643422,2025-04-24,698.9
2025-03-27,2025-03,4,ULTRACEMCO,11348.0,0.87,5.6,3.21,5.1374691575608145,2025-04-24,11931.0
2025-03-27,2025-03,5,BEL,301.8,0.27,5.93,3.06,1.2094102054340583,2025-04-24,305.45
2025-03-27,2025-03,6,TRENT,3610.0,1.32,4.72,3.01,-1.7534626038781198,2025-04-24,3546.7
2025-03-27,2025-03,7,LT,3510.05,0.55,5.09,2.79,-6.035526559450732,2025-04-24,3298.2
2025-03-27,2025-03,8,ADANIPORTS,1201.0,1.11,4.28,2.68,2.9975020815986575,2025-04-24,1237.0
2025-03-27,2025-03,9,HDFCLIFE,682.0,0.55,4.84,2.67,3.533724340175959,2025-04-24,706.1
2025-03-27,2025-03,10,BPCL,265.7,0.75,4.41,2.56,8.317651486639077,2025-04-24,287.8
2025-03-27,2025-03,11,GRASIM,2596.1,0.07,5.1,2.55,5.176996263626221,2025-04-24,2730.5
2025-03-27,2025-03,12,POWERGRID,292.3,-0.26,5.44,2.55,7.389668149161799,2025-04-24,313.9
2025-03-27,2025-03,13,ADANIENT,2290.9,1.63,3.4,2.51,3.3000130952900664,2025-04-24,2366.5
2025-03-27,2025-03,14,KOTAKBANK,427.1,-0.34,4.9,2.25,3.8632638726293633,2025-04-24,443.6
2025-03-27,2025-03,15,SBILIFE,1548.25,0.16,4.07,2.1,4.311319231390276,2025-04-24,1615.0
2025-03-27,2025-03,16,BAJFINANCE,900.5,0.3,3.85,2.06,3.16490838423098,2025-04-24,929.0
2025-03-27,2025-03,17,HEROMOTOCO,3760.0,1.5,2.48,1.99,5.396276595744687,2025-04-24,3962.9
2025-03-27,2025-03,18,HDFCBANK,910.6,-0.14,4.1,1.96,5.139468482319343,2025-04-24,957.4
2025-03-27,2025-03,19,AXISBANK,1098.0,-0.32,4.27,1.95,10.063752276867021,2025-04-24,1208.5
2025-03-27,2025-03,20,SBIN,772.05,0.34,3.55,1.93,5.070915096172546,2025-04-24,811.2
2025-03-27,2025-03,21,JSWSTEEL,1060.0,-0.12,3.63,1.74,-1.5094339622641506,2025-04-24,1044.0
2025-03-27,2025-03,22,ASIANPAINT,2340.0,0.67,2.78,1.72,5.401709401709409,2025-04-24,2466.4
2025-03-27,2025-03,23,ICICIBANK,1339.0,-0.34,3.76,1.69,4.630321135175497,2025-04-24,1401.0
2025-03-27,2025-03,24,BRITANNIA,4909.6,1.07,2.26,1.66,11.033485416327181,2025-04-24,5451.3
2025-03-27,2025-03,25,ONGC,231.4,0.58,2.73,1.65,2.8305963699222003,2025-04-24,237.95
2025-03-27,2025-03,26,HCLTECH,1637.25,0.72,2.34,1.53,-2.867613376087952,2025-04-24,1590.3
2025-03-27,2025-03,27,BHARTIARTL,1726.0,-0.33,3.08,1.36,6.958285052143687,2025-04-24,1846.1
2025-03-27,2025-03,28,EICHERMOT,5347.0,-0.8,3.36,1.26,5.330091640172063,2025-04-24,5632.0
2025-03-27,2025-03,29,TATACONSUM,980.4,1.22,1.29,1.25,18.410852713178304,2025-04-24,1160.9
2025-03-27,2025-03,30,COALINDIA,386.25,-0.35,2.5,1.06,0.8284789644013024,2025-04-24,389.45
2025-03-27,2025-03,31,RELIANCE,1280.0,-0.01,2.12,1.05,1.8281250000000027,2025-04-24,1303.4
2025-03-27,2025-03,32,HINDALCO,693.15,-0.11,2.2,1.04,-9.348625838563073,2025-04-24,628.35
2025-03-27,2025-03,33,TATASTEEL,151.48,-0.6,2.69,1.03,-8.707420121468179,2025-04-24,138.29
2025-03-27,2025-03,34,SUNPHARMA,1734.35,-0.34,1.34,0.5,4.183123360336727,2025-04-24,1806.9
2025-03-27,2025-03,35,NESTLEIND,1122.5,-0.39,0.89,0.25,8.106904231625833,2025-04-24,1213.5
2025-03-27,2025-03,36,CIPLA,1484.9,0.12,0.33,0.22,4.653512021011519,2025-04-24,1554.0
2025-03-27,2025-03,37,ITC,390.65,0.09,0.33,0.21,4.953282989888663,2025-04-24,410.0
2025-03-27,2025-03,38,TCS,3645.0,-0.17,0.57,0.2,-6.556927297668036,2025-04-24,3406.0
2025-03-27,2025-03,39,BAJAJ-AUTO,7763.0,-0.35,0.67,0.16,3.2075228648718257,2025-04-24,8012.0
2025-03-27,2025-03,40,APOLLOHOSP,6470.0,-0.96,1.0,0.02,10.200927357032462,2025-04-24,7130.0
2025-03-27,2025-03,41,DRREDDY,1161.4,0.13,-0.18,-0.03,3.7454795935939478,2025-04-24,1204.9
2025-03-27,2025-03,42,TITAN,3079.05,0.17,-0.9,-0.37,10.00146148974521,2025-04-24,3387.0
2025-03-27,2025-03,43,M&M,2734.0,-0.25,-0.77,-0.51,5.9985369422092205,2025-04-24,2898.0
2025-03-27,2025-03,44,MARUTI,11700.0,-0.61,-1.1,-0.86,1.7179487179487252,2025-04-24,11901.0
2025-03-27,2025-03,45,WIPRO,263.7,0.03,-1.76,-0.87,-10.23890784982935,2025-04-24,236.7
2025-03-27,2025-03,46,INFY,1571.0,-0.08,-2.83,-1.46,-8.224061107574798,2025-04-24,1441.8
2025-03-27,2025-03,47,HINDUNILVR,2200.0,-2.16,-1.52,-1.84,5.704545454545462,2025-04-24,2325.5
2025-03-27,2025-03,48,TMPV,460.95,-2.25,-1.45,-1.85,-0.2277904328018221,2025-04-24,459.9
2025-03-27,2025-03,49,TECHM,1361.1,-0.19,-3.5,-1.86,1.7265447064874095,2025-04-24,1384.6
2025-03-27,2025-03,50,INDUSINDBK,673.5,2.31,-12.25,-5.25,21.72234595397178,2025-04-24,819.8
2025-04-24,2025-04,1,JIOFIN,258.95,0.99,8.81,4.83,11.353543155049262,2025-05-29,288.35
2025-04-24,2025-04,2,TATACONSUM,1160.9,1.22,7.63,4.38,-4.763545525023705,2025-05-29,1105.6
2025-04-24,2025-04,3,INDUSINDBK,819.8,0.52,8.24,4.31,0.6343010490363454,2025-05-29,825.0
2025-04-24,2025-04,4,M&M,2898.0,0.86,6.59,3.69,3.9889579020013777,2025-05-29,3013.6
2025-04-24,2025-04,5,BAJAJFINSV,2105.8,0.63,6.33,3.44,-4.307151676322551,2025-05-29,2015.1
2025-04-24,2025-04,6,HCLTECH,1590.3,1.14,5.74,3.41,4.728667547003718,2025-05-29,1665.5
2025-04-24,2025-04,7,AXISBANK,1208.5,-0.13,6.87,3.31,0.041373603640870726,2025-05-29,1209.0
2025-04-24,2025-04,8,ULTRACEMCO,11931.0,1.16,5.19,3.16,-7.467940658788031,2025-05-29,11040.0
2025-04-24,2025-04,9,HEROMOTOCO,3962.9,1.12,5.2,3.14,9.894269348204588,2025-05-29,4355.0
2025-04-24,2025-04,10,TITAN,3387.0,0.79,5.04,2.89,6.288751107174484,2025-05-29,3600.0
2025-04-24,2025-04,11,ETERNAL,236.86,-0.3,6.16,2.88,-3.656168200624854,2025-05-29,228.2
2025-04-24,2025-04,12,TMPV,459.9,1.5,4.22,2.85,8.610567514677104,2025-05-29,499.5
2025-04-24,2025-04,13,TECHM,1384.6,1.02,4.69,2.84,10.754008377870882,2025-05-29,1533.5
2025-04-24,2025-04,14,SUNPHARMA,1806.9,1.16,4.45,2.79,-5.94388178648515,2025-05-29,1699.5
2025-04-24,2025-04,15,CIPLA,1554.0,1.02,4.42,2.71,-5.07722007722008,2025-05-29,1475.1
2025-04-24,2025-04,16,DRREDDY,1204.9,1.28,4.16,2.71,3.33637646277698,2025-05-29,1245.1
2025-04-24,2025-04,17,POWERGRID,313.9,0.0,4.76,2.35,-6.753743230328125,2025-05-29,292.7
2025-04-24,2025-04,18,BEL,305.45,0.3,4.42,2.34,26.796529710263563,2025-05-29,387.3
2025-04-24,2025-04,19,SHRIRAMFIN,698.9,-0.05,4.7,2.3,-6.4816139648018245,2025-05-29,653.6
2025-04-24,2025-04,20,APOLLOHOSP,7130.0,0.14,4.24,2.17,-2.805049088359046,2025-05-29,6930.0
2025-04-24,2025-04,21,RELIANCE,1303.4,0.54,3.78,2.15,8.823078103421821,2025-05-29,1418.4
2025-04-24,2025-04,22,ONGC,237.95,0.17,3.91,2.02,-2.0382433284303447,2025-05-29,233.1
2025-04-24,2025-04,23,NESTLEIND,1213.5,-0.08,3.97,1.92,0.4449938195302927,2025-05-29,1218.9
2025-04-24,2025-04,24,ASIANPAINT,2466.4,0.51,3.27,1.88,-6.94939993512812,2025-05-29,2295.0
2025-04-24,2025-04,25,SBILIFE,1615.0,-0.06,3.84,1.87,13.126934984520133,2025-05-29,1827.0
2025-04-24,2025-04,26,GRASIM,2730.5,0.33,3.41,1.86,-5.548434352682663,2025-05-29,2579.0
2025-04-24,2025-04,27,BAJFINANCE,929.0,0.01,3.54,1.76,-0.8611410118406937,2025-05-29,921.0
2025-04-24,2025-04,28,SBIN,811.2,-0.54,4.11,1.76,-1.6148915187376711,2025-05-29,798.1
2025-04-24,2025-04,29,HDFCBANK,957.4,-0.5,3.89,1.67,1.1907248798830095,2025-05-29,968.8
2025-04-24,2025-04,30,BAJAJ-AUTO,8012.0,0.11,3.2,1.64,8.325012481278083,2025-05-29,8679.0
2025-04-24,2025-04,31,ADANIPORTS,1237.0,-0.1,3.4,1.63,16.046887631366214,2025-05-29,1435.5
2025-04-24,2025-04,32,BHARTIARTL,1846.1,-0.35,3.61,1.61,1.0237798602459325,2025-05-29,1865.0
2025-04-24,2025-04,33,ADANIENT,2366.5,-0.03,3.13,1.54,4.179167547010354,2025-05-29,2465.4
2025-04-24,2025-04,34,JSWSTEEL,1044.0,0.56,2.49,1.52,-3.266283524904212,2025-05-29,1009.9
2025-04-24,2025-04,35,ICICIBANK,1401.0,-0.63,3.59,1.46,4.318344039971445,2025-05-29,1461.5
2025-04-24,2025-04,36,KOTAKBANK,443.6,-0.65,3.58,1.44,-5.522993688007216,2025-05-29,419.1
2025-04-24,2025-04,37,TRENT,3546.7,0.06,2.77,1.41,6.219866354639536,2025-05-29,3767.3
2025-04-24,2025-04,38,NTPC,363.45,0.24,2.2,1.22,-6.479570780024768,2025-05-29,339.9
2025-04-24,2025-04,39,ITC,410.0,-0.24,2.55,1.15,-2.475609756097552,2025-05-29,399.85
2025-04-24,2025-04,40,EICHERMOT,5632.0,-1.22,3.12,0.93,-4.3856534090909065,2025-05-29,5385.0
2025-04-24,2025-04,41,MARUTI,11901.0,0.28,1.55,0.91,4.419796655743213,2025-05-29,12427.0
2025-04-24,2025-04,42,COALINDIA,389.45,0.09,1.7,0.89,-0.3723199383746323,2025-05-29,388.0
2025-04-24,2025-04,43,HDFCLIFE,706.1,-0.72,2.18,0.72,10.890808667327567,2025-05-29,783.0
2025-04-24,2025-04,44,LT,3298.2,0.27,0.74,0.5,11.027226972287929,2025-05-29,3661.9
2025-04-24,2025-04,45,TCS,3406.0,0.52,0.23,0.37,2.5778038755138066,2025-05-29,3493.8
2025-04-24,2025-04,46,TATASTEEL,138.29,0.66,-0.02,0.32,15.286716320775184,2025-05-29,159.43
2025-04-24,2025-04,47,HINDALCO,628.35,0.2,-0.01,0.09,3.6046789209835284,2025-05-29,651.0
2025-04-24,2025-04,48,INFY,1441.8,0.43,-1.2,-0.39,7.705645720626997,2025-05-29,1552.9
2025-04-24,2025-04,49,HINDUNILVR,2325.5,-1.75,0.28,-0.74,1.6641582455385828,2025-05-29,2364.2
2025-04-24,2025-04,50,WIPRO,236.7,0.31,-2.96,-1.34,3.168567807351086,2025-05-29,244.2
2025-05-29,2025-05,1,BEL,387.3,-0.05,8.46,4.12,5.667441260005157,2025-06-26,409.25
2025-05-29,2025-05,2,ADANIPORTS,1435.5,1.09,5.33,3.19,-0.6966213862765636,2025-06-26,1425.5
2025-05-29,2025-05,3,JIOFIN,288.35,0.0,5.86,2.89,8.392578463672606,2025-06-26,312.55
2025-05-29,2025-05,4,TATASTEEL,159.43,0.5,4.8,2.63,0.608417487298496,2025-06-26,160.4
2025-05-29,2025-05,5,BAJAJ-AUTO,8679.0,0.36,4.63,2.47,-2.91508238276299,2025-06-26,8426.0
2025-05-29,2025-05,6,SBILIFE,1827.0,0.83,3.97,2.39,1.806239737274229,2025-06-26,1860.0
2025-05-29,2025-05,7,TRENT,3767.3,0.74,4.04,2.38,8.053513126111532,2025-06-26,4070.7
2025-05-29,2025-05,8,INDUSINDBK,825.0,1.16,3.43,2.29,1.1757575757575855,2025-06-26,834.7
2025-05-29,2025-05,9,HEROMOTOCO,4355.0,0.13,4.29,2.19,-1.6991963260620024,2025-06-26,4281.0
2025-05-29,2025-05,10,HDFCLIFE,783.0,0.06,4.09,2.06,2.183908045977012,2025-06-26,800.1
2025-05-29,2025-05,11,LT,3661.9,0.59,3.43,2.0,-0.04369316475053564,2025-06-26,3660.3
2025-05-29,2025-05,12,TECHM,1533.5,0.68,2.88,1.77,5.608086077600261,2025-06-26,1619.5
2025-05-29,2025-05,13,ADANIENT,2465.4,0.44,2.78,1.6,1.4561531597306665,2025-06-26,2501.3
2025-05-29,2025-05,14,TMPV,499.5,0.46,2.75,1.6,-5.855855855855852,2025-06-26,470.25
2025-05-29,2025-05,15,TITAN,3600.0,0.53,2.22,1.37,2.6277777777777844,2025-06-26,3694.6
2025-05-29,2025-05,16,HCLTECH,1665.5,0.35,2.28,1.31,3.3923746622635864,2025-06-26,1722.0
2025-05-29,2025-05,17,AXISBANK,1209.0,0.96,1.57,1.26,1.8610421836228186,2025-06-26,1231.5
2025-05-29,2025-05,18,ICICIBANK,1461.5,0.74,1.79,1.26,-1.4710913445090679,2025-06-26,1440.0
2025-05-29,2025-05,19,DRREDDY,1245.1,-0.03,2.55,1.25,6.336840414424549,2025-06-26,1324.0
2025-05-29,2025-05,20,INFY,1552.9,0.39,1.92,1.15,1.7451220297507897,2025-06-26,1580.0
2025-05-29,2025-05,21,NESTLEIND,1218.9,0.43,1.85,1.14,-0.24612355402412467,2025-06-26,1215.9
2025-05-29,2025-05,22,BHARTIARTL,1865.0,0.38,1.48,0.93,8.075067024128678,2025-06-26,2015.6
2025-05-29,2025-05,23,HDFCBANK,968.8,0.89,0.84,0.86,4.128819157720898,2025-06-26,1008.8
2025-05-29,2025-05,24,SBIN,798.1,0.44,0.8,0.62,-0.07517854905401133,2025-06-26,797.5
2025-05-29,2025-05,25,WIPRO,244.2,0.46,0.63,0.54,6.859131859131851,2025-06-26,260.95
2025-05-29,2025-05,26,RELIANCE,1418.4,0.18,0.85,0.51,5.463902989283698,2025-06-26,1495.9
2025-05-29,2025-05,27,BAJFINANCE,921.0,0.01,1.0,0.5,3.2030401737242142,2025-06-26,950.5
2025-05-29,2025-05,28,ONGC,233.1,0.63,0.26,0.44,0.2359502359502441,2025-06-26,233.65
2025-05-29,2025-05,29,KOTAKBANK,419.1,1.16,-0.36,0.4,5.082319255547585,2025-06-26,440.4
2025-05-29,2025-05,30,MARUTI,12427.0,0.58,0.03,0.3,2.4704272954051643,2025-06-26,12734.0
2025-05-29,2025-05,31,JSWSTEEL,1009.9,0.18,0.29,0.23,2.114070700069326,2025-06-26,1031.25
2025-05-29,2025-05,32,HINDALCO,651.0,-0.05,0.46,0.2,5.883256528417813,2025-06-26,689.3
2025-05-29,2025-05,33,M&M,3013.6,0.16,-0.02,0.07,6.2914786302097125,2025-06-26,3203.2
2025-05-29,2025-05,34,HINDUNILVR,2364.2,-0.16,0.26,0.05,-3.523390576093377,2025-06-26,2280.9
2025-05-29,2025-05,35,SHRIRAMFIN,653.6,-0.08,0.18,0.05,7.09149326805385,2025-06-26,699.95
2025-05-29,2025-05,36,COALINDIA,388.0,-0.11,0.12,0.0,-1.1082474226804195,2025-06-26,383.7
2025-05-29,2025-05,37,SUNPHARMA,1699.5,0.89,-1.1,-0.11,-1.9476316563695195,2025-06-26,1666.4
2025-05-29,2025-05,38,EICHERMOT,5385.0,0.57,-0.8,-0.12,3.9647168059424365,2025-06-26,5598.5
2025-05-29,2025-05,39,TCS,3493.8,-0.19,-0.06,-0.13,-1.4540042360753347,2025-06-26,3443.0
2025-05-29,2025-05,40,BAJAJFINSV,2015.1,-0.08,-0.29,-0.19,1.73192397399633,2025-06-26,2050.0
2025-05-29,2025-05,41,ETERNAL,228.2,0.6,-1.03,-0.22,16.126205083260302,2025-06-26,265.0
2025-05-29,2025-05,42,CIPLA,1475.1,0.09,-0.82,-0.37,2.5693173344180087,2025-06-26,1513.0
2025-05-29,2025-05,43,APOLLOHOSP,6930.0,-0.31,-0.5,-0.41,2.510822510822508,2025-06-26,7104.0
2025-05-29,2025-05,44,NTPC,339.9,0.03,-1.19,-0.58,-0.8237716975580955,2025-06-26,337.1
2025-05-29,2025-05,45,ASIANPAINT,2295.0,-0.26,-1.56,-0.91,-0.41394335511982794,2025-06-26,2285.5
2025-05-29,2025-05,46,POWERGRID,292.7,-0.1,-1.86,-0.98,0.27331738981892784,2025-06-26,293.5
2025-05-29,2025-05,47,ITC,399.85,-0.45,-2.35,-1.4,0.16256096036013634,2025-06-26,400.5
2025-05-29,2025-05,48,TATACONSUM,1105.6,-0.81,-2.14,-1.48,4.015918958031839,2025-06-26,1150.0
2025-05-29,2025-05,49,ULTRACEMCO,11040.0,-0.46,-2.88,-1.68,6.005434782608687,2025-06-26,11703.0
2025-05-29,2025-05,50,GRASIM,2579.0,-0.2,-3.51,-1.87,11.671190383869723,2025-06-26,2880.0
2025-06-26,2025-06,1,JIOFIN,312.55,1.69,6.53,4.08,5.199168133098708,2025-07-31,328.8
2025-06-26,2025-06,2,BHARTIARTL,2015.6,1.73,6.26,3.97,-5.040682675133956,2025-07-31,1914.0
2025-06-26,2025-06,3,GRASIM,2880.0,1.45,6.3,3.85,-4.583333333333329,2025-07-31,2748.0
2025-06-26,2025-06,4,ETERNAL,265.0,1.51,5.74,3.6,16.452830188679247,2025-07-31,308.6
2025-06-26,2025-06,5,SHRIRAMFIN,699.95,2.37,4.67,3.51,-9.736409743553121,2025-07-31,631.8
2025-06-26,2025-06,6,HINDALCO,689.3,1.65,5.29,3.45,-0.8124183954736575,2025-07-31,683.7
2025-06-26,2025-06,7,TATASTEEL,160.4,1.97,3.99,2.98,-1.9326683291770563,2025-07-31,157.3
2025-06-26,2025-06,8,TITAN,3694.6,1.33,4.61,2.96,-9.597791371190379,2025-07-31,3340.0
2025-06-26,2025-06,9,TATACONSUM,1150.0,1.79,3.72,2.75,-6.739130434782615,2025-07-31,1072.5
2025-06-26,2025-06,10,TRENT,4070.7,0.28,5.12,2.67,-17.721767754931573,2025-07-31,3349.3
2025-06-26,2025-06,11,HDFCLIFE,800.1,1.12,3.9,2.5,-5.386826646669174,2025-07-31,757.0
2025-06-26,2025-06,12,ULTRACEMCO,11703.0,1.06,3.95,2.49,2.5805349055797677,2025-07-31,12005.0
2025-06-26,2025-06,13,RELIANCE,1495.9,1.17,3.62,2.39,-7.012500835617363,2025-07-31,1391.0
2025-06-26,2025-06,14,HDFCBANK,1008.8,1.2,3.33,2.26,0.019825535289452745,2025-07-31,1009.0
2025-06-26,2025-06,15,ADANIENT,2501.3,1.41,2.96,2.18,-5.816975172910088,2025-07-31,2355.8
2025-06-26,2025-06,16,BAJFINANCE,950.5,1.31,2.98,2.14,-7.4171488690163105,2025-07-31,880.0
2025-06-26,2025-06,17,M&M,3203.2,0.23,3.5,1.85,-0.17794705294704727,2025-07-31,3197.5
2025-06-26,2025-06,18,SBILIFE,1860.0,0.48,3.19,1.83,-1.0752688172043001,2025-07-31,1840.0
2025-06-26,2025-06,19,JSWSTEEL,1031.25,0.85,2.74,1.79,2.2060606060606114,2025-07-31,1054.0
2025-06-26,2025-06,20,BAJAJFINSV,2050.0,1.19,2.21,1.7,-4.780487804878053,2025-07-31,1952.0
2025-06-26,2025-06,21,ADANIPORTS,1425.5,1.19,1.99,1.59,-3.61276745001754,2025-07-31,1374.0
2025-06-26,2025-06,22,EICHERMOT,5598.5,0.39,2.58,1.48,-2.4113601857640443,2025-07-31,5463.5
2025-06-26,2025-06,23,BEL,409.25,-0.19,3.14,1.46,-6.414172266340867,2025-07-31,383.0
2025-06-26,2025-06,24,NESTLEIND,1215.9,0.9,1.94,1.42,-7.623982235381199,2025-07-31,1123.2
2025-06-26,2025-06,25,KOTAKBANK,440.4,0.17,2.65,1.4,-10.081743869209802,2025-07-31,396.0
2025-06-26,2025-06,26,WIPRO,260.95,-0.34,2.98,1.31,-7.357731366162101,2025-07-31,241.75
2025-06-26,2025-06,27,TECHM,1619.5,-0.01,2.53,1.25,-11.892559431923432,2025-07-31,1426.9
2025-06-26,2025-06,28,APOLLOHOSP,7104.0,0.75,1.56,1.15,5.672860360360366,2025-07-31,7507.0
2025-06-26,2025-06,29,AXISBANK,1231.5,0.61,1.7,1.15,-13.244011368250098,2025-07-31,1068.4
2025-06-26,2025-06,30,HCLTECH,1722.0,0.28,1.9,1.09,-14.912891986062714,2025-07-31,1465.2
2025-06-26,2025-06,31,LT,3660.3,0.6,1.18,0.89,-0.8687812474387435,2025-07-31,3628.5
2025-06-26,2025-06,32,NTPC,337.1,1.03,0.75,0.89,-1.0086027884900761,2025-07-31,333.7
2025-06-26,2025-06,33,POWERGRID,293.5,0.95,0.63,0.79,-0.7666098807495692,2025-07-31,291.25
2025-06-26,2025-06,34,ICICIBANK,1440.0,0.6,0.81,0.7,3.0902777777777724,2025-07-31,1484.5
2025-06-26,2025-06,35,BAJAJ-AUTO,8426.0,0.38,0.98,0.68,-5.020175646807501,2025-07-31,8003.0
2025-06-26,2025-06,36,INFY,1580.0,0.2,1.15,0.67,-6.525316455696196,2025-07-31,1476.9
2025-06-26,2025-06,37,INDUSINDBK,834.7,0.22,1.08,0.65,-4.378818737270884,2025-07-31,798.15
2025-06-26,2025-06,38,MARUTI,12734.0,-0.04,1.23,0.59,-1.6726872938589654,2025-07-31,12521.0
2025-06-26,2025-06,39,CIPLA,1513.0,0.25,0.9,0.57,2.577660277594185,2025-07-31,1552.0
2025-06-26,2025-06,40,DRREDDY,1324.0,-0.18,1.1,0.46,-4.297583081570999,2025-07-31,1267.1
2025-06-26,2025-06,41,ASIANPAINT,2285.5,0.06,0.67,0.36,4.66856267775102,2025-07-31,2392.2
2025-06-26,2025-06,42,ITC,400.5,0.55,0.16,0.35,-1.9850187265917585,2025-07-31,392.55
2025-06-26,2025-06,43,COALINDIA,383.7,0.45,0.13,0.29,-4.586916862131862,2025-07-31,366.1
2025-06-26,2025-06,44,TCS,3443.0,0.39,-0.0,0.19,-11.902410688353182,2025-07-31,3033.2
2025-06-26,2025-06,45,SBIN,797.5,0.11,-0.01,0.05,-0.18808777429467627,2025-07-31,796.0
2025-06-26,2025-06,46,ONGC,233.65,0.5,-0.54,-0.02,-1.7119623368285874,2025-07-31,229.65
2025-06-26,2025-06,47,HEROMOTOCO,4281.0,0.01,-0.32,-0.16,-0.6797477224947501,2025-07-31,4251.9
2025-06-26,2025-06,48,SUNPHARMA,1666.4,0.03,-0.53,-0.25,2.01632261161786,2025-07-31,1700.0
2025-06-26,2025-06,49,TMPV,470.25,0.63,-1.16,-0.27,-2.4136097820308344,2025-07-31,458.9
2025-06-26,2025-06,50,HINDUNILVR,2280.9,0.05,-1.64,-0.8,10.701915910386251,2025-07-31,2525.0
2025-07-31,2025-07,1,ETERNAL,308.6,0.6,7.76,4.12,2.187297472456251,2025-08-28,315.35
2025-07-31,2025-07,2,HINDUNILVR,2525.0,1.47,3.36,2.41,5.1009900990099055,2025-08-28,2653.8
2025-07-31,2025-07,3,JIOFIN,328.8,0.86,3.59,2.22,-5.337591240875916,2025-08-28,311.25
2025-07-31,2025-07,4,APOLLOHOSP,7507.0,0.86,1.93,1.39,2.9172772079392617,2025-08-28,7726.0
2025-07-31,2025-07,5,JSWSTEEL,1054.0,0.85,1.89,1.37,-1.5464895635673548,2025-08-28,1037.7
2025-07-31,2025-07,6,LT,3628.5,0.1,2.63,1.36,-1.75003444949704,2025-08-28,3565.0
2025-07-31,2025-07,7,CIPLA,1552.0,-0.11,2.51,1.19,1.8041237113401998,2025-08-28,1580.0
2025-07-31,2025-07,8,ICICIBANK,1484.5,0.08,1.69,0.88,-5.8538228359717115,2025-08-28,1397.6
2025-07-31,2025-07,9,SBILIFE,1840.0,0.04,0.85,0.44,-1.4728260869565135,2025-08-28,1812.9
2025-07-31,2025-07,10,HDFCBANK,1009.0,-0.18,0.83,0.32,-4.677898909811695,2025-08-28,961.8
2025-07-31,2025-07,11,ASIANPAINT,2392.2,-0.23,0.43,0.1,4.088286932530738,2025-08-28,2490.0
2025-07-31,2025-07,12,MARUTI,12521.0,-0.06,0.05,-0.01,18.185448446609698,2025-08-28,14798.0
2025-07-31,2025-07,13,GRASIM,2748.0,-0.15,0.01,-0.07,1.084425036390102,2025-08-28,2777.8
2025-07-31,2025-07,14,M&M,3197.5,-0.27,0.01,-0.13,3.2369038311180542,2025-08-28,3301.0
2025-07-31,2025-07,15,ITC,392.55,0.31,-0.68,-0.19,-2.6493440326073148,2025-08-28,382.15
2025-07-31,2025-07,16,HINDALCO,683.7,-0.49,0.05,-0.22,2.3328945443908067,2025-08-28,699.65
2025-07-31,2025-07,17,ULTRACEMCO,12005.0,-0.17,-0.26,-0.22,2.4906289046230823,2025-08-28,12304.0
2025-07-31,2025-07,18,TATACONSUM,1072.5,-0.03,-0.7,-0.37,-0.2331002331002363,2025-08-28,1070.0
2025-07-31,2025-07,19,HDFCLIFE,757.0,-0.02,-0.78,-0.4,2.3778071334213946,2025-08-28,775.0
2025-07-31,2025-07,20,EICHERMOT,5463.5,-0.13,-0.92,-0.53,12.38217259998169,2025-08-28,6140.0
2025-07-31,2025-07,21,SUNPHARMA,1700.0,-1.38,0.27,-0.56,-6.594117647058817,2025-08-28,1587.9
2025-07-31,2025-07,22,BHARTIARTL,1914.0,-0.24,-0.9,-0.57,-1.3584117032392928,2025-08-28,1888.0
2025-07-31,2025-07,23,ONGC,229.65,-0.34,-0.96,-0.65,-2.765077291530582,2025-08-28,223.3
2025-07-31,2025-07,24,POWERGRID,291.25,-0.43,-1.14,-0.79,-5.854077253218892,2025-08-28,274.2
2025-07-31,2025-07,25,DRREDDY,1267.1,-1.03,-0.68,-0.86,-0.26043721884617677,2025-08-28,1263.8
2025-07-31,2025-07,26,HEROMOTOCO,4251.9,-0.36,-1.35,-0.86,20.101601636915277,2025-08-28,5106.6
2025-07-31,2025-07,27,SBIN,796.0,-0.44,-1.55,-1.0,0.8479899497487509,2025-08-28,802.75
2025-07-31,2025-07,28,NTPC,333.7,-1.13,-1.23,-1.18,-0.8390770152831961,2025-08-28,330.9
2025-07-31,2025-07,29,COALINDIA,366.1,-0.66,-2.23,-1.45,-0.27314941272876814,2025-08-28,365.1
2025-07-31,2025-07,30,BAJAJFINSV,1952.0,-0.41,-2.59,-1.51,-1.8954918032786927,2025-08-28,1915.0
2025-07-31,2025-07,31,SHRIRAMFIN,631.8,-0.31,-2.79,-1.56,-9.58372902817347,2025-08-28,571.25
2025-07-31,2025-07,32,TMPV,458.9,-0.71,-2.49,-1.6,1.4491174547831775,2025-08-28,465.55
2025-07-31,2025-07,33,BAJAJ-AUTO,8003.0,-0.62,-2.65,-1.64,8.634262151693118,2025-08-28,8694.0
2025-07-31,2025-07,34,TITAN,3340.0,-0.55,-2.96,-1.76,8.74251497005989,2025-08-28,3632.0
2025-07-31,2025-07,35,INFY,1476.9,-0.28,-3.28,-1.79,-0.5890717042453808,2025-08-28,1468.2
2025-07-31,2025-07,36,ADANIPORTS,1374.0,-1.07,-2.79,-1.93,-4.112081513828237,2025-08-28,1317.5
2025-07-31,2025-07,37,RELIANCE,1391.0,-0.58,-3.37,-1.98,-0.007189072609625757,2025-08-28,1390.9
2025-07-31,2025-07,38,TATASTEEL,157.3,-2.02,-1.99,-2.01,-1.9898283534647287,2025-08-28,154.17
2025-07-31,2025-07,39,NESTLEIND,1123.2,0.09,-4.37,-2.17,3.338675213675213,2025-08-28,1160.7
2025-07-31,2025-07,40,TECHM,1426.9,0.16,-4.47,-2.18,2.0744270796832165,2025-08-28,1456.5
2025-07-31,2025-07,41,WIPRO,241.75,-0.56,-3.84,-2.21,0.8066184074457139,2025-08-28,243.7
2025-07-31,2025-07,42,BAJFINANCE,880.0,-0.36,-4.16,-2.28,-0.21590909090908328,2025-08-28,878.1
2025-07-31,2025-07,43,BEL,383.0,-0.71,-4.05,-2.39,-5.143603133159269,2025-08-28,363.3
2025-07-31,2025-07,44,AXISBANK,1068.4,-0.42,-4.48,-2.47,-1.1980531636091474,2025-08-28,1055.6
2025-07-31,2025-07,45,INDUSINDBK,798.15,-0.41,-4.51,-2.48,-6.107874459688034,2025-08-28,749.4
2025-07-31,2025-07,46,KOTAKBANK,396.0,0.38,-5.69,-2.7,-1.6161616161616155,2025-08-28,389.6
2025-07-31,2025-07,47,TCS,3033.2,-0.46,-5.06,-2.79,2.103389159963087,2025-08-28,3097.0
2025-07-31,2025-07,48,TRENT,3349.3,-0.27,-5.31,-2.82,4.469590660735068,2025-08-28,3499.0
2025-07-31,2025-07,49,HCLTECH,1465.2,-0.59,-5.57,-3.11,-1.0237510237510183,2025-08-28,1450.2
2025-07-31,2025-07,50,ADANIENT,2355.8,-2.89,-5.03,-3.97,-6.082859325919021,2025-08-28,2212.5
2025-08-28,2025-08,1,MARUTI,14798.0,0.78,8.65,4.64,8.359237734829028,2025-09-30,16035.0
2025-08-28,2025-08,2,HEROMOTOCO,5106.6,-0.19,6.01,2.86,6.979203383856181,2025-09-30,5463.0
2025-08-28,2025-08,3,EICHERMOT,6140.0,0.16,5.24,2.67,14.169381107491862,2025-09-30,7010.0
2025-08-28,2025-08,4,TITAN,3632.0,0.12,2.81,1.46,-7.133810572687227,2025-09-30,3372.9
2025-08-28,2025-08,5,HINDUNILVR,2653.8,-0.49,3.24,1.36,-5.181249528977316,2025-09-30,2516.3
2025-08-28,2025-08,6,BAJAJ-AUTO,8694.0,-0.35,2.45,1.04,0.1322751322751392,2025-09-30,8705.5
2025-08-28,2025-08,7,CIPLA,1580.0,-0.17,1.89,0.85,-4.746835443037978,2025-09-30,1505.0
2025-08-28,2025-08,8,DRREDDY,1263.8,0.19,0.68,0.43,-2.8960278525082983,2025-09-30,1227.2
2025-08-28,2025-08,9,NESTLEIND,1160.7,-0.33,0.94,0.3,-0.4910829671749828,2025-09-30,1155.0
2025-08-28,2025-08,10,APOLLOHOSP,7726.0,-0.75,1.25,0.25,-3.766502718094744,2025-09-30,7435.0
2025-08-28,2025-08,11,ETERNAL,315.35,-1.04,1.54,0.24,3.3137783415252864,2025-09-30,325.8
2025-08-28,2025-08,12,TMPV,465.55,-0.21,0.15,-0.03,0.8377188271936342,2025-09-30,469.45
2025-08-28,2025-08,13,ULTRACEMCO,12304.0,-0.4,0.3,-0.05,-2.511378413524057,2025-09-30,11995.0
2025-08-28,2025-08,14,INFY,1468.2,-0.76,0.65,-0.06,-3.8278163737910376,2025-09-30,1412.0
2025-08-28,2025-08,15,HINDALCO,699.65,-0.74,0.52,-0.11,9.197455870792549,2025-09-30,764.0
2025-08-28,2025-08,16,WIPRO,243.7,-0.57,0.26,-0.16,-4.390644234714813,2025-09-30,233.0
2025-08-28,2025-08,17,ASIANPAINT,2490.0,-0.56,-0.07,-0.32,-5.502008032128513,2025-09-30,2353.0
2025-08-28,2025-08,18,TCS,3097.0,-0.76,0.1,-0.33,-6.525670003228923,2025-09-30,2894.9
2025-08-28,2025-08,19,HDFCLIFE,775.0,-0.69,-0.05,-0.37,-2.541935483870972,2025-09-30,755.3
2025-08-28,2025-08,20,M&M,3301.0,-0.9,0.14,-0.38,4.059375946682819,2025-09-30,3435.0
2025-08-28,2025-08,21,RELIANCE,1390.9,0.19,-0.94,-0.38,-1.8980516212524279,2025-09-30,1364.5
2025-08-28,2025-08,22,TATACONSUM,1070.0,-0.37,-0.44,-0.41,5.841121495327095,2025-09-30,1132.5
2025-08-28,2025-08,23,LT,3565.0,-0.09,-0.99,-0.54,2.813464235624119,2025-09-30,3665.3
2025-08-28,2025-08,24,GRASIM,2777.8,-0.77,-0.41,-0.59,-0.31679746562027766,2025-09-30,2769.0
2025-08-28,2025-08,25,COALINDIA,365.1,0.02,-1.4,-0.69,3.8893453848260817,2025-09-30,379.3
2025-08-28,2025-08,26,TECHM,1456.5,-0.69,-0.68,-0.69,-6.515619636113978,2025-09-30,1361.6
2025-08-28,2025-08,27,ONGC,223.3,-0.22,-1.31,-0.77,2.283922973578134,2025-09-30,228.4
2025-08-28,2025-08,28,BHARTIARTL,1888.0,-0.65,-1.04,-0.85,-0.26483050847457834,2025-09-30,1883.0
2025-08-28,2025-08,29,ITC,382.15,-0.13,-1.8,-0.97,0.22242574905142476,2025-09-30,383.0
2025-08-28,2025-08,30,AXISBANK,1055.6,0.06,-2.0,-0.98,7.142857142857162,2025-09-30,1131.0
2025-08-28,2025-08,31,BAJFINANCE,878.1,-0.67,-1.34,-1.01,13.768363512128445,2025-09-30,999.0
2025-08-28,2025-08,32,NTPC,330.9,-0.64,-1.58,-1.11,2.961619824720474,2025-09-30,340.7
2025-08-28,2025-08,33,SBIN,802.75,-0.89,-1.43,-1.16,8.838368109623174,2025-09-30,873.7
2025-08-28,2025-08,34,JSWSTEEL,1037.7,-0.95,-1.55,-1.25,9.887250650476997,2025-09-30,1140.3
2025-08-28,2025-08,35,SBILIFE,1812.9,-1.06,-1.55,-1.31,-1.2135252909702632,2025-09-30,1790.9
2025-08-28,2025-08,36,BAJAJFINSV,1915.0,-0.97,-1.95,-1.46,4.595300261096602,2025-09-30,2003.0
2025-08-28,2025-08,37,ADANIPORTS,1317.5,-0.6,-2.51,-1.56,6.724857685009478,2025-09-30,1406.1
2025-08-28,2025-08,38,TRENT,3499.0,-1.05,-2.15,-1.6,-10.697342097742213,2025-09-30,3124.7
2025-08-28,2025-08,39,ADANIENT,2212.5,-0.47,-2.95,-1.72,9.938983050847462,2025-09-30,2432.4
2025-08-28,2025-08,40,SUNPHARMA,1587.9,-0.48,-2.94,-1.72,0.6360602053026021,2025-09-30,1598.0
2025-08-28,2025-08,41,HDFCBANK,961.8,-0.71,-2.74,-1.73,-1.0501143688916525,2025-09-30,951.7
2025-08-28,2025-08,42,KOTAKBANK,389.6,-0.62,-2.82,-1.73,2.4640657084188833,2025-09-30,399.2
2025-08-28,2025-08,43,ICICIBANK,1397.6,-0.94,-2.56,-1.75,-3.4845449341728507,2025-09-30,1348.9
2025-08-28,2025-08,44,TATASTEEL,154.17,-0.86,-2.77,-1.82,9.651683206849594,2025-09-30,169.05
2025-08-28,2025-08,45,HCLTECH,1450.2,-1.36,-2.89,-2.13,-4.4338711901806604,2025-09-30,1385.9
2025-08-28,2025-08,46,JIOFIN,311.25,-1.18,-3.48,-2.34,-5.5421686746988,2025-09-30,294.0
2025-08-28,2025-08,47,INDUSINDBK,749.4,-0.71,-4.45,-2.6,-1.801441152922334,2025-09-30,735.9
2025-08-28,2025-08,48,BEL,363.3,-0.95,-4.49,-2.74,11.120286264794931,2025-09-30,403.7
2025-08-28,2025-08,49,POWERGRID,274.2,-1.5,-4.14,-2.83,2.2611232676878146,2025-09-30,280.4
2025-08-28,2025-08,50,SHRIRAMFIN,571.25,-2.72,-7.59,-5.19,8.157549234135676,2025-09-30,617.85
2025-09-30,2025-09,1,SBIN,873.7,0.44,3.23,1.83,6.461027812750353,2025-10-28,930.15
2025-09-30,2025-09,2,HINDALCO,764.0,0.65,2.88,1.76,11.223821989528805,2025-10-28,849.75
2025-09-30,2025-09,3,EICHERMOT,7010.0,0.05,3.19,1.61,-0.34950071326675936,2025-10-28,6985.5
2025-09-30,2025-09,4,MARUTI,16035.0,-0.15,2.99,1.41,1.7087620829435712,2025-10-28,16309.0
2025-09-30,2025-09,5,TATACONSUM,1132.5,0.75,1.64,1.19,2.9403973509933845,2025-10-28,1165.8
2025-09-30,2025-09,6,JSWSTEEL,1140.3,-0.06,2.41,1.17,3.744628606507061,2025-10-28,1183.0
2025-09-30,2025-09,7,BAJFINANCE,999.0,0.25,1.86,1.05,7.607607607607614,2025-10-28,1075.0
2025-09-30,2025-09,8,BEL,403.7,0.07,1.88,0.97,2.514243249938075,2025-10-28,413.85
2025-09-30,2025-09,9,ADANIPORTS,1406.1,0.54,0.72,0.63,0.9103193229500262,2025-10-28,1418.9
2025-09-30,2025-09,10,NTPC,340.7,0.03,0.93,0.48,-0.5136483710008855,2025-10-28,338.95
2025-09-30,2025-09,11,ONGC,228.4,-0.04,1.0,0.48,4.59719789842381,2025-10-28,238.9
2025-09-30,2025-09,12,ADANIENT,2432.4,-0.62,1.53,0.45,-0.39878309488572405,2025-10-28,2422.7
2025-09-30,2025-09,13,SHRIRAMFIN,617.85,0.49,0.27,0.38,17.180545439831675,2025-10-28,724.0
2025-09-30,2025-09,14,AXISBANK,1131.0,-0.32,0.87,0.27,10.256410256410264,2025-10-28,1247.0
2025-09-30,2025-09,15,LT,3665.3,-0.4,0.52,0.06,8.738711701634227,2025-10-28,3985.6
2025-09-30,2025-09,16,TATASTEEL,169.05,-0.17,0.21,0.02,7.453416149068315,2025-10-28,181.65
2025-09-30,2025-09,17,TMPV,469.45,1.16,-1.31,-0.08,-12.184471189690061,2025-10-28,412.25
2025-09-30,2025-09,18,KOTAKBANK,399.2,0.07,-0.34,-0.14,8.416833667334679,2025-10-28,432.8
2025-09-30,2025-09,19,COALINDIA,379.3,-0.03,-0.26,-0.15,0.4877405747429453,2025-10-28,381.15
2025-09-30,2025-09,20,ULTRACEMCO,11995.0,0.76,-1.23,-0.24,-2.451021258857855,2025-10-28,11701.0
2025-09-30,2025-09,21,ETERNAL,325.8,-0.2,-0.6,-0.4,2.7931246163290346,2025-10-28,334.9
2025-09-30,2025-09,22,GRASIM,2769.0,0.35,-1.17,-0.41,5.85048754062838,2025-10-28,2931.0
2025-09-30,2025-09,23,HDFCBANK,951.7,0.06,-0.99,-0.47,5.589996847746126,2025-10-28,1004.9
2025-09-30,2025-09,24,SUNPHARMA,1598.0,-0.02,-0.94,-0.48,5.932415519399248,2025-10-28,1692.8
2025-09-30,2025-09,25,SBILIFE,1790.9,-0.04,-1.38,-0.71,7.990395890334456,2025-10-28,1934.0
2025-09-30,2025-09,26,ITC,383.0,-0.33,-1.3,-0.82,4.046997389033935,2025-10-28,398.5
2025-09-30,2025-09,27,BAJAJFINSV,2003.0,-0.44,-1.26,-0.85,6.744882675986008,2025-10-28,2138.1
2025-09-30,2025-09,28,HINDUNILVR,2516.3,0.14,-1.85,-0.86,-0.6477764972380173,2025-10-28,2500.0
2025-09-30,2025-09,29,CIPLA,1505.0,0.35,-2.13,-0.9,4.318936877076407,2025-10-28,1570.0
2025-09-30,2025-09,30,INDIGO,5591.0,-0.17,-1.77,-0.97,4.104811303881228,2025-10-28,5820.5
2025-09-30,2025-09,31,M&M,3435.0,-0.01,-1.97,-0.99,4.113537117903943,2025-10-28,3576.3
2025-09-30,2025-09,32,RELIANCE,1364.5,-0.45,-1.56,-1.01,9.197508244778296,2025-10-28,1490.0
2025-09-30,2025-09,33,NESTLEIND,1155.0,-0.04,-2.14,-1.1,10.043290043290053,2025-10-28,1271.0
2025-09-30,2025-09,34,BAJAJ-AUTO,8705.5,-0.19,-2.05,-1.12,4.037677330423306,2025-10-28,9057.0
2025-09-30,2025-09,35,POWERGRID,280.4,-0.52,-1.72,-1.12,3.1383737517831634,2025-10-28,289.2
2025-09-30,2025-09,36,HDFCLIFE,755.3,-0.39,-1.94,-1.17,-0.966503376141925,2025-10-28,748.0
2025-09-30,2025-09,37,BHARTIARTL,1883.0,-0.9,-1.79,-1.35,10.886882634094519,2025-10-28,2088.0
2025-09-30,2025-09,38,MAXHEALTH,1120.0,-0.24,-3.05,-1.66,6.062500000000015,2025-10-28,1187.9
2025-09-30,2025-09,39,TITAN,3372.9,-0.3,-3.07,-1.69,10.794864953007789,2025-10-28,3737.0
2025-09-30,2025-09,40,ICICIBANK,1348.9,-0.32,-3.12,-1.73,1.2825265030765864,2025-10-28,1366.2
2025-09-30,2025-09,41,INFY,1412.0,-0.49,-3.08,-1.79,4.135977337110486,2025-10-28,1470.4
2025-09-30,2025-09,42,APOLLOHOSP,7435.0,-0.48,-3.14,-1.82,5.736381977135174,2025-10-28,7861.5
2025-09-30,2025-09,43,WIPRO,233.0,-0.4,-3.23,-1.83,1.5450643776824036,2025-10-28,236.6
2025-09-30,2025-09,44,ASIANPAINT,2353.0,-0.06,-4.15,-2.13,7.046323841903956,2025-10-28,2518.8
2025-09-30,2025-09,45,HCLTECH,1385.9,-0.73,-3.78,-2.27,9.820333357385081,2025-10-28,1522.0
2025-09-30,2025-09,46,DRREDDY,1227.2,-0.91,-3.93,-2.43,5.4351368970013025,2025-10-28,1293.9
2025-09-30,2025-09,47,TCS,2894.9,-0.45,-4.79,-2.64,5.696224394625027,2025-10-28,3059.8
2025-09-30,2025-09,48,JIOFIN,294.0,-0.61,-4.67,-2.66,4.8979591836734615,2025-10-28,308.4
2025-09-30,2025-09,49,TECHM,1361.6,-1.14,-5.39,-3.29,3.532608695652195,2025-10-28,1409.7
2025-09-30,2025-09,50,TRENT,3124.7,-0.58,-6.56,-3.62,0.9792940122251848,2025-10-28,3155.3
2025-10-28,2025-10,1,HINDALCO,849.75,0.91,7.94,4.37,-7.525742865548701,2025-11-25,785.8
2025-10-28,2025-10,2,SHRIRAMFIN,724.0,0.62,6.51,3.52,15.82872928176795,2025-11-25,838.6
2025-10-28,2025-10,3,TATASTEEL,181.65,1.42,4.81,3.1,-8.527387833746225,2025-11-25,166.16
2025-10-28,2025-10,4,SBILIFE,1934.0,0.97,5.06,2.99,5.015511892450886,2025-11-25,2031.0
2025-10-28,2025-10,5,SBIN,930.15,0.91,4.59,2.73,5.7356340375208426,2025-11-25,983.5
2025-10-28,2025-10,6,LT,3985.6,1.17,4.29,2.72,-0.08530710558009025,2025-11-25,3982.2
2025-10-28,2025-10,7,RELIANCE,1490.0,0.69,4.76,2.7,3.4026845637583847,2025-11-25,1540.7
2025-10-28,2025-10,8,BHARTIARTL,2088.0,0.5,4.83,2.64,3.2854406130268243,2025-11-25,2156.6
2025-10-28,2025-10,9,JSWSTEEL,1183.0,1.75,2.93,2.34,-6.20456466610314,2025-11-25,1109.6
2025-10-28,2025-10,10,AXISBANK,1247.0,0.07,3.84,1.94,1.6118684843624553,2025-11-25,1267.1
2025-10-28,2025-10,11,TITAN,3737.0,0.51,3.2,1.85,2.946213540272935,2025-11-25,3847.1
2025-10-28,2025-10,12,GRASIM,2931.0,0.6,3.03,1.81,-8.457864210167177,2025-11-25,2683.1
2025-10-28,2025-10,13,ASIANPAINT,2518.8,0.35,2.87,1.6,14.228997935524834,2025-11-25,2877.2
2025-10-28,2025-10,14,DRREDDY,1293.9,0.78,1.89,1.33,-4.474843496406223,2025-11-25,1236.0
2025-10-28,2025-10,15,BAJFINANCE,1075.0,-0.04,2.55,1.25,-8.372093023255811,2025-11-25,985.0
2025-10-28,2025-10,16,NESTLEIND,1271.0,-0.24,2.71,1.22,-0.6294256490952055,2025-11-25,1263.0
2025-10-28,2025-10,17,HCLTECH,1522.0,-0.22,2.3,1.03,5.05256241787122,2025-11-25,1598.9
2025-10-28,2025-10,18,HDFCBANK,1004.9,0.32,1.7,1.01,-1.5374664145686112,2025-11-25,989.45
2025-10-28,2025-10,19,ITC,398.5,-0.04,2.02,0.98,-4.190715181932248,2025-11-25,381.8
2025-10-28,2025-10,20,TATACONSUM,1165.8,0.03,1.88,0.95,0.6261794475896254,2025-11-25,1173.1
2025-10-28,2025-10,21,SUNPHARMA,1692.8,0.18,1.62,0.9,4.43052930056711,2025-11-25,1767.8
2025-10-28,2025-10,22,BAJAJFINSV,2138.1,-0.48,2.23,0.87,-4.9576727000608,2025-11-25,2032.1
2025-10-28,2025-10,23,MAXHEALTH,1187.9,0.39,1.29,0.84,-3.022139910766908,2025-11-25,1152.0
2025-10-28,2025-10,24,EICHERMOT,6985.5,0.63,1.01,0.82,3.0706463388447514,2025-11-25,7200.0
2025-10-28,2025-10,25,KOTAKBANK,432.8,0.15,1.04,0.59,-4.413123844731981,2025-11-25,413.7
2025-10-28,2025-10,26,TCS,3059.8,-0.16,1.2,0.52,1.8563304791162638,2025-11-25,3116.6
2025-10-28,2025-10,27,INDIGO,5820.5,0.33,0.62,0.47,-0.8676230564384491,2025-11-25,5770.0
2025-10-28,2025-10,28,INFY,1470.4,0.03,0.89,0.46,1.863438520130578,2025-11-25,1497.8
2025-10-28,2025-10,29,ONGC,238.9,-0.58,1.5,0.45,0.10464629552113802,2025-11-25,239.15
2025-10-28,2025-10,30,MARUTI,16309.0,-0.21,0.96,0.37,-2.4465019314488967,2025-11-25,15910.0
2025-10-28,2025-10,31,APOLLOHOSP,7861.5,-0.01,0.73,0.36,-6.94523945811868,2025-11-25,7315.5
2025-10-28,2025-10,32,JIOFIN,308.4,0.5,0.02,0.26,-2.367055771725013,2025-11-25,301.1
2025-10-28,2025-10,33,BEL,413.85,-0.25,0.76,0.25,-0.9061254077564307,2025-11-25,410.1
2025-10-28,2025-10,34,BAJAJ-AUTO,9057.0,-0.14,0.57,0.21,-0.13249420337859696,2025-11-25,9045.0
2025-10-28,2025-10,35,HDFCLIFE,748.0,0.75,-0.33,0.21,2.352941176470602,2025-11-25,765.6
2025-10-28,2025-10,36,POWERGRID,289.2,-0.1,0.36,0.13,-5.722683264177042,2025-11-25,272.65
2025-10-28,2025-10,37,ETERNAL,334.9,0.58,-0.35,0.11,-9.704389369961186,2025-11-25,302.4
2025-10-28,2025-10,38,M&M,3576.3,-0.61,0.78,0.08,2.359980985935173,2025-11-25,3660.7
2025-10-28,2025-10,39,COALINDIA,381.15,-0.58,0.55,-0.02,-2.9253574708120067,2025-11-25,370.0
2025-10-28,2025-10,40,NTPC,338.95,-0.32,-0.23,-0.28,-4.6172001770172555,2025-11-25,323.3
2025-10-28,2025-10,41,CIPLA,1570.0,-0.6,-0.19,-0.4,-4.165605095541403,2025-11-25,1504.6
2025-10-28,2025-10,42,WIPRO,236.6,-0.1,-0.86,-0.48,1.183431952662728,2025-11-25,239.4
2025-10-28,2025-10,43,ADANIENT,2422.7,-0.06,-0.91,-0.49,-3.851075246625657,2025-11-25,2329.4
2025-10-28,2025-10,44,ADANIPORTS,1418.9,-0.21,-0.78,-0.5,4.341391218549573,2025-11-25,1480.5
2025-10-28,2025-10,45,TECHM,1409.7,-0.46,-0.7,-0.58,3.504291693268069,2025-11-25,1459.1
2025-10-28,2025-10,46,ICICIBANK,1366.2,-0.11,-1.33,-0.72,-0.6807202459376382,2025-11-25,1356.9
2025-10-28,2025-10,47,TRENT,3155.3,-0.71,-1.28,-1.0,-10.277945044845183,2025-11-25,2831.0
2025-10-28,2025-10,48,HINDUNILVR,2500.0,-0.28,-1.76,-1.02,-3.5599999999999965,2025-11-25,2411.0
2025-10-28,2025-10,49,ULTRACEMCO,11701.0,-0.28,-1.91,-1.1,-3.350141013588581,2025-11-25,11309.0
2025-10-28,2025-10,50,TMPV,412.25,0.64,-4.02,-1.72,-14.46937537901758,2025-11-25,352.6
2025-11-25,2025-11,1,SHRIRAMFIN,838.6,0.69,5.41,3.02,16.372525637968028,2025-12-30,975.9
2025-11-25,2025-11,2,ASIANPAINT,2877.2,-0.23,4.63,2.17,-4.299318782149308,2025-12-30,2753.5
2025-11-25,2025-11,3,TECHM,1459.1,0.44,3.21,1.82,7.065999588787619,2025-12-30,1562.2
2025-11-25,2025-11,4,SBIN,983.5,0.28,2.95,1.61,-1.0574478901881013,2025-12-30,973.1
2025-11-25,2025-11,5,EICHERMOT,7200.0,-0.11,3.28,1.57,-0.9375000000000022,2025-12-30,7132.5
2025-11-25,2025-11,6,SBILIFE,2031.0,0.47,2.35,1.41,-0.5563761693746949,2025-12-30,2019.7
2025-11-25,2025-11,7,BHARTIARTL,2156.6,-0.08,2.72,1.31,-2.652323101177767,2025-12-30,2099.4
2025-11-25,2025-11,8,RELIANCE,1540.7,-0.29,2.39,1.04,-0.012981112481347257,2025-12-30,1540.5
2025-11-25,2025-11,9,BAJAJ-AUTO,9045.0,0.04,1.33,0.68,2.797125483692642,2025-12-30,9298.0
2025-11-25,2025-11,10,AXISBANK,1267.1,-0.5,1.76,0.62,-1.6652197932286228,2025-12-30,1246.0
2025-11-25,2025-11,11,HDFCLIFE,765.6,0.23,0.75,0.49,-2.266196447230928,2025-12-30,748.25
2025-11-25,2025-11,12,SUNPHARMA,1767.8,-0.74,1.7,0.47,-2.647358298450053,2025-12-30,1721.0
2025-11-25,2025-11,13,HCLTECH,1598.9,-0.68,1.31,0.31,1.4134717618362602,2025-12-30,1621.5
2025-11-25,2025-11,14,ADANIPORTS,1480.5,-0.09,0.5,0.2,-0.8105369807497431,2025-12-30,1468.5
2025-11-25,2025-11,15,WIPRO,239.4,-0.28,0.63,0.17,7.539682539682535,2025-12-30,257.45
2025-11-25,2025-11,16,INFY,1497.8,-0.62,0.92,0.15,6.062224596074239,2025-12-30,1588.6
2025-11-25,2025-11,17,TATACONSUM,1173.1,-0.38,0.66,0.14,0.05967095729264571,2025-12-30,1173.8
2025-11-25,2025-11,18,TCS,3116.6,-0.67,0.93,0.13,4.44073670025027,2025-12-30,3255.0
2025-11-25,2025-11,19,MARUTI,15910.0,-0.37,0.32,-0.03,4.494028912633574,2025-12-30,16625.0
2025-11-25,2025-11,20,TITAN,3847.1,-0.91,0.82,-0.05,3.272594941644358,2025-12-30,3973.0
2025-11-25,2025-11,21,MAXHEALTH,1152.0,-1.02,0.57,-0.23,-9.149305555555564,2025-12-30,1046.6
2025-11-25,2025-11,22,LT,3982.2,-1.04,0.44,-0.3,1.903470443473454,2025-12-30,4058.0
2025-11-25,2025-11,23,DRREDDY,1236.0,-0.52,-0.09,-0.31,2.184466019417486,2025-12-30,1263.0
2025-11-25,2025-11,24,NESTLEIND,1263.0,-0.39,-0.24,-0.32,0.6809184481393338,2025-12-30,1271.6
2025-11-25,2025-11,25,INDIGO,5770.0,-0.49,-0.19,-0.34,-13.206239168110923,2025-12-30,5008.0
2025-11-25,2025-11,26,M&M,3660.7,-0.87,-0.07,-0.47,-0.019122025842044366,2025-12-30,3660.0
2025-11-25,2025-11,27,ONGC,239.15,-0.6,-0.5,-0.55,-4.202383441354806,2025-12-30,229.1
2025-11-25,2025-11,28,HINDALCO,785.8,0.13,-1.32,-0.6,12.407737337744983,2025-12-30,883.3
2025-11-25,2025-11,29,HDFCBANK,989.45,-0.9,-0.34,-0.62,0.5609176815402517,2025-12-30,995.0
2025-11-25,2025-11,30,ICICIBANK,1356.9,-0.7,-0.81,-0.76,-0.7222345051219881,2025-12-30,1347.1
2025-11-25,2025-11,31,BEL,410.1,-0.2,-1.56,-0.88,-3.4625701048524804,2025-12-30,395.9
2025-11-25,2025-11,32,HINDUNILVR,2411.0,-0.48,-1.41,-0.95,-5.018664454583166,2025-12-30,2290.0
2025-11-25,2025-11,33,JIOFIN,301.1,-0.4,-1.6,-1.0,-2.557289936898055,2025-12-30,293.4
2025-11-25,2025-11,34,CIPLA,1504.6,-0.68,-1.42,-1.05,-0.8573707297620525,2025-12-30,1491.7
2025-11-25,2025-11,35,KOTAKBANK,413.7,-0.7,-1.47,-1.09,4.181774232535651,2025-12-30,431.0
2025-11-25,2025-11,36,BAJAJFINSV,2032.1,-0.68,-1.66,-1.17,0.39860243098273074,2025-12-30,2040.2
2025-11-25,2025-11,37,POWERGRID,272.65,-0.8,-1.53,-1.17,-4.841371721987898,2025-12-30,259.45
2025-11-25,2025-11,38,NTPC,323.3,-0.47,-1.92,-1.2,0.6031549644293088,2025-12-30,325.25
2025-11-25,2025-11,39,ITC,381.8,-0.86,-1.63,-1.25,0.17024620220009723,2025-12-30,382.45
2025-11-25,2025-11,40,ETERNAL,302.4,-0.06,-2.67,-1.37,-8.531746031746012,2025-12-30,276.6
2025-11-25,2025-11,41,ULTRACEMCO,11309.0,-0.82,-2.37,-1.6,1.3971173401715387,2025-12-30,11467.0
2025-11-25,2025-11,42,COALINDIA,370.0,-0.83,-2.4,-1.62,7.432432432432434,2025-12-30,397.5
2025-11-25,2025-11,43,APOLLOHOSP,7315.5,-0.84,-2.81,-1.83,-4.39477821064862,2025-12-30,6994.0
2025-11-25,2025-11,44,GRASIM,2683.1,-0.8,-3.14,-1.98,6.00052178450301,2025-12-30,2844.1
2025-11-25,2025-11,45,TATASTEEL,166.16,-0.45,-4.27,-2.38,5.69932595089071,2025-12-30,175.63
2025-11-25,2025-11,46,BAJFINANCE,985.0,-1.09,-3.7,-2.4,0.6091370558375608,2025-12-30,991.0
2025-11-25,2025-11,47,ADANIENT,2329.4,-1.98,-3.02,-2.5,-4.876792307031852,2025-12-30,2215.8
2025-11-25,2025-11,48,JSWSTEEL,1109.6,-1.15,-4.19,-2.68,0.1712328767123461,2025-12-30,1111.5
2025-11-25,2025-11,49,TRENT,2831.0,-1.24,-4.83,-3.05,-0.7453196750264901,2025-12-30,2809.9
2025-11-25,2025-11,50,TMPV,352.6,-1.16,-8.81,-5.06,2.524106636415202,2025-12-30,361.5
2025-12-30,2025-12,1,SHRIRAMFIN,975.9,0.76,8.68,4.65,2.474638794958506,2026-01-27,1000.05
2025-12-30,2025-12,2,HINDALCO,883.3,0.86,4.33,2.58,8.807879542624253,2026-01-27,961.1
2025-12-30,2025-12,3,TATASTEEL,175.63,1.46,3.27,2.36,9.947047770881978,2026-01-27,193.1
2025-12-30,2025-12,4,BAJAJ-AUTO,9298.0,1.33,2.72,2.02,2.1725102172510224,2026-01-27,9500.0
2025-12-30,2025-12,5,COALINDIA,397.5,-0.4,2.12,0.85,6.553459119496852,2026-01-27,423.55
2025-12-30,2025-12,6,GRASIM,2844.1,0.2,1.49,0.84,0.8016595759642753,2026-01-27,2866.9
2025-12-30,2025-12,7,BAJAJFINSV,2040.2,1.73,-0.27,0.73,-5.597490442113518,2026-01-27,1926.0
2025-12-30,2025-12,8,TITAN,3973.0,-0.25,1.69,0.72,0.7550969041026923,2026-01-27,4003.0
2025-12-30,2025-12,9,MARUTI,16625.0,-0.05,1.48,0.71,-8.348872180451128,2026-01-27,15237.0
2025-12-30,2025-12,10,TMPV,361.5,0.35,1.02,0.68,-5.947441217150762,2026-01-27,340.0
2025-12-30,2025-12,11,M&M,3660.0,0.74,0.6,0.67,-7.314207650273219,2026-01-27,3392.3
2025-12-30,2025-12,12,SBILIFE,2019.7,1.03,0.32,0.67,0.7575382482546855,2026-01-27,2035.0
2025-12-30,2025-12,13,JSWSTEEL,1111.5,1.04,0.28,0.66,10.049482681061628,2026-01-27,1223.2
2025-12-30,2025-12,14,NESTLEIND,1271.6,-0.38,1.53,0.57,2.705253224284365,2026-01-27,1306.0
2025-12-30,2025-12,15,SBIN,973.1,0.4,0.58,0.49,8.03103483711849,2026-01-27,1051.25
2025-12-30,2025-12,16,TECHM,1562.2,-0.42,1.26,0.42,9.057739085904505,2026-01-27,1703.7
2025-12-30,2025-12,17,WIPRO,257.45,-0.24,1.0,0.38,-8.506506117692748,2026-01-27,235.55
2025-12-30,2025-12,18,HDFCBANK,995.0,0.61,0.14,0.37,-6.733668341708543,2026-01-27,928.0
2025-12-30,2025-12,19,NTPC,325.25,0.22,0.5,0.36,6.379707916986943,2026-01-27,346.0
2025-12-30,2025-12,20,AXISBANK,1246.0,0.61,0.06,0.33,6.09951845906902,2026-01-27,1322.0
2025-12-30,2025-12,21,LT,4058.0,0.23,0.41,0.32,-6.24691966485954,2026-01-27,3804.5
2025-12-30,2025-12,22,TCS,3255.0,-0.12,0.57,0.22,-2.703533026113669,2026-01-27,3167.0
2025-12-30,2025-12,23,TRENT,2809.9,-0.31,0.47,0.08,-9.41670522082636,2026-01-27,2545.3
2025-12-30,2025-12,24,ULTRACEMCO,11467.0,-0.26,0.43,0.08,7.595709427051545,2026-01-27,12338.0
2025-12-30,2025-12,25,KOTAKBANK,431.0,0.01,0.12,0.06,-4.4315545243619585,2026-01-27,411.9
2025-12-30,2025-12,26,BEL,395.9,0.43,-0.37,0.03,5.506441020459718,2026-01-27,417.7
2025-12-30,2025-12,27,BHARTIARTL,2099.4,0.07,-0.05,0.01,-5.639706582833193,2026-01-27,1981.0
2025-12-30,2025-12,28,TATACONSUM,1173.8,-0.69,0.29,-0.2,1.3375362071903263,2026-01-27,1189.5
2025-12-30,2025-12,29,DRREDDY,1263.0,-0.24,-0.39,-0.32,-1.9794140934283444,2026-01-27,1238.0
2025-12-30,2025-12,30,INFY,1588.6,-1.04,0.37,-0.34,3.9720508623945605,2026-01-27,1651.7
2025-12-30,2025-12,31,CIPLA,1491.7,0.02,-0.87,-0.43,-11.91258295904002,2026-01-27,1314.0
2025-12-30,2025-12,32,HDFCLIFE,748.25,0.63,-1.47,-0.43,-3.107250250584692,2026-01-27,725.0
2025-12-30,2025-12,33,ITC,382.45,-0.27,-0.58,-0.43,-20.264086808733172,2026-01-27,304.95
2025-12-30,2025-12,34,ICICIBANK,1347.1,0.2,-1.07,-0.44,1.484670774255803,2026-01-27,1367.1
2025-12-30,2025-12,35,RELIANCE,1540.5,-0.44,-0.5,-0.47,-10.159039272963321,2026-01-27,1384.0
2025-12-30,2025-12,36,ONGC,229.1,-0.07,-0.93,-0.5,5.848974247053684,2026-01-27,242.5
2025-12-30,2025-12,37,HINDUNILVR,2290.0,0.05,-1.25,-0.6,4.934497816593897,2026-01-27,2403.0
2025-12-30,2025-12,38,ADANIPORTS,1468.5,0.03,-1.46,-0.72,-7.048008171603682,2026-01-27,1365.0
2025-12-30,2025-12,39,ADANIENT,2215.8,0.09,-1.55,-0.73,-11.49923278274213,2026-01-27,1961.0
2025-12-30,2025-12,40,JIOFIN,293.4,-0.13,-1.51,-0.82,-12.338104976141784,2026-01-27,257.2
2025-12-30,2025-12,41,SUNPHARMA,1721.0,0.16,-2.11,-0.98,-4.764671702498546,2026-01-27,1639.0
2025-12-30,2025-12,42,ASIANPAINT,2753.5,-0.57,-1.45,-1.01,-4.557835482113671,2026-01-27,2628.0
2025-12-30,2025-12,43,BAJFINANCE,991.0,-0.29,-1.76,-1.03,-7.371342078708376,2026-01-27,917.95
2025-12-30,2025-12,44,HCLTECH,1621.5,-0.72,-1.59,-1.16,6.08695652173914,2026-01-27,1720.2
2025-12-30,2025-12,45,APOLLOHOSP,6994.0,-0.57,-1.81,-1.19,-2.4878467257649417,2026-01-27,6820.0
2025-12-30,2025-12,46,EICHERMOT,7132.5,-1.77,-0.7,-1.24,0.2103049421661396,2026-01-27,7147.5
2025-12-30,2025-12,47,POWERGRID,259.45,-0.79,-2.17,-1.48,-1.715166698785886,2026-01-27,255.0
2025-12-30,2025-12,48,MAXHEALTH,1046.6,-0.57,-3.14,-1.86,-6.850754825148098,2026-01-27,974.9
2025-12-30,2025-12,49,INDIGO,5008.0,-0.58,-3.17,-1.88,-4.8821884984025505,2026-01-27,4763.5
2025-12-30,2025-12,50,ETERNAL,276.6,-1.03,-4.21,-2.63,-7.80911062906725,2026-01-27,255.0
2026-01-27,2026-01,1,TECHM,1703.7,1.78,6.11,3.92,-22.650701414568296,2026-02-24,1317.8
2026-01-27,2026-01,2,JSWSTEEL,1223.2,2.36,4.65,3.5,2.6978417266187105,2026-02-24,1256.2
2026-01-27,2026-01,3,TATASTEEL,193.1,1.64,5.2,3.4,8.332470222682552,2026-02-24,209.19
2026-01-27,2026-01,4,HINDALCO,961.1,0.57,4.26,2.4,-3.750910415149311,2026-02-24,925.05
2026-01-27,2026-01,5,AXISBANK,1322.0,1.46,3.22,2.34,4.841149773071107,2026-02-24,1386.0
2026-01-27,2026-01,6,GRASIM,2866.9,1.86,2.54,2.2,0.4325229341797687,2026-02-24,2879.3
2026-01-27,2026-01,7,ULTRACEMCO,12338.0,0.35,3.82,2.07,2.812449343491652,2026-02-24,12685.0
2026-01-27,2026-01,8,SBIN,1051.25,0.85,3.28,2.06,16.565992865636158,2026-02-24,1225.4
2026-01-27,2026-01,9,INFY,1651.7,0.78,2.69,1.73,-24.120603015075382,2026-02-24,1253.3
2026-01-27,2026-01,10,ONGC,242.5,0.69,2.72,1.7,14.226804123711334,2026-02-24,277.0
2026-01-27,2026-01,11,HCLTECH,1720.2,0.55,2.7,1.62,-21.927682827578188,2026-02-24,1343.0
2026-01-27,2026-01,12,NTPC,346.0,1.24,2.01,1.62,11.026011560693627,2026-02-24,384.15
2026-01-27,2026-01,13,BEL,417.7,1.02,1.86,1.44,4.189609767775915,2026-02-24,435.2
2026-01-27,2026-01,14,TATACONSUM,1189.5,1.52,0.93,1.22,-0.874316939890718,2026-02-24,1179.1
2026-01-27,2026-01,15,SHRIRAMFIN,1000.05,0.29,2.1,1.19,6.544672766361681,2026-02-24,1065.5
2026-01-27,2026-01,16,BAJAJ-AUTO,9500.0,0.97,1.18,1.07,3.6842105263157787,2026-02-24,9850.0
2026-01-27,2026-01,17,COALINDIA,423.55,0.4,1.45,0.92,1.8651871089599759,2026-02-24,431.45
2026-01-27,2026-01,18,DRREDDY,1238.0,0.28,1.52,0.9,5.0080775444264924,2026-02-24,1300.0
2026-01-27,2026-01,19,HINDUNILVR,2403.0,0.08,1.2,0.64,-1.589679567207647,2026-02-24,2364.8
2026-01-27,2026-01,20,NESTLEIND,1306.0,0.45,0.82,0.63,1.1485451761102494,2026-02-24,1321.0
2026-01-27,2026-01,21,ICICIBANK,1367.1,1.27,-0.75,0.25,1.3459147099700086,2026-02-24,1385.5
2026-01-27,2026-01,22,SBILIFE,2035.0,0.47,-0.63,-0.08,2.648648648648644,2026-02-24,2088.9
2026-01-27,2026-01,23,EICHERMOT,7147.5,1.07,-1.36,-0.15,11.066806575725785,2026-02-24,7938.5
2026-01-27,2026-01,24,TCS,3167.0,0.46,-0.8,-0.17,-18.471739816861387,2026-02-24,2582.0
2026-01-27,2026-01,25,HDFCBANK,928.0,1.08,-1.8,-0.37,-1.778017241379315,2026-02-24,911.5
2026-01-27,2026-01,26,HDFCLIFE,725.0,0.91,-2.2,-0.66,2.0689655172413834,2026-02-24,740.0
2026-01-27,2026-01,27,POWERGRID,255.0,0.23,-1.81,-0.8,19.41176470588235,2026-02-24,304.5
2026-01-27,2026-01,28,LT,3804.5,1.0,-2.9,-0.97,12.261795242476015,2026-02-24,4271.0
2026-01-27,2026-01,29,TITAN,4003.0,-0.27,-1.81,-1.04,7.219585311016741,2026-02-24,4292.0
2026-01-27,2026-01,30,TRENT,2545.3,1.18,-3.77,-1.33,2.9858955722311675,2026-02-24,2621.3
2026-01-27,2026-01,31,INDIGO,4763.5,0.19,-2.88,-1.36,2.0048283824918745,2026-02-24,4859.0
2026-01-27,2026-01,32,SUNPHARMA,1639.0,0.38,-3.08,-1.37,5.552165954850508,2026-02-24,1730.0
2026-01-27,2026-01,33,BHARTIARTL,1981.0,-0.18,-2.7,-1.45,-1.9182231196365418,2026-02-24,1943.0
2026-01-27,2026-01,34,APOLLOHOSP,6820.0,0.36,-3.38,-1.53,13.057184750733143,2026-02-24,7710.5
2026-01-27,2026-01,35,ADANIPORTS,1365.0,0.44,-4.02,-1.82,14.424908424908423,2026-02-24,1561.9
2026-01-27,2026-01,36,KOTAKBANK,411.9,-0.41,-3.24,-1.84,3.908715707696042,2026-02-24,428.0
2026-01-27,2026-01,37,TMPV,340.0,-0.57,-3.09,-1.84,11.102941176470594,2026-02-24,377.75
2026-01-27,2026-01,38,WIPRO,235.55,0.76,-4.61,-1.96,-14.884313309276164,2026-02-24,200.49
2026-01-27,2026-01,39,BAJAJFINSV,1926.0,-0.91,-3.61,-2.27,5.8255451713395745,2026-02-24,2038.2
2026-01-27,2026-01,40,BAJFINANCE,917.95,-0.65,-4.19,-2.44,11.498447627866426,2026-02-24,1023.5
2026-01-27,2026-01,41,RELIANCE,1384.0,-0.28,-5.2,-2.77,3.4682080924855585,2026-02-24,1432.0
2026-01-27,2026-01,42,MAXHEALTH,974.9,-0.75,-4.76,-2.78,11.293465996512463,2026-02-24,1085.0
2026-01-27,2026-01,43,MARUTI,15237.0,-0.73,-5.53,-3.16,-2.080462033208641,2026-02-24,14920.0
2026-01-27,2026-01,44,ASIANPAINT,2628.0,-2.12,-4.52,-3.33,-8.089802130898017,2026-02-24,2415.4
2026-01-27,2026-01,45,JIOFIN,257.2,0.65,-7.77,-3.65,-0.6998444790046632,2026-02-24,255.4
2026-01-27,2026-01,46,ITC,304.95,-0.81,-7.18,-4.05,3.4923757993113647,2026-02-24,315.6
2026-01-27,2026-01,47,M&M,3392.3,-1.95,-6.27,-4.13,1.406125637473088,2026-02-24,3440.0
2026-01-27,2026-01,48,ADANIENT,1961.0,-0.68,-7.65,-4.23,11.371749107598173,2026-02-24,2184.0
2026-01-27,2026-01,49,CIPLA,1314.0,-1.13,-7.52,-4.38,1.21765601217656,2026-02-24,1330.0
2026-01-27,2026-01,50,ETERNAL,255.0,-1.63,-8.68,-5.22,-0.23529411764705577,2026-02-24,254.4
2026-02-24,2026-02,1,NTPC,384.15,2.2,5.37,3.77,-3.5663152414421417,2026-03-30,370.45
2026-02-24,2026-02,2,SBIN,1225.4,0.17,5.95,3.02,-19.968989717643225,2026-03-30,980.7
2026-02-24,2026-02,3,POWERGRID,304.5,0.52,5.27,2.87,-2.791461412151064,2026-03-30,296.0
2026-02-24,2026-02,4,ONGC,277.0,0.77,4.89,2.81,2.851985559566783,2026-03-30,284.9
2026-02-24,2026-02,5,APOLLOHOSP,7710.5,0.39,4.06,2.21,-2.7300434472472657,2026-03-30,7500.0
2026-02-24,2026-02,6,TATASTEEL,209.19,0.51,3.74,2.11,-8.413404082413113,2026-03-30,191.59
2026-02-24,2026-02,7,ADANIPORTS,1561.9,1.14,3.01,2.07,-15.807670145335816,2026-03-30,1315.0
2026-02-24,2026-02,8,COALINDIA,431.45,1.54,1.76,1.65,4.322632981805552,2026-03-30,450.1
2026-02-24,2026-02,9,MAXHEALTH,1085.0,0.08,3.18,1.62,-11.520737327188934,2026-03-30,960.0
2026-02-24,2026-02,10,TITAN,4292.0,0.64,2.5,1.57,-7.84249767008387,2026-03-30,3955.4
2026-02-24,2026-02,11,EICHERMOT,7938.5,-0.34,3.36,1.49,-16.83567424576431,2026-03-30,6602.0
2026-02-24,2026-02,12,JSWSTEEL,1256.2,0.89,2.1,1.49,-11.240248368094253,2026-03-30,1115.0
2026-02-24,2026-02,13,BAJFINANCE,1023.5,-0.1,2.97,1.42,-21.641426477772352,2026-03-30,802.0
2026-02-24,2026-02,14,DRREDDY,1300.0,-0.07,2.89,1.4,-3.6923076923076947,2026-03-30,1252.0
2026-02-24,2026-02,15,AXISBANK,1386.0,-0.02,2.76,1.36,-15.699855699855691,2026-03-30,1168.4
2026-02-24,2026-02,16,HDFCLIFE,740.0,0.41,2.3,1.35,-19.871621621621614,2026-03-30,592.95
2026-02-24,2026-02,17,SHRIRAMFIN,1065.5,0.56,2.08,1.32,-18.507742843735343,2026-03-30,868.3
2026-02-24,2026-02,18,TATACONSUM,1179.1,0.71,1.94,1.32,-14.044610295988457,2026-03-30,1013.5
2026-02-24,2026-02,19,NESTLEIND,1321.0,0.74,1.67,1.2,-10.696442089326263,2026-03-30,1179.7
2026-02-24,2026-02,20,SBILIFE,2088.9,-0.08,1.99,0.95,-14.787687299535646,2026-03-30,1780.0
2026-02-24,2026-02,21,BAJAJ-AUTO,9850.0,0.32,1.38,0.85,-11.025380710659894,2026-03-30,8764.0
2026-02-24,2026-02,22,SUNPHARMA,1730.0,-0.07,1.54,0.73,1.8497109826589586,2026-03-30,1762.0
2026-02-24,2026-02,23,ULTRACEMCO,12685.0,0.12,1.29,0.7,-16.56286953094206,2026-03-30,10584.0
2026-02-24,2026-02,24,TMPV,377.75,-0.09,1.28,0.59,-21.25744540039709,2026-03-30,297.45
2026-02-24,2026-02,25,HINDUNILVR,2364.8,0.73,0.4,0.56,-13.015899864682012,2026-03-30,2057.0
2026-02-24,2026-02,26,KOTAKBANK,428.0,-0.06,1.16,0.55,-17.523364485981308,2026-03-30,353.0
2026-02-24,2026-02,27,GRASIM,2879.3,0.48,0.45,0.46,-11.749383530719282,2026-03-30,2541.0
2026-02-24,2026-02,28,LT,4271.0,-1.39,2.3,0.44,-17.934909857176308,2026-03-30,3505.0
2026-02-24,2026-02,29,ADANIENT,2184.0,0.22,0.6,0.41,-19.23076923076923,2026-03-30,1764.0
2026-02-24,2026-02,30,RELIANCE,1432.0,0.61,-0.08,0.26,-5.726256983240219,2026-03-30,1350.0
2026-02-24,2026-02,31,BAJAJFINSV,2038.2,-0.36,0.69,0.16,-19.78216073005593,2026-03-30,1635.0
2026-02-24,2026-02,32,HINDALCO,925.05,0.72,-0.4,0.16,-4.005188908707636,2026-03-30,888.0
2026-02-24,2026-02,33,ITC,315.6,-0.09,0.24,0.07,-11.042458808618516,2026-03-30,280.75
2026-02-24,2026-02,34,BEL,435.2,-0.06,-0.05,-0.06,-7.720588235294112,2026-03-30,401.6
2026-02-24,2026-02,35,INDIGO,4859.0,0.18,-0.63,-0.23,-18.6046511627907,2026-03-30,3955.0
2026-02-24,2026-02,36,CIPLA,1330.0,0.12,-1.19,-0.54,-7.917293233082701,2026-03-30,1224.7
2026-02-24,2026-02,37,ICICIBANK,1385.5,-0.54,-0.67,-0.61,-12.536990256225188,2026-03-30,1211.8
2026-02-24,2026-02,38,ASIANPAINT,2415.4,-0.14,-1.7,-0.92,-10.818083961248659,2026-03-30,2154.1
2026-02-24,2026-02,39,M&M,3440.0,0.35,-2.18,-0.92,-13.84011627906977,2026-03-30,2963.9
2026-02-24,2026-02,40,MARUTI,14920.0,-0.41,-1.52,-0.97,-17.895442359249326,2026-03-30,12250.0
2026-02-24,2026-02,41,HDFCBANK,911.5,-0.65,-1.6,-1.13,-19.363686231486565,2026-03-30,735.0
2026-02-24,2026-02,42,JIOFIN,255.4,-0.39,-3.03,-1.72,-12.274862960062649,2026-03-30,224.05
2026-02-24,2026-02,43,BHARTIARTL,1943.0,-0.87,-2.85,-1.86,-7.9155944415851724,2026-03-30,1789.2
2026-02-24,2026-02,44,TRENT,2621.3,-1.87,-3.29,-2.58,-16.106512036012678,2026-03-30,2199.1
2026-02-24,2026-02,45,TCS,2582.0,-1.41,-9.15,-5.36,-8.404337722695587,2026-03-30,2365.0
2026-02-24,2026-02,46,ETERNAL,254.4,-2.19,-8.48,-5.39,-9.905660377358494,2026-03-30,229.2
2026-02-24,2026-02,47,WIPRO,200.49,-1.3,-9.49,-5.48,-6.778392937303613,2026-03-30,186.9
2026-02-24,2026-02,48,INFY,1253.3,-1.51,-11.29,-6.53,-2.3936806829968904,2026-03-30,1223.3
2026-02-24,2026-02,49,HCLTECH,1343.0,-2.53,-11.56,-7.15,0.15636634400595373,2026-03-30,1345.1
2026-02-24,2026-02,50,TECHM,1317.8,-2.96,-12.56,-7.88,3.680376384883899,2026-03-30,1366.3
2026-03-30,2026-03,1,ONGC,284.9,0.94,5.15,3.02,6.05475605475605,2026-04-28,302.15
2026-03-30,2026-03,2,TECHM,1366.3,0.94,0.58,0.76,0.7611798287345373,2026-04-28,1376.7
2026-03-30,2026-03,3,APOLLOHOSP,7500.0,0.56,-0.07,0.24,3.200000000000003,2026-04-28,7740.0
2026-03-30,2026-03,4,COALINDIA,450.1,-0.25,0.55,0.15,3.8435903132637117,2026-04-28,467.4
2026-03-30,2026-03,5,POWERGRID,296.0,-0.08,-0.27,-0.18,7.905405405405408,2026-04-28,319.4
2026-03-30,2026-03,6,HINDALCO,888.0,0.67,-1.67,-0.51,20.709459459459477,2026-04-28,1071.9
2026-03-30,2026-03,7,SUNPHARMA,1762.0,-1.07,-0.5,-0.79,-0.7377979568671922,2026-04-28,1749.0
2026-03-30,2026-03,8,TATASTEEL,191.59,-0.51,-1.63,-1.07,12.521530351270949,2026-04-28,215.58
2026-03-30,2026-03,9,NTPC,370.45,-1.25,-1.54,-1.4,9.866378728573366,2026-04-28,407.0
2026-03-30,2026-03,10,HCLTECH,1345.1,-1.02,-1.97,-1.5,-10.794736450821485,2026-04-28,1199.9
2026-03-30,2026-03,11,TITAN,3955.4,-0.33,-3.05,-1.7,11.74596753804924,2026-04-28,4420.0
2026-03-30,2026-03,12,DRREDDY,1252.0,-1.52,-2.29,-1.91,7.619808306709275,2026-04-28,1347.4
2026-03-30,2026-03,13,INFY,1223.3,-1.05,-2.83,-1.94,-7.863974495217862,2026-04-28,1127.1
2026-03-30,2026-03,14,NESTLEIND,1179.7,-0.78,-3.12,-1.96,22.200559464270576,2026-04-28,1441.6
2026-03-30,2026-03,15,RELIANCE,1350.0,-0.7,-3.21,-1.96,3.18518518518518,2026-04-28,1393.0
2026-03-30,2026-03,16,BHARTIARTL,1789.2,-1.0,-3.34,-2.18,3.4540576794097833,2026-04-28,1851.0
2026-03-30,2026-03,17,MAXHEALTH,960.0,-0.59,-3.78,-2.2,4.479166666666656,2026-04-28,1003.0
2026-03-30,2026-03,18,CIPLA,1224.7,-0.59,-4.19,-2.41,7.0384583979750115,2026-04-28,1310.9
2026-03-30,2026-03,19,ETERNAL,229.2,-1.34,-3.59,-2.47,13.001745200698078,2026-04-28,259.0
2026-03-30,2026-03,20,TCS,2365.0,-0.73,-4.39,-2.58,3.6236786469344473,2026-04-28,2450.7
2026-03-30,2026-03,21,HINDUNILVR,2057.0,-0.76,-4.71,-2.76,11.327175498298491,2026-04-28,2290.0
2026-03-30,2026-03,22,LT,3505.0,-0.84,-4.77,-2.82,15.378031383737522,2026-04-28,4044.0
2026-03-30,2026-03,23,ULTRACEMCO,10584.0,-0.89,-4.77,-2.85,9.457671957671954,2026-04-28,11585.0
2026-03-30,2026-03,24,BAJAJ-AUTO,8764.0,-1.17,-4.53,-2.86,8.204016430853489,2026-04-28,9483.0
2026-03-30,2026-03,25,ITC,280.75,-1.15,-4.67,-2.93,5.46749777382014,2026-04-28,296.1
2026-03-30,2026-03,26,JSWSTEEL,1115.0,-1.41,-4.43,-2.93,15.246636771300448,2026-04-28,1285.0
2026-03-30,2026-03,27,WIPRO,186.9,-1.4,-4.54,-2.98,7.918673087212413,2026-04-28,201.7
2026-03-30,2026-03,28,ASIANPAINT,2154.1,-1.83,-4.28,-3.06,14.019776240657356,2026-04-28,2456.1
2026-03-30,2026-03,29,GRASIM,2541.0,-1.81,-4.74,-3.29,9.244391971664712,2026-04-28,2775.9
2026-03-30,2026-03,30,ADANIPORTS,1315.0,-1.22,-5.53,-3.4,24.638783269961984,2026-04-28,1639.0
2026-03-30,2026-03,31,ICICIBANK,1211.8,-1.3,-5.51,-3.43,6.378940419211077,2026-04-28,1289.1
2026-03-30,2026-03,32,AXISBANK,1168.4,-1.05,-6.08,-3.6,10.40739472783292,2026-04-28,1290.0
2026-03-30,2026-03,33,M&M,2963.9,-1.54,-5.84,-3.71,4.079084989372106,2026-04-28,3084.8
2026-03-30,2026-03,34,TATACONSUM,1013.5,-1.96,-5.66,-3.83,12.925505673408978,2026-04-28,1144.5
2026-03-30,2026-03,35,BEL,401.6,-1.36,-6.31,-3.87,8.727589641434253,2026-04-28,436.65
2026-03-30,2026-03,36,SBILIFE,1780.0,-1.56,-6.56,-4.09,1.1235955056179803,2026-04-28,1800.0
2026-03-30,2026-03,37,MARUTI,12250.0,-1.14,-6.99,-4.11,5.224489795918363,2026-04-28,12890.0
2026-03-30,2026-03,38,JIOFIN,224.05,-2.19,-6.36,-4.3,12.028565052443652,2026-04-28,251.0
2026-03-30,2026-03,39,HDFCLIFE,592.95,-1.18,-7.36,-4.32,-0.5059448520111309,2026-04-28,589.95
2026-03-30,2026-03,40,KOTAKBANK,353.0,-1.72,-6.86,-4.32,6.798866855524088,2026-04-28,377.0
2026-03-30,2026-03,41,EICHERMOT,6602.0,-1.9,-6.76,-4.36,7.1644956073916966,2026-04-28,7075.0
2026-03-30,2026-03,42,TRENT,2199.1,-1.89,-7.94,-4.96,29.11190941748898,2026-04-28,2839.3
2026-03-30,2026-03,43,BAJAJFINSV,1635.0,-1.96,-8.42,-5.25,8.86238532110093,2026-04-28,1779.9
2026-03-30,2026-03,44,TMPV,297.45,-1.59,-8.77,-5.25,17.834930240376544,2026-04-28,350.5
2026-03-30,2026-03,45,INDIGO,3955.0,-3.16,-7.98,-5.6,12.902654867256636,2026-04-28,4465.3
2026-03-30,2026-03,46,SBIN,980.7,-2.75,-8.65,-5.75,11.491791577444687,2026-04-28,1093.4
2026-03-30,2026-03,47,HDFCBANK,735.0,-1.96,-9.76,-5.94,6.442176870748306,2026-04-28,782.35
2026-03-30,2026-03,48,ADANIENT,1764.0,-2.51,-9.6,-6.12,36.904761904761905,2026-04-28,2415.0
2026-03-30,2026-03,49,BAJFINANCE,802.0,-3.05,-9.18,-6.17,14.71321695760599,2026-04-28,920.0
2026-03-30,2026-03,50,SHRIRAMFIN,868.3,-2.69,-10.45,-6.65,9.697109294022809,2026-04-28,952.5
2026-04-28,2026-04,1,ADANIENT,2415.0,2.53,11.42,6.88,23.10559006211179,2026-05-26,2973.0
2026-04-28,2026-04,2,NESTLEIND,1441.6,0.77,9.47,5.03,-0.6867369589345085,2026-05-26,1431.7
2026-04-28,2026-04,3,ONGC,302.15,3.13,6.29,4.7,-4.898229356279982,2026-05-26,287.35
2026-04-28,2026-04,4,ADANIPORTS,1639.0,0.83,7.3,4.01,10.427089688834656,2026-05-26,1809.9
2026-04-28,2026-04,5,HINDALCO,1071.9,0.66,6.89,3.73,3.293217650900271,2026-05-26,1107.2
2026-04-28,2026-04,6,ETERNAL,259.0,3.13,3.85,3.49,-3.0888030888030937,2026-05-26,251.0
2026-04-28,2026-04,7,DRREDDY,1347.4,0.3,6.34,3.28,-1.321062787590932,2026-05-26,1329.6
2026-04-28,2026-04,8,COALINDIA,467.4,1.1,4.17,2.62,-2.4604193410355135,2026-05-26,455.9
2026-04-28,2026-04,9,TRENT,2839.3,0.03,5.21,2.59,-0.4930792801042472,2026-05-26,2825.3
2026-04-28,2026-04,10,JSWSTEEL,1285.0,0.13,4.44,2.26,0.6692607003891071,2026-05-26,1293.6
2026-04-28,2026-04,11,TATASTEEL,215.58,0.41,4.13,2.25,-2.384265701827637,2026-05-26,210.44
2026-04-28,2026-04,12,RELIANCE,1393.0,1.8,2.44,2.12,-2.5843503230437936,2026-05-26,1357.0
2026-04-28,2026-04,13,CIPLA,1310.9,0.3,3.94,2.1,8.223357998321767,2026-05-26,1418.7
2026-04-28,2026-04,14,SUNPHARMA,1749.0,1.02,2.74,1.88,5.3459119496855445,2026-05-26,1842.5
2026-04-28,2026-04,15,JIOFIN,251.0,0.27,3.4,1.82,-3.984063745019917,2026-05-26,241.0
2026-04-28,2026-04,16,NTPC,407.0,-0.24,3.87,1.79,-4.176904176904173,2026-05-26,390.0
2026-04-28,2026-04,17,POWERGRID,319.4,-0.04,2.92,1.43,-8.32811521603004,2026-05-26,292.8
2026-04-28,2026-04,18,LT,4044.0,-0.13,2.42,1.14,-0.17309594460930278,2026-05-26,4037.0
2026-04-28,2026-04,19,BHARTIARTL,1851.0,1.08,0.58,0.83,-0.216099405726633,2026-05-26,1847.0
2026-04-28,2026-04,20,HINDUNILVR,2290.0,-1.09,2.55,0.71,-3.7554585152838382,2026-05-26,2204.0
2026-04-28,2026-04,21,TMPV,350.5,-0.45,1.85,0.69,10.014265335235395,2026-05-26,385.6
2026-04-28,2026-04,22,APOLLOHOSP,7740.0,-0.38,1.56,0.59,6.841085271317837,2026-05-26,8269.5
2026-04-28,2026-04,23,BAJFINANCE,920.0,-0.29,1.44,0.57,1.304347826086949,2026-05-26,932.0
2026-04-28,2026-04,24,TATACONSUM,1144.5,-1.18,2.33,0.56,3.9755351681957096,2026-05-26,1190.0
2026-04-28,2026-04,25,GRASIM,2775.9,-0.74,1.82,0.53,14.013473107820884,2026-05-26,3164.9
2026-04-28,2026-04,26,ASIANPAINT,2456.1,-1.16,2.08,0.45,7.654411465331212,2026-05-26,2644.1
2026-04-28,2026-04,27,TITAN,4420.0,-0.36,1.1,0.37,-6.9004524886877805,2026-05-26,4115.0
2026-04-28,2026-04,28,MAXHEALTH,1003.0,-0.57,1.19,0.31,-1.186440677966094,2026-05-26,991.1
2026-04-28,2026-04,29,SBIN,1093.4,-0.58,1.05,0.23,-11.304188768977507,2026-05-26,969.8
2026-04-28,2026-04,30,ITC,296.1,-0.11,0.31,0.1,-0.7429922323539451,2026-05-26,293.9
2026-04-28,2026-04,31,KOTAKBANK,377.0,-0.26,0.32,0.03,3.3156498673740042,2026-05-26,389.5
2026-04-28,2026-04,32,ULTRACEMCO,11585.0,-1.0,0.97,-0.02,-1.4760466119982718,2026-05-26,11414.0
2026-04-28,2026-04,33,BAJAJFINSV,1779.9,0.17,-0.5,-0.17,1.52255744704759,2026-05-26,1807.0
2026-04-28,2026-04,34,TECHM,1376.7,0.93,-1.55,-0.32,3.3631146945594548,2026-05-26,1423.0
2026-04-28,2026-04,35,WIPRO,201.7,-0.72,-0.15,-0.44,0.8676251859196737,2026-05-26,203.45
2026-04-28,2026-04,36,EICHERMOT,7075.0,-0.75,-0.43,-0.59,3.9717314487632605,2026-05-26,7356.0
2026-04-28,2026-04,37,BEL,436.65,-0.27,-1.07,-0.67,-3.6757128134661476,2026-05-26,420.6
2026-04-28,2026-04,38,BAJAJ-AUTO,9483.0,-1.13,-0.37,-0.75,11.810608457239269,2026-05-26,10603.0
2026-04-28,2026-04,39,INDIGO,4465.3,-0.82,-0.77,-0.8,0.39638994020558815,2026-05-26,4483.0
2026-04-28,2026-04,40,M&M,3084.8,-0.33,-1.75,-1.04,0.8460840248962542,2026-05-26,3110.9
2026-04-28,2026-04,41,TCS,2450.7,0.01,-2.1,-1.05,-6.908230301546481,2026-05-26,2281.4
2026-04-28,2026-04,42,HDFCBANK,782.35,-0.64,-1.64,-1.14,-0.2684220617370725,2026-05-26,780.25
2026-04-28,2026-04,43,HDFCLIFE,589.95,-0.7,-2.95,-1.83,5.076701415374174,2026-05-26,619.9
2026-04-28,2026-04,44,AXISBANK,1290.0,-1.58,-2.24,-1.91,0.891472868217047,2026-05-26,1301.5
2026-04-28,2026-04,45,ICICIBANK,1289.1,-1.69,-2.15,-1.92,-0.636102707315167,2026-05-26,1280.9
2026-04-28,2026-04,46,MARUTI,12890.0,-1.89,-2.35,-2.12,2.699767261442987,2026-05-26,13238.0
2026-04-28,2026-04,47,SBILIFE,1800.0,-0.76,-4.08,-2.43,4.722222222222228,2026-05-26,1885.0
2026-04-28,2026-04,48,SHRIRAMFIN,952.5,-1.68,-4.33,-3.01,0.03674540682414573,2026-05-26,952.85
2026-04-28,2026-04,49,INFY,1127.1,-1.2,-8.56,-4.95,1.2598704640227165,2026-05-26,1141.3
2026-04-28,2026-04,50,HCLTECH,1199.9,-1.1,-10.84,-6.1,-3.1085923826985717,2026-05-26,1162.6
2026-05-26,2026-05,1,ADANIENT,2973.0,3.33,14.15,8.61,2.3578876555667705,2026-06-30,3043.1
2026-05-26,2026-05,2,TMPV,385.6,1.97,8.06,4.97,-8.843360995850624,2026-06-30,351.5
2026-05-26,2026-05,3,GRASIM,3164.9,0.03,6.27,3.1,-1.924231413314803,2026-06-30,3104.0
2026-05-26,2026-05,4,ADANIPORTS,1809.9,0.29,4.35,2.3,0.005525167136299913,2026-06-30,1810.0
2026-05-26,2026-05,5,HINDALCO,1107.2,0.44,3.89,2.15,-13.385115606936415,2026-06-30,959.0
2026-05-26,2026-05,6,CIPLA,1418.7,0.44,3.7,2.06,3.4750123352364826,2026-06-30,1468.0
2026-05-26,2026-05,7,EICHERMOT,7356.0,0.34,3.41,1.86,-3.3985861881457358,2026-06-30,7106.0
2026-05-26,2026-05,8,BAJAJ-AUTO,10603.0,0.43,3.04,1.73,-8.450438555125906,2026-06-30,9707.0
2026-05-26,2026-05,9,TECHM,1423.0,1.16,1.98,1.57,-3.731553056921988,2026-06-30,1369.9
2026-05-26,2026-05,10,ETERNAL,251.0,0.86,1.84,1.35,5.677290836653381,2026-06-30,265.25
2026-05-26,2026-05,11,ASIANPAINT,2644.1,-0.34,3.05,1.34,-0.15506221398585707,2026-06-30,2640.0
2026-05-26,2026-05,12,LT,4037.0,0.44,1.9,1.17,2.648005945008669,2026-06-30,4143.9
2026-05-26,2026-05,13,INDIGO,4483.0,0.12,2.2,1.15,19.150122685701533,2026-06-30,5341.5
2026-05-26,2026-05,14,BAJAJFINSV,1807.0,0.45,1.77,1.11,-2.0531267293857125,2026-06-30,1769.9
2026-05-26,2026-05,15,APOLLOHOSP,8269.5,-0.58,2.75,1.07,4.824959187375288,2026-06-30,8668.5
2026-05-26,2026-05,16,AXISBANK,1301.5,0.27,1.82,1.04,3.8417210910487887,2026-06-30,1351.5
2026-05-26,2026-05,17,DRREDDY,1329.6,0.19,1.71,0.95,2.361612515042122,2026-06-30,1361.0
2026-05-26,2026-05,18,KOTAKBANK,389.5,0.15,1.73,0.94,1.6688061617458283,2026-06-30,396.0
2026-05-26,2026-05,19,JSWSTEEL,1293.6,0.13,1.59,0.86,-4.970624613481755,2026-06-30,1229.3
2026-05-26,2026-05,20,HDFCLIFE,619.9,0.12,1.47,0.79,-7.243103726407485,2026-06-30,575.0
2026-05-26,2026-05,21,NESTLEIND,1431.7,0.66,0.73,0.69,-1.2502619263812353,2026-06-30,1413.8
2026-05-26,2026-05,22,WIPRO,203.45,-1.17,2.48,0.64,-16.269353649545337,2026-06-30,170.35
2026-05-26,2026-05,23,TRENT,2825.3,-0.81,1.85,0.51,15.743460871411873,2026-06-30,3270.1
2026-05-26,2026-05,24,SBILIFE,1885.0,-0.04,0.92,0.44,-5.729442970822285,2026-06-30,1777.0
2026-05-26,2026-05,25,ICICIBANK,1280.9,-0.11,0.92,0.4,7.728940588648614,2026-06-30,1379.9
2026-05-26,2026-05,26,SUNPHARMA,1842.5,0.2,0.53,0.36,1.3731343283582165,2026-06-30,1867.8
2026-05-26,2026-05,27,MARUTI,13238.0,0.33,0.34,0.33,6.881704184922199,2026-06-30,14149.0
2026-05-26,2026-05,28,JIOFIN,241.0,0.02,0.6,0.31,-1.742738589211612,2026-06-30,236.8
2026-05-26,2026-05,29,HDFCBANK,780.25,-0.18,0.69,0.25,2.5889138096763853,2026-06-30,800.45
2026-05-26,2026-05,30,BAJFINANCE,932.0,-0.3,0.72,0.21,8.047210300429185,2026-06-30,1007.0
2026-05-26,2026-05,31,ULTRACEMCO,11414.0,0.02,-0.06,-0.02,-2.978797967408442,2026-06-30,11074.0
2026-05-26,2026-05,32,TATACONSUM,1190.0,-0.07,0.01,-0.03,-9.831932773109243,2026-06-30,1073.0
2026-05-26,2026-05,33,TATASTEEL,210.44,0.21,-0.33,-0.06,-10.378255084584687,2026-06-30,188.6
2026-05-26,2026-05,34,SHRIRAMFIN,952.85,-0.16,-0.16,-0.16,9.775935351839227,2026-06-30,1046.0
2026-05-26,2026-05,35,NTPC,390.0,0.01,-0.55,-0.27,-8.243589743589741,2026-06-30,357.85
2026-05-26,2026-05,36,RELIANCE,1357.0,-0.21,-0.88,-0.55,-4.605747973470886,2026-06-30,1294.5
2026-05-26,2026-05,37,ONGC,287.35,-0.13,-1.24,-0.69,-18.14859926918393,2026-06-30,235.2
2026-05-26,2026-05,38,M&M,3110.9,-0.43,-1.04,-0.74,-1.1154328329422425,2026-06-30,3076.2
2026-05-26,2026-05,39,BEL,420.6,-0.02,-1.56,-0.79,-1.925820256776034,2026-06-30,412.5
2026-05-26,2026-05,40,INFY,1141.3,-0.69,-0.95,-0.82,-11.854902304389725,2026-06-30,1006.0
2026-05-26,2026-05,41,ITC,293.9,-0.28,-1.37,-0.83,-2.2456617897243847,2026-06-30,287.3
2026-05-26,2026-05,42,HINDUNILVR,2204.0,-0.17,-1.53,-0.85,-3.6615245009074315,2026-06-30,2123.3
2026-05-26,2026-05,43,BHARTIARTL,1847.0,-1.0,-0.75,-0.88,0.43313481321061165,2026-06-30,1855.0
2026-05-26,2026-05,44,COALINDIA,455.9,-1.47,-0.63,-1.05,-3.4985742487387617,2026-06-30,439.95
2026-05-26,2026-05,45,SBIN,969.8,0.46,-2.55,-1.06,6.197154052381948,2026-06-30,1029.9
2026-05-26,2026-05,46,TITAN,4115.0,-0.22,-2.01,-1.12,7.501822600243013,2026-06-30,4423.7
2026-05-26,2026-05,47,HCLTECH,1162.6,-0.4,-2.56,-1.49,-7.792878031997241,2026-06-30,1072.0
2026-05-26,2026-05,48,TCS,2281.4,-0.72,-3.06,-1.9,-10.888051196633652,2026-06-30,2033.0
2026-05-26,2026-05,49,POWERGRID,292.8,-0.61,-3.46,-2.05,-2.1857923497267895,2026-06-30,286.4
2026-05-26,2026-05,50,MAXHEALTH,991.1,-1.2,-3.49,-2.35,13.913833114721008,2026-06-30,1129.0
2026-06-30,2026-06,1,INDIGO,5341.5,-0.11,8.48,4.1,-1.188804642890573,2026-07-28,5278.0
2026-06-30,2026-06,2,MARUTI,14149.0,2.18,5.24,3.7,-2.4312672273658964,2026-07-28,13805.0
2026-06-30,2026-06,3,TRENT,3270.1,-0.04,7.48,3.65,-10.400293569004004,2026-07-28,2930.0
2026-06-30,2026-06,4,BAJFINANCE,1007.0,1.28,5.89,3.56,4.250248262164846,2026-07-28,1049.8
2026-06-30,2026-06,5,SHRIRAMFIN,1046.0,0.6,5.95,3.24,-0.10516252390057046,2026-07-28,1044.9
2026-06-30,2026-06,6,ETERNAL,265.25,1.52,4.04,2.77,15.928369462770963,2026-07-28,307.5
2026-06-30,2026-06,7,MAXHEALTH,1129.0,-0.96,6.11,2.51,-2.2409211691762576,2026-07-28,1103.7
2026-06-30,2026-06,8,TITAN,4423.7,1.62,3.36,2.49,9.822094626669987,2026-07-28,4858.2
2026-06-30,2026-06,9,CIPLA,1468.0,0.21,4.46,2.31,-1.4305177111716638,2026-07-28,1447.0
2026-06-30,2026-06,10,ADANIENT,3043.1,1.11,2.9,2.0,-1.3243074496401608,2026-07-28,3002.8
2026-06-30,2026-06,11,DRREDDY,1361.0,-0.29,4.02,1.84,-16.67891256429096,2026-07-28,1134.0
2026-06-30,2026-06,12,ICICIBANK,1379.9,-0.07,3.57,1.73,2.7610696427277315,2026-07-28,1418.0
2026-06-30,2026-06,13,HDFCBANK,800.45,0.29,2.69,1.48,-7.958023611718412,2026-07-28,736.75
2026-06-30,2026-06,14,APOLLOHOSP,8668.5,-0.16,2.56,1.19,3.074349656803377,2026-07-28,8935.0
2026-06-30,2026-06,15,NESTLEIND,1413.8,0.64,0.79,0.71,5.5524119394539495,2026-07-28,1492.3
2026-06-30,2026-06,16,SUNPHARMA,1867.8,-0.35,1.69,0.66,5.798265338901376,2026-07-28,1976.1
2026-06-30,2026-06,17,ADANIPORTS,1810.0,0.56,0.45,0.5,-1.7127071823204387,2026-07-28,1779.0
2026-06-30,2026-06,18,SBILIFE,1777.0,1.21,-0.43,0.39,6.077658975801903,2026-07-28,1885.0
2026-06-30,2026-06,19,BAJAJFINSV,1769.9,-0.28,0.76,0.24,8.989208429854777,2026-07-28,1929.0
2026-06-30,2026-06,20,SBIN,1029.9,-0.68,1.07,0.19,-1.5826779298961147,2026-07-28,1013.6
2026-06-30,2026-06,21,LT,4143.9,-0.7,0.88,0.09,-7.574989743960991,2026-07-28,3830.0
2026-06-30,2026-06,22,AXISBANK,1351.5,-0.86,0.92,0.03,-9.48575656677766,2026-07-28,1223.3
2026-06-30,2026-06,23,KOTAKBANK,396.0,-0.06,-0.15,-0.11,-2.601010101010104,2026-07-28,385.7
2026-06-30,2026-06,24,BHARTIARTL,1855.0,-0.3,-0.01,-0.16,2.6792452830188607,2026-07-28,1904.7
2026-06-30,2026-06,25,GRASIM,3104.0,-0.12,-0.26,-0.19,0.5154639175257714,2026-07-28,3120.0
2026-06-30,2026-06,26,BEL,412.5,0.33,-0.89,-0.28,-5.696969696969701,2026-07-28,389.0
2026-06-30,2026-06,27,NTPC,357.85,0.62,-1.3,-0.34,-4.1218387592566685,2026-07-28,343.1
2026-06-30,2026-06,28,ULTRACEMCO,11074.0,-0.45,-0.27,-0.36,5.932815604117758,2026-07-28,11731.0
2026-06-30,2026-06,29,JIOFIN,236.8,-0.33,-0.72,-0.53,0.19003378378377178,2026-07-28,237.25
2026-06-30,2026-06,30,ITC,287.3,-0.42,-0.66,-0.54,-0.8527671423599004,2026-07-28,284.85
2026-06-30,2026-06,31,POWERGRID,286.4,-0.09,-1.01,-0.55,-0.3840782122904951,2026-07-28,285.3
2026-06-30,2026-06,32,M&M,3076.2,-0.92,-0.24,-0.58,6.316234315064051,2026-07-28,3270.5
2026-06-30,2026-06,33,ASIANPAINT,2640.0,-0.66,-1.19,-0.93,3.674242424242413,2026-07-28,2737.0
2026-06-30,2026-06,34,RELIANCE,1294.5,-0.44,-1.43,-0.94,-1.7690227887215193,2026-07-28,1271.6
2026-06-30,2026-06,35,COALINDIA,439.95,0.03,-2.28,-1.13,-6.716672349130581,2026-07-28,410.4
2026-06-30,2026-06,36,HDFCLIFE,575.0,-0.86,-1.59,-1.23,-2.730434782608704,2026-07-28,559.3
2026-06-30,2026-06,37,HINDUNILVR,2123.3,-0.78,-2.03,-1.41,-4.865068525408567,2026-07-28,2020.0
2026-06-30,2026-06,38,JSWSTEEL,1229.3,-0.31,-2.81,-1.57,1.3584967054421249,2026-07-28,1246.0
2026-06-30,2026-06,39,BAJAJ-AUTO,9707.0,-0.05,-3.11,-1.59,17.533738539198506,2026-07-28,11409.0
2026-06-30,2026-06,40,TMPV,351.5,0.13,-3.91,-1.91,-7.780938833570417,2026-07-28,324.15
2026-06-30,2026-06,41,TECHM,1369.9,-1.17,-2.75,-1.96,18.986787356741353,2026-07-28,1630.0
2026-06-30,2026-06,42,TATASTEEL,188.6,-0.25,-4.65,-2.47,-3.022269353128304,2026-07-28,182.9
2026-06-30,2026-06,43,ONGC,235.2,0.29,-5.96,-2.89,1.2755102040816313,2026-07-28,238.2
2026-06-30,2026-06,44,HINDALCO,959.0,-0.37,-5.44,-2.94,-1.9916579770594356,2026-07-28,939.9
2026-06-30,2026-06,45,EICHERMOT,7106.0,-2.13,-3.83,-2.98,10.462989023360535,2026-07-28,7849.5
2026-06-30,2026-06,46,TATACONSUM,1073.0,-1.73,-4.23,-2.99,1.3606710158434288,2026-07-28,1087.6
2026-06-30,2026-06,47,HCLTECH,1072.0,-1.51,-5.37,-3.46,23.255597014925367,2026-07-28,1321.3
2026-06-30,2026-06,48,TCS,2033.0,-1.37,-5.89,-3.66,17.953762911952786,2026-07-28,2398.0
2026-06-30,2026-06,49,WIPRO,170.35,-1.31,-6.56,-3.97,6.281185793953625,2026-07-28,181.05
2026-06-30,2026-06,50,INFY,1006.0,-1.39,-8.03,-4.77,9.840954274353875,2026-07-28,1105.0
