config,leverage,put,call,stop,is_cagr,is_annualized_vol,is_sharpe,is_max_drawdown,is_calmar,oos_cagr,oos_annualized_vol,oos_sharpe,oos_max_drawdown,oos_calmar,oos_continuous_cagr
L1_p0.02_c0.02_soff,1.0,0.02,0.02,,0.12806276863575095,0.0624504949516603,1.2318000906294821,-0.07487539059768211,1.7103452498011453,0.08748634687574386,0.0769472056573543,0.36990657409667294,-0.08938758584413642,0.978730391357613,0.07345033849904214
L1_p0.02_c0.02_s0.1,1.0,0.02,0.02,0.1,0.1180477426623725,0.04915706263208829,1.3651585721602235,-0.06153129164570614,1.9184993440749631,0.08020169214635753,0.05599884100915951,0.3599354811318202,-0.07089320330577631,1.1313029797854088,0.0802522368687435
L1_p0.02_c0.02_s0.12,1.0,0.02,0.02,0.12,0.12566140172610796,0.05472232591873316,1.3577923550333701,-0.06153129164570614,2.0422357204795816,0.07511231647582828,0.06434231409674658,0.2455129700179357,-0.09479299607360925,0.7923825555371369,0.07139636254304937
L1_p0.02_c0.02_s0.15,1.0,0.02,0.02,0.15,0.12935409367807837,0.056962672839678125,1.3650024430436667,-0.06153129164570614,2.1022489568867213,0.09614528921088317,0.07544564631148346,0.4839339507151478,-0.09360412180812361,1.0271480288866832,0.08234044164716603
L1_p0.02_c0.02_s0.2,1.0,0.02,0.02,0.2,0.12881565726003052,0.062396479160706085,1.2436391199396544,-0.07176551932950159,1.7949519276602877,0.08989924274418448,0.07689391665908239,0.3997796196413537,-0.08864356267398732,1.014165496425446,0.07801146316687668
L1_p0.02_c0.03_soff,1.0,0.02,0.03,,0.1282362139998643,0.0638174588496067,1.2092273685755812,-0.08119661783733334,1.5793295018367457,0.08480011181475211,0.07865597842000195,0.33119612307419677,-0.09085601891588313,0.9333461098847207,0.06836514780366887
L1_p0.02_c0.03_s0.1,1.0,0.02,0.03,0.1,0.1204345828402218,0.05264391467597089,1.3193351502097999,-0.06199493267737077,1.9426520465306112,0.07817648460551596,0.05577811866921778,0.32652739633412065,-0.0717094300610901,1.0901841576333338,0.07878410779386402
L1_p0.02_c0.03_s0.12,1.0,0.02,0.03,0.12,0.12631880161617426,0.05690610277593784,1.3182850847029015,-0.06527577501140847,1.9351559072886855,0.07328346416800802,0.06424882423469333,0.21851260769488026,-0.09590804517754792,0.7641013225985726,0.06953274305748391
L1_p0.02_c0.03_s0.15,1.0,0.02,0.03,0.15,0.12963148172875072,0.05808870494064651,1.3439583135919235,-0.0644490643596829,2.011378799935592,0.09330132952418713,0.07685236529879269,0.44168330302797176,-0.09563831198542116,0.9755643694172448,0.0777994174688208
L1_p0.02_c0.03_s0.2,1.0,0.02,0.03,0.2,0.13306942496962892,0.06144309083253622,1.3242147551754038,-0.07033290124696678,1.8919939688307363,0.08676511794464914,0.07814584250416334,0.35669162664377624,-0.08997680258273844,0.9643054148858425,0.07799551151588213
L1_p0.02_c0.04_soff,1.0,0.02,0.04,,0.12906360376870207,0.06434770312915,1.2113515580121585,-0.08117492823506345,1.589944168413236,0.08692949203585609,0.08025110113747211,0.3513319179875834,-0.09181536118897204,0.9467859289573562,0.06762405876900623
L1_p0.02_c0.04_s0.1,1.0,0.02,0.04,0.1,0.12070788496198648,0.0524824054419128,1.327971509920546,-0.0618629201848756,1.9512154389293999,0.07754749727199073,0.05914754365951195,0.3010415114280689,-0.07653752777375433,1.01319574237127,0.07521483623467207
L1_p0.02_c0.04_s0.12,1.0,0.02,0.04,0.12,0.12747721940994716,0.057646288152196926,1.3201919398120059,-0.06475004161963338,1.9687588798598359,0.07606413023708836,0.06779486597621077,0.24980918284891618,-0.09776917171927357,0.7779970812833794,0.07025406760464081
L1_p0.02_c0.04_s0.15,1.0,0.02,0.04,0.15,0.13080704498052254,0.058833748966484,1.3456300186505628,-0.06451819551598215,2.0274442571494364,0.09397478058522646,0.079762382743529,0.43636858836493864,-0.09759008760968269,0.9629541574046345,0.0794490602526512
L1_p0.02_c0.04_s0.2,1.0,0.02,0.04,0.2,0.13430395967759945,0.062128847998406206,1.3280790757412977,-0.07035261250521141,1.9090116897599334,0.08809663561360681,0.08006593643348704,0.3657738082853897,-0.09130930850841212,0.9648154942000318,0.07893760444613585
L1_p0.02_c0.05_soff,1.0,0.02,0.05,,0.132864145580597,0.06569214298422597,1.239990864079842,-0.09110802719093691,1.45831437335539,0.09527622570409466,0.08342795353201385,0.4354383418525178,-0.09283428978163222,1.0263042452116178,0.08026689030313117
L1_p0.02_c0.05_s0.1,1.0,0.02,0.05,0.1,0.11973334996927298,0.05823298620572716,1.1873328580395484,-0.07541236779565363,1.5877150322837863,0.08131191934311133,0.05973367199526583,0.3587805075575729,-0.0772956115736485,1.051960359555937,0.07323668693158658
L1_p0.02_c0.05_s0.12,1.0,0.02,0.05,0.12,0.12914076319329637,0.05962855895751538,1.3035171858367711,-0.07154659758193227,1.804988183336176,0.07805998325393215,0.06692245567270566,0.28070405715280944,-0.09792663921095535,0.7971271543974252,0.06763780269411601
L1_p0.02_c0.05_s0.15,1.0,0.02,0.05,0.15,0.13051086174140059,0.06064177611318582,1.3030181240643202,-0.07320008275146306,1.7829332541129135,0.0964219951524663,0.08176496955530088,0.4558014697380866,-0.09836689627548201,0.9802280930205534,0.08291810669911692
L1_p0.02_c0.05_s0.2,1.0,0.02,0.05,0.2,0.13632125205872048,0.06393011068369474,1.3207904005027429,-0.08023379928485475,1.6990501917370007,0.09440286742575799,0.08234136823529475,0.4301486687017067,-0.09132019548119363,1.0337567383460013,0.08174227252042887
L1_p0.02_c0.06_soff,1.0,0.02,0.06,,0.13384583941764738,0.06868055499849594,1.201716218632198,-0.09343631244069872,1.4324820395988487,0.10507110034043121,0.08444867631726452,0.5396915355528346,-0.09016108117979349,1.1653709002324972,0.08469210805087579
L1_p0.02_c0.06_s0.1,1.0,0.02,0.06,0.1,0.12265722679535429,0.05977991503317234,1.2026135573455916,-0.08053365624016307,1.523055484151528,0.09698279483585415,0.06523387085342525,0.5608140150856725,-0.06970941146088805,1.3912439196286777,0.09019664920271264
L1_p0.02_c0.06_s0.12,1.0,0.02,0.06,0.12,0.13015230214850715,0.06176465112904724,1.2753717362972157,-0.08344431658287987,1.559750351831754,0.08553866341964467,0.07614225873483513,0.3488270430134629,-0.10272133834228137,0.8327253596971088,0.07472549158071184
L1_p0.02_c0.06_s0.15,1.0,0.02,0.06,0.15,0.13370721823749765,0.06516888664661304,1.2610279792452093,-0.08583116050272721,1.5577934336941561,0.10571936947235927,0.084012541316976,0.5492792483837583,-0.0929843574446344,1.1369586495804702,0.09278885097405443
L1_p0.02_c0.06_s0.2,1.0,0.02,0.06,0.2,0.1378781035797494,0.06715705270704718,1.2811783168533488,-0.08473675382125023,1.6271345946364586,0.10850539430611228,0.08449497835417479,0.5772659129498433,-0.08769586579615862,1.2372920128107703,0.09694948862013653
L1_p0.02_c0.07_soff,1.0,0.02,0.07,,0.13212204961852203,0.06940067631885906,1.1676790818998448,-0.08948551031937768,1.4764630513585124,0.1013003282917242,0.08698395957620778,0.4860274316643863,-0.10411659936918038,0.9729507965634744,0.07396238593377502
L1_p0.02_c0.07_s0.1,1.0,0.02,0.07,0.1,0.12354752087687215,0.061497512683186435,1.1837812962357352,-0.08223416807001149,1.502386705872525,0.08730071125258765,0.06930717751711152,0.40011147170047057,-0.09424727152746248,0.9262943089779454,0.06965543484891756
L1_p0.02_c0.07_s0.12,1.0,0.02,0.07,0.12,0.13304694684079,0.0625795316611984,1.3010660917442778,-0.07630586941969753,1.7436004314295301,0.08526703262314017,0.08291982947039792,0.323705249278433,-0.11712891832829075,0.7279759246487055,0.06184667157298862
L1_p0.02_c0.07_s0.15,1.0,0.02,0.07,0.15,0.1356658185048114,0.06528825847640815,1.2856928244251906,-0.07625040374301739,1.779214428320125,0.10022454773281475,0.08829043627077753,0.46876036304954877,-0.10901556252705824,0.9193600015405001,0.08459618980869332
L1_p0.02_c0.07_s0.2,1.0,0.02,0.07,0.2,0.13701207397840243,0.06824180034233744,1.2505611460112032,-0.07800401004886748,1.7564747490874884,0.08963403459449948,0.08852877950954231,0.3552919073859807,-0.11097030945752195,0.8077298786736309,0.08072821671962527
L1_p0.03_c0.02_soff,1.0,0.03,0.02,,0.12504740406766057,0.0619126354606024,1.1979954326987168,-0.07769600741501759,1.6094444004015913,0.084420181924316,0.07456707761364005,0.3403276904286427,-0.0799834707240693,1.0554703510623171,0.07270298534617625
L1_p0.03_c0.02_s0.1,1.0,0.03,0.02,0.1,0.10750383072320702,0.04487179167652195,1.2763550867999451,-0.06021935937480871,1.7852038254690998,0.07365474850971654,0.04909420330727652,0.2757346972053936,-0.05296537898947695,1.390620626435055,0.0703423491005486
L1_p0.03_c0.02_s0.12,1.0,0.03,0.02,0.12,0.12083720627473848,0.05120368356855855,1.3620817968359047,-0.06021935937480871,2.006617266096121,0.06496415072258133,0.058874768444662925,0.09681351878922619,-0.07971169245830056,0.8149889773895581,0.061632161386068196
L1_p0.03_c0.02_s0.15,1.0,0.03,0.02,0.15,0.1257443417958768,0.05405476855797273,1.3751382553854499,-0.06021935937480871,2.0881049400282867,0.09276205076530708,0.07121980428353339,0.46363012803864917,-0.07823301159018548,1.1857149415547275,0.0752998495264301
L1_p0.03_c0.02_s0.2,1.0,0.03,0.02,0.2,0.12832872545478935,0.0594046861291561,1.2957697631248866,-0.06673610537284436,1.9229279973387194,0.0878665027050447,0.07324737819394853,0.38971599521828737,-0.07586749624823508,1.158157406665292,0.07664979234558977
L1_p0.03_c0.03_soff,1.0,0.03,0.03,,0.12497516747718596,0.06203576331651175,1.1946796283904018,-0.0796865120071627,1.568335271920955,0.08200792604619633,0.0764820663264856,0.303729405828912,-0.08143807340216269,1.0069973738354487,0.07380783429083637
L1_p0.03_c0.03_s0.1,1.0,0.03,0.03,0.1,0.11071023042620576,0.04543680222393585,1.3257997168305042,-0.06068284683573155,1.8244073275912436,0.06951726868451225,0.04921647661920505,0.19443233641441487,-0.05575544525408538,1.246824742726245,0.06696275043558364
L1_p0.03_c0.03_s0.12,1.0,0.03,0.03,0.12,0.12267070561584603,0.05209752621784467,1.3715211039245598,-0.06068284683573155,2.021505450262009,0.061006170858672215,0.05913641236863129,0.03184719066067575,-0.08249241791189155,0.739536704134817,0.05896694983333228
L1_p0.03_c0.03_s0.15,1.0,0.03,0.03,0.15,0.1257560571854135,0.054292833257125694,1.3695260914742604,-0.06068284683573155,2.0723493333434915,0.08943943347216199,0.07295314656781332,0.4113669951167498,-0.08090415286406272,1.1054986710316401,0.07220212288592975
L1_p0.03_c0.03_s0.2,1.0,0.03,0.03,0.2,0.128381596674072,0.05997422975390401,1.2848347295551523,-0.07002120342752116,1.8334674411438758,0.08369980055284576,0.07475636947961485,0.33051043078329634,-0.07777480423683303,1.0761814365738607,0.07216758797973677
L1_p0.03_c0.04_soff,1.0,0.03,0.04,,0.12608213773002475,0.06125997129255773,1.2253180017430312,-0.07319224773896271,1.72261600954915,0.0819258340479212,0.07760400218988535,0.2994466012093344,-0.08406755813169053,0.9745237743147677,0.075605267828043
L1_p0.03_c0.04_s0.1,1.0,0.03,0.04,0.1,0.11140291344142073,0.04595009981220865,1.325244955862606,-0.06140808585623048,1.8141407908762843,0.06776409487905943,0.05185323956158591,0.15455099253694263,-0.05951426132625526,1.138619439592451,0.06654368832638147
L1_p0.03_c0.04_s0.12,1.0,0.03,0.04,0.12,0.12101903758468513,0.05181909591680776,1.3496901962823675,-0.06140808585623048,1.9707345685390145,0.05955492533659812,0.061981097807584366,0.01043855108135769,-0.08619397854097977,0.6909406706210172,0.05758154126155368
L1_p0.03_c0.04_s0.15,1.0,0.03,0.04,0.15,0.12569702430239915,0.0547144508616805,1.3584285015653375,-0.06140808585623048,2.046913245214692,0.08363413212239434,0.07637761272933276,0.324285510274624,-0.08530272217274815,0.980439193406106,0.07107938416429072
L1_p0.03_c0.04_s0.2,1.0,0.03,0.04,0.2,0.1291020979698947,0.0603265054970228,1.2884298783250943,-0.06699939776851371,1.9269143047516477,0.08384201146567238,0.07702802620420861,0.3247587339707244,-0.08147891691076414,1.0290025278256498,0.07598785226240179
L1_p0.03_c0.05_soff,1.0,0.03,0.05,,0.1290543450368311,0.06388537431258891,1.2194590951872006,-0.0863628051847044,1.4943278505234072,0.0860370463651059,0.0798890938791914,0.3419974076248757,-0.08459564551152299,1.0170387121567217,0.074537222753851
L1_p0.03_c0.05_s0.1,1.0,0.03,0.05,0.1,0.11582837462708206,0.05370118555889209,1.2166098197848267,-0.07077580089897062,1.6365533580103464,0.06802958968976136,0.05638770613354425,0.1510068569066192,-0.06911258616807758,0.9843299674001138,0.056458934693750074
L1_p0.03_c0.05_s0.12,1.0,0.03,0.05,0.12,0.12544794070210252,0.05799010330256753,1.281155221393451,-0.07569572558181681,1.6572658460947087,0.0607412735543198,0.06417965470871473,0.030194765247062497,-0.0919050510609325,0.6609133323265192,0.05400896254952503
L1_p0.03_c0.05_s0.15,1.0,0.03,0.05,0.15,0.1291855423264614,0.059561415034987825,1.3054232381080078,-0.07542678590861907,1.7127276572936843,0.08084180461955759,0.0794461624618564,0.28135090473114577,-0.09515801489644893,0.8495532899412598,0.07048254410019572
L1_p0.03_c0.05_s0.2,1.0,0.03,0.05,0.2,0.13307596864601678,0.06203402446351421,1.3121743218860633,-0.07585006868172228,1.7544607534163554,0.08103327884742861,0.0802003663634883,0.281725557137563,-0.09230660520065814,0.8778708595259969,0.07981200866791105
L1_p0.03_c0.06_soff,1.0,0.03,0.06,,0.1269218812193218,0.06543442085339533,1.1628003395488429,-0.08046400128566278,1.5773747165359644,0.093003339328114,0.0807262757299921,0.42077034432134214,-0.08289774628163094,1.1219043158561999,0.07257371960678882
L1_p0.03_c0.06_s0.1,1.0,0.03,0.06,0.1,0.1148601258144899,0.052698529730968634,1.2220392881976188,-0.06406467547750949,1.7928776655524092,0.07247661167516983,0.05917746845149669,0.21888414849594678,-0.06313250160611983,1.1480079171794488,0.07532994985200459
L1_p0.03_c0.06_s0.12,1.0,0.03,0.06,0.12,0.12385064377509947,0.05825606160834065,1.2508457452950816,-0.07409308455263153,1.6715547007241005,0.06525935335422606,0.06741648469414392,0.09677822459314574,-0.09174770700497714,0.7112913824722166,0.061657696525798
L1_p0.03_c0.06_s0.15,1.0,0.03,0.06,0.15,0.1273247265879538,0.059746459690342604,1.2735435045141097,-0.07168352503913011,1.7762062694105882,0.08685836526370472,0.08063187223439132,0.3492420369871684,-0.08788856032528469,0.9882783941645293,0.08254575080528093
L1_p0.03_c0.06_s0.2,1.0,0.03,0.06,0.2,0.12856242043846255,0.06411406672764733,1.2084764309497698,-0.0786525984049743,1.6345603711209593,0.08692410739807066,0.08109645154939953,0.34846267648882034,-0.08473058021562552,1.0258882587238631,0.08231031974717196
L1_p0.03_c0.07_soff,1.0,0.03,0.07,,0.12988035314967883,0.06672703701533815,1.1815342467531982,-0.07994852102333594,1.6245497913809868,0.09198914068288988,0.08357640391075706,0.39780306137351706,-0.08928675624491322,1.0302663524987292,0.07642326355624984
L1_p0.03_c0.07_s0.1,1.0,0.03,0.07,0.1,0.11598012345529551,0.053455268645538206,1.2245936232025125,-0.06250686373043113,1.855478207248962,0.0897776698673367,0.06101613475430493,0.4840319482030329,-0.061501387007599995,1.4597665879672355,0.08435034930479768
L1_p0.03_c0.07_s0.12,1.0,0.03,0.07,0.12,0.1245545444789411,0.060425561244362484,1.2186855496306277,-0.07723930514071131,1.6125798160927636,0.0829463638626089,0.06639175995472288,0.35249980048192037,-0.0809206502080736,1.025033333881111,0.06872957558552795
L1_p0.03_c0.07_s0.15,1.0,0.03,0.07,0.15,0.1266990173024367,0.0619558089652861,1.2212996661069362,-0.07314517138214893,1.7321583217092247,0.09498184086032979,0.07947084729385015,0.4496137377473161,-0.07747565240091903,1.2259572900247446,0.08492986582480877
L1_p0.03_c0.07_s0.2,1.0,0.03,0.07,0.2,0.13053994176678563,0.06548552672410513,1.2117818269531015,-0.07784438350035783,1.6769346213164573,0.09990976061165924,0.08020376653841167,0.5038340867139363,-0.07683522763195305,1.3003118971708532,0.0801897392917732
L1_p0.04_c0.02_soff,1.0,0.04,0.02,,0.1066647602589399,0.051676564453412385,1.1002281881607812,-0.07456627599859145,1.4304691877190538,0.07465392885791977,0.0666115073893089,0.23276121279506184,-0.07271377051982242,1.0266821308292415,0.06898538313194758
L1_p0.04_c0.02_s0.1,1.0,0.04,0.02,0.1,0.09029600013182759,0.03453794929243364,1.1863943020692012,-0.04788772220103055,1.8855772624300016,0.06512601269519713,0.04383874343756245,0.11597503983960504,-0.04757381036915387,1.3689467417018975,0.06526581648729168
L1_p0.04_c0.02_s0.12,1.0,0.04,0.02,0.12,0.10482546928537873,0.04055387805983474,1.347540271319203,-0.04788772220103055,2.188984242042794,0.0607173171825266,0.04876133591726941,0.021388049749880924,-0.0719688599377506,0.8436609560724456,0.061849294230247986
L1_p0.04_c0.02_s0.15,1.0,0.04,0.02,0.15,0.11078094774895608,0.04235247538669009,1.4208501449981286,-0.04788772220103055,2.3133476109784996,0.08316785892533884,0.057942885172502005,0.39845377696927986,-0.06460421823269258,1.2873440961050473,0.07541382757488813
L1_p0.04_c0.02_s0.2,1.0,0.04,0.02,0.2,0.108887817877237,0.04878388098587447,1.2042627895219515,-0.06492302284215556,1.6771834260085374,0.07556921346289514,0.06378272068398226,0.25393679499589844,-0.06748522642096155,1.1197889889485888,0.07083442334267032
L1_p0.04_c0.03_soff,1.0,0.04,0.03,,0.10973915138758783,0.05199674781841176,1.1479538136067418,-0.07675183761847582,1.4297918433313348,0.0756097468215382,0.06603709989883934,0.2480664052741855,-0.06708293764554185,1.1271084641679079,0.06991500912538795
L1_p0.04_c0.03_s0.1,1.0,0.04,0.03,0.1,0.09076695825483383,0.03327811468732789,1.2428615595230132,-0.048351026497727934,1.8772498709846226,0.060965131894805014,0.04153328597853158,0.023047343277521885,-0.043078411180612286,1.415213101504606,0.06255748818569407
L1_p0.04_c0.03_s0.12,1.0,0.04,0.03,0.12,0.10649895852703373,0.039569054667731314,1.4187500799215125,-0.048351026497727934,2.2026204248639525,0.058542386752513664,0.049788883380094975,-0.02046591092781133,-0.07266060568981125,0.8056963769670682,0.06032148586968722
L1_p0.04_c0.03_s0.15,1.0,0.04,0.03,0.15,0.11309331445941839,0.042767468941275213,1.456801064004898,-0.04860576741105371,2.3267468138708822,0.0813495114570022,0.0589906765973223,0.36310515443806524,-0.06553251761072942,1.241360997912937,0.0718303766831796
L1_p0.04_c0.03_s0.2,1.0,0.04,0.03,0.2,0.11144241790330889,0.04896785305002027,1.2476229638355028,-0.06628981204327533,1.6811394461422975,0.0742580642050994,0.06518873467300933,0.23059150763186514,-0.06841003947733948,1.0854848904114,0.06568399601517516
L1_p0.04_c0.04_soff,1.0,0.04,0.04,,0.11311385740369762,0.05331396664515007,1.1787058833012805,-0.07648467311931606,1.4789088165054982,0.08373688108588828,0.06914949989197482,0.351954639467681,-0.07743015637433182,1.0814504968977068,0.07150473022928616
L1_p0.04_c0.04_s0.1,1.0,0.04,0.04,0.1,0.09613259165801646,0.036154215221890135,1.2847128478641474,-0.048351026497727934,1.98822235268436,0.05725658429893321,0.04406541599432151,-0.05760563389178882,-0.05425348810212116,1.0553530528978954,0.058578410419107385
L1_p0.04_c0.04_s0.12,1.0,0.04,0.04,0.12,0.11104255727113066,0.042610071573276564,1.4181372408708337,-0.048351026497727934,2.2965915165492645,0.058650638223287865,0.054611536321189334,-0.0121128205116326,-0.07958501736068546,0.7369557759531374,0.060016800011290394
L1_p0.04_c0.04_s0.15,1.0,0.04,0.04,0.15,0.11680873033571237,0.04436036435374902,1.4822831423852143,-0.04892703236137619,2.3874068116978853,0.08105927942958191,0.06406918327737264,0.3348787209374653,-0.06916517480517359,1.1719666675883054,0.07068741287745639
L1_p0.04_c0.04_s0.2,1.0,0.04,0.04,0.2,0.11499492583653304,0.05031823967101603,1.2798438817317699,-0.06608662756430161,1.7400634602612177,0.07799875941896439,0.06947136731790275,0.27201967906461383,-0.07004772131204928,1.113508875920385,0.06836542567046888
L1_p0.04_c0.05_soff,1.0,0.04,0.05,,0.11593536327429077,0.05281210021741948,1.2381984075403636,-0.07332209460179306,1.5811790962045922,0.08675143760877879,0.07086921973333507,0.3854624849156623,-0.07394565556928911,1.1731782880400634,0.06950055750508555
L1_p0.04_c0.05_s0.1,1.0,0.04,0.05,0.1,0.09815228195906456,0.04156005400820338,1.1677282725493265,-0.057562725655857516,1.705136107450407,0.06486550698407378,0.04773571708022089,0.10497873475984074,-0.04993636644758859,1.2989632926567511,0.06498104252168546
L1_p0.04_c0.05_s0.12,1.0,0.04,0.05,0.12,0.10876822975082634,0.04623361926965598,1.2656007679006926,-0.06325766312458636,1.719447484751478,0.06371082260948069,0.055581831077103655,0.07734451155628003,-0.08035492832943858,0.7928676427695822,0.0641117233048325
L1_p0.04_c0.05_s0.15,1.0,0.04,0.05,0.15,0.11477729669737635,0.0480748950434201,1.333069091364769,-0.06524201914209138,1.759254207743042,0.08549064930601524,0.0647244289600947,0.39719902095416015,-0.07179150537776591,1.190818452074025,0.07507191089323939
L1_p0.04_c0.05_s0.2,1.0,0.04,0.05,0.2,0.11582631296657309,0.05135279492015398,1.2699832625900003,-0.0704577522684503,1.6439115531994908,0.08441630241960252,0.06911924419313065,0.361424322629338,-0.07449996416142346,1.1331052755501028,0.07055680089808991
L1_p0.04_c0.06_soff,1.0,0.04,0.06,,0.10880557549477166,0.0581320591051054,1.0179909190964809,-0.08663184868001284,1.255953522320188,0.08712039788325421,0.07220985309278058,0.38446391978403865,-0.0772019602341838,1.1284739094575307,0.07500594451112241
L1_p0.04_c0.06_s0.1,1.0,0.04,0.06,0.1,0.09110314415030363,0.03614028624486994,1.1557775318978851,-0.04869689778773878,1.8708202840231472,0.0680579951084137,0.04814903473163261,0.168489916005346,-0.05230829207060983,1.3010938115995776,0.06787909306617768
L1_p0.04_c0.06_s0.12,1.0,0.04,0.06,0.12,0.10123483116593568,0.04188680615136004,1.2268671410820093,-0.05080865794359568,1.992472056205848,0.06591427301249353,0.058569978570315394,0.11267154523539326,-0.08187514058629985,0.8050584406999228,0.0634409950090451
L1_p0.04_c0.06_s0.15,1.0,0.04,0.06,0.15,0.10941597214423382,0.04595562274438104,1.28571935953102,-0.05773521103383894,1.8951341856203572,0.08070704802701378,0.06841101049541476,0.31293756479815465,-0.07244805636696772,1.1139988023724499,0.07210160284245082
L1_p0.04_c0.06_s0.2,1.0,0.04,0.06,0.2,0.11120251353546906,0.05502209193007352,1.112206990583608,-0.07642759060535509,1.4550048307773997,0.08663463641086255,0.07178475736177452,0.3799186597540167,-0.07356603590856192,1.1776444841821312,0.07700266087525298
L1_p0.04_c0.07_soff,1.0,0.04,0.07,,0.11312529970553853,0.059975016158960046,1.054413325260176,-0.08651117178461454,1.307638046877746,0.08818852738907257,0.07384114850918415,0.39129273149102495,-0.07205943582423213,1.2238303891829327,0.07750271477158144
L1_p0.04_c0.07_s0.1,1.0,0.04,0.07,0.1,0.0984878665720399,0.041375655992180536,1.1803812859596226,-0.04892205857975718,2.013158673841904,0.06706068431574086,0.05446393720222277,0.13723493583466168,-0.05971214932554858,1.123065993657812,0.06405288355340644
L1_p0.04_c0.07_s0.12,1.0,0.04,0.07,0.12,0.10802532122811082,0.044985031292560845,1.2843430506744642,-0.05067820882495111,2.131593119268359,0.07369339151974197,0.05940591851888397,0.23789957746082532,-0.0708849789506093,1.0396192904436001,0.06776383030004118
L1_p0.04_c0.07_s0.15,1.0,0.04,0.07,0.15,0.11676452312372398,0.04918023133182611,1.3410807365218753,-0.057506576504548934,2.030455127414646,0.09423505254779285,0.07132642943524412,0.4824959923858848,-0.06415881764001719,1.4687778860970857,0.07452696649935064
L1_p0.04_c0.07_s0.2,1.0,0.04,0.07,0.2,0.11630003365571051,0.05691223920675116,1.1588749995716285,-0.07609233246673519,1.5284067380448965,0.08872553215405543,0.07504433156472584,0.39298079350600473,-0.06659767278099582,1.3322617510348496,0.07974638530317013
L1_p0.05_c0.02_soff,1.0,0.05,0.02,,0.10059942127786448,0.04654879012216112,1.0958635821408638,-0.06484921647070319,1.551281985393179,0.07004777455990863,0.06063845507239982,0.17652549081024474,-0.06071417435312465,1.1537301677281826,0.06450644423884855
L1_p0.05_c0.02_s0.1,1.0,0.05,0.02,0.1,0.08791870834471394,0.027470679127329825,1.4014796698480723,-0.03262857396162544,2.694531132378491,0.06613349001517577,0.029411391088625376,0.18801231877148777,-0.026505756854075302,2.4950613702248474,0.0659465240619932
L1_p0.05_c0.02_s0.12,1.0,0.05,0.02,0.12,0.0958348539056868,0.03305373070284873,1.3930360900031513,-0.03262857396162544,2.9371450317871215,0.05458177835153677,0.039848248059665484,-0.13355452606389434,-0.05566204062346236,0.9805924781084967,0.057075339136794856
L1_p0.05_c0.02_s0.15,1.0,0.05,0.02,0.15,0.10124990541424972,0.035305768633604545,1.4480066275291974,-0.03262857396162544,3.103105441669931,0.07207144545497424,0.05235825213789815,0.23266852928550735,-0.05231516760770194,1.37763957855243,0.07008648230738435
L1_p0.05_c0.02_s0.2,1.0,0.05,0.02,0.2,0.10276745114092223,0.043115864779194366,1.2258363052660823,-0.05363195289157141,1.9161609003626785,0.0718345550534607,0.05769236682861812,0.21228640014697706,-0.05525563018449664,1.30004046309141,0.07082885957276663
L1_p0.05_c0.03_soff,1.0,0.05,0.03,,0.10242543490785971,0.04708979618279452,1.1196046701633124,-0.06789218241895545,1.508648437250157,0.07235306789763718,0.06196950200323734,0.20978763823116173,-0.061453300936437416,1.1773666637122333,0.06595996662249481
L1_p0.05_c0.03_s0.1,1.0,0.05,0.03,0.1,0.09011156610069238,0.028060407387963154,1.4455969030100182,-0.03262857396162544,2.7617378009432114,0.06651256453462806,0.02978015627745747,0.19833757860096776,-0.026719385180299704,2.489299962772647,0.06656650587658319
L1_p0.05_c0.03_s0.12,1.0,0.05,0.03,0.12,0.0979214524207066,0.03346392832648711,1.4341352308910025,-0.03439829869446742,2.846694637152394,0.05514886843154554,0.0407169527937898,-0.11625583434040264,-0.056622467021824274,0.9739750196735377,0.05925006831244528
L1_p0.05_c0.03_s0.15,1.0,0.05,0.03,0.15,0.10286247467769827,0.035773296045498594,1.4711401267882185,-0.035129301498065924,2.92811044601503,0.07170668716915518,0.053105303603618204,0.22354579863292862,-0.053224846322253216,1.3472408494146226,0.06828945876241388
L1_p0.05_c0.03_s0.2,1.0,0.05,0.03,0.2,0.10441635201646338,0.04366287014535714,1.245813861859596,-0.0567020299648614,1.8414923077916405,0.07294161071005667,0.058878514373530554,0.22722650754487178,-0.056162806452189185,1.2987529526707522,0.07055226193244057
L1_p0.05_c0.04_soff,1.0,0.05,0.04,,0.10549083729685127,0.04954208382045404,1.1235763741297269,-0.07616140508643165,1.3850957342125603,0.07784778558452565,0.06292573871350127,0.29113709466058263,-0.06479515356658239,1.2014445726180834,0.06801213879218193
L1_p0.05_c0.04_s0.1,1.0,0.05,0.04,0.1,0.09266798338976434,0.02912798272977653,1.4754315903321678,-0.03317165595554816,2.7935893075083293,0.06865339762401823,0.030450158637718522,0.2624510799409996,-0.026800390149398945,2.5616566490752346,0.06845679873778265
L1_p0.05_c0.04_s0.12,1.0,0.05,0.04,0.12,0.10404330882319468,0.037397622195645616,1.4383544682004075,-0.04446665135890504,2.339805351732622,0.06133242060937305,0.04245352289173644,0.03185113256208276,-0.06119321216808582,1.0022749000478166,0.06558165822246909
L1_p0.05_c0.04_s0.15,1.0,0.05,0.04,0.15,0.10858851113031598,0.03945834793748497,1.470909054909374,-0.04668158569963621,2.326153010932579,0.07243144891162623,0.05488926959597651,0.23071412817326944,-0.057027192711991526,1.2701212433414337,0.06974626881990154
L1_p0.05_c0.04_s0.2,1.0,0.05,0.04,0.2,0.10781645324153843,0.046096642705689854,1.250246667908696,-0.06598219395839455,1.6340234656265402,0.07736817269622942,0.05952432339826515,0.2965856424778795,-0.05821191884846222,1.3290778628623277,0.07478021896829445
L1_p0.05_c0.05_soff,1.0,0.05,0.05,,0.1067876596028039,0.05017508256402381,1.1337901717579244,-0.07652504934224502,1.395460186183149,0.07682862842468885,0.06493321278583827,0.26911448730909454,-0.0687227000789955,1.117951249534371,0.06792262125589166
L1_p0.05_c0.05_s0.1,1.0,0.05,0.05,0.1,0.1009134432347194,0.03494340496323342,1.4539975060538173,-0.03317165595554816,3.042158744500092,0.07353362056400492,0.03139223390824961,0.40493598368207673,-0.026935329370179395,2.730006362774066,0.07401641048073015
L1_p0.05_c0.05_s0.12,1.0,0.05,0.05,0.12,0.11289625524898872,0.04309193346937657,1.4421504527522047,-0.057030112626458296,1.9795902559135423,0.06308966881919353,0.04604911301562423,0.06978979202238438,-0.06512486754346103,0.9687492842436983,0.06529239483752702
L1_p0.05_c0.05_s0.15,1.0,0.05,0.05,0.15,0.11091882835359024,0.04438122448762645,1.3607974562666538,-0.06255001676679361,1.7732821522195743,0.0875750513498712,0.05636285151823762,0.4821552461487109,-0.059485274646120634,1.4722139532994905,0.08070389229049812
L1_p0.05_c0.05_s0.2,1.0,0.05,0.05,0.2,0.11008948456433565,0.04877181429649842,1.2271348997487281,-0.07260561920037267,1.516266726691184,0.0789170282232976,0.06280898711330155,0.3078131253708969,-0.06244992610913813,1.2636848934838032,0.07299268833334538
L1_p0.05_c0.06_soff,1.0,0.05,0.06,,0.10783995275193448,0.05549155869874291,1.0477926892027747,-0.09388124963976052,1.1486846752225395,0.08492614995445735,0.06578380360649376,0.383659615384155,-0.07061532449792285,1.2026589208261085,0.07457699839789522
L1_p0.05_c0.06_s0.1,1.0,0.05,0.06,0.1,0.10449070193901089,0.03818070821583099,1.4203861650593943,-0.04511382830293598,2.3161568385942255,0.07128378633515053,0.03401863402107189,0.3127372626590786,-0.02690696794456149,2.6492686385928748,0.07566312555831778
L1_p0.05_c0.06_s0.12,1.0,0.05,0.06,0.12,0.10981253709752625,0.040672133385443926,1.4558844821000048,-0.05557503113515827,1.9759329838333797,0.06588817201000596,0.04781029611572565,0.12553498276845235,-0.06631994787147555,0.9934895023996951,0.06880923618354662
L1_p0.05_c0.06_s0.15,1.0,0.05,0.06,0.15,0.1102390579206276,0.043105044161346626,1.3853358911159044,-0.06319161035736642,1.744520471898003,0.08488491380104235,0.059024159389490335,0.419840676101911,-0.06083175051475109,1.3954047529909337,0.07914365521281264
L1_p0.05_c0.06_s0.2,1.0,0.05,0.06,0.2,0.10982330095804138,0.052297637211148044,1.1432131792742994,-0.0834443912055346,1.3161256181680567,0.08047994231806754,0.06426269712690645,0.32546517168707145,-0.06423581747468099,1.2528826670539266,0.0826987982228089
L1_p0.05_c0.07_soff,1.0,0.05,0.07,,0.10666128138908304,0.052955283264913014,1.0749369809416391,-0.078640660633999,1.356312123133027,0.08720149399115562,0.06912845076812105,0.3995499681116916,-0.07232166294115971,1.2057451452976407,0.07954195020899602
L1_p0.05_c0.07_s0.1,1.0,0.05,0.07,0.1,0.09339007114509545,0.03367426863693236,1.300944016029445,-0.03298308824261431,2.8314532119656106,0.06814586685306412,0.039624200466179225,0.1974339226174938,-0.039393376983744344,1.7298813168818827,0.07545300696200696
L1_p0.05_c0.07_s0.12,1.0,0.05,0.07,0.12,0.10090189780678771,0.0373900531063512,1.36135152241274,-0.04084345352544183,2.4704546040391717,0.06514985423526465,0.04937807840069924,0.10864654096707493,-0.07005490019065574,0.9299828285809855,0.0719029887633309
L1_p0.05_c0.07_s0.15,1.0,0.05,0.07,0.15,0.1058862257529174,0.04170182653635329,1.3347118337620505,-0.047540370760400186,2.2272907017611585,0.0897581562942642,0.06375929720074844,0.46552797213535085,-0.06630303130331772,1.3537564501937458,0.08689881346061257
L1_p0.05_c0.07_s0.2,1.0,0.05,0.07,0.2,0.10872640189974536,0.049793337164785414,1.1779413789409532,-0.06727897772851565,1.616053120463252,0.0845477630712681,0.06712935436598975,0.37195879044388397,-0.06817494707827221,1.240158836855394,0.08065086728485915
L1_p0.06_c0.02_soff,1.0,0.06,0.02,,0.10022372446760519,0.04034121827272867,1.24916972004278,-0.055783514561976055,1.7966548944537297,0.0747137253492638,0.05337301773720432,0.27669458761185717,-0.04887957537836485,1.528526481069508,0.07108370808573983
L1_p0.06_c0.02_s0.1,1.0,0.06,0.02,0.1,0.08579927001367849,0.023218917846283355,1.5670928761011653,-0.03173236620972475,2.703840912669926,0.0722745901505617,0.023606291332881234,0.4782363770720104,-0.02278757576268975,3.1716664775240098,0.07299668166814355
L1_p0.06_c0.02_s0.12,1.0,0.06,0.02,0.12,0.0950009323029577,0.028417492539721943,1.5876328908074848,-0.03173236620972475,2.993818099636187,0.06588260577242022,0.03147441373292769,0.16997140679637432,-0.03670026903640111,1.795153210105208,0.06781158917728591
L1_p0.06_c0.02_s0.15,1.0,0.06,0.02,0.15,0.09774582828845713,0.03107671091241392,1.5364302903546492,-0.03173236620972475,3.0803195589776657,0.08234951374216815,0.04399904920788162,0.49090051391777173,-0.04359091623973477,1.8891439053328145,0.07829416901952224
L1_p0.06_c0.02_s0.2,1.0,0.06,0.02,0.2,0.10194441389314624,0.037027205396953276,1.4002557125515396,-0.04462476275463134,2.2844808039358377,0.07807225639858428,0.04969471551107207,0.35798808505151997,-0.04810921503368737,1.6228129339444841,0.08089360914632637
L1_p0.06_c0.03_soff,1.0,0.06,0.03,,0.09710701214249107,0.04106568637620868,1.1576556616273772,-0.058456384729667965,1.661187440714359,0.07295909032470727,0.05831253609815988,0.2291357885567867,-0.05592164191432092,1.3046664551890284,0.06749827423817645
L1_p0.06_c0.03_s0.1,1.0,0.06,0.03,0.1,0.08567809277889493,0.024222128369975702,1.4991105766904447,-0.03173236620972475,2.7000221859483613,0.07262520642149739,0.02373553271530316,0.4899323659711344,-0.02278181369191734,3.1878588510827726,0.0733349531467864
L1_p0.06_c0.03_s0.12,1.0,0.06,0.03,0.12,0.0935024803737392,0.029537730926651733,1.481636425995374,-0.03173236620972475,2.9465965366643316,0.0642604766514927,0.035438402976287475,0.11045358584532873,-0.04900617207200053,1.3112731301902205,0.06465283366393315
L1_p0.06_c0.03_s0.15,1.0,0.06,0.03,0.15,0.0957879391661296,0.03185312737924078,1.4428975145906782,-0.03173236620972475,3.018619491942403,0.07928018344403265,0.047562246454095874,0.39608839102894244,-0.04738849479590124,1.6729837861592054,0.07327189970905756
L1_p0.06_c0.03_s0.2,1.0,0.06,0.03,0.2,0.09936254901394381,0.037845377808410206,1.3078207391816579,-0.04766795048027217,2.0844728588670063,0.07407386789066361,0.055394292459351714,0.2575121951997839,-0.05096111846559637,1.4535369340582776,0.07336572031768407
L1_p0.06_c0.04_soff,1.0,0.06,0.04,,0.10068219888077135,0.04427981564983834,1.1515233343629054,-0.06805720929630432,1.4793759532869744,0.07413292716292896,0.060233142474864325,0.24240067743278138,-0.06099070269018625,1.2154791450674232,0.06938240858739109
L1_p0.06_c0.04_s0.1,1.0,0.06,0.04,0.1,0.08621942654153059,0.028421578245458757,1.3001416307388691,-0.03612975792904349,2.3863826242860515,0.07318947019752176,0.024371658497360487,0.4999977021090975,-0.022731325738482466,3.219762500416654,0.07199393432297274
L1_p0.06_c0.04_s0.12,1.0,0.06,0.04,0.12,0.09828174259038769,0.03419711921668413,1.414169821928853,-0.04218002352024308,2.3300542386663254,0.06519119411356833,0.03694266202340569,0.13178001465219105,-0.054207902502036553,1.202614214986812,0.06513264670342966
L1_p0.06_c0.04_s0.15,1.0,0.06,0.04,0.15,0.10032791473270297,0.03625181351533402,1.388239617766812,-0.04522827677819108,2.2182564068211583,0.08238024691823931,0.049564849638736246,0.4415880250316576,-0.051198989478478785,1.6090209544637086,0.07682655006806005
L1_p0.06_c0.04_s0.2,1.0,0.06,0.04,0.2,0.10244037933912642,0.04128715810052167,1.2710998325302238,-0.05760412817640459,1.778351354010898,0.07508630735398336,0.057002555579046675,0.26884155500704515,-0.054051621613057876,1.3891591984327052,0.07463697956316495
L1_p0.06_c0.05_soff,1.0,0.06,0.05,,0.10312555645227572,0.046213100058263505,1.1538788164580045,-0.06891684738413772,1.496376580859264,0.07623508087342712,0.061152264044056034,0.2725644752662634,-0.0637109512508971,1.1965773446578962,0.07093433352105594
L1_p0.06_c0.05_s0.1,1.0,0.06,0.05,0.1,0.09703228720726842,0.034223700366508514,1.3793890677070957,-0.03741081867747997,2.5936959050211463,0.07627960891129604,0.025018034078621177,0.6059840169719597,-0.02270183947031379,3.36006291521194,0.07578325847052048
L1_p0.06_c0.05_s0.12,1.0,0.06,0.05,0.12,0.10538676197082308,0.03782107473990877,1.455532836552045,-0.043652719431134135,2.4142084008552924,0.06643066022360777,0.03776849056327364,0.16139953619133388,-0.05607023759308183,1.1847757932776133,0.06742299636567983
L1_p0.06_c0.05_s0.15,1.0,0.06,0.05,0.15,0.1073108790250592,0.03983797939035865,1.428139842365185,-0.046057251851512104,2.3299453334955347,0.08495497809123287,0.050784589123590115,0.48032031866511676,-0.05319107223165598,1.5971661131634984,0.0805196999326312
L1_p0.06_c0.05_s0.2,1.0,0.06,0.05,0.2,0.10497506241218368,0.04291363416999395,1.2787359434164314,-0.05863094456665552,1.7904378513438604,0.0775250726291612,0.05806173372322954,0.30514032820967785,-0.05678145204060292,1.3653238838225739,0.07741563596846124
L1_p0.06_c0.06_soff,1.0,0.06,0.06,,0.10616999405836247,0.04911103408605403,1.145737745806105,-0.07317028642109691,1.4509987489641818,0.07468355266003956,0.063158441280859,0.24237703385757814,-0.06533395108142626,1.143104793508674,0.07368003341656282
L1_p0.06_c0.06_s0.1,1.0,0.06,0.06,0.1,0.09717860425940095,0.03304586670183191,1.4315547874030987,-0.032624839012939,2.978669234838521,0.07388329561216245,0.027199254125254414,0.47517823515717345,-0.0226193321605187,3.2663782948076294,0.0748580479168901
L1_p0.06_c0.06_s0.12,1.0,0.06,0.06,0.12,0.10594093700099894,0.03677179229396705,1.509967920884262,-0.044455365389312496,2.383085507749941,0.06640069772662782,0.040499153397774455,0.15243844461334535,-0.05718748712411581,1.1611053582843445,0.0715731971748943
L1_p0.06_c0.06_s0.15,1.0,0.06,0.06,0.15,0.10787158615468839,0.03920031901433208,1.4639956376084462,-0.04880011282886987,2.2104782120682347,0.08283280179897701,0.05357680390451846,0.42040347857571736,-0.05443809129067312,1.5215963645141386,0.07912407842272917
L1_p0.06_c0.06_s0.2,1.0,0.06,0.06,0.2,0.10873313710221089,0.045943207497149516,1.2726040276291184,-0.06305620040662474,1.7243845395224175,0.07579499987889826,0.06001318244102153,0.26958530980475576,-0.05841615815190937,1.2975005936165087,0.0740389107517816
L1_p0.06_c0.07_soff,1.0,0.06,0.07,,0.1023054600146498,0.049728101209656636,1.0607392784038234,-0.07950429897123601,1.2867915488653394,0.08039483904986011,0.06596494994570527,0.31748127437244283,-0.0669331824374576,1.2011208211260698,0.07481625535251069
L1_p0.06_c0.07_s0.1,1.0,0.06,0.07,0.1,0.09197962373719082,0.035245595980251974,1.2077060548640588,-0.04537750629744386,2.0269871846697773,0.06648923679240681,0.031435871849397425,0.18877500458097143,-0.028116788939591353,2.3647521392026056,0.06864097705427374
L1_p0.06_c0.07_s0.12,1.0,0.06,0.07,0.12,0.10078138665032843,0.037162381530220785,1.3665904514371756,-0.049431566585032005,2.0388062449318625,0.061531520106387516,0.04175575533207823,0.03630277183340623,-0.05883303389465033,1.0458668546070433,0.06383271005862645
L1_p0.06_c0.07_s0.15,1.0,0.06,0.07,0.15,0.10218974800424374,0.039153354561463245,1.3322162254113796,-0.05227159164961448,1.9549767814463983,0.08158359485253652,0.05917059810143213,0.3658967294279703,-0.060128028347206874,1.3568313662546083,0.08107036126726097
L1_p0.06_c0.07_s0.2,1.0,0.06,0.07,0.2,0.10451456018832705,0.046424744879236465,1.1765701041878165,-0.06855342814847676,1.5245708786723797,0.07497245221311744,0.0645669008981091,0.24277159033562495,-0.06281429202181954,1.193557227184453,0.07419664682605798
L1_p0.07_c0.02_soff,1.0,0.07,0.02,,0.09126644912454118,0.036499582279034576,1.1491572128912781,-0.05087099513470794,1.7940763470984762,0.07224766302483387,0.043104235735010835,0.27630625104456596,-0.03539281831435148,2.0413085610517223,0.07029278607507616
L1_p0.07_c0.02_s0.1,1.0,0.07,0.02,0.1,0.08084527580003154,0.018629665527549775,1.699006203585637,-0.01331989064321204,6.069514980682755,0.06964612140335946,0.01864440423144198,0.4644027085389018,-0.017888477720733764,3.8933509318479147,0.07238837531796793
L1_p0.07_c0.02_s0.12,1.0,0.07,0.02,0.12,0.08600546066562975,0.022075520133395924,1.6567723939521053,-0.017674680214028737,4.866026407502725,0.06452545217307004,0.02409356030290029,0.15913102363175077,-0.02178611242345918,2.9617699073098214,0.06637577922538984
L1_p0.07_c0.02_s0.15,1.0,0.07,0.02,0.15,0.09028277156712816,0.024449264621506595,1.6619139008154806,-0.018344147784018716,4.921611656758556,0.08273098651683686,0.033048190038893484,0.6518479252189128,-0.030240423706055064,2.735774714038533,0.07936483425365592
L1_p0.07_c0.02_s0.2,1.0,0.07,0.02,0.2,0.09296102330703171,0.032861220108384645,1.3203763261396417,-0.038817013864960725,2.3948525157146516,0.07594215932684145,0.03946668177993668,0.387691698320132,-0.03264180190583765,2.326530855922509,0.07879144593421139
L1_p0.07_c0.03_soff,1.0,0.07,0.03,,0.09419680640037509,0.037178266017864094,1.20218915518778,-0.053786625395474075,1.7513053795024174,0.0697855944182435,0.046201799295607776,0.20955028471999912,-0.03810683551324312,1.8313143423833025,0.06847600556137734
L1_p0.07_c0.03_s0.1,1.0,0.07,0.03,0.1,0.08305773244240311,0.01969177434748323,1.7141214472660513,-0.01331989064321204,6.235616692899069,0.06921671803350771,0.018915818691244052,0.43613767292023486,-0.01788997721583263,3.869022145665502,0.07152528615063236
L1_p0.07_c0.03_s0.12,1.0,0.07,0.03,0.12,0.09016964882109502,0.02309900236465502,1.7532052713813449,-0.0210901747885176,4.275433927185243,0.06499786612417746,0.02399887143627314,0.17868551222419676,-0.02178954345379347,2.982984304467453,0.06714307556002574
L1_p0.07_c0.03_s0.15,1.0,0.07,0.03,0.15,0.09290473045913306,0.025129709988386074,1.714834373710317,-0.021516238393335163,4.317889064099191,0.07884394836370667,0.036716719027115284,0.48934601415935286,-0.03164034727025533,2.4918799939287273,0.07535782172635197
L1_p0.07_c0.03_s0.2,1.0,0.07,0.03,0.2,0.09594714575912877,0.033552922528373,1.3765401811710491,-0.04197818738758308,2.285642895279214,0.07372066159599266,0.04306625003484537,0.3093107043729074,-0.03352978614457891,2.198661848844264,0.07751779847559481
L1_p0.07_c0.04_soff,1.0,0.07,0.04,,0.09670096127399819,0.039598946681446465,1.1897826871967612,-0.059268867155124805,1.6315641907057563,0.07116763035132467,0.047908167886229404,0.2314864011895237,-0.03976380730834228,1.7897589584283595,0.07052326876426296
L1_p0.07_c0.04_s0.1,1.0,0.07,0.04,0.1,0.08493805508120422,0.022778171808974255,1.563164831086835,-0.027780740342299826,3.0574438994296664,0.06983529193257776,0.01892112220007974,0.4674929147196983,-0.017880487950662993,3.905670366785954,0.07160435281071109
L1_p0.07_c0.04_s0.12,1.0,0.07,0.04,0.12,0.09357807044895483,0.026819315404135506,1.6321889009608435,-0.028332244913953697,3.302882307178822,0.06486913766896474,0.025013651009001263,0.16744510783467073,-0.02179399120903114,2.9764689288341017,0.06768473713640577
L1_p0.07_c0.04_s0.15,1.0,0.07,0.04,0.15,0.09663956764285953,0.02871302487466558,1.6253254230613692,-0.03080476935978238,3.13716251253706,0.08020407859088019,0.038611973750082504,0.5007304212349746,-0.03356629975327097,2.3894227001611776,0.0770966178629573
L1_p0.07_c0.04_s0.2,1.0,0.07,0.04,0.2,0.09847217398616448,0.035963653988342496,1.3517223099545779,-0.04831965011006134,2.037932264862575,0.0751889300599069,0.04466623236197968,0.33127299514333686,-0.0345857495445725,2.173985848217831,0.07947648529428397
L1_p0.07_c0.05_soff,1.0,0.07,0.05,,0.09448397027135802,0.043278533793220726,1.0448128817238644,-0.06774702627858664,1.3946585623230867,0.07347306900127593,0.04899660502672817,0.27256701508858244,-0.042147941901920505,1.7432184274204874,0.0729041892376121
L1_p0.07_c0.05_s0.1,1.0,0.07,0.05,0.1,0.08547090593155104,0.026286736003140333,1.3776158099886693,-0.03562247229165438,2.399353566247987,0.07230695642133944,0.019771426447299987,0.568380569458395,-0.017839917142683848,4.053099341383014,0.07369302936743494
L1_p0.07_c0.05_s0.12,1.0,0.07,0.05,0.12,0.09087691216868188,0.029592080524622488,1.3974088273449903,-0.03610161368043463,2.5172534660945884,0.06630790131067599,0.025809122557832926,0.216920244519999,-0.022607537613989148,2.93299971199189,0.06981670036793264
L1_p0.07_c0.05_s0.15,1.0,0.07,0.05,0.15,0.09377536742041337,0.03132132194539611,1.4080527459346552,-0.037287628129998085,2.5149190796872007,0.0833611583383449,0.03969046381295603,0.5638165817034202,-0.035858166823587,2.324746793344469,0.08010336446343036
L1_p0.07_c0.05_s0.2,1.0,0.07,0.05,0.2,0.0963944217246937,0.039606044433344464,1.1825578944219501,-0.056308315972089185,1.71190382913377,0.07771567839422833,0.04570673763470106,0.37759547338618693,-0.0368759322954475,2.1074905380445847,0.08219378899312968
L1_p0.07_c0.06_soff,1.0,0.07,0.06,,0.09815372169901426,0.04393995360011166,1.107110780787706,-0.06487278415828512,1.5130184864507426,0.07661386577857354,0.05082536545026485,0.32369844570118295,-0.04321318610232694,1.7729279576181967,0.07638058732850816
L1_p0.07_c0.06_s0.1,1.0,0.07,0.06,0.1,0.08467041965458377,0.023126421431713833,1.5290430931098629,-0.018429508879014844,4.594285187436306,0.07428119420259693,0.020536242096491655,0.6401233449519595,-0.017807648601291692,4.171308400436927,0.07544462692445375
L1_p0.07_c0.06_s0.12,1.0,0.07,0.06,0.12,0.09068953912798827,0.02791463803062331,1.4730073003065514,-0.031023252368368448,2.923276323550655,0.07295210564126986,0.02756519505464039,0.43664015803560263,-0.023626966734967225,3.087662773626496,0.07581560726387249
L1_p0.07_c0.06_s0.15,1.0,0.07,0.06,0.15,0.0934375373936378,0.030216647237883563,1.4476455426618093,-0.031609670736510886,2.955979458707628,0.08147112448839433,0.04177793669869362,0.494684049722854,-0.036888683931439736,2.2085668504686766,0.07790863013451865
L1_p0.07_c0.06_s0.2,1.0,0.07,0.06,0.2,0.1005070108974635,0.04038970620696478,1.2545505489142506,-0.052717024686060765,1.9065380016417957,0.07791691848483273,0.04809130882431119,0.3651898944545131,-0.03781542336596899,2.060453422159807,0.081703738589467
L1_p0.07_c0.07_soff,1.0,0.07,0.07,,0.09824325580771553,0.04536038787334346,1.0756534890351095,-0.06901568333688102,1.4234917493777202,0.07436172271644526,0.055846381834244486,0.2608013163784432,-0.04922940281435251,1.5105144175091554,0.06990411873018898
L1_p0.07_c0.07_s0.1,1.0,0.07,0.07,0.1,0.08929627074600655,0.02931588649332919,1.3602358624386581,-0.03790297433774914,2.3559172414886898,0.0733883534913331,0.02237028921474588,0.5509452028864421,-0.018186068180068182,4.035416163883421,0.07712621714701573
L1_p0.07_c0.07_s0.12,1.0,0.07,0.07,0.12,0.09475343215188725,0.030940902933640147,1.4542714545988884,-0.03750622172978746,2.5263390387476443,0.06710182438029344,0.032477420311344055,0.20187589524056979,-0.03618188615383944,1.8545695515979324,0.07063888374043037
L1_p0.07_c0.07_s0.15,1.0,0.07,0.07,0.15,0.09966442667403896,0.033406918336825006,1.485638747830425,-0.038795332078710776,2.5689798574692584,0.08589406410197586,0.045827957393132675,0.5464225682782967,-0.03844825434814125,2.2340172670577525,0.08502260232766568
L1_p0.07_c0.07_s0.2,1.0,0.07,0.07,0.2,0.10010975266349798,0.041772820318381906,1.2055502519954955,-0.05755031325442861,1.739517076491227,0.07742840107324778,0.05307918454236396,0.326822978649442,-0.046749835857635924,1.6562282979780976,0.0798090051826259
L2_p0.02_c0.02_soff,2.0,0.02,0.02,,0.2353492339812462,0.1311439102750374,1.3414661760494133,-0.169656340046051,1.3872115472806008,0.07038723524133217,0.1335486455315636,0.13570957299498423,-0.19793467709184043,0.35560840715481573,0.058091418366793546
L2_p0.02_c0.02_s0.1,2.0,0.02,0.02,0.1,0.22721143313598824,0.11352136667311273,1.4712605968621895,-0.169656340046051,1.339245165104438,0.1034941692552942,0.11587652120753433,0.4078373347549896,-0.15692771069100153,0.6595021924399278,0.09556211301559547
L2_p0.02_c0.02_s0.12,2.0,0.02,0.02,0.12,0.23298065684911506,0.12162419535699026,1.4204050409242515,-0.169656340046051,1.3732505179934653,0.09024899573365652,0.11625186399791317,0.3000459220189802,-0.18218615776414282,0.49536691942585653,0.08125647183876383
L2_p0.02_c0.02_s0.15,2.0,0.02,0.02,0.15,0.23822872448349175,0.12595725872519958,1.4101527519367336,-0.169656340046051,1.4041840370883143,0.09479809553368734,0.13715281584375477,0.30490777188883755,-0.19874492151269108,0.47698373780903836,0.07461746972764938
L2_p0.02_c0.02_s0.2,2.0,0.02,0.02,0.2,0.23469336295536714,0.1314004976735385,1.334987150541076,-0.169656340046051,1.3833456674337232,0.0742251175251909,0.13520325512200077,0.1629065797775014,-0.19017070100007238,0.3903078504462296,0.07738779961196096
L2_p0.02_c0.03_soff,2.0,0.02,0.03,,0.23923970693585517,0.1318918081446835,1.3588956880344931,-0.17082485251655055,1.4004970787999138,0.06182910527121521,0.1364628466919862,0.07515333407080244,-0.20319651442095665,0.30428231235859465,0.057431115745065986
L2_p0.02_c0.03_s0.1,2.0,0.02,0.03,0.1,0.22919197834277227,0.11826876469760336,1.4308188054931834,-0.17082485251655055,1.3416781865540717,0.09599477215572172,0.11245518171611987,0.3543802674603912,-0.15926010379950417,0.602754675311348,0.08908683532916384
L2_p0.02_c0.03_s0.12,2.0,0.02,0.03,0.12,0.2303125955656915,0.12513872986173233,1.366422802924273,-0.17082485251655055,1.3482382227924208,0.07690235952804647,0.11593883088530033,0.19121471568963028,-0.18903251839225044,0.4068207956076152,0.08338293759368298
L2_p0.02_c0.03_s0.15,2.0,0.02,0.03,0.15,0.23323837035954487,0.12666613507627783,1.3705384612539,-0.17082485251655055,1.3653655596567678,0.08690996636649229,0.13826660599570417,0.24973072108039862,-0.19927264589166804,0.43613595823753826,0.07934684776478651
L2_p0.02_c0.03_s0.2,2.0,0.02,0.03,0.2,0.24052785541031096,0.13166284459274302,1.3690444614841357,-0.17082485251655055,1.4080378344656095,0.07499581347713957,0.13594088626824571,0.16819253588650782,-0.19153682869739497,0.3915477456067934,0.06624301697916235
L2_p0.02_c0.04_soff,2.0,0.02,0.04,,0.21500426387656235,0.13137158711982672,1.2109572444634793,-0.17075278449609455,1.259155243125654,0.07522433129124906,0.1371418581074348,0.16946582856989362,-0.19938564291572625,0.37728058144609694,0.04946319799529819
L2_p0.02_c0.04_s0.1,2.0,0.02,0.04,0.1,0.2199528183484838,0.11797006169791101,1.3691775370154708,-0.17075278449609455,1.28813605586335,0.08179755958292168,0.11793806263505104,0.22951918059540524,-0.1749987149301403,0.46741805855874635,0.08851954687479635
L2_p0.02_c0.04_s0.12,2.0,0.02,0.04,0.12,0.22266979452880076,0.12608143849702994,1.3069443123862112,-0.17075278449609455,1.304047809152381,0.08094874624308601,0.11839771042146449,0.22226892924192607,-0.1941292011893604,0.41698387335414716,0.08881220564090997
L2_p0.02_c0.04_s0.15,2.0,0.02,0.04,0.15,0.22390543614976943,0.12769558157779692,1.3001009351448525,-0.17075278449609455,1.3112842452937603,0.08572789749443244,0.13852086269822708,0.24141842534744623,-0.2026089008165063,0.42312009565696385,0.09235099822909265
L2_p0.02_c0.04_s0.2,2.0,0.02,0.04,0.2,0.21744092853458108,0.13162595950653358,1.2243570494190084,-0.17075278449609455,1.2734253744456763,0.07274896720925716,0.13547103859885967,0.15239713501462962,-0.1955375415242886,0.37204603597934,0.07510100059710667
L2_p0.02_c0.05_soff,2.0,0.02,0.05,,0.22756404433665933,0.13198820630421942,1.2851631457805053,-0.1711041829450547,1.3299735893057338,0.08319810707742481,0.13802986984906754,0.2244093567702519,-0.20129326492151356,0.4133178877587616,0.0610423462347236
L2_p0.02_c0.05_s0.1,2.0,0.02,0.05,0.1,0.2263777969201488,0.12132457853778071,1.3787005108508892,-0.1711041829450547,1.323040693825958,0.09461048957328866,0.11366677848783312,0.34037810669968876,-0.17767209733770772,0.5325005501199161,0.09961499076904112
L2_p0.02_c0.05_s0.12,2.0,0.02,0.05,0.12,0.23708436694581758,0.12487835786899314,1.4137316304868304,-0.1711041829450547,1.3856140911642738,0.08427207910694778,0.11889822029150357,0.248355440291789,-0.20771175032295575,0.4057164747585022,0.07825793230229872
L2_p0.02_c0.05_s0.15,2.0,0.02,0.05,0.15,0.25167009191301326,0.12788596774263744,1.4766739016381698,-0.1711041829450547,1.4708587924693228,0.11402967178038814,0.1394775457762581,0.4306386592330798,-0.18214395956332574,0.626041467714682,0.08705774263736621
L2_p0.02_c0.05_s0.2,2.0,0.02,0.05,0.2,0.23379606581754753,0.1312144187952834,1.331188163813071,-0.1711041829450547,1.3663959687801706,0.09427271597588605,0.140021559919119,0.29797149648800364,-0.1883262836675459,0.5005818313831676,0.0767277654482057
L2_p0.02_c0.06_soff,2.0,0.02,0.06,,0.2254677667871372,0.138568763204248,1.2180309062472598,-0.17267481948704,1.3057362240593484,0.10852350168724834,0.14289795283526446,0.3879718550478753,-0.1814256704437447,0.5981705974783684,0.0688079085327471
L2_p0.02_c0.06_s0.1,2.0,0.02,0.06,0.1,0.23438481765783292,0.12455722158449405,1.3992096402040561,-0.17267481948704,1.357376937495073,0.11529012550792772,0.12113032155763934,0.4856460815096623,-0.16013898567497709,0.7199379028285094,0.13012453366508447
L2_p0.02_c0.06_s0.12,2.0,0.02,0.06,0.12,0.24445153822673116,0.12835695849101378,1.4258575484504425,-0.17267481948704,1.4156756552745569,0.11642293736111586,0.13480786848259443,0.4571535662312386,-0.21180957268388412,0.5496585252776637,0.1128120085915465
L2_p0.02_c0.06_s0.15,2.0,0.02,0.06,0.15,0.2502992122885339,0.13215988969796816,1.4247054688180292,-0.17267481948704,1.4495408944517238,0.11459778376345398,0.1442590217275971,0.4246644821445615,-0.1939349188302285,0.5909084576139348,0.14127020139580537
L2_p0.02_c0.06_s0.2,2.0,0.02,0.06,0.2,0.2315335811668049,0.1356483935526321,1.278271566074146,-0.17267481948704,1.340864764501361,0.11829773186379589,0.14476439905930183,0.44721996536631176,-0.17261973423875088,0.6853082724607716,0.08564323849252697
L2_p0.02_c0.07_soff,2.0,0.02,0.07,,0.22692194128784937,0.13672142127622797,1.2413617843232196,-0.1818997882707475,1.2475107499855302,0.10216627786928623,0.13610414453157518,0.35685006557582993,-0.1777400057190084,0.5748074411047466,0.05598120900278136
L2_p0.02_c0.07_s0.1,2.0,0.02,0.07,0.1,0.23612548450366533,0.12487134905268601,1.407413183414141,-0.1732004154577066,1.3633078412639505,0.09228372806501906,0.11941392797107953,0.31120272684571054,-0.18021703252385812,0.512069956832754,0.10886126112136907
L2_p0.02_c0.07_s0.12,2.0,0.02,0.07,0.12,0.24635414995832128,0.12851175762700368,1.4363904871392752,-0.1732004154577066,1.4223646595032442,0.09785165965047127,0.13742231045807618,0.32540981860457696,-0.1827532586087115,0.5354304508461819,0.0771234986978293
L2_p0.02_c0.07_s0.15,2.0,0.02,0.07,0.15,0.23386899816596896,0.1338611164506346,1.307850073131466,-0.1732004154577066,1.3502796604034526,0.10286087444880732,0.14042534901297238,0.35480092610939007,-0.1831242011938884,0.5617000580928142,0.1042673561820242
L2_p0.02_c0.07_s0.2,2.0,0.02,0.07,0.2,0.24495618869201485,0.13747279228990453,1.3432471696508468,-0.1732004154577066,1.4142933089662832,0.0977244035180409,0.1427060763906864,0.3177086872884448,-0.19920377663969713,0.49057505418080755,0.07843398686195857
L2_p0.03_c0.02_soff,2.0,0.03,0.02,,0.21720304025452575,0.12136801456540197,1.315298111014859,-0.16492448012975047,1.3169848410839091,0.07593781012095402,0.13140157581173534,0.17624729943754114,-0.1760296072448626,0.43139226014020576,0.05359595382331639
L2_p0.03_c0.02_s0.1,2.0,0.03,0.02,0.1,0.1936415638185771,0.0953524388033408,1.4358918910165952,-0.14682111590756608,1.318894510653956,0.06829278704730513,0.10517029972012533,0.12087528848384133,-0.13552767052518178,0.5039029061937278,0.07937542178533419
L2_p0.03_c0.02_s0.12,2.0,0.03,0.02,0.12,0.2182113052663852,0.10731476016379823,1.480229032882646,-0.14649594874793703,1.4895381553645735,0.07017282213072296,0.11714706888461446,0.13536418966642041,-0.16093791963270043,0.436024165658873,0.06430826066789774
L2_p0.03_c0.02_s0.15,2.0,0.03,0.02,0.15,0.22320939828466257,0.11203401478243488,1.4596817521774648,-0.14649594874793703,1.5236557747321722,0.09031030919185001,0.1320750901525635,0.2794209211609735,-0.16929770450508874,0.5334408369910029,0.08532588916648831
L2_p0.03_c0.02_s0.2,2.0,0.03,0.02,0.2,0.22767243053311548,0.11954673667047153,1.4063069544517341,-0.14825719694682538,1.535658539495884,0.0784359029883328,0.13210592376618593,0.19406817457392975,-0.1763614024258322,0.44474528955573817,0.07827021547028856
L2_p0.03_c0.03_soff,2.0,0.03,0.03,,0.22025676219073032,0.121356135329159,1.3364175740975903,-0.16339748987810987,1.3479813083728271,0.07470534243398697,0.1330423060217869,0.16683530259560234,-0.1762158174507863,0.4239423197911887,0.07710140105771646
L2_p0.03_c0.03_s0.1,2.0,0.03,0.03,0.1,0.2016338237739863,0.09497596281116047,1.5126437888514535,-0.14798929660463978,1.3624892367227095,0.05964824013987613,0.10271148257533615,0.0398734812324807,-0.14085043957795507,0.4234863612680685,0.06771690803295094
L2_p0.03_c0.03_s0.12,2.0,0.03,0.03,0.12,0.21926490961964507,0.10848075978455966,1.4735695658527705,-0.14766412944501084,1.4848894612641717,0.07315214392100455,0.11133938224214701,0.16216390342600798,-0.1651805275938526,0.4428617887749561,0.0766666533111231
L2_p0.03_c0.03_s0.15,2.0,0.03,0.03,0.15,0.22261552691438258,0.11258475696302318,1.448701443700479,-0.14766412944501084,1.5075802617133442,0.0809640445500206,0.13324552811572038,0.21163140648637205,-0.17086527373651827,0.473847276157885,0.08226652864472328
L2_p0.03_c0.03_s0.2,2.0,0.03,0.03,0.2,0.2272237716785026,0.11838109757244833,1.4158237789792143,-0.14766412944501084,1.5387878730773221,0.07858875494944839,0.13154993770061235,0.1954278194286628,-0.17692755091424883,0.4441860781057093,0.08189920299498499
L2_p0.03_c0.04_soff,2.0,0.03,0.04,,0.21733607807419308,0.12331201788063811,1.297412591214597,-0.1699525246689353,1.2788046455771114,0.07763893449712156,0.1310068226181537,0.18880294689147809,-0.18654039741059925,0.41620440169980094,0.06477602725295117
L2_p0.03_c0.04_s0.1,2.0,0.03,0.04,0.1,0.20040909766196302,0.09764799097225278,1.4632550899719534,-0.14996365157903213,1.3363844875192687,0.058887112215217696,0.10595733254534101,0.03486491084695395,-0.14423566492534878,0.4082701199158721,0.07415565858914852
L2_p0.03_c0.04_s0.12,2.0,0.03,0.04,0.12,0.21716047912729342,0.10916194598120059,1.448997630228912,-0.14963912208003605,1.4512279683861207,0.07795217134774401,0.11245355737283763,0.20250005985240133,-0.1721714784295959,0.4527589125606544,0.07630910413582237
L2_p0.03_c0.04_s0.15,2.0,0.03,0.04,0.15,0.22154785558032275,0.11424120302312239,1.4216097089135293,-0.14963912208003605,1.4805476836587264,0.08569610821204354,0.1330788717997983,0.24552694731259525,-0.17530163308004076,0.48884945739732877,0.08966470822043693
L2_p0.03_c0.04_s0.2,2.0,0.03,0.04,0.2,0.2292548653827231,0.12007066298014721,1.411613519982346,-0.14963912208003605,1.5320516599937264,0.07694173784462532,0.1316311779952295,0.18345104117532052,-0.18031621431163491,0.4267044876599356,0.07410620280619984
L2_p0.03_c0.05_soff,2.0,0.03,0.05,,0.22940191138511645,0.12469737823449771,1.3647862784599238,-0.16875474939631674,1.3593804749540483,0.09010166962564892,0.13450449784983498,0.27531227083910625,-0.1816724557265209,0.4959566890056394,0.06140107361140901
L2_p0.03_c0.05_s0.1,2.0,0.03,0.05,0.1,0.2035722014041248,0.10795455636270601,1.3583588236444784,-0.1505745047201349,1.3519699220163068,0.06887397752809243,0.10829739051245417,0.12563702069087715,-0.1579984779007737,0.4359154495864619,0.06839951390877741
L2_p0.03_c0.05_s0.12,2.0,0.03,0.05,0.12,0.2210195897660625,0.11493216216555968,1.41001015223623,-0.1502500746186527,1.47101151415085,0.06993654308697517,0.11447462200170798,0.13384478465711586,-0.1884599321644943,0.37109502419820545,0.07139203827072449
L2_p0.03_c0.05_s0.15,2.0,0.03,0.05,0.15,0.22148915498241628,0.11587041764738541,1.4028673508940255,-0.1502500746186527,1.4741367386643525,0.07397068371065374,0.13687070941510485,0.16084800741664804,-0.20591106872024756,0.35923607298231697,0.08795846856127976
L2_p0.03_c0.05_s0.2,2.0,0.03,0.05,0.2,0.23888475618190919,0.12173077969473127,1.4592102546100192,-0.1502500746186527,1.5899143929759685,0.0746272247392954,0.1362563471890864,0.16556508448063384,-0.19570627808767338,0.38132258948720876,0.07462244666312623
L2_p0.03_c0.06_soff,2.0,0.03,0.06,,0.2241793933618328,0.13219349441823203,1.2620140671822493,-0.1516729491604405,1.4780446652006125,0.09302424309347801,0.1360625852281912,0.2939168110887466,-0.1827705674169965,0.5089673047916978,0.08493819818587212
L2_p0.03_c0.06_s0.1,2.0,0.03,0.06,0.1,0.21003771865005794,0.11542048331107478,1.3249077180370432,-0.15199737687765968,1.3818509435140713,0.07972435469782324,0.1145121820975477,0.2156355446755659,-0.14926967116805634,0.534096136703249,0.08997776169959781
L2_p0.03_c0.06_s0.12,2.0,0.03,0.06,0.12,0.22895644788657243,0.11964110760352167,1.414245930982466,-0.1516729491604405,1.509540423351174,0.08359808801314639,0.11937403789307305,0.2425305436288409,-0.19515365055162093,0.4283706083737004,0.07064130319532946
L2_p0.03_c0.06_s0.15,2.0,0.03,0.06,0.15,0.23136611193291334,0.12410840993636948,1.3837800982479014,-0.1516729491604405,1.5254276600646366,0.08885249772522519,0.13931470203573165,0.26210316208037976,-0.19530805064316437,0.4549351520975562,0.08301842541612703
L2_p0.03_c0.06_s0.2,2.0,0.03,0.06,0.2,0.23133853794364923,0.1307293793457229,1.3200338324728873,-0.1516729491604405,1.5252458610726822,0.09628368437014534,0.13641026773509551,0.3160586613485959,-0.19185327475562042,0.5018610419488014,0.08028909837425302
L2_p0.03_c0.07_soff,2.0,0.03,0.07,,0.22498333095628986,0.13075316450467753,1.2795755445277632,-0.1523295678406874,1.4769511536433082,0.09922338447982515,0.13295959959681009,0.34142193918603086,-0.16457471682996538,0.6029078244281006,0.07425781357430838
L2_p0.03_c0.07_s0.1,2.0,0.03,0.07,0.1,0.21322011684570508,0.11548086457518766,1.3474626304937483,-0.15265394490524586,1.3967547119601356,0.11140446877266119,0.11360212799544192,0.4784102980405002,-0.14308977442459414,0.7785634523546575,0.09766352135494993
L2_p0.03_c0.07_s0.12,2.0,0.03,0.07,0.12,0.22586977216152015,0.12337091542946356,1.354466690841563,-0.1648591670047732,1.3700771165183705,0.07879857689508851,0.11922416315533182,0.20434249041533106,-0.1696464788367985,0.4644869580281326,0.09020257421753075
L2_p0.03_c0.07_s0.15,2.0,0.03,0.07,0.15,0.22077318460303008,0.12631863287538497,1.2922553338687357,-0.16060949583600714,1.3745960875716465,0.1246341954608754,0.13806224752266538,0.5042266047995507,-0.17131633384407285,0.7275091210760664,0.11631371249981548
L2_p0.03_c0.07_s0.2,2.0,0.03,0.07,0.2,0.22880060773650723,0.13140515915402629,1.2979697677906765,-0.16967972773024542,1.3484263016985234,0.09781160414123646,0.13592194104792138,0.3272084348988718,-0.1785924267361937,0.5476805815832161,0.06978938457372408
L2_p0.04_c0.02_soff,2.0,0.04,0.02,,0.18576527117110841,0.1075574523232319,1.2222453669670335,-0.15148680542327597,1.2262802073887127,0.05522820185139743,0.12150936752165829,0.01564419688261221,-0.17660539115662677,0.3127209282213642,0.06663118377987054
L2_p0.04_c0.02_s0.1,2.0,0.04,0.02,0.1,0.1567224723512426,0.07745823382054973,1.3357132619377987,-0.10890939339574546,1.4390170348461875,0.06462739573518061,0.09434256449109515,0.08579994652890938,-0.12674452822989546,0.5099028465982868,0.05214020103828143
L2_p0.04_c0.02_s0.12,2.0,0.04,0.02,0.12,0.18843010278657202,0.08902966492489918,1.4816163158908462,-0.10858367932407642,1.7353446112669266,0.045590901216493895,0.10380001400133662,-0.09180233823801245,-0.17987482270257882,0.25345904741698055,0.0317117442001289
L2_p0.04_c0.02_s0.15,2.0,0.04,0.02,0.15,0.19826623859754733,0.09206338303578676,1.5267212391644165,-0.10858367932407642,1.8259303776749574,0.08442242773932751,0.11735281175841655,0.2513220615298894,-0.16792346939930358,0.5027434702327418,0.07820337674754074
L2_p0.04_c0.02_s0.2,2.0,0.04,0.02,0.2,0.20013496236634043,0.1009519242782822,1.4166106367013311,-0.11713588548174758,1.7085708751271274,0.06026427914829524,0.11985736082418764,0.055076008245120996,-0.1715190129584684,0.3513562613777846,0.06843440121030997
L2_p0.04_c0.03_soff,2.0,0.04,0.03,,0.19792214582727707,0.10688646330594383,1.326219585413185,-0.14702276065414743,1.3462007171315742,0.05610592351410815,0.12176652716669044,0.022877641115328595,-0.1647091154099617,0.3406364206040465,0.07084577000752312
L2_p0.04_c0.03_s0.1,2.0,0.04,0.03,0.1,0.16016618901707602,0.07338262569965974,1.446631510671897,-0.11007953890405275,1.455004177994238,0.057501250988002184,0.09508974418500606,0.013198781988180358,-0.12175297689071118,0.47227798823857003,0.052606297613222
L2_p0.04_c0.03_s0.12,2.0,0.04,0.03,0.12,0.19256747871553848,0.08763573351275368,1.544004386891783,-0.10975382483238372,1.7545400263692674,0.047021734503715384,0.10377532970503445,-0.07829605876570814,-0.18085054874031503,0.2600032724879056,0.04815861800322074
L2_p0.04_c0.03_s0.15,2.0,0.04,0.03,0.15,0.20225736359683877,0.09305998130196108,1.5476169345866484,-0.10975382483238372,1.8428274723521176,0.07401472783218588,0.12124111234957138,0.16523180956710407,-0.17112081935041468,0.4325290640446347,0.08488640817272008
L2_p0.04_c0.03_s0.2,2.0,0.04,0.03,0.2,0.20931556958843633,0.10191513415706935,1.4801702589844845,-0.11675070778859375,1.7928419754632607,0.05236688160689629,0.1203973538602265,-0.008542167105429549,-0.17338574862519374,0.3020252934403349,0.08435083756258122
L2_p0.04_c0.04_soff,2.0,0.04,0.04,,0.19432199760713198,0.10964466743581583,1.2676789341286336,-0.1414298208428283,1.3739817843867812,0.05941007270107557,0.12332275634461339,0.050216799986729635,-0.17994862459248195,0.33015019056476663,0.06708075792131218
L2_p0.04_c0.04_s0.1,2.0,0.04,0.04,0.1,0.16885938212873342,0.08060144629755793,1.4182527631591908,-0.11007953890405275,1.5339761031876613,0.053258362782235835,0.09068337941859761,-0.03629679185733901,-0.1367598036958556,0.38942994463986486,0.042928640032453114
L2_p0.04_c0.04_s0.12,2.0,0.04,0.04,0.12,0.19450067713691954,0.09291137767273168,1.479250249829592,-0.10975382483238372,1.7721539767198218,0.06078791229816605,0.10293242594488146,0.050802121109399155,-0.1734931189419776,0.35037650293494194,0.06092680556940855
L2_p0.04_c0.04_s0.15,2.0,0.04,0.04,0.15,0.2017558250827427,0.09551324034685688,1.50589490308875,-0.11095314951249868,1.8183875443753423,0.07733108963716906,0.12122922208394162,0.19141135955742913,-0.16100897143064952,0.48029056362537814,0.07591308466031799
L2_p0.04_c0.04_s0.2,2.0,0.04,0.04,0.2,0.20038300158456046,0.1094414825102834,1.3168353569348898,-0.13737655841923746,1.4586404251957146,0.07525845974639789,0.12042762398725494,0.17538829211351722,-0.16061037926489974,0.4685778097956655,0.074695506763927
L2_p0.04_c0.05_soff,2.0,0.04,0.05,,0.20160397911403982,0.1091500881723302,1.3295412906889787,-0.13028449251724072,1.5474134735364709,0.07634077317208865,0.12231221654520134,0.1829929722345752,-0.16518521721249857,0.4621525730954598,0.06221469873851415
L2_p0.04_c0.05_s0.1,2.0,0.04,0.05,0.1,0.17293798338134625,0.08753488964308986,1.3531195056480776,-0.12287964678505658,1.407376957095691,0.05873380250555327,0.1011888225766207,0.03015744432501104,-0.1351060520404842,0.4347236975583731,0.048809970379600554
L2_p0.04_c0.05_s0.12,2.0,0.04,0.05,0.12,0.19731020059293258,0.09489494837008675,1.475532380508676,-0.11010571437319483,1.7920069064187247,0.0658531056674343,0.11261635386396639,0.09919241746627983,-0.1915948747270142,0.3437101632351194,0.0734531939229579
L2_p0.04_c0.05_s0.15,2.0,0.04,0.05,0.15,0.21060619964395522,0.09869646884671977,1.5361458343974388,-0.11097404262420629,1.8977969502033496,0.08362883817149402,0.12859464211350422,0.23424264922974397,-0.17145367715644888,0.4877634563368622,0.08311812449399714
L2_p0.04_c0.05_s0.2,2.0,0.04,0.05,0.2,0.214880857811641,0.10621102265793106,1.4684865226521273,-0.11730508517340632,1.831811958484095,0.06548674336521554,0.12109817709367018,0.09746726686263411,-0.16825401079597346,0.38921356498672377,0.05898362712391303
L2_p0.04_c0.06_soff,2.0,0.04,0.06,,0.18691351897895814,0.11958949442568749,1.1189821223568455,-0.15996965649087636,1.1684310829886573,0.0744440781483513,0.1289318941930738,0.1659825573901295,-0.1874329964443031,0.3971770155767254,0.06438928544590161
L2_p0.04_c0.06_s0.1,2.0,0.04,0.06,0.1,0.16163479458312247,0.08531298592439188,1.2706549762126111,-0.11080845762112668,1.4586864401251738,0.06113283310345374,0.10390309203653159,0.05446227956153614,-0.15094639071520288,0.40499698478246965,0.05729130782649672
L2_p0.04_c0.06_s0.12,2.0,0.04,0.06,0.12,0.18038361343843645,0.09620297492950317,1.3063546714473628,-0.1267633186145759,1.4229953539390456,0.08011174401891141,0.11345629711564746,0.21978514738820748,-0.19297355655651038,0.41514363650882646,0.08112042083675108
L2_p0.04_c0.06_s0.15,2.0,0.04,0.06,0.15,0.19922061467448415,0.10982305748694651,1.3036304012616236,-0.13505125266797713,1.4751482177234378,0.07642781773028462,0.13153410525926135,0.17974213394528357,-0.17641675686152658,0.4332231194470631,0.07853659268869495
L2_p0.04_c0.06_s0.2,2.0,0.04,0.06,0.2,0.19871301119600182,0.11856968913191694,1.2123955944165026,-0.15439931108679217,1.2870071103121676,0.07840818268404015,0.1253347005693739,0.19733587033045363,-0.16918709546459687,0.46344068067796224,0.09231457395686804
L2_p0.04_c0.07_soff,2.0,0.04,0.07,,0.19258800730946768,0.11956823954902181,1.1596955817791978,-0.1642736539470815,1.1723608910014705,0.09437870753605537,0.12617070740610342,0.3167788497962927,-0.1498945564335772,0.6296339892628284,0.07207845355039955
L2_p0.04_c0.07_s0.1,2.0,0.04,0.07,0.1,0.17361831306910336,0.09333929515198439,1.2809729436447026,-0.11133478813088704,1.5594255486882929,0.06361479813636617,0.10551760436980709,0.07801601530197952,-0.13335502702613233,0.4770333714071399,0.0625014660262102
L2_p0.04_c0.07_s0.12,2.0,0.04,0.07,0.12,0.19315480831471366,0.10114642622124073,1.3555561500461766,-0.12461525565465603,1.5500093251022173,0.09183953735443873,0.11667125705635406,0.312223690885094,-0.16135465307029562,0.5691781154549538,0.06834342688185102
L2_p0.04_c0.07_s0.15,2.0,0.04,0.07,0.15,0.20217434687713842,0.11062363062319454,1.317668559670195,-0.12777507043263936,1.5822675439942018,0.11518102894283122,0.12755542008995477,0.4666999156815793,-0.13658658903592036,0.8432821242248039,0.1034568648450711
L2_p0.04_c0.07_s0.2,2.0,0.04,0.07,0.2,0.20307675458514085,0.11759925478356188,1.2528165251028998,-0.15252432777023373,1.3314384502061893,0.09994587348568618,0.124094723968425,0.36207589936167406,-0.14088680860923664,0.7094054757312009,0.0879126296716084
L2_p0.05_c0.02_soff,2.0,0.05,0.02,,0.16495111876233493,0.09899372001862693,1.1373318371081147,-0.13985255801309593,1.1794644381612867,0.057872342892270945,0.11365433641445313,0.031261196357832005,-0.14554179062237693,0.3976338524130616,0.03907021533871169
L2_p0.05_c0.02_s0.1,2.0,0.05,0.02,0.1,0.14698761519573877,0.057785954589357716,1.6181326459597691,-0.05283588740238743,2.7819654863807024,0.07545321110457515,0.06488580963259903,0.24907788623111884,-0.0826181290294502,0.9132766862546471,0.07513249834207736
L2_p0.05_c0.02_s0.12,2.0,0.05,0.02,0.12,0.1607020113473212,0.07028350884003073,1.5139371348776636,-0.08438115994039164,1.9044773911717259,0.042175121486716094,0.08487366149547139,-0.17301864512130263,-0.1503920164611603,0.28043457677561023,0.04233111804956424
L2_p0.05_c0.02_s0.15,2.0,0.05,0.02,0.15,0.17743643055219893,0.08065760716647012,1.5092420646267857,-0.08937894824706638,1.9852150202273475,0.0941690318796764,0.103488689531065,0.3591396321512591,-0.13627750857598797,0.691009344562298,0.09086274587107468
L2_p0.05_c0.02_s0.2,2.0,0.05,0.02,0.2,0.17372553457243334,0.0925779177634058,1.2917652692141453,-0.12075132318789139,1.438705017767077,0.06356794936565158,0.11085840056077068,0.07904482998627123,-0.13961739563182818,0.4553010681654641,0.0798966806092185
L2_p0.05_c0.03_soff,2.0,0.05,0.03,,0.16892131080442407,0.09972996018330949,1.1643441838915674,-0.14239082496127398,1.1863215965661102,0.059837663784311435,0.11398673971128635,0.04825638943207387,-0.14522100324488219,0.412045519912907,0.05496966549694893
L2_p0.05_c0.03_s0.1,2.0,0.05,0.03,0.1,0.15113342084164394,0.0589805763021514,1.6487918125346315,-0.06028680470667147,2.506907134604186,0.07717601055735357,0.06628747786805977,0.27006310815131845,-0.08440074614004367,0.9143996242556635,0.07795988283155442
L2_p0.05_c0.03_s0.12,2.0,0.05,0.03,0.12,0.16472502886564366,0.0713449999758032,1.5417999620645881,-0.09137643793811834,1.802707925397554,0.04547499210041828,0.08731377816481706,-0.12849759383942838,-0.15404138281505286,0.2952128270298446,0.04580587042944462
L2_p0.05_c0.03_s0.15,2.0,0.05,0.03,0.15,0.1792305941321648,0.08095660917953454,1.5231152915675301,-0.09826977093210987,1.8238629482100563,0.08974552630849808,0.10379908388029135,0.31822684547158153,-0.13814085947222943,0.6496667723899582,0.07563874849376773
L2_p0.05_c0.03_s0.2,2.0,0.05,0.03,0.2,0.17778454646613673,0.0933925625748951,1.3188764712439387,-0.12609293695242607,1.4099484932547295,0.06106731369455454,0.11103663997701588,0.05729223177646707,-0.14048342254081148,0.43469409123210984,0.062473185494078765
L2_p0.05_c0.04_soff,2.0,0.05,0.04,,0.16885172115572278,0.10004994052361711,1.1603664555019122,-0.14892097048440844,1.1338344130211064,0.0583292338101129,0.11491324568048662,0.03601864319787043,-0.15617969397820664,0.37347514471536986,0.06237717694639655
L2_p0.05_c0.04_s0.1,2.0,0.05,0.04,0.1,0.15595755736755246,0.06171543733983253,1.647332182219824,-0.07049786079400988,2.212231060787081,0.08149985908989232,0.06734071283291175,0.32810469107319257,-0.08526979783186883,0.9557881121119824,0.08070001771894653
L2_p0.05_c0.04_s0.12,2.0,0.05,0.04,0.12,0.17751620563958204,0.07986183885435298,1.5245681788528969,-0.10458037439332968,1.69741413405099,0.060390541390671126,0.09013951595645117,0.040010119495565294,-0.15470872419120862,0.39034994119680577,0.057786998322582495
L2_p0.05_c0.04_s0.15,2.0,0.05,0.04,0.15,0.18500418874072078,0.08633611136404401,1.4910373911679735,-0.11523908967292806,1.6053943958235024,0.09657147160197121,0.1072038642453281,0.37141037686676664,-0.1447281455036944,0.6672611693176577,0.08242320375684642
L2_p0.05_c0.04_s0.2,2.0,0.05,0.04,0.2,0.1795278706881367,0.09501767805862481,1.3137999995525198,-0.1361685949187712,1.318423464641246,0.07085921720061839,0.11398261030501122,0.14162151060049366,-0.136285420078189,0.5199324855143374,0.05277766241837467
L2_p0.05_c0.05_soff,2.0,0.05,0.05,,0.17161639097683556,0.10127799658881859,1.1712178851837116,-0.1340425029023179,1.2803132384203484,0.05844674433293018,0.11605893477354082,0.03778762514448526,-0.15629981755827282,0.37393993957247995,0.06519494850766194
L2_p0.05_c0.05_s0.1,2.0,0.05,0.05,0.1,0.17241719782129494,0.07503722668100227,1.5587137350837668,-0.07320306860750037,2.3553274623740177,0.08573301277193068,0.0681999663568555,0.38377700333939135,-0.08616032061565171,0.9950405495166715,0.08661784279627627
L2_p0.05_c0.05_s0.12,2.0,0.05,0.05,0.12,0.18799138169635143,0.08617859278403836,1.5234128757366248,-0.12003435755055836,1.5661464395072855,0.0695403437979667,0.09200165792459329,0.13712204531530994,-0.15526677057598048,0.447876538811225,0.06456186134542063
L2_p0.05_c0.05_s0.15,2.0,0.05,0.05,0.15,0.19675874618435119,0.09210889988190141,1.5122170178444596,-0.11926676970043026,1.649736524922762,0.09802182084296351,0.1103814597853726,0.37616306377666414,-0.14492929120456366,0.6763423737759708,0.09511626486269864
L2_p0.05_c0.05_s0.2,2.0,0.05,0.05,0.2,0.1835916556667152,0.0985031047940886,1.3062700968110472,-0.12898568698362944,1.4233490549227854,0.07190465541780044,0.11433943969118693,0.15031649531475902,-0.1383073430259154,0.5198903676743126,0.05517289706544393
L2_p0.05_c0.06_soff,2.0,0.05,0.06,,0.18634403297021662,0.10974399870742418,1.204808758776663,-0.16075039090036902,1.1592135603932074,0.06783069981317236,0.11576161792748435,0.11604080582539564,-0.1376638980510767,0.4927268570297602,0.04368035029578321
L2_p0.05_c0.06_s0.1,2.0,0.05,0.06,0.1,0.17380396670039855,0.08322565382151603,1.4277908218267479,-0.10731276105429932,1.6196020398026592,0.08139880189808468,0.07503666464720744,0.300486803924627,-0.08552094476521788,0.9517996102773445,0.08650297157577391
L2_p0.05_c0.06_s0.12,2.0,0.05,0.06,0.12,0.18247857385245192,0.09065039789530115,1.4005708140825677,-0.14210961671963707,1.2840691436981166,0.07808327520305158,0.09718815865988988,0.21909867491289078,-0.1639682098336448,0.47620984142152656,0.07642913527660466
L2_p0.05_c0.06_s0.15,2.0,0.05,0.06,0.15,0.18441879303436104,0.09801395509990939,1.3195054590268247,-0.1498693900894782,1.2305300830560224,0.08659191161747115,0.11396917593565348,0.27338551212990436,-0.14828967482045963,0.5839375649202246,0.07712691563240082
L2_p0.05_c0.06_s0.2,2.0,0.05,0.06,0.2,0.19315230320762256,0.10708705466348026,1.286305068466365,-0.14712069812464224,1.3128832697896924,0.06933839469197589,0.11580845032758477,0.1285757671614557,-0.13949075994910298,0.49708234952104285,0.06459279510992277
L2_p0.05_c0.07_soff,2.0,0.05,0.07,,0.1832588260109005,0.11100550123072359,1.168485561547649,-0.14969502208739682,1.2242145627521803,0.07706172613979212,0.11662447105297294,0.1920121705458308,-0.15676356417579496,0.4915793191163666,0.06573486513869375
L2_p0.05_c0.07_s0.1,2.0,0.05,0.07,0.1,0.15107992181762975,0.07382833331317834,1.3303999823013497,-0.08018842728977726,1.884061415391919,0.08203693046396876,0.0892947040549341,0.27242695838667913,-0.11739678633602424,0.698800478482902,0.081877481157975
L2_p0.05_c0.07_s0.12,2.0,0.05,0.07,0.12,0.16990999035384013,0.08298088306368814,1.3910801905460324,-0.10386403502606378,1.6358885952312818,0.08162262557239397,0.10552109320912265,0.24179848494842696,-0.16872174114524396,0.4837706451958032,0.0790082968185859
L2_p0.05_c0.07_s0.15,2.0,0.05,0.07,0.15,0.18320454540957032,0.09824991365146335,1.3059187274196105,-0.12593795105530647,1.4547207086854608,0.10330844449024101,0.12276269367188723,0.39029006033291336,-0.14708561954930155,0.7023694417360299,0.09806166593534349
L2_p0.05_c0.07_s0.2,2.0,0.05,0.07,0.2,0.19372955298114158,0.1086202655257883,1.27418774883313,-0.1354190636255055,1.4305929150188985,0.0716812543180596,0.1155725573408714,0.1481174697550265,-0.1549261238370756,0.46268022811596,0.08330218790659538
L2_p0.06_c0.02_soff,2.0,0.06,0.02,,0.16084847608929453,0.08083956165422099,1.3280447870654293,-0.12480894721924807,1.2887575744608832,0.06640487036545073,0.10452674580463375,0.10350481673210143,-0.13411141116451175,0.4951470556371465,0.057280644083283594
L2_p0.06_c0.02_s0.1,2.0,0.06,0.02,0.1,0.13263593828720333,0.04670875899653851,1.7150376235484726,-0.06880112272643668,1.9278164807656293,0.08837551018753098,0.05139146368026996,0.5384635204629356,-0.05073810418504443,1.7417976411814882,0.08588902881905813
L2_p0.06_c0.02_s0.12,2.0,0.06,0.02,0.12,0.15210681233176548,0.05727787809852971,1.7110149805144885,-0.07821358106311316,1.9447621533787771,0.06684955576526974,0.07259859333677939,0.11611539838880965,-0.12243001413645127,0.5460226092170851,0.07028726682487463
L2_p0.06_c0.02_s0.15,2.0,0.06,0.02,0.15,0.16230497656263987,0.06554958292904547,1.6396640218472545,-0.0906218422750239,1.7910138713586097,0.0944950810613252,0.09248620536223089,0.3935196406620957,-0.11902693373626783,0.7938966257057524,0.08255720712644599
L2_p0.06_c0.02_s0.2,2.0,0.06,0.02,0.2,0.16831591786146283,0.07583638070108717,1.496338921134804,-0.10196402282922512,1.6507383015219736,0.07849885873359153,0.09856748966701177,0.22134382596679167,-0.1260657758560395,0.6226817564128833,0.09575290839812212
L2_p0.06_c0.03_soff,2.0,0.06,0.03,,0.15165180814813795,0.08554251525989268,1.1652226982723628,-0.130953024244021,1.158062664253911,0.06558584979450366,0.10798597979403744,0.09629179765935884,-0.1368594977501273,0.4792203016428406,0.035634079116334316
L2_p0.06_c0.03_s0.1,2.0,0.06,0.03,0.1,0.13469968755418527,0.04763996851815321,1.7214081174799971,-0.04959873728192454,2.715788645758012,0.08923422353800925,0.051773864796471274,0.5505425720774184,-0.05148374681494183,1.7332503762548865,0.08687516411539509
L2_p0.06_c0.03_s0.12,2.0,0.06,0.03,0.12,0.1503535691369946,0.060185545002239146,1.6055687140943664,-0.07100877856492771,2.117394105005159,0.06790771489875325,0.07753702682552994,0.12665014533021468,-0.134998579824267,0.5030254020979437,0.05921509040473705
L2_p0.06_c0.03_s0.15,2.0,0.06,0.03,0.15,0.15919745492058124,0.06798503373025437,1.5433479094737932,-0.08075816787838785,1.9712861138741231,0.09050219371209889,0.09591603816894842,0.34358991442091597,-0.12771917928189025,0.7086030009036514,0.07246480349886597
L2_p0.06_c0.03_s0.2,2.0,0.06,0.03,0.2,0.15875929733498984,0.07853499085744196,1.34136254544301,-0.10919307808980527,1.4539318802279673,0.06839296874351364,0.10451159117547472,0.12184620764622438,-0.13255430446194405,0.5159618846112165,0.055755681854076755
L2_p0.06_c0.04_soff,2.0,0.06,0.04,,0.16060408817623273,0.08961088469766501,1.2041722240860602,-0.140806673391892,1.1405999751818632,0.06307312866327375,0.10955504269932807,0.0742945134503118,-0.14089300102585034,0.44766686921305204,0.04534507931114007
L2_p0.06_c0.04_s0.1,2.0,0.06,0.04,0.1,0.14048621279454587,0.05760593209232628,1.5229421669405763,-0.08987594647930264,1.5631124711092548,0.09281496284923496,0.053762761535997156,0.5949515294510911,-0.05217923748103226,1.7787719278759917,0.08331619798333056
L2_p0.06_c0.04_s0.12,2.0,0.06,0.04,0.12,0.16535299409129234,0.06982207477443897,1.5817524818899185,-0.0984720477554758,1.679187118174837,0.06895821847846584,0.08054923087168113,0.13744620092486406,-0.1431013459483913,0.48188378677678706,0.06041299680549206
L2_p0.06_c0.04_s0.15,2.0,0.06,0.04,0.15,0.16932697931966767,0.07498405685077408,1.524047860450783,-0.10203777600846331,1.6594538409541892,0.09215442460266354,0.09833614336092861,0.3533857325198541,-0.1297280042400758,0.7103664713142565,0.09549730346115948
L2_p0.06_c0.04_s0.2,2.0,0.06,0.04,0.2,0.1694683426454615,0.08351775279308016,1.3781988127694609,-0.12145679980195379,1.3952972820113394,0.07855212521638277,0.10679163284492968,0.21268232347008562,-0.12137795390874428,0.6471696274880421,0.08682710256164095
L2_p0.06_c0.05_soff,2.0,0.06,0.05,,0.16510233447802802,0.09138997764101178,1.225475859578093,-0.13455210230171977,1.227051318067126,0.06078663611550805,0.10974727519807616,0.05413698441926321,-0.14876389641382626,0.4086114815547308,0.05214120165529201
L2_p0.06_c0.05_s0.1,2.0,0.06,0.05,0.1,0.16246477896432432,0.07285466291339447,1.4843866762370252,-0.09080980373826752,1.7890665134854946,0.10124622364333669,0.05516141353698598,0.7246044842656316,-0.052016709295277797,1.9464173150324229,0.09490322337613422
L2_p0.06_c0.05_s0.12,2.0,0.06,0.05,0.12,0.16887194118163484,0.0764536339880297,1.4910594511470179,-0.10515984136199152,1.6058596037657311,0.07158774588716077,0.08198992590749528,0.16727861147540452,-0.1469032811050891,0.48731209642587614,0.061547839968893125
L2_p0.06_c0.05_s0.15,2.0,0.06,0.05,0.15,0.1759213354129816,0.08240564403017214,1.4632815526165068,-0.1075092495003579,1.6363367452620527,0.09225203368532542,0.1009954047946826,0.3475962935795587,-0.14065551683425603,0.6558721318697529,0.09644129140088675
L2_p0.06_c0.05_s0.2,2.0,0.06,0.05,0.2,0.16800826742052677,0.08857274489275598,1.2900809845417343,-0.1254382168106598,1.3393706614478063,0.0785915155549255,0.104013751818563,0.21589312388887688,-0.13290395115930265,0.5913407003281893,0.0894057309404146
L2_p0.06_c0.06_soff,2.0,0.06,0.06,,0.18194555481672658,0.09999060359957132,1.274187186159698,-0.1416007873638,1.2849190898160263,0.06754864058913701,0.1123001763264544,0.11366668818165314,-0.14980300346397157,0.4509164638036301,0.06407313634843548
L2_p0.06_c0.06_s0.1,2.0,0.06,0.06,0.1,0.16503152678271427,0.07109327870472633,1.5509761689089872,-0.07899638314306334,2.0891023135051676,0.09402922824941728,0.06091259043262163,0.5506145928784396,-0.05222633501364693,1.8004178969258922,0.08920173238319684
L2_p0.06_c0.06_s0.12,2.0,0.06,0.06,0.12,0.1818003501627239,0.0798171661404188,1.5718159269531526,-0.10692159714823068,1.7003145763964327,0.07220525016052926,0.08831182510468458,0.1681094817630097,-0.14858547805760758,0.4859509226906737,0.06665511556203008
L2_p0.06_c0.06_s0.15,2.0,0.06,0.06,0.15,0.18000660332236285,0.08624902071654493,1.4428294568689017,-0.11911275333633542,1.5112286323705668,0.09825806795200598,0.10570433242659417,0.39009074018597,-0.14227417680310228,0.6906247511661123,0.07902541228862692
L2_p0.06_c0.06_s0.2,2.0,0.06,0.06,0.2,0.18598441086954254,0.09739958964684217,1.3410110419131331,-0.12979155823877142,1.432946898806745,0.07361668762209894,0.11082382387524765,0.16630711758357267,-0.13093971614573152,0.5622181702316051,0.06825420533314652
L2_p0.06_c0.07_soff,2.0,0.06,0.07,,0.16868862644949645,0.10169577286780795,1.1418417605444775,-0.13722497943765366,1.22928512826732,0.07160480298546035,0.11515819021867285,0.1475824974233486,-0.15748250040191225,0.4546841890541311,0.07113651957999267
L2_p0.06_c0.07_s0.1,2.0,0.06,0.07,0.1,0.14112085752766568,0.07291438265409665,1.2251658504202083,-0.10572752642968097,1.334759851981638,0.08108573128523555,0.07306075287274055,0.30251651372137445,-0.09227701044207892,0.8787208308631976,0.06839574986906549
L2_p0.06_c0.07_s0.12,2.0,0.06,0.07,0.12,0.16527712556119223,0.08014583658202902,1.387135579344581,-0.11752089550657396,1.4063637351363345,0.06206666676826522,0.09060540903366153,0.058223937037013604,-0.15115667208809946,0.41061149277016745,0.06959654988459696
L2_p0.06_c0.07_s0.15,2.0,0.06,0.07,0.15,0.17116668912340782,0.08601077354534645,1.357774460954815,-0.11943534294239355,1.4331326465564342,0.10112910328726987,0.11307357339407001,0.395589205488038,-0.15324679449787715,0.6599100726290935,0.11218117230316516
L2_p0.06_c0.07_s0.2,2.0,0.06,0.07,0.2,0.1762735239707509,0.09906540795190776,1.2358438785070547,-0.1290409295468279,1.3660280082435605,0.0656887273245561,0.11295281723597124,0.09779695269930488,-0.14976677940756633,0.43860679640973477,0.07405353645938373
L2_p0.07_c0.02_soff,2.0,0.07,0.02,,0.1551041673067559,0.08200780963090602,1.248712884832261,-0.1143470934883769,1.3564329671617046,0.0754495310909975,0.09077907547456988,0.2001302135529749,-0.09908415817710836,0.7614691639821468,0.0655064126735907
L2_p0.07_c0.02_s0.1,2.0,0.07,0.02,0.1,0.13764941723541257,0.04579149981753497,1.8458206918836402,-0.05053709353599034,2.723730385036579,0.08402411094049089,0.03940802961316385,0.5837191343495483,-0.036032913058513305,2.3318711646778434,0.08276823402374278
L2_p0.07_c0.02_s0.12,2.0,0.07,0.02,0.12,0.14633856805473222,0.05238469274694022,1.7677525797909923,-0.05680223750129365,2.5762817538904064,0.07023231471923119,0.04717948816233067,0.2154109801461894,-0.0535998010260309,1.310309243221307,0.07194441378649774
L2_p0.07_c0.02_s0.15,2.0,0.07,0.02,0.15,0.15973095902092527,0.06086579412533386,1.723589098794717,-0.06981922052344935,2.287779179191471,0.10009259317291108,0.07169320998563564,0.5570497637611721,-0.08324525103853497,1.2023820208864207,0.09984166578165055
L2_p0.07_c0.02_s0.2,2.0,0.07,0.02,0.2,0.16158899279365602,0.07625480907995874,1.41142775226587,-0.08974436770573124,1.800547454114345,0.08653011879192363,0.08405719529228735,0.3346452596794514,-0.08487286899091939,1.0195262611092073,0.08171456516524844
L2_p0.07_c0.03_soff,2.0,0.07,0.03,,0.1540021008334711,0.08261963582637738,1.2284498216311859,-0.12231340415337766,1.2590778737574557,0.07317345386351115,0.09417859265228277,0.17308315145626904,-0.10727316366607109,0.6821226424466386,0.06190129222836149
L2_p0.07_c0.03_s0.1,2.0,0.07,0.03,0.1,0.13531138293054523,0.0442299234602031,1.8624532127287812,-0.03213802308343228,4.2103206715381525,0.08282244269963268,0.039769899363449976,0.5500520707515385,-0.0360383566907978,2.2981747866650353,0.08116221683988711
L2_p0.07_c0.03_s0.12,2.0,0.07,0.03,0.12,0.14713541236095962,0.0508624633224961,1.8334086325264007,-0.059217024378447,2.484680949529641,0.07104457004808729,0.047606278166999465,0.23028625906778022,-0.0573077327284246,1.239703032481849,0.07238227752797344
L2_p0.07_c0.03_s0.15,2.0,0.07,0.03,0.15,0.15471171063014655,0.056378499935724954,1.778072737380698,-0.05840560088350799,2.648919081214907,0.09517209152253892,0.0762050166344694,0.4678967575086325,-0.09169445261290021,1.037926382791334,0.0933287075153506
L2_p0.07_c0.03_s0.2,2.0,0.07,0.03,0.2,0.1634421928129377,0.07531384481317484,1.449693085724095,-0.09807306070559474,1.666535046801225,0.08476071113474415,0.08797822698812935,0.30448597127173216,-0.09332248343812588,0.9082560601909152,0.08386012534088083
L2_p0.07_c0.04_soff,2.0,0.07,0.04,,0.15346458015838782,0.08428784707163388,1.2001479710868588,-0.12233749690157703,1.25443616262521,0.07792803370649604,0.09491063842877803,0.22040241943399294,-0.10866220671697391,0.7171585785062384,0.06574432656935802
L2_p0.07_c0.04_s0.1,2.0,0.07,0.04,0.1,0.13788792628874647,0.04990761725356138,1.7027055520514627,-0.06772635754113965,2.035956624494207,0.0843221784199093,0.03997830009270545,0.5830262337858163,-0.03600159338768549,2.3421790672396208,0.08233982077672453
L2_p0.07_c0.04_s0.12,2.0,0.07,0.04,0.12,0.154678579521361,0.057484830138705596,1.744570828362112,-0.0661720998599361,2.3375195867860183,0.07133110324877223,0.04861355954694864,0.23217035109519696,-0.059586568753087876,1.1971003657611303,0.07444496726192273
L2_p0.07_c0.04_s0.15,2.0,0.07,0.04,0.15,0.16089258575141385,0.061941366452982,1.7114846389041665,-0.0707124284728603,2.2753084461406248,0.09754222162657622,0.07978605696038032,0.47826613307383187,-0.09473739284544413,1.0296063539104134,0.09314446535707632
L2_p0.07_c0.04_s0.2,2.0,0.07,0.04,0.2,0.16705452816764077,0.07898415651300007,1.4258698447544904,-0.10609160853366262,1.574625274105772,0.08712994142858022,0.08945006422439442,0.32603214292999194,-0.09274507281515809,0.9394562835939663,0.0874245496370929
L2_p0.07_c0.05_soff,2.0,0.07,0.05,,0.15310506769352128,0.08760814136309632,1.1544567581724456,-0.12526088258807977,1.2222895490606358,0.08331058477588105,0.09763384722985806,0.26943437981082985,-0.11126416675473072,0.7487638401996018,0.0656497492046757
L2_p0.07_c0.05_s0.1,2.0,0.07,0.05,0.1,0.13948748806235556,0.059330579885759405,1.4656294780454016,-0.08768796874349216,1.5907255015837933,0.08823843280716637,0.04128953303338406,0.6556748649869996,-0.03696603017685862,2.3870140338305834,0.08693763278360866
L2_p0.07_c0.05_s0.12,2.0,0.07,0.05,0.12,0.147616969632405,0.06502679588651818,1.4538627150556145,-0.0880835354636208,1.675874712060939,0.07761702888049182,0.05008991879522096,0.3469857763910741,-0.06247686389756213,1.2423323457424769,0.08021939499322106
L2_p0.07_c0.05_s0.15,2.0,0.07,0.05,0.15,0.1540423456488642,0.06885525387403,1.4591838815614453,-0.08959829154894361,1.719255389649005,0.10481529962404501,0.08239376017873579,0.5481719366572507,-0.09911658017925717,1.0574951177137208,0.10107232947608757
L2_p0.07_c0.05_s0.2,2.0,0.07,0.05,0.2,0.15866444932592172,0.0841808323177332,1.2559163801969064,-0.11597346909330486,1.3681098838068768,0.09202967588558164,0.09172840307708284,0.37062583816337585,-0.09597423608774425,0.9588998009991316,0.08614240318006461
L2_p0.07_c0.06_soff,2.0,0.07,0.06,,0.17651531874110105,0.09638499127014387,1.2695946662145665,-0.13349770216659773,1.3222348840193496,0.08386225290516913,0.10187677302955879,0.2675240575854603,-0.11269243042346455,0.7441693518370293,0.08347256640220846
L2_p0.07_c0.06_s0.1,2.0,0.07,0.06,0.1,0.14833441432811245,0.05611946737022341,1.6854952322970909,-0.05193814864110691,2.8559819363817653,0.09272993191348045,0.04356704210047783,0.7208863130856499,-0.03689062652741537,2.5136448101408075,0.09385455678359089
L2_p0.07_c0.06_s0.12,2.0,0.07,0.06,0.12,0.1597796695387117,0.06730178127855128,1.5658654294074392,-0.08247357034764091,1.937343913513283,0.09343106604879625,0.0543485638600741,0.5996612988189421,-0.06423901507329788,1.4544286823543249,0.09471934884166577
L2_p0.07_c0.06_s0.15,2.0,0.07,0.06,0.15,0.17056510060072494,0.0756797098423014,1.5247927008670847,-0.0874671790488637,1.9500468913652564,0.10132965054596821,0.08715472006916687,0.48555219455372506,-0.10103724702313188,1.0028940171219172,0.10097114002872054
L2_p0.07_c0.06_s0.2,2.0,0.07,0.06,0.2,0.17912709615331313,0.0948661886565503,1.3121038022314708,-0.12108951030548443,1.4792949092073424,0.09028948461820963,0.09833334003144485,0.33543278348879446,-0.09790117191448977,0.9222513158174608,0.09158464791019538
L2_p0.07_c0.07_soff,2.0,0.07,0.07,,0.16519622947478418,0.09889368172403606,1.1405707185573126,-0.14446651025856638,1.1434915204853755,0.07863564200359563,0.1044757012206476,0.2158357730749411,-0.11608253290152926,0.6774114936852803,0.06304373958664655
L2_p0.07_c0.07_s0.1,2.0,0.07,0.07,0.1,0.15503467479454214,0.06852352997715323,1.4785665359498004,-0.09121551764589086,1.6996524143666496,0.09260212794653122,0.04885010003203913,0.6453710334961946,-0.05018781668497352,1.8451117036588833,0.09485490151448128
L2_p0.07_c0.07_s0.12,2.0,0.07,0.07,0.12,0.16504633864970897,0.07141379201014796,1.5443585562970608,-0.09051162898197807,1.8234821371138028,0.0771399821034009,0.07229313174698981,0.2528837982383776,-0.10231980934001328,0.7539105340497781,0.07294273590508626
L2_p0.07_c0.07_s0.15,2.0,0.07,0.07,0.15,0.17966467021368837,0.07907566224461053,1.5623908750143378,-0.0928241068461515,1.9355389059812678,0.11172868949909431,0.09688381901111053,0.5458478486179863,-0.10451825228626455,1.0689873496265623,0.11367154571512028
L2_p0.07_c0.07_s0.2,2.0,0.07,0.07,0.2,0.1757556190360774,0.09672170894297476,1.2587659914186118,-0.12654141805016406,1.3889177294220272,0.08701830261080867,0.1033380667241528,0.2941657018142275,-0.10175849701762396,0.8551453211394978,0.08860087652225723
L3_p0.02_c0.02_soff,3.0,0.02,0.02,,0.24574582889289487,0.18407050245162526,1.047946486730938,-0.30091016996308395,0.8166750526346228,0.0275402613458533,0.15675070098212443,-0.13102508667042442,-0.26275068967430737,0.1048151819505815,0.031272093805731815
L3_p0.02_c0.02_s0.1,3.0,0.02,0.02,0.1,0.25170471089795554,0.16862778386105146,1.1561797014128699,-0.30091016996308395,0.8364779127566044,0.08435096758198957,0.1404553204628423,0.2308309063231369,-0.21966546452693658,0.38399740151982786,0.1028683851724379
L3_p0.02_c0.02_s0.12,3.0,0.02,0.02,0.12,0.2753596279527244,0.17531653552778825,1.2272776084217503,-0.30091016996308395,0.9150891376868581,0.042433389847887915,0.1503531466833846,-0.04447379867357988,-0.2827524708413277,0.15007256955749212,0.06023032531439809
L3_p0.02_c0.02_s0.15,3.0,0.02,0.02,0.15,0.2762144392197856,0.18043832231494047,1.2013538884932158,-0.30091016996308395,0.9179298900189115,0.046857978486074314,0.15832823816564162,-0.006970932457653529,-0.2680378626926745,0.17481850517439956,0.06962658830577761
L3_p0.02_c0.02_s0.2,3.0,0.02,0.02,0.2,0.24291609146226967,0.1865771252050422,1.0239306279611773,-0.30091016996308395,0.8072711251071073,0.018268896497579012,0.15699655172326407,-0.18985845925255454,-0.2742733211891907,0.06660836139063388,0.0700321881862882
L3_p0.02_c0.03_soff,3.0,0.02,0.03,,0.27024506976031937,0.18364249983991324,1.1577870394877245,-0.3029974622014132,0.8919053902196641,0.014463615331008706,0.15918901355783213,-0.20930619827367195,-0.2662209271402416,0.054329370295481946,0.006718056856746868
L3_p0.02_c0.03_s0.1,3.0,0.02,0.03,0.1,0.2739741274955019,0.17334668177592058,1.2328951042690885,-0.3029974622014132,0.9042126145379445,0.08963110021052456,0.13464415260420998,0.271959059536552,-0.21677127225972548,0.4134823737304667,0.08497622495387125
L3_p0.02_c0.03_s0.12,3.0,0.02,0.03,0.12,0.29944746846712267,0.17722516028814989,1.3234040165102021,-0.3029974622014132,0.9882837509314493,0.029047618685283272,0.14905440078133678,-0.13540877314232275,-0.276388562148305,0.10509703606944798,0.02357360406825082
L3_p0.02_c0.03_s0.15,3.0,0.02,0.03,0.15,0.2967740484039343,0.17795457429922862,1.30696742563498,-0.3029974622014132,0.979460508506365,0.04633223528546426,0.15885410085758928,-0.009791280400149744,-0.2876077866331471,0.1610952047851281,0.06986388212088279
L3_p0.02_c0.03_s0.2,3.0,0.02,0.03,0.2,0.25672312108326545,0.1859994189638982,1.086977112027189,-0.3029974622014132,0.8472781231171251,0.022337533070805993,0.15759776878464024,-0.16264682113076287,-0.2917493722959542,0.07656411698513106,0.04549998640687192
L3_p0.02_c0.04_soff,3.0,0.02,0.04,,0.23526774217081758,0.1841292287322915,1.0011391461171026,-0.3027526972932485,0.7770954454715742,0.02179556582973241,0.15527329604119183,-0.17095851036749338,-0.28956310695022425,0.0752705206795528,0.026998591908478975
L3_p0.02_c0.04_s0.1,3.0,0.02,0.04,0.1,0.27099568175664945,0.17200911288686455,1.2274101915530433,-0.3027526972932485,0.8951057552235812,0.062465764874186425,0.14064883084212132,0.0815553785892467,-0.24476211510309254,0.2552101040958735,0.09826653757401438
L3_p0.02_c0.04_s0.12,3.0,0.02,0.04,0.12,0.28689466639122707,0.17598213886009365,1.2754419075925056,-0.3027526972932485,0.9476205132314273,0.044933428377315954,0.15216071316951602,-0.02595136456755001,-0.28310014335084155,0.15871920037013426,0.041426347881560854
L3_p0.02_c0.04_s0.15,3.0,0.02,0.04,0.15,0.2880430656179087,0.17824915878285996,1.2666494923227682,-0.3027526972932485,0.9514137056189728,0.0516944738894225,0.15324708184364977,0.01848435449307914,-0.2725796059605866,0.18964908877627923,0.07533345858743146
L3_p0.02_c0.04_s0.2,3.0,0.02,0.04,0.2,0.2496517024405327,0.18422226156710308,1.064632442466233,-0.3027526972932485,0.8246060387654225,0.014469934924585148,0.1564299927292973,-0.21582735266684225,-0.26681646809198245,0.054231790968752254,0.05568485516682542
L3_p0.02_c0.05_soff,3.0,0.02,0.05,,0.2145683894003967,0.1904985196564317,0.8838258599332525,-0.3034532640471975,0.7070887507969723,0.013491871669828681,0.16148417700468964,-0.21024906364985285,-0.29258916779719757,0.046111999878205696,0.03711809898870899
L3_p0.02_c0.05_s0.1,3.0,0.02,0.05,0.1,0.2563861329606376,0.1727875630576687,1.1545305732489106,-0.3034532640471975,0.8448949585882874,0.11048705802553394,0.14793823765856712,0.3921698850624422,-0.231354306438585,0.47756646386378665,0.12622241549891955
L3_p0.02_c0.05_s0.12,3.0,0.02,0.05,0.12,0.25429732995255727,0.17781494154075275,1.1174237965394949,-0.3034532640471975,0.8380115163730952,0.05804310415286529,0.1527713093036386,0.05857815145658421,-0.28327201465803664,0.2049023593909705,0.03779162180591933
L3_p0.02_c0.05_s0.15,3.0,0.02,0.05,0.15,0.2514659024042736,0.18104594872969262,1.0880462224163274,-0.3034532640471975,0.8286808289699659,0.07842416478131753,0.16548619009355406,0.18504144475848003,-0.2727899447283212,0.2874892066106845,0.07176023165067225
L3_p0.02_c0.05_s0.2,3.0,0.02,0.05,0.2,0.25283421252227245,0.18501289972706064,1.0748933338526676,-0.3034532640471975,0.8331899586453219,0.05634545848586603,0.16215225903954175,0.05414296008281461,-0.27446935535879313,0.20528870486182274,0.054335700094186645
L3_p0.02_c0.06_soff,3.0,0.02,0.06,,0.23766372243856804,0.18688419358072061,0.9996404685139887,-0.3061877176259822,0.7762026650882243,0.06714833543696686,0.16062452846024983,0.11816646415706322,-0.23212651171515786,0.28927473618077926,0.06983664758341934
L3_p0.02_c0.06_s0.1,3.0,0.02,0.06,0.1,0.25045828655001534,0.17856744510226744,1.0959660102797557,-0.3061877176259822,0.8179893318123163,0.12268401258429029,0.14390843343120985,0.47714425267192473,-0.23896870962372785,0.5133894423979793,0.10395316003594512
L3_p0.02_c0.06_s0.12,3.0,0.02,0.06,0.12,0.2520694176705438,0.18127010215100292,1.0895985623844293,-0.3061877176259822,0.8232512382435093,0.0721148452241751,0.15553928061062908,0.1478015780639308,-0.28311161213823555,0.25472231491855385,0.0473234095108217
L3_p0.02_c0.06_s0.15,3.0,0.02,0.06,0.15,0.24906009516145455,0.1841234444908144,1.0623154828926422,-0.3061877176259822,0.8134228802269894,0.06752162849390131,0.1583402520985308,0.1199140247520769,-0.2628784902849203,0.2568549006071898,0.05031923198039223
L3_p0.02_c0.06_s0.2,3.0,0.02,0.06,0.2,0.24758456451899313,0.186988525810793,1.0426207760582504,-0.3061877176259822,0.808603840933376,0.059146225098665184,0.16508038425128368,0.072591215741988,-0.26586460645045706,0.22246746525730898,0.0820688362670392
L3_p0.02_c0.07_soff,3.0,0.02,0.07,,0.27115987302972466,0.1844327008801267,1.157471594996238,-0.3070609311725705,0.8830816476529566,0.0722458950313003,0.14779064168794195,0.14820697711647632,-0.21432616011731087,0.337083886501567,0.0960208759114427
L3_p0.02_c0.07_s0.1,3.0,0.02,0.07,0.1,0.26271094501003533,0.17243635405152224,1.1860514412415042,-0.3070609311725705,0.8555661705539148,0.10307656855518377,0.13890482557392866,0.3585283073792817,-0.25329373948925404,0.4069447936732632,0.11718236994740416
L3_p0.02_c0.07_s0.12,3.0,0.02,0.07,0.12,0.28024696719229736,0.1805325543141732,1.2185027612610217,-0.3070609311725705,0.9126754293427076,0.11768723946762494,0.15069139533526366,0.43180890122037147,-0.2485772055121337,0.47344340855855477,0.09604535668780079
L3_p0.02_c0.07_s0.15,3.0,0.02,0.07,0.15,0.288634075507463,0.18241361194466424,1.24429895221407,-0.3070609311725705,0.9399895792840169,0.1290575624114716,0.14730441359533833,0.5089591157840943,-0.23425096445132243,0.550937165675106,0.052286469421036985
L3_p0.02_c0.07_s0.2,3.0,0.02,0.07,0.2,0.26361476744688117,0.18971154403628862,1.0985967397388885,-0.3070609311725705,0.8585096333819419,0.12634744319152547,0.14617800276447687,0.49483020089926,-0.2356636914274226,0.5361345331825829,0.06253484048509295
L3_p0.03_c0.02_soff,3.0,0.03,0.02,,0.23125010902867937,0.17175377720340687,1.040736519982117,-0.2651210375489099,0.8722435275850865,0.04509828303626073,0.16316433445918938,-0.012647737130156822,-0.2576630830115655,0.17502811232851875,0.052717407964748775
L3_p0.03_c0.02_s0.1,3.0,0.03,0.02,0.1,0.2404294864229728,0.14980983634219647,1.219717581978572,-0.26555284526585443,0.9053922438009288,0.07142400052288744,0.13561051930406137,0.1431052182031037,-0.18947852270200038,0.3769503767728784,0.08020437707346995
L3_p0.03_c0.02_s0.12,3.0,0.03,0.02,0.12,0.26459567268046413,0.15743831030568645,1.2927305935486135,-0.2651210375489099,0.9980183961510453,0.05378299526057373,0.14255757034310232,0.02318281446353911,-0.23900512125938644,0.22502863109031188,0.05846909740013895
L3_p0.03_c0.02_s0.15,3.0,0.03,0.02,0.15,0.26903924154639136,0.15912857934319052,1.3030695259275151,-0.2651210375489099,1.014778925255068,0.06697978310076236,0.16172567703115243,0.11757431904865928,-0.2658369352578548,0.25195815260130705,0.06777010344474754
L3_p0.03_c0.02_s0.2,3.0,0.03,0.02,0.2,0.2547710200558504,0.1699451221524634,1.16318830297497,-0.2651210375489099,0.9609611610276301,0.03581692131245684,0.16474405609776424,-0.06673929586902626,-0.26989584572263625,0.1327064565093929,0.05803848407973722
L3_p0.03_c0.03_soff,3.0,0.03,0.03,,0.25088629646742966,0.16844875070000062,1.1532612053291411,-0.2672078180924614,0.938918248195178,0.028348274092535153,0.1662246516471471,-0.10949133695890106,-0.26365028824411285,0.10752225715864792,0.06039558772829334
L3_p0.03_c0.03_s0.1,3.0,0.03,0.03,0.1,0.2472560105968653,0.14859761795985987,1.266001631173418,-0.2676396258094058,0.9238393225558599,0.05971770379152641,0.13611529002778283,0.06002863979645187,-0.210495516107569,0.2837005979785765,0.0749132750791397
L3_p0.03_c0.03_s0.12,3.0,0.03,0.03,0.12,0.26175565358268527,0.15916170654807735,1.2661287751518266,-0.2672078180924614,0.9795957897164164,0.04348279688454637,0.14705431936758256,-0.04182612630842301,-0.25623610579839207,0.16969816470267024,0.048705542306346716
L3_p0.03_c0.03_s0.15,3.0,0.03,0.03,0.15,0.27615161057503257,0.16063666501446344,1.3277465516976652,-0.2672078180924614,1.033471297907445,0.05185955578195922,0.16869049364614366,0.032467345096040906,-0.26829563203546436,0.19329258321695011,0.05562676975160841
L3_p0.03_c0.03_s0.2,3.0,0.03,0.03,0.2,0.26051597418116157,0.16841614086807857,1.1997615109484203,-0.2672078180924614,0.9749564067433675,0.03380625956439598,0.16723107190382552,-0.07525109091158189,-0.2721574710562088,0.124215805773026,0.05536200237478206
L3_p0.03_c0.04_soff,3.0,0.03,0.04,,0.22799035897176645,0.1744545944436381,1.0119126803800533,-0.26990623249141044,0.8447020910457192,0.042350498469110764,0.1652211577875698,-0.02691813813309995,-0.263631349170934,0.16064287726893753,0.047780256276330535
L3_p0.03_c0.04_s0.1,3.0,0.03,0.04,0.1,0.2512929198850722,0.1487160390582872,1.2871808837343117,-0.2703367469988286,0.9295551665647626,0.08941226908519884,0.1376192670433928,0.2675811498519259,-0.19476344270233514,0.45908137504968644,0.08361455263146023
L3_p0.03_c0.04_s0.12,3.0,0.03,0.04,0.12,0.2719276720276391,0.16053017877309544,1.3075263233240868,-0.26990623249141044,1.0074894140738044,0.062287836248880124,0.14466654336175225,0.08209613839711367,-0.2590974386884701,0.24040313391045476,0.060352767951608044
L3_p0.03_c0.04_s0.15,3.0,0.03,0.04,0.15,0.2706415637917732,0.16102945575675887,1.297580841954145,-0.26990623249141044,1.0027243954078984,0.06963919716552014,0.16293253447106665,0.1335845777738767,-0.25977773325163533,0.26807223349687054,0.07614042222125272
L3_p0.03_c0.04_s0.2,3.0,0.03,0.04,0.2,0.2468859293889989,0.17258563803063817,1.1109150231350509,-0.26990623249141044,0.9147099980244282,0.04926025369480924,0.15983158493301172,0.009160018206809081,-0.26710513383244117,0.18442271396292553,0.09330017823177283
L3_p0.03_c0.05_soff,3.0,0.03,0.05,,0.2543144887923021,0.16486165941038508,1.1915556770262745,-0.27104933416771126,0.9382590426691308,0.0423852809337073,0.16109209238125247,-0.03160596191944366,-0.24244736977450188,0.17482260571904523,0.053938246984405636
L3_p0.03_c0.05_s0.1,3.0,0.03,0.05,0.1,0.2595162641825268,0.15667935147729412,1.272142929286138,-0.27147958613622636,0.955932885695146,0.09688482007685661,0.13926519807685483,0.3165734106599641,-0.1981876295174516,0.48885402339566975,0.08565528244452758
L3_p0.03_c0.05_s0.12,3.0,0.03,0.05,0.12,0.25963415261875067,0.15879177068098127,1.2579072444638042,-0.27104933416771126,0.9578852256397816,0.07382978614736957,0.1459091381228126,0.15885605778413728,-0.24762125197481066,0.29815609750200245,0.06910525149528257
L3_p0.03_c0.05_s0.15,3.0,0.03,0.05,0.15,0.2753483027175716,0.16307287392883277,1.3063543581121695,-0.27104933416771126,1.0158604652657082,0.09269827507415362,0.15543259794979164,0.27360392413199697,-0.2361723998676457,0.3925025749245171,0.06724780334280522
L3_p0.03_c0.05_s0.2,3.0,0.03,0.05,0.2,0.2676728021642978,0.1641783495931941,1.26142808567765,-0.27104933416771126,0.9875427400927528,0.04707422316103482,0.15564868416695882,-0.008558559347458413,-0.24121771149417193,0.19515243250358166,0.0482683472872496
L3_p0.03_c0.06_soff,3.0,0.03,0.06,,0.23165783202886425,0.17745464297137076,1.015003409524132,-0.2735400571612907,0.846888146595177,0.06576782690629979,0.16364733819338198,0.11091012380945327,-0.24468665227704844,0.26878387641608514,0.049352833455764245
L3_p0.03_c0.06_s0.1,3.0,0.03,0.06,0.1,0.23971271985585108,0.16405629693700835,1.1241498327769797,-0.2739703126744397,0.8749587410249916,0.10920070835858864,0.14458586066524365,0.38951599441383244,-0.1818009282744607,0.6006608953818477,0.07153973677049819
L3_p0.03_c0.06_s0.12,3.0,0.03,0.06,0.12,0.26123165250411895,0.16710780042233123,1.211250941897689,-0.2735400571612907,0.9550032825725623,0.11966127612200106,0.14674936516741433,0.4517618319680228,-0.22408190765877112,0.5340068610278864,0.050563115873063946
L3_p0.03_c0.06_s0.15,3.0,0.03,0.06,0.15,0.26011078831021184,0.17180256903038332,1.177642573196125,-0.2735400571612907,0.950905658972059,0.09145207204323813,0.15526244704079253,0.26613384266146506,-0.2216148604400171,0.4126621827690603,0.09717708609283782
L3_p0.03_c0.06_s0.2,3.0,0.03,0.06,0.2,0.255597451125831,0.17755901557932038,1.1247039676958366,-0.2735400571612907,0.9344059286173213,0.0784830692290972,0.1587238362503088,0.1862269729207501,-0.2412012808623919,0.3253841312471002,0.08733380047089367
L3_p0.03_c0.07_soff,3.0,0.03,0.07,,0.23223354885832959,0.18122342757538493,1.000367986890792,-0.27459786792839846,0.845722330658753,0.07899648690913952,0.1594882886786975,0.18911907838676187,-0.21600873936952014,0.36570967980143815,0.0731622188588581
L3_p0.03_c0.07_s0.1,3.0,0.03,0.07,0.1,0.239539030950352,0.16400892937466735,1.123472419054912,-0.2750280119925639,0.8709623038573561,0.13736333036598314,0.14011747920157241,0.5815988246376388,-0.1517708838404287,0.9050703724596241,0.12131385850597298
L3_p0.03_c0.07_s0.12,3.0,0.03,0.07,0.12,0.2675344939230224,0.16816410199835963,1.2349287452761406,-0.27459786792839846,0.9742773894835272,0.08704727873191942,0.14744004906486788,0.2439771853943218,-0.22359773499619373,0.38930304340247995,0.06946300390754212
L3_p0.03_c0.07_s0.15,3.0,0.03,0.07,0.15,0.2481060392339185,0.17763067388979267,1.0900728280212866,-0.27459786792839846,0.9035250022356774,0.11482064450231344,0.15560897208534347,0.40604876314491495,-0.20464942761524918,0.5610601790598789,0.06289491040104211
L3_p0.03_c0.07_s0.2,3.0,0.03,0.07,0.2,0.23724646105863068,0.1800234974546787,1.0287395369760577,-0.27459786792839846,0.8639777972365495,0.10090739120082581,0.15877647933441047,0.31964420631441093,-0.1858326882875525,0.543001299344518,0.08002726864790954
L3_p0.04_c0.02_soff,3.0,0.04,0.02,,0.23573501706318334,0.13883210648600358,1.2771254985787328,-0.2024240711085732,1.1645602016211962,0.058357792135202535,0.1462513261003015,0.05659130193815317,-0.23685179822316482,0.24638948309869732,0.03685534124588963
L3_p0.04_c0.02_s0.1,3.0,0.04,0.02,0.1,0.1988193207181126,0.12022911655804824,1.1980105751951913,-0.20285708717313966,0.9800955120114644,0.0631080526138299,0.12481241956907355,0.07996779997297884,-0.19858653255138448,0.3177861650688756,0.07611305893579856
L3_p0.04_c0.02_s0.12,3.0,0.04,0.02,0.12,0.23012880887041565,0.12830473374073437,1.3346231024505129,-0.2024240711085732,1.1368648383076072,0.048214756320814844,0.13468625094635991,-0.02404170960429741,-0.2580137682975916,0.18686892811551134,0.03971933209615819
L3_p0.04_c0.02_s0.15,3.0,0.04,0.02,0.15,0.24235339920886312,0.13351726338995312,1.3629631376561364,-0.2024240711085732,1.197255829712432,0.06073914336768205,0.15116143344261201,0.07493723765050345,-0.2528614121708228,0.24020724572497906,0.07661660319900876
L3_p0.04_c0.02_s0.2,3.0,0.04,0.02,0.2,0.23812664705422337,0.13748019753810956,1.3026037668771968,-0.2024240711085732,1.1763751501989137,0.07366094112879584,0.14228617497370727,0.15792417367300088,-0.2375488741568107,0.3100875194220908,0.0545132445644525
L3_p0.04_c0.03_soff,3.0,0.04,0.03,,0.24734519721300297,0.1396115349230127,1.338819322597676,-0.2045166911871954,1.2094132551098549,0.06513177065528697,0.1442193417053403,0.10081966725075568,-0.214350904056836,0.303855824363666,0.07622271579474016
L3_p0.04_c0.03_s0.1,3.0,0.04,0.03,0.1,0.2057041023755326,0.11664735652706637,1.280942064916157,-0.20494970725176198,1.0036808792453844,0.03713238859600421,0.1250934695321328,-0.12338543242217934,-0.20760609740601133,0.17885981702832696,0.04871305343205168
L3_p0.04_c0.03_s0.12,3.0,0.04,0.03,0.12,0.22783443798789338,0.12581193535748686,1.3434855317997938,-0.2045166911871954,1.1140139059816643,0.05083657859743895,0.13597506105311152,-0.003653450671625966,-0.2606790105719443,0.19501600257688817,0.0375209363994764
L3_p0.04_c0.03_s0.15,3.0,0.04,0.03,0.15,0.2536692165838026,0.1343607478891163,1.423843718690531,-0.2045166911871954,1.2403350313917292,0.04833447664012791,0.1482686405904113,-0.008187430488747609,-0.25316855299862084,0.19091816921034113,0.07239870099390733
L3_p0.04_c0.03_s0.2,3.0,0.04,0.03,0.2,0.24874889871629313,0.1396234544039478,1.3468986946286687,-0.2045166911871954,1.2162767609447178,0.051760170005810124,0.14165966038612363,0.008283485081339366,-0.23724315596209378,0.21817350134256458,0.07681272940067485
L3_p0.04_c0.04_soff,3.0,0.04,0.04,,0.237270010868033,0.14230621959784112,1.2583202862498033,-0.2045166911871954,1.1601498610734822,0.038813702960271756,0.14519742075792577,-0.0761794779958279,-0.23882463569444157,0.1625196782878422,0.043330205346864714
L3_p0.04_c0.04_s0.1,3.0,0.04,0.04,0.1,0.2065333685141555,0.12390112892055012,1.21869300152826,-0.20494970725176198,1.0077270725761425,0.06307394366613472,0.13215270288170455,0.08238854359096863,-0.20865297091200574,0.3022911362845373,0.06646732179322079
L3_p0.04_c0.04_s0.12,3.0,0.04,0.04,0.12,0.23008777646260925,0.13084521952428108,1.3109639494239673,-0.2045166911871954,1.1250317767561009,0.06741657165475856,0.13438877463303184,0.11459549073030223,-0.2549050825480049,0.2644771574613949,0.03687765302685064
L3_p0.04_c0.04_s0.15,3.0,0.04,0.04,0.15,0.2507360213463996,0.13555063120915217,1.3949699661474046,-0.2045166911871954,1.2259929489906491,0.07686456044705592,0.14440617311176882,0.17901248982496054,-0.2431757783625017,0.3160864168489431,0.053877110387652305
L3_p0.04_c0.04_s0.2,3.0,0.04,0.04,0.2,0.23708108568461528,0.14185276628628785,1.260803279236255,-0.2045166911871954,1.159226096942931,0.06030010877403824,0.14591788783018916,0.06933277853308943,-0.23587049229252377,0.2556492259288405,0.05204520185554595
L3_p0.04_c0.05_soff,3.0,0.04,0.05,,0.25063857597872863,0.14287723656341153,1.3303288205410084,-0.20521904614679798,1.2213221954040319,0.07101276253352973,0.14360386813328657,0.14006437164203867,-0.1971369575748424,0.3602204447462367,0.058809791163350944
L3_p0.04_c0.05_s0.1,3.0,0.04,0.05,0.1,0.21413123491693642,0.1272649205022535,1.2399967103469418,-0.20565206221136456,1.0412306719144744,0.08425177009110874,0.13349689676613696,0.23483523546233037,-0.20393263614376955,0.4131352964599176,0.06198085780973073
L3_p0.04_c0.05_s0.12,3.0,0.04,0.05,0.12,0.24049401560465644,0.1343337374403253,1.3442200757170666,-0.20521904614679798,1.1718893549121432,0.04815290512806758,0.1394429720869514,-0.0190630621478007,-0.24237091002646916,0.1986744412636353,0.04749692943139516
L3_p0.04_c0.05_s0.15,3.0,0.04,0.05,0.15,0.2584087825072514,0.1401884217861806,1.397786917072123,-0.20521904614679798,1.2591851846071127,0.08294014136998329,0.15207837086314427,0.21558063958025778,-0.2366127663975992,0.35053113419337817,0.063070204307627
L3_p0.04_c0.05_s0.2,3.0,0.04,0.05,0.2,0.24357166843717182,0.14454380109210188,1.2767608109035433,-0.20521904614679798,1.186886271086843,0.042000377086724106,0.14546579379441843,-0.05411470008511166,-0.2420360152113561,0.17352945201170825,0.07198207101870135
L3_p0.04_c0.06_soff,3.0,0.04,0.06,,0.21702091299252313,0.16015107919784488,1.0304660565747505,-0.20586183152357562,1.0542066559223706,0.08556214906755688,0.14440573542385673,0.23625570426924164,-0.19281817676754998,0.44374524488272427,0.0431315675651025
L3_p0.04_c0.06_s0.1,3.0,0.04,0.06,0.1,0.19225522272748496,0.13268979223816402,1.0554603187873444,-0.2062948475881421,0.9319438898993416,0.07770507248641612,0.13686904865090757,0.18697206362015228,-0.2132452896016297,0.3643929140548869,0.07467110119799925
L3_p0.04_c0.06_s0.12,3.0,0.04,0.06,0.12,0.20438238474721526,0.14365308271389374,1.0571436691444354,-0.20586183152357562,0.9928133993299728,0.0551876158980511,0.1451900386372464,0.03471035080774304,-0.24537988077456563,0.22490684942810302,0.043482731646674155
L3_p0.04_c0.06_s0.15,3.0,0.04,0.06,0.15,0.22178577871502458,0.15421555907837436,1.0896078684953046,-0.20586183152357562,1.0773525965138677,0.07936299303483696,0.15024365349990704,0.19357346160449776,-0.22726262277288367,0.3492126952796319,0.04618837007935195
L3_p0.04_c0.06_s0.2,3.0,0.04,0.06,0.2,0.22021291846794933,0.1578943435384253,1.0597735014540164,-0.20586183152357562,1.0697122280422837,0.06219445611832364,0.14756773113282723,0.08256981731510028,-0.23266780737960735,0.26731010541931466,0.05184950885052331
L3_p0.04_c0.07_soff,3.0,0.04,0.07,,0.20954080759495608,0.15769799420770364,1.0041596479258166,-0.20673727395897712,1.0135608522947597,0.08038846367766861,0.14445223007822014,0.20215653113309176,-0.2199004216815903,0.3655675740088797,0.06154753044642858
L3_p0.04_c0.07_s0.1,3.0,0.04,0.07,0.1,0.20148010885849166,0.1358561023763749,1.0916979977182888,-0.20717029002354348,0.9725337973683139,0.11363545544980225,0.13358989703297958,0.44088457736871084,-0.16736203021011076,0.6789799054608818,0.0689593373843338
L3_p0.04_c0.07_s0.12,3.0,0.04,0.07,0.12,0.21994378921081692,0.1458382808075395,1.1329857372190357,-0.20673727395897712,1.0638806684394047,0.10397874255546746,0.14218320049207306,0.3596202609521936,-0.19939547422090775,0.5214699228342099,0.0650724716168547
L3_p0.04_c0.07_s0.15,3.0,0.04,0.07,0.15,0.23223480211878456,0.15224215143403075,1.1585060412531223,-0.20673727395897712,1.1233329997611698,0.11871149041330775,0.14921682643343265,0.4409746853780838,-0.1859036996406055,0.63856443224532,0.09240882593209165
L3_p0.04_c0.07_s0.2,3.0,0.04,0.07,0.2,0.2477588425996502,0.15595400867530324,1.2164331361404024,-0.20673727395897712,1.19842367007709,0.1118528628738995,0.1475977939597962,0.4011689815426999,-0.18623440616270348,0.6006025695175755,0.09767137659956093
L3_p0.05_c0.02_soff,3.0,0.05,0.02,,0.19585283540151655,0.1308680261018678,1.0921097052094955,-0.19860870877979042,0.9861241060615853,0.03764954527849018,0.14298256199720963,-0.08762686047791098,-0.2235192845576104,0.16843980756741506,0.01699790461340034
L3_p0.05_c0.02_s0.1,3.0,0.05,0.02,0.1,0.20064870362648435,0.09116524831553154,1.5626796513907133,-0.09147173047109369,2.193559721600457,0.08377292079679521,0.0948871665751368,0.2792318490976181,-0.13204977797935713,0.6344041018371961,0.07656610698106925
L3_p0.05_c0.02_s0.12,3.0,0.05,0.02,0.12,0.20329037118255355,0.10533366175132809,1.387145900459908,-0.11564394302041947,1.7578989947329813,0.027949429729937858,0.12089867046473302,-0.20766570217847918,-0.22689652616848777,0.12318139110328777,0.01837178637916237
L3_p0.05_c0.02_s0.15,3.0,0.05,0.02,0.15,0.21156488987230415,0.11306902251491771,1.361572573489404,-0.13066299686068372,1.6191645297855837,0.0757997823179648,0.13327666735329022,0.17473104627221578,-0.23039952513163842,0.32899278882912936,0.06432482280547824
L3_p0.05_c0.02_s0.2,3.0,0.05,0.02,0.2,0.19978713915771795,0.12785604448607443,1.140668537422817,-0.1792336186659239,1.114674471479059,0.06003453566614425,0.13844128848866194,0.06352434787336715,-0.23089148888576627,0.260011904102045,0.046130997906609794
L3_p0.05_c0.03_soff,3.0,0.05,0.03,,0.19933244113883575,0.13071760851601089,1.1157620429921007,-0.18453426560693564,1.0801920200740427,0.03662147017430328,0.14329541748710312,-0.0942491119707948,-0.22534541174123257,0.162512606275544,0.02925380485070428
L3_p0.05_c0.03_s0.1,3.0,0.05,0.03,0.1,0.20735477138887304,0.09377942542520264,1.5821241335083498,-0.09981960710691362,2.0772950064488023,0.08384730190368672,0.09889054448534085,0.27263701305528937,-0.14351280842898984,0.5842496068577349,0.07523739922387374
L3_p0.05_c0.03_s0.12,3.0,0.05,0.03,0.12,0.20882297647795212,0.10418439469254895,1.4460395701467412,-0.1196090059352285,1.7458800434394999,0.03704246917938647,0.12400619967525214,-0.12625151593388179,-0.2342629022309085,0.15812349640778553,0.02181341025671002
L3_p0.05_c0.03_s0.15,3.0,0.05,0.03,0.15,0.21224746181657506,0.11325161128074139,1.3646032613699333,-0.1324649450088511,1.602291548170673,0.07096893049399111,0.132534117735249,0.14003844867245444,-0.23210278662123318,0.3057650945389328,0.055319183342813494
L3_p0.05_c0.03_s0.2,3.0,0.05,0.03,0.2,0.2076333029954216,0.12815510248245243,1.1900127466003394,-0.17686495850515438,1.1739651808380716,0.05776233889314142,0.14009047462967392,0.048633555057156344,-0.2250286188387579,0.25668885669395886,0.05071783162857102
L3_p0.05_c0.04_soff,3.0,0.05,0.04,,0.20610684780027233,0.12931003157169207,1.1707875645620018,-0.17883415215338272,1.1525027256734404,0.05582379247126701,0.13636754894020078,0.03228336825676806,-0.19065414352293064,0.2928013597803233,0.03654504660903002
L3_p0.05_c0.04_s0.1,3.0,0.05,0.04,0.1,0.21117776236583108,0.09618860648894356,1.5782869587394217,-0.11782551819572262,1.7922922436465667,0.08650637895869129,0.09874398712032857,0.2983971996498375,-0.1484397213441926,0.5827710950636036,0.07757396056423294
L3_p0.05_c0.04_s0.12,3.0,0.05,0.04,0.12,0.2244890452940249,0.11145564338741547,1.4762034451534216,-0.15742652157360104,1.4259925395675492,0.06021106674094634,0.12930321639138984,0.060011240586466216,-0.23173335075588763,0.2598290947096943,0.06435003477641765
L3_p0.05_c0.04_s0.15,3.0,0.05,0.04,0.15,0.22295455833042688,0.11527159064359571,1.4201913642921702,-0.14743637099512075,1.5122086689030438,0.10715881302534136,0.1374150697402002,0.38883757002016456,-0.18840486031631376,0.5687688356098243,0.09359365331939995
L3_p0.05_c0.04_s0.2,3.0,0.05,0.04,0.2,0.20765230696852255,0.12904104360829888,1.1828963397029222,-0.19411243794593025,1.0697527122211705,0.044630233817196885,0.13275372194442026,-0.05308910879209799,-0.18936554199865452,0.23568297244656047,0.07734901400706828
L3_p0.05_c0.05_soff,3.0,0.05,0.05,,0.20993320432229345,0.13070251918806597,1.1843616078416268,-0.17511308402671422,1.1988436243305913,0.04151762919464708,0.14843033213930004,-0.05328586570978936,-0.2254402079923572,0.1841624862058972,0.03911608170628633
L3_p0.05_c0.05_s0.1,3.0,0.05,0.05,0.1,0.22560726669729236,0.11345203306719731,1.4603263051681727,-0.11951637735815812,1.887668214885803,0.08787869512854374,0.09881937015051047,0.31138280228558113,-0.14419616372996058,0.6094385097034631,0.08457239148681106
L3_p0.05_c0.05_s0.12,3.0,0.05,0.05,0.12,0.23882974358694908,0.12008753170006835,1.477083282777038,-0.13523343451131908,1.7660554466429599,0.048016793389965784,0.1270358869092776,-0.035023423200322625,-0.2218064891704138,0.2164805618156397,0.029884753393727426
L3_p0.05_c0.05_s0.15,3.0,0.05,0.05,0.15,0.2373871017724276,0.12220465463092571,1.4440986444146156,-0.1390772189886218,1.7068726531830403,0.10726647858614324,0.13838946314698367,0.3877579949191268,-0.18842615466987211,0.5692759520252223,0.107946741607571
L3_p0.05_c0.05_s0.2,3.0,0.05,0.05,0.2,0.22001642683596145,0.13005548197526132,1.2542680788683915,-0.17227972691093663,1.2770883189854558,0.045568045976115634,0.13447112669955016,-0.043833448817200096,-0.1913283622637253,0.2381667068957871,0.04670058498122809
L3_p0.05_c0.06_soff,3.0,0.05,0.06,,0.21903689690938322,0.13961009206342156,1.172039158768198,-0.1866983388086889,1.173212886129811,0.06304855088705041,0.13888631012806044,0.08469407874495234,-0.19089142205125786,0.33028488241928816,0.055975668891149466
L3_p0.05_c0.06_s0.1,3.0,0.05,0.06,0.1,0.2153191048597347,0.11799601593301191,1.3361316229647362,-0.14358703311906373,1.4995720726480228,0.07044844653381843,0.10623637113517254,0.14032073592167071,-0.15258117564303186,0.4617112578725612,0.07841499137350105
L3_p0.05_c0.06_s0.12,3.0,0.05,0.06,0.12,0.23150782112099755,0.12453767311054849,1.3804729728711609,-0.16638722127920413,1.3913798147546352,0.07902309589111489,0.12679769299863974,0.20126037920578466,-0.23604741963504805,0.3347763598233447,0.06329891298241708
L3_p0.05_c0.06_s0.15,3.0,0.05,0.06,0.15,0.2288857834282485,0.1291198219333291,1.3193508239397007,-0.1667977645482086,1.3722353177107176,0.09501469240513982,0.14327002012441056,0.2994071225592455,-0.18952090782071196,0.5013414799333082,0.04431028415572946
L3_p0.05_c0.06_s0.2,3.0,0.05,0.06,0.2,0.20574581478618126,0.13891663426799972,1.096901437568415,-0.1727495264107186,1.191006534495572,0.06250254656431853,0.1364649911625187,0.07991290763227889,-0.19617431036162658,0.3186071940260766,0.06524886150472509
L3_p0.05_c0.07_soff,3.0,0.05,0.07,,0.23353989647958318,0.13900883930358604,1.2629302996305172,-0.1789834207246963,1.304813013037688,0.07933357158943632,0.13801349782374445,0.19775210461494777,-0.19285689037017573,0.4113597986422,0.08067599594455932
L3_p0.05_c0.07_s0.1,3.0,0.05,0.07,0.1,0.20299605760539996,0.1093361668935153,1.33815823935962,-0.1169388873435212,1.7359157609314009,0.07975693845978427,0.1216630550505726,0.21030922791335202,-0.17407121764628586,0.45818567560003526,0.07022694134308605
L3_p0.05_c0.07_s0.12,3.0,0.05,0.07,0.12,0.2148753692158487,0.11915554197373109,1.3212727125302797,-0.1534198615447272,1.4005707413130803,0.08481891511568374,0.1378703909879243,0.23588115572383705,-0.21674258727698636,0.3913347911054016,0.08601593546233932
L3_p0.05_c0.07_s0.15,3.0,0.05,0.07,0.15,0.23103986561462864,0.1306594636213267,1.3189571184278488,-0.16443852823030702,1.4050227042353605,0.1174067885561405,0.15243187223264998,0.4270520160258361,-0.18601011911669352,0.6311849544189868,0.0913688098069736
L3_p0.05_c0.07_s0.2,3.0,0.05,0.07,0.2,0.22644236455468625,0.13550622517080008,1.2486865654824255,-0.17778517914022485,1.2736852737093676,0.07951573664503475,0.1470506822006567,0.1956366035408797,-0.17828992681896394,0.44599119010113925,0.036292734628945
L3_p0.06_c0.02_soff,3.0,0.06,0.02,,0.18614807228884023,0.11898927785430106,1.1188860498517865,-0.17407280586925344,1.0693690571556396,0.04847630544621717,0.1314284913964604,-0.026161730485688407,-0.20659229078311425,0.23464721390358562,0.03484986707717197
L3_p0.06_c0.02_s0.1,3.0,0.06,0.02,0.1,0.18397163201900457,0.07438014965929493,1.705221557749087,-0.10561076253328294,1.7419780674438972,0.1035753169987057,0.08123940146981724,0.5408717553724723,-0.0967092917026342,1.0709965420611645,0.09737418217606342
L3_p0.06_c0.02_s0.12,3.0,0.06,0.02,0.12,0.20421645498451602,0.0905393338135388,1.6064371344968527,-0.1225393418245031,1.6665378803567286,0.05639073969732,0.1065016269511019,0.0125833100076565,-0.19992143742353619,0.28206449705468795,0.05866872179231453
L3_p0.06_c0.02_s0.15,3.0,0.06,0.02,0.15,0.20717793504758775,0.10136679047620673,1.4699916533722759,-0.14189053356222192,1.4601251390511965,0.06543250345925755,0.12356972571787825,0.0977022703494705,-0.21499611850853384,0.30434271982756905,0.10799479462564743
L3_p0.06_c0.02_s0.2,3.0,0.06,0.02,0.2,0.20309152653612728,0.11630595312307337,1.2659320511548202,-0.15336064301904273,1.3242740936532815,0.05527227901803178,0.12919150532765772,0.02258683959447826,-0.21711151078557234,0.2545801409517195,0.07340095094930521
L3_p0.06_c0.03_soff,3.0,0.06,0.03,,0.18571360314471752,0.120191596768506,1.105956624958392,-0.17637769099363698,1.0529313661976523,0.04787327189479096,0.13242161305628272,-0.0294421459592251,-0.20901731565258896,0.2290397412545566,0.0326383602565774
L3_p0.06_c0.03_s0.1,3.0,0.06,0.03,0.1,0.18958727785656704,0.07824342940672213,1.6863559376070831,-0.08669427308778288,2.1868489244335567,0.10505830589666032,0.08191052497076307,0.5539835169766038,-0.09794551575126298,1.072619865144828,0.09911327344858778
L3_p0.06_c0.03_s0.12,3.0,0.06,0.03,0.12,0.2028617130624948,0.09315567129837055,1.5515857195484901,-0.11517182644440671,1.7613831379188545,0.05906071351431086,0.10869865344556873,0.0384396054583055,-0.201245058954156,0.2934765892948706,0.059585488574402934
L3_p0.06_c0.03_s0.15,3.0,0.06,0.03,0.15,0.2005205465065325,0.10198348064800752,1.406640489789378,-0.1215191427649216,1.6501148867914488,0.06634902682347121,0.12318197154449287,0.1048406818810955,-0.21739162035266102,0.3052050797350757,0.09526613421883035
L3_p0.06_c0.03_s0.2,3.0,0.06,0.03,0.2,0.20633226412080874,0.11398387237957905,1.3133622468386759,-0.14891239796534472,1.38559493326289,0.055906013984529324,0.12870755169461864,0.027032524925397754,-0.21938925754475846,0.2548256674469292,0.06440087219715696
L3_p0.06_c0.04_soff,3.0,0.06,0.04,,0.1932520744488253,0.12501037196621972,1.1195888057286747,-0.19511046294956547,0.9904751981382949,0.0507371859790513,0.13705823598842912,-0.0034049612128975704,-0.2083230295564652,0.2435505382533772,0.0622230204521832
L3_p0.06_c0.04_s0.1,3.0,0.06,0.04,0.1,0.19390890437012165,0.09151651830415723,1.4946668339604632,-0.13459610414831735,1.4406724889781721,0.10843093453790353,0.08502552064409705,0.573654338817594,-0.10161857575545019,1.0670385186154114,0.09104007010597703
L3_p0.06_c0.04_s0.12,3.0,0.06,0.04,0.12,0.21688789960091293,0.09508809412152171,1.6458475099620469,-0.1200555473178524,1.8065629156368141,0.056800334351278625,0.1124083173179585,0.021311755908954264,-0.21468762089423443,0.2645720051984797,0.05129628636993511
L3_p0.06_c0.04_s0.15,3.0,0.06,0.04,0.15,0.2115062183057259,0.10209743379396001,1.4958543826366708,-0.12187750629862704,1.7353999497453498,0.07704127594734889,0.12400110361897752,0.18775391040900827,-0.2169099343013794,0.35517633710729934,0.09135339078522886
L3_p0.06_c0.04_s0.2,3.0,0.06,0.04,0.2,0.2087830744297572,0.11712146187907183,1.2988648077005733,-0.15853822626398495,1.3169257620058685,0.06943621398567301,0.13029931437247308,0.12878863884595199,-0.21096417706623505,0.3291374628208683,0.0553985065129019
L3_p0.06_c0.05_soff,3.0,0.06,0.05,,0.1875166184652861,0.13237399847885764,1.0274593930510576,-0.1921465672355499,0.9759040776170204,0.056793077375686174,0.13767676540735865,0.040187236699812647,-0.2096325368371198,0.27091728332140175,0.03643177653877694
L3_p0.06_c0.05_s0.1,3.0,0.06,0.05,0.1,0.21183779949754777,0.10254177684252407,1.4922073155473448,-0.12512211492588654,1.6930484241177146,0.12472165600253482,0.0863525116860543,0.7400044300226172,-0.09868034111973334,1.2638956714914915,0.10539185374283
L3_p0.06_c0.05_s0.12,3.0,0.06,0.05,0.12,0.21902663389233035,0.1105576367561797,1.4462887490381815,-0.11721481936066092,1.8685916600562458,0.06031527375387902,0.11183896818021871,0.051336831217935676,-0.21786346372562537,0.27684896183345065,0.04953461952471305
L3_p0.06_c0.05_s0.15,3.0,0.06,0.05,0.15,0.2179103570251908,0.11389453687016227,1.3992436594358628,-0.12820320530429608,1.6997262783560736,0.0872400484227176,0.12382208375815364,0.2661270176098543,-0.21771975009763989,0.4006988267421463,0.09599630672674286
L3_p0.06_c0.05_s0.2,3.0,0.06,0.05,0.2,0.204390919636261,0.12531974429940562,1.1923038602151572,-0.16480490520114355,1.2401992488439766,0.07465727301098823,0.13198609831754182,0.1667875756799278,-0.21187369608592044,0.3523668789008746,0.06277819769942106
L3_p0.06_c0.06_soff,3.0,0.06,0.06,,0.22206049868310385,0.12848100737083434,1.281351794824707,-0.15271893370960332,1.454046942898084,0.06720618096178477,0.13865076795529055,0.1137105239208291,-0.175317719270785,0.38333935235594885,0.046130417738576845
L3_p0.06_c0.06_s0.1,3.0,0.06,0.06,0.1,0.2093169817274887,0.1055903236378491,1.432259917295437,-0.12181571538528446,1.7183085209116995,0.1094915663216871,0.0957804243941622,0.5296446710211388,-0.0985017546767073,1.1115697043270902,0.0962661645922549
L3_p0.06_c0.06_s0.12,3.0,0.06,0.06,0.12,0.21614915942949886,0.11006649877693175,1.4305207909788016,-0.13627726898558779,1.5860984083292573,0.0664093554010845,0.11974877369535372,0.10479031160627528,-0.22339521089649506,0.2972729591408015,0.053237204097160706
L3_p0.06_c0.06_s0.15,3.0,0.06,0.06,0.15,0.21955637883011248,0.11839818453324488,1.3620899930247374,-0.14516402585388566,1.5124709964375485,0.09406261084472711,0.12699477183566193,0.3132392181037321,-0.18239582498894436,0.5157059425588748,0.10097860351992383
L3_p0.06_c0.06_s0.2,3.0,0.06,0.06,0.2,0.22606015797534318,0.12800775436933448,1.3115485325619378,-0.15271893370960332,1.4802366182388293,0.08547112939446211,0.1360107435890405,0.24162226849605914,-0.17754202144921338,0.4814135194405876,0.046701340540107106
L3_p0.06_c0.07_soff,3.0,0.06,0.07,,0.19079186064536802,0.13094832856674507,1.0585249415522096,-0.21099222774537074,0.9042601364236937,0.08445895469457021,0.14069237024665332,0.2314150789309671,-0.19768639848369873,0.4272370549637724,0.036042012872482765
L3_p0.06_c0.07_s0.1,3.0,0.06,0.07,0.1,0.19014698458099688,0.10076479482748135,1.3347902496244863,-0.10759820131541076,1.767194825344753,0.1074937913555789,0.10714033072212577,0.4669029946783541,-0.15391647419766719,0.6983904219215029,0.08955266274394846
L3_p0.06_c0.07_s0.12,3.0,0.06,0.07,0.12,0.20750542667832717,0.10999429265635317,1.365523928757675,-0.14479801147552007,1.4330682069719485,0.08669268319476142,0.1245751244176151,0.26121859473836473,-0.20677473985794015,0.41926147871989417,0.08220091280329744
L3_p0.06_c0.07_s0.15,3.0,0.06,0.07,0.15,0.2115620078737288,0.12089397196559913,1.2811792489192784,-0.1611736174516497,1.312634233932207,0.12282172147753778,0.13072217403066516,0.5124110327994778,-0.19782019047873634,0.6208755596701332,0.1054813309325846
L3_p0.06_c0.07_s0.2,3.0,0.06,0.07,0.2,0.19352696407730807,0.13067928270434498,1.078264177271067,-0.19146962584886174,1.0107449848472065,0.08026011886240036,0.14029918027841934,0.2032050888519267,-0.19999874883257807,0.40130310479885706,0.05053413962737219
L3_p0.07_c0.02_soff,3.0,0.07,0.02,,0.17111958235752578,0.11386322113638128,1.0500851342628128,-0.17043556280718541,1.0040133616428057,0.054558959518286265,0.12470443894028221,0.013273313189303942,-0.1652203074569838,0.33021945279027554,0.0359731256424447
L3_p0.07_c0.02_s0.1,3.0,0.07,0.02,0.1,0.1879410214833348,0.0756680252573494,1.7222351401371268,-0.08463571361911659,2.2205876626635392,0.09302942023767358,0.062440800278258914,0.523702869841713,-0.07413588357584044,1.2548500908133804,0.09298815078016154
L3_p0.07_c0.02_s0.12,3.0,0.07,0.02,0.12,0.20184135026303385,0.08702109863356886,1.6443742556580792,-0.09310623882360214,2.1678606376253673,0.07426830772835946,0.07584566270154804,0.20849619176088494,-0.10183968742237348,0.729266846826979,0.07205473525570616
L3_p0.07_c0.02_s0.15,3.0,0.07,0.02,0.15,0.20971477500505098,0.0946236423321962,1.5900065444442628,-0.11286113314700574,1.858166484398928,0.09825817617029253,0.10040509100873161,0.4053465467817045,-0.14601749988507684,0.6729205488905555,0.10513266998622739
L3_p0.07_c0.02_s0.2,3.0,0.07,0.02,0.2,0.18258079248842418,0.10772325311030798,1.1954134171747572,-0.13706887785287525,1.3320368222785026,0.09259985021234307,0.11459767808966051,0.32205460068657027,-0.11362518456196902,0.8149588541424183,0.07064121221090836
L3_p0.07_c0.03_soff,3.0,0.07,0.03,,0.20186616811850988,0.1091231456610303,1.33200652762445,-0.13232803483030542,1.525498118198299,0.04454137907937317,0.12604641919467932,-0.06345908217878751,-0.17251600604181372,0.2581869363969475,0.0427595488957373
L3_p0.07_c0.03_s0.1,3.0,0.07,0.03,0.1,0.1897968373093304,0.07470076099697176,1.7648404458899505,-0.06739476346682038,2.8161956144080937,0.0910934916837105,0.06329415319501987,0.48865134951825584,-0.07876545655742662,1.1565157578601188,0.09185539973610224
L3_p0.07_c0.03_s0.12,3.0,0.07,0.03,0.12,0.21153598879293067,0.08653011686768151,1.7476380571762147,-0.09897113226072873,2.1373503966354757,0.07593124364346893,0.0763890680484554,0.22834982649076815,-0.10692344602135184,0.7101458704230876,0.07292651442658515
L3_p0.07_c0.03_s0.15,3.0,0.07,0.03,0.15,0.21983141147487473,0.09450854512563556,1.6812896291869903,-0.09666352512963905,2.274191957928812,0.0877826134205335,0.10726728318876104,0.29409888476377416,-0.15990656046934448,0.548961926032811,0.0913255362687948
L3_p0.07_c0.03_s0.2,3.0,0.07,0.03,0.2,0.20335921620292163,0.10675945770130509,1.370821981165445,-0.13140906075240344,1.5475281159347472,0.08547432648194375,0.11943561677379023,0.25735907093606314,-0.12721340159410466,0.6718971854448456,0.07996165544315059
L3_p0.07_c0.04_soff,3.0,0.07,0.04,,0.20144073009648245,0.11081947764464271,1.310054446436997,-0.1296688648248473,1.553501145927223,0.07704238127691854,0.1258776738948824,0.1867205764017862,-0.12126042570923345,0.6353464522849032,0.040342395699452194
L3_p0.07_c0.04_s0.1,3.0,0.07,0.04,0.1,0.1931548974948396,0.08255388796651655,1.6395021466265518,-0.108686211782273,1.7771794078330703,0.09519417320000723,0.06399495203927172,0.544332641801513,-0.07701803061522194,1.2359985374800395,0.09368578439496411
L3_p0.07_c0.04_s0.12,3.0,0.07,0.04,0.12,0.2040707217415596,0.08578275977696619,1.6888498469916982,-0.08966096150546421,2.276026470328705,0.07728120590201537,0.07912137457353861,0.23945837816608512,-0.1169798384941847,0.6606369687017235,0.07445859451825765
L3_p0.07_c0.04_s0.15,3.0,0.07,0.04,0.15,0.21712042989151303,0.09732864169554872,1.6121255008240212,-0.10199183006842016,2.1288021770553587,0.10734588279978663,0.1057568353737111,0.4702360159268451,-0.14701697899234678,0.730159764780466,0.09505132343135836
L3_p0.07_c0.04_s0.2,3.0,0.07,0.04,0.2,0.20274678688853331,0.10890391030779961,1.3412070228819495,-0.12982629792714362,1.5616773344512331,0.09245804795065427,0.11977283510958306,0.31207844134501234,-0.148529930694296,0.6224876529495678,0.07899480676250681
L3_p0.07_c0.05_soff,3.0,0.07,0.05,,0.1831105952541563,0.11614969785654632,1.1207793293683657,-0.16174584822571936,1.1320883797809884,0.08250504272396553,0.1262782278523887,0.22775483739110755,-0.12356009243705457,0.6677321220522412,0.05006130646641882
L3_p0.07_c0.05_s0.1,3.0,0.07,0.05,0.1,0.18719054814894198,0.09249382488536202,1.4180178236169398,-0.12287091381391346,1.5234732316912678,0.10207046177707979,0.06630300183824737,0.6248279282112531,-0.07741165286453,1.3185413048304573,0.09958551688867123
L3_p0.07_c0.05_s0.12,3.0,0.07,0.05,0.12,0.20064816646153427,0.09729972704201281,1.4704450825671314,-0.10178068480470759,1.9713776424920835,0.08585259434666681,0.08042275558708169,0.33826959575850923,-0.1213160358343428,0.7076772147739696,0.08110418265410968
L3_p0.07_c0.05_s0.15,3.0,0.07,0.05,0.15,0.20632272985341338,0.10367430888239462,1.4325069250002767,-0.1033496266412619,1.9963567993291607,0.11199793002396463,0.1068937222886039,0.5067291491381146,-0.14845218599501953,0.7544377287089736,0.09619954474340209
L3_p0.07_c0.05_s0.2,3.0,0.07,0.05,0.2,0.1970720329091622,0.1155621991930777,1.2289862520522559,-0.14886505985380238,1.3238300048560958,0.10019481042578615,0.11998881868417856,0.3722524919502269,-0.15003744161880672,0.6677987130728777,0.07554186872137425
L3_p0.07_c0.06_soff,3.0,0.07,0.06,,0.20127455668521033,0.11988107892740722,1.2188797677518992,-0.14482861483729548,1.3897430208203525,0.09373478365279841,0.12775042150407462,0.3097330814298285,-0.12319694102206269,0.7608531743983152,0.05884017639252859
L3_p0.07_c0.06_s0.1,3.0,0.07,0.06,0.1,0.20334185225479384,0.09496028833830468,1.5280267313479317,-0.08915887880092421,2.280668565929589,0.10979323582628675,0.06986052757947182,0.6993327330216337,-0.07726718069563243,1.4209556352104986,0.10986132596430886
L3_p0.07_c0.06_s0.12,3.0,0.07,0.06,0.12,0.2120188045988456,0.10410918581577779,1.4728890395233616,-0.1216893062829082,1.742296106988528,0.10718194980971352,0.08594636852980922,0.55476060818195,-0.12406281809149144,0.8639328967255205,0.1053694064211863
L3_p0.07_c0.06_s0.15,3.0,0.07,0.06,0.15,0.21311332260339433,0.11108679168106436,1.3955631192643585,-0.11392162619565327,1.870701198009459,0.11440805321376812,0.11732442294997239,0.49063402812720963,-0.14997770964706714,0.7628337136431621,0.09407728517620795
L3_p0.07_c0.06_s0.2,3.0,0.07,0.06,0.2,0.20887437399377107,0.1219638185134231,1.2526888192222807,-0.15418513996507388,1.354698475100035,0.0863154336658285,0.12925719929130505,0.2534647457030741,-0.15146051890278334,0.5698873494632026,0.08535335365042718
L3_p0.07_c0.07_soff,3.0,0.07,0.07,,0.19234209783902423,0.1280452264666751,1.089888004003296,-0.15967232610414472,1.2046050967753232,0.07088949024294644,0.12590907539914714,0.1399333355104663,-0.1799670365208602,0.39390263691278565,0.05219849233330276
L3_p0.07_c0.07_s0.1,3.0,0.07,0.07,0.1,0.2002737222702642,0.09940131703965524,1.4381850081420564,-0.08653736420068547,2.3143034701844756,0.10731250466068243,0.07694158244822505,0.6117846545795625,-0.07945344905073959,1.3506336847900944,0.10752235195811854
L3_p0.07_c0.07_s0.12,3.0,0.07,0.07,0.12,0.21512742346861424,0.10553474092875374,1.479078010608641,-0.11961788486740121,1.7984553372356253,0.06503373712271987,0.11120485889279456,0.09209264650243192,-0.18578460828950027,0.35004911182620985,0.06661351707135044
L3_p0.07_c0.07_s0.15,3.0,0.07,0.07,0.15,0.20885593103179145,0.11320186953663405,1.340049159254655,-0.11860807494371894,1.7608913316474977,0.10498757502016942,0.12643479930564722,0.39501953355453656,-0.16987389625899518,0.618032418942708,0.11240192517793801
L3_p0.07_c0.07_s0.2,3.0,0.07,0.07,0.2,0.19813631945891919,0.12834438899238354,1.1260070581463766,-0.1700372746595269,1.165252265161602,0.08967649616650064,0.1284063411938561,0.27900349630864124,-0.1388560641680242,0.6458234050043841,0.06687615916511747
L4_p0.02_c0.02_soff,4.0,0.02,0.02,,0.28106728812337334,0.21666564768990776,1.0520607014938295,-0.37355892659856094,0.7524041539647579,0.013863235873086355,0.17169555780716578,-0.1855151026354733,-0.32056033388495886,0.04324688493137621,-0.021291489642369155
L4_p0.02_c0.02_s0.1,4.0,0.02,0.02,0.1,0.28528575625016717,0.20641188756617762,1.1097339325529298,-0.37355892659856094,0.7636967983815439,0.08417400269837305,0.16813239119085435,0.21747473401400647,-0.2813866481506656,0.29914000273851993,0.08613289683336833
L4_p0.02_c0.02_s0.12,4.0,0.02,0.02,0.12,0.29247557793955803,0.21103257743573203,1.116959557843024,-0.37355892659856094,0.782943619103666,0.009176157772901483,0.1798786932961649,-0.1952369983675636,-0.34188828350950273,0.02683963802066482,0.038514878951021236
L4_p0.02_c0.02_s0.15,4.0,0.02,0.02,0.15,0.2731179548496989,0.2154496773992916,1.0272700043323915,-0.37355892659856094,0.7311241557967124,-0.0028481586637376655,0.1821010958886743,-0.2586304043892266,-0.3250903923078765,-0.008761128384994902,0.058629892395265504
L4_p0.02_c0.02_s0.2,4.0,0.02,0.02,0.2,0.27576323098376876,0.21954721155986742,1.0219132574152887,-0.37355892659856094,0.7382054378802552,0.022416895125022318,0.18015809622255982,-0.12057914026446455,-0.3003111287178901,0.07464556914932237,0.05393847550091713
L4_p0.02_c0.03_soff,4.0,0.02,0.03,,0.26854174851027546,0.21885841882542187,0.9980047568132494,-0.3763445882406602,0.7135528366852766,0.002158505597738447,0.1759937060452081,-0.24461681802649116,-0.3151804447482618,0.006848475638970781,-0.006465841762853475
L4_p0.02_c0.03_s0.1,4.0,0.02,0.03,0.1,0.2777334655119541,0.207188649530094,1.077463107623079,-0.3763445882406602,0.7379765092685551,0.06646627132861749,0.1650433927224516,0.1157134997666368,-0.2840498682132706,0.23399507891590787,0.04927771611570764
L4_p0.02_c0.03_s0.12,4.0,0.02,0.03,0.12,0.2880246003733129,0.20923530835086535,1.1079679760324248,-0.3763445882406602,0.7653214882663079,0.02479003267100377,0.17810190311569019,-0.11029316526887135,-0.33980742604632674,0.07295318103973421,0.017938226047135686
L4_p0.02_c0.03_s0.15,4.0,0.02,0.03,0.15,0.2719973940761571,0.21818271712731235,1.0130239375156993,-0.3763445882406602,0.722734968364215,0.02147923645842753,0.17529533763490532,-0.13429416615221845,-0.32591028791548604,0.06590536492667409,0.06633884416004165
L4_p0.02_c0.03_s0.2,4.0,0.02,0.03,0.2,0.27413007790937827,0.21873155901038138,1.0189047433196572,-0.3763445882406602,0.7284018064159885,0.0016496707245379216,0.17860827024431752,-0.24138853826482976,-0.302487641869695,0.005453679741563007,0.060482962378910265
L4_p0.02_c0.04_soff,4.0,0.02,0.04,,0.26061374723524877,0.2205075359617675,0.9638376521026336,-0.3758267763237291,0.693441137389215,0.020910357869686536,0.16624239003442864,-0.15431527926484037,-0.3129268365559523,0.0668218747226165,-0.040203972167513924
L4_p0.02_c0.04_s0.1,4.0,0.02,0.04,0.1,0.31420392008585574,0.20364074492065942,1.233368597369033,-0.3758267763237291,0.8360338855026318,0.0705096956297715,0.16566306242531806,0.13931537331749136,-0.2667570153378884,0.26432180439738473,0.03542319333663224
L4_p0.02_c0.04_s0.12,4.0,0.02,0.04,0.12,0.30287913033499225,0.21565053223377134,1.1356905937849013,-0.3758267763237291,0.805900881511696,-0.02778903659853349,0.17897854387270226,-0.411538428787404,-0.37055537441747877,-0.07499293902353588,0.03798489270142724
L4_p0.02_c0.04_s0.15,4.0,0.02,0.04,0.15,0.26059042473846405,0.21848968880457287,0.970351486732002,-0.3758267763237291,0.6933790808827232,0.029736342084765832,0.17908035418996085,-0.08128493926636511,-0.3383103852810677,0.0878966280034854,0.04717089900963445
L4_p0.02_c0.04_s0.2,4.0,0.02,0.04,0.2,0.25537582609352816,0.22262721468630337,0.9377470253577755,-0.3758267763237291,0.6795040752326623,-0.029180696187411814,0.18444925821419778,-0.40225526609680995,-0.33547972421554173,-0.08698199646981813,0.002007127332672054
L4_p0.02_c0.05_soff,4.0,0.02,0.05,,0.2670582859426709,0.22092121396615474,0.985860184017602,-0.37670085587351276,0.7089399500391439,-0.017348040512662255,0.18107913308312523,-0.34418637870225116,-0.34724017446381406,-0.049959773633480004,0.0008079555457722876
L4_p0.02_c0.05_s0.1,4.0,0.02,0.05,0.1,0.2757818605378404,0.21022960610563354,1.0577807836447386,-0.37670085587351276,0.7320977806072237,0.08633859000765254,0.1609651134661064,0.23249427694535885,-0.3008837794392114,0.28694996509473125,0.09071492831140504
L4_p0.02_c0.05_s0.12,4.0,0.02,0.05,0.12,0.26051107450674205,0.21878540588055712,0.9689675087910692,-0.37670085587351276,0.6915595503563589,0.0319830488137387,0.17080632738189253,-0.08065416121947049,-0.32385784471146173,0.09875644310000802,0.05956074197597405
L4_p0.02_c0.05_s0.15,4.0,0.02,0.05,0.15,0.33957559267932824,0.21605969305441264,1.264738530566986,-0.37670085587351276,0.9014462998548368,0.03672130494703163,0.18213702201954532,-0.0386341993911975,-0.34931393693387847,0.10512407626605118,0.05207946412240627
L4_p0.02_c0.05_s0.2,4.0,0.02,0.05,0.2,0.23029701388057222,0.22518998734063422,0.8384742182206815,-0.37670085587351276,0.6113525103269224,0.0037105664311167796,0.17853175390038512,-0.22960130441194201,-0.34698002935289074,0.010693890475589893,0.008988440252976737
L4_p0.02_c0.06_soff,4.0,0.02,0.06,,0.24857321630177998,0.22246690688147996,0.9134418486726522,-0.3802007369543694,0.6537946725011556,0.06623991678917562,0.1854066370338096,0.12131467665515946,-0.31872072889267544,0.20783058892752768,0.008040302033820224
L4_p0.02_c0.06_s0.1,4.0,0.02,0.06,0.1,0.256419031199705,0.21869762503463644,0.954066833759888,-0.3802007369543694,0.6744306527487864,0.09075589807362205,0.1622799928430617,0.2575936557242332,-0.29144994157035264,0.31139446309243685,0.021558239807159207
L4_p0.02_c0.06_s0.12,4.0,0.02,0.06,0.12,0.2960962237904843,0.21729666854837804,1.1043387826062732,-0.3802007369543694,0.778789189527586,0.05789165510554617,0.1822505640434661,0.07568699582700734,-0.3067698546831933,0.1887136373465767,0.027582927508178035
L4_p0.02_c0.06_s0.15,4.0,0.02,0.06,0.15,0.26939326450909973,0.2261355495141322,0.9763472991915523,-0.3802007369543694,0.7085553454396158,0.0708621542178538,0.1797804134262328,0.14370464358573254,-0.3003856488117912,0.23590392716215614,0.05133576456864297
L4_p0.02_c0.06_s0.2,4.0,0.02,0.06,0.2,0.25789022621954505,0.22390726984393045,0.9427346010377645,-0.3802007369543694,0.6783001744957067,0.05838195640153909,0.16886220946854735,0.07021741488610414,-0.26848145418003955,0.21745247387698163,0.030911147692268992
L4_p0.02_c0.07_soff,4.0,0.02,0.07,,0.27165335481563546,0.22161710707976975,0.999485816763156,-0.381420961966888,0.7122140152308102,0.05909878866283025,0.16478658618330128,0.07214249284330941,-0.3201348507046068,0.18460592007635426,0.01759089870024999
L4_p0.02_c0.07_s0.1,4.0,0.02,0.07,0.1,0.2767283703160519,0.20994353045729844,1.062276742969769,-0.381420961966888,0.7255195647586755,0.08490912492046165,0.15476946002191536,0.22655658108744578,-0.2853830062786411,0.2975269131391742,0.09828820251178505
L4_p0.02_c0.07_s0.12,4.0,0.02,0.07,0.12,0.32206502482462374,0.20923338043954803,1.2347659313401134,-0.381420961966888,0.8443820789602615,0.10197760238964748,0.15846323074481786,0.3263105788998017,-0.2557767709855141,0.3986976690522963,0.04790626169754031
L4_p0.02_c0.07_s0.15,4.0,0.02,0.07,0.15,0.3136595828836588,0.2164486620132725,1.1706943140524195,-0.381420961966888,0.8223449001496889,0.10769811754127345,0.15189839934889618,0.36865273459484615,-0.2586285714073129,0.41642003029765884,0.06981613442846779
L4_p0.02_c0.07_s0.2,4.0,0.02,0.07,0.2,0.27165335481563546,0.22161710707976975,0.999485816763156,-0.381420961966888,0.7122140152308102,0.04423592884830185,0.16825936873759637,-0.012219961276994961,-0.2780440029062271,0.15909686375512594,0.01587960812087741
L4_p0.03_c0.02_soff,4.0,0.03,0.02,,0.26513517415830035,0.1983104487445756,1.0658225160621109,-0.3371610876467066,0.7863753673618515,0.014531575587596768,0.18577197183363733,-0.15432198161059343,-0.28692808117192414,0.05064535868446284,0.013429408822681621
L4_p0.03_c0.02_s0.1,4.0,0.03,0.02,0.1,0.2645120924379749,0.18467738239090056,1.127338339783132,-0.3376995382451484,0.7832764409821489,0.0875583623392695,0.15559561198387858,0.24249591227687659,-0.2157842787407619,0.4057680330106905,0.07192773434090771
L4_p0.03_c0.02_s0.12,4.0,0.03,0.02,0.12,0.29903826765224184,0.1875957363785523,1.2587541543149365,-0.3371610876467066,0.8869299530958576,0.001989415449048959,0.17441654621774588,-0.24911146175964957,-0.3430472107803041,0.005799246828224556,0.0207490355067268
L4_p0.03_c0.02_s0.15,4.0,0.03,0.02,0.15,0.2865580320446024,0.19279653165494542,1.17901226993431,-0.3371610876467066,0.8499143066737034,0.03600555112284787,0.1910721795271864,-0.03191135640283835,-0.2720564902714162,0.1323458634893329,0.016518545726583955
L4_p0.03_c0.02_s0.2,4.0,0.03,0.02,0.2,0.2649782084215919,0.19857053105696218,1.0640489508970845,-0.3371610876467066,0.7859098161981511,0.024164456892420416,0.1821866572616792,-0.10761646989189916,-0.2853059382166596,0.08469664894976729,0.04891029733293406
L4_p0.03_c0.03_soff,4.0,0.03,0.03,,0.2893229029497022,0.19753140092030827,1.1667368372274367,-0.3399459966699845,0.8510848952004969,-0.013343022426650974,0.1692022059359483,-0.3561192147216067,-0.29114609349320686,-0.04582930262453375,0.008621607372018003
L4_p0.03_c0.03_s0.1,4.0,0.03,0.03,0.1,0.2689226112652403,0.1836991544513014,1.151585505583365,-0.3404844472684264,0.7898234806984614,0.07572394192626697,0.1551384774490785,0.1701049398111136,-0.23642988355697292,0.3202807563368767,0.06011657772032164
L4_p0.03_c0.03_s0.12,4.0,0.03,0.03,0.12,0.29983354869154,0.19037937151464987,1.246325655513342,-0.3399459966699845,0.8820034700470817,0.0032186201105945944,0.17168925387404127,-0.24848543711686819,-0.3532726355736793,0.009110867320272002,0.02041615820624032
L4_p0.03_c0.03_s0.15,4.0,0.03,0.03,0.15,0.2973536133811183,0.19463635439643467,1.213393448222304,-0.3399459966699845,0.8747083839607197,0.04967876049690223,0.18612887495026104,0.034690236748321356,-0.27867979851003144,0.17826466346865102,0.029076119087946495
L4_p0.03_c0.03_s0.2,4.0,0.03,0.03,0.2,0.2640537500153697,0.19959424321884556,1.0559247150127562,-0.3399459966699845,0.7767520506255877,0.022642467963386093,0.185888164084969,-0.1099922396332255,-0.2871735893440138,0.07884592735393227,0.04931942564191383
L4_p0.03_c0.04_soff,4.0,0.03,0.04,,0.2616922215753792,0.20093344665911603,1.0407203337729638,-0.34274704769059283,0.7635141523133292,-0.04419531541464694,0.17841393210109607,-0.5119259176621507,-0.3025508954389384,-0.14607563911033458,0.035196432959413215
L4_p0.03_c0.04_s0.1,4.0,0.03,0.04,0.1,0.2748324323966538,0.18498098976713243,1.1703415214951212,-0.34328370536265573,0.8005985373127807,0.07567799352562976,0.16591771186442042,0.16935342483890012,-0.22919349709171566,0.33019258611576546,0.07203930716338558
L4_p0.03_c0.04_s0.12,4.0,0.03,0.04,0.12,0.2919148934596558,0.19384432135156263,1.1954691495400709,-0.34274704769059283,0.8516919268205496,-0.007500432459011885,0.17183099309525043,-0.31250515978947285,-0.3587009706388443,-0.02090998651510103,-0.00016230329248378972
L4_p0.03_c0.04_s0.15,4.0,0.03,0.04,0.15,0.2795404892242388,0.19474273469317388,1.140615216593148,-0.34274704769059283,0.8155883212058698,0.04727053910213086,0.1882357611138794,0.023881572037832983,-0.2893985988161427,0.16334059423750777,0.025696405064258077
L4_p0.03_c0.04_s0.2,4.0,0.03,0.04,0.2,0.26077118150099454,0.20121806742430026,1.0358476411074289,-0.34274704769059283,0.7608269225309268,0.01768819461352167,0.1901456783569257,-0.12948756450446763,-0.331361576316873,0.053380343038345754,0.018695607442938522
L4_p0.03_c0.05_soff,4.0,0.03,0.05,,0.2421432394487224,0.2027998831304263,0.9547696514670571,-0.3441171436175309,0.7036651440936421,0.01992451022256292,0.17602551851174245,-0.14176079556076188,-0.2942041103040368,0.06772342576034204,-0.0063352856548331005
L4_p0.03_c0.05_s0.1,4.0,0.03,0.05,0.1,0.28140340226656835,0.1856260062127107,1.1951470565857265,-0.3446533931747443,0.8164823206133146,0.09954719993362948,0.16550908779635043,0.3059302175623974,-0.22471863296929528,0.44298596257138695,0.10204333636945351
L4_p0.03_c0.05_s0.12,4.0,0.03,0.05,0.12,0.29537376880799515,0.19481323134542092,1.2044268529189064,-0.3441171436175309,0.8583523787942644,0.047723571518825114,0.1678549623592523,0.007856458314244714,-0.3053641493745327,0.15628413360434001,-3.237311617287908e-05
L4_p0.03_c0.05_s0.15,4.0,0.03,0.05,0.15,0.2846107202862067,0.1965939309863461,1.1522200108228535,-0.3441171436175309,0.8270750980152776,0.03669474034472198,0.17971710759452764,-0.04165419167958419,-0.32686059719470306,0.1122641904825983,0.034153098286093364
L4_p0.03_c0.05_s0.2,4.0,0.03,0.05,0.2,0.2624459316309833,0.20217763807358113,1.0385915239869294,-0.3441171436175309,0.7626645068363084,0.014361862463808883,0.165636426344929,-0.19540309993374722,-0.2952631087181177,0.04864089701609114,0.0329599651648147
L4_p0.03_c0.06_soff,4.0,0.03,0.06,,0.23875225359495023,0.21187226644039955,0.910117503899091,-0.3471394130970147,0.6877705169370278,0.01011591957208613,0.17415568858318506,-0.20233738442955765,-0.27836378033520437,0.036340645898344195,0.047837657906296016
L4_p0.03_c0.06_s0.1,4.0,0.03,0.06,0.1,0.23614928117691636,0.19804381376367766,0.947981058726999,-0.3476756712224709,0.679222910094877,0.1021749548311992,0.16538527951539228,0.32086449019776087,-0.2372090921346176,0.4307379363570697,0.07840195496576507
L4_p0.03_c0.06_s0.12,4.0,0.03,0.06,0.12,0.2432913124530891,0.20024651197454318,0.9690300650315911,-0.3471394130970147,0.7008461248538689,0.05436923941452276,0.17613321668210608,0.052728088110746134,-0.31113865451783596,0.17474279915100058,0.03176212103035603
L4_p0.03_c0.06_s0.15,4.0,0.03,0.06,0.15,0.25849953112417334,0.2037710641406998,1.0165664199841196,-0.3471394130970147,0.7446562429139406,0.08339870623031653,0.17458921849709375,0.21156094782078402,-0.3001741896269615,0.2778343678847253,0.050156163802798526
L4_p0.03_c0.06_s0.2,4.0,0.03,0.06,0.2,0.2535573725491993,0.21387802142876436,0.9600615133946336,-0.3471394130970147,0.7304194308767178,0.04959303722790254,0.177873119725841,0.027568496262659208,-0.3069450300686204,0.16156976777508192,0.051646724532036226
L4_p0.03_c0.07_soff,4.0,0.03,0.07,,0.251202480701358,0.21780149331478463,0.9379629008739689,-0.34859007246759155,0.7206243107359642,0.03216881807991556,0.1673706147953483,-0.08490532795799806,-0.27349196513829455,0.11762253440845696,0.01398258436560651
L4_p0.03_c0.07_s0.1,4.0,0.03,0.07,0.1,0.24734165287462218,0.20042863876471548,0.9848778961872479,-0.34912613660298053,0.7084592843184763,0.11644511808046554,0.1569390374261182,0.4135299744198472,-0.193850399907201,0.6006957846680199,0.06024494668978875
L4_p0.03_c0.07_s0.12,4.0,0.03,0.07,0.12,0.2757341627560106,0.20071591098004696,1.0977792816145908,-0.34859007246759155,0.7909983230565053,0.07208885147943178,0.1715085844515477,0.14915622658349817,-0.30171005423097075,0.23893420344634908,0.036770035662272216
L4_p0.03_c0.07_s0.15,4.0,0.03,0.07,0.15,0.26917139529597667,0.20554768841806406,1.0513621340210006,-0.34859007246759155,0.7721717184616654,0.10639519023506927,0.18105966156698447,0.32962257512609544,-0.2743792658076727,0.38776687415457783,0.06513703294362783
L4_p0.03_c0.07_s0.2,4.0,0.03,0.07,0.2,0.26205918577275855,0.21519673448888108,0.9874573050901474,-0.34859007246759155,0.7517689299574709,0.09147506395225924,0.17611261180621168,0.2544717326381313,-0.2766295237712968,0.33067715515385904,0.057531351145373666
L4_p0.04_c0.02_soff,4.0,0.04,0.02,,0.22828990388453319,0.16891826590712233,1.0410293665933292,-0.2623185839197182,0.8702772806763879,-0.003249325371621703,0.1620508063991889,-0.3146341629532082,-0.2616785435566237,-0.012417240357035971,-0.005315994891986087
L4_p0.04_c0.02_s0.1,4.0,0.04,0.02,0.1,0.23914189678313624,0.14023798886365427,1.285379582937235,-0.26285884036135554,0.9097730799328823,0.05706020532320699,0.14564365895476084,0.04779833654880654,-0.2558991607540836,0.2229792593108238,0.04568501618100962
L4_p0.04_c0.02_s0.12,4.0,0.04,0.02,0.12,0.27501680107934856,0.15449575853867714,1.368403836473507,-0.2623185839197182,1.0484076155409432,0.018751766187088403,0.16057204665531646,-0.17860988298144137,-0.3320366489611871,0.05647498926927298,0.0335345452736473
L4_p0.04_c0.02_s0.15,4.0,0.04,0.02,0.15,0.2463080572865335,0.1669984562594988,1.139473460157506,-0.2623185839197182,0.9389653359897495,0.06665138131404058,0.1646391075617715,0.11651734466224539,-0.2722741967939386,0.2447950709206697,0.04933154866960576
L4_p0.04_c0.02_s0.2,4.0,0.04,0.02,0.2,0.23097797802666897,0.17227853890596068,1.0369245211700304,-0.2623185839197182,0.8805246451671875,0.021457683107646064,0.1627942480634765,-0.15756327078579954,-0.25710726932373273,0.08345809577491155,0.034783506414939325
L4_p0.04_c0.03_soff,4.0,0.04,0.03,,0.24481042922973595,0.1717599149786881,1.105742556256564,-0.2651128329066328,0.9234197626184059,0.02521952031241792,0.15723917476647425,-0.14490605458320918,-0.262821511330926,0.09595683467729287,0.03575276122024196
L4_p0.04_c0.03_s0.1,4.0,0.04,0.03,0.1,0.2345039987734261,0.14403898537247128,1.2288922791317716,-0.26565308934827025,0.8827452349556236,0.059518783494449945,0.14549432916656235,0.06392974718600426,-0.24805723465926155,0.23993972026740779,0.028659415790466936
L4_p0.04_c0.03_s0.12,4.0,0.04,0.03,0.12,0.2677329638556454,0.1568293259381405,1.313243519948451,-0.2651128329066328,1.0098830785378667,0.007077886378399789,0.15011676471638272,-0.28134030855007786,-0.3019560255796333,0.023440122994111853,-0.005274290069045118
L4_p0.04_c0.03_s0.15,4.0,0.04,0.03,0.15,0.2736362335415061,0.16391755991098328,1.292322405506576,-0.2651128329066328,1.0321500869702338,0.03120668998093512,0.1681764895752676,-0.08914970500579208,-0.27459929883047285,0.11364446345582602,0.03551186448397314
L4_p0.04_c0.03_s0.2,4.0,0.04,0.03,0.2,0.24381527857136698,0.1722021787219008,1.0986045161199105,-0.2651128329066328,0.919666075377172,0.02586136631036573,0.16226025924059512,-0.13141967763718618,-0.2512732445212563,0.10292128937021786,0.03662497257609054
L4_p0.04_c0.04_soff,4.0,0.04,0.04,,0.2276699423879971,0.18134104565907683,0.9789609351055002,-0.2651128329066328,0.8587662086813341,0.022150423343735515,0.16705414427501172,-0.14525907053169565,-0.25817415697443746,0.08579643912976422,0.011888122087693853
L4_p0.04_c0.04_s0.1,4.0,0.04,0.04,0.1,0.2409718768474629,0.14611368590066023,1.2497890716949616,-0.26565308934827025,0.9070923189285769,0.07748052001045203,0.14655654315654457,0.18261059722651243,-0.2447951547294802,0.3165116568425331,0.06337074771731421
L4_p0.04_c0.04_s0.12,4.0,0.04,0.04,0.12,0.2611417848188624,0.16428982234370507,1.2287229913356252,-0.2651128329066328,0.9850212905794383,0.0377885122407311,0.1582266817319298,-0.0633894352254791,-0.3104299768558628,0.12172958495653549,0.024344036300030014
L4_p0.04_c0.04_s0.15,4.0,0.04,0.04,0.15,0.2756986384719582,0.1689622762772591,1.2684909388796428,-0.2651128329066328,1.039929434759024,0.032264825672781994,0.17125911299185778,-0.07833752710053433,-0.28119335897543474,0.11474248819510945,0.0342361061443226
L4_p0.04_c0.04_s0.2,4.0,0.04,0.04,0.2,0.22687965669318255,0.1750226820692384,1.0041846083101829,-0.2651128329066328,0.8557852677508253,0.04064195422654482,0.16099370201659793,-0.042300719657384196,-0.25490490184504244,0.15943967311876647,-0.017205855253263014
L4_p0.04_c0.05_soff,4.0,0.04,0.05,,0.26798480073148734,0.17251706411149162,1.2103465793440682,-0.26598960697694873,1.0075010214767959,0.0493384375678112,0.16275843353392688,0.012436351000084264,-0.2985044241199134,0.1652854483255205,0.012721853211322243
L4_p0.04_c0.05_s0.1,4.0,0.04,0.05,0.1,0.2523117146927756,0.15685386072317173,1.2337685277478636,-0.2665298634185861,0.9466545754256406,0.08358270616723917,0.14722523169427154,0.22184962696015834,-0.2364488234952522,0.3534917405453594,0.0562935984951054
L4_p0.04_c0.05_s0.12,4.0,0.04,0.05,0.12,0.28487712047276537,0.1607433705699734,1.3701512655011416,-0.26598960697694873,1.0710084642421893,0.03935542790498037,0.16419023233025073,-0.04581758426061229,-0.32099071273819557,0.12260612641799139,0.0024487493971163676
L4_p0.04_c0.05_s0.15,4.0,0.04,0.05,0.15,0.27724639174191634,0.16896521669984746,1.275676558120436,-0.26598960697694873,1.0423203932398124,0.07234977888819638,0.16676413890948968,0.15004170332396735,-0.2853939278913519,0.253508473087555,0.022243071950795112
L4_p0.04_c0.05_s0.2,4.0,0.04,0.05,0.2,0.27353942028655487,0.1721911850843815,1.2381093884500347,-0.26598960697694873,1.0283838658036757,0.04765842087241556,0.16415606953701659,0.003823222336821109,-0.29068272471247125,0.1639533994307948,0.005620646879153979
L4_p0.04_c0.06_soff,4.0,0.04,0.06,,0.21556406318907584,0.19075801513457027,0.887343640803654,-0.266931632799266,0.8075628239654201,0.055530124438898376,0.1562933532859005,0.04509548692801606,-0.2968097985535273,0.18708993001416682,0.022138756542823268
L4_p0.04_c0.06_s0.1,4.0,0.04,0.06,0.1,0.20711959179121098,0.1621684851181745,0.9683356521367157,-0.26747188924090337,0.7743602229715624,0.10601244786456454,0.14145704200123915,0.37396335530385855,-0.212612879837612,0.49861724249976763,0.07540110111251219
L4_p0.04_c0.06_s0.12,4.0,0.04,0.06,0.12,0.2211583193334954,0.1679232547218161,1.010924569564639,-0.266931632799266,0.8285204605173475,0.06557843625160475,0.15822724883513567,0.10824850878873307,-0.2884288981763027,0.2273643059563325,0.01782613307818104
L4_p0.04_c0.06_s0.15,4.0,0.04,0.06,0.15,0.24389366110147992,0.17627224179671708,1.0776558688158298,-0.266931632799266,0.9136933623932433,0.0872216211275525,0.17781352712485657,0.23143606221092644,-0.24199801548389255,0.3604228776552012,0.029354670088075796
L4_p0.04_c0.06_s0.2,4.0,0.04,0.06,0.2,0.2422829628191736,0.18558032087929272,1.0259381614894472,-0.266931632799266,0.9076592394778916,0.046832692255363906,0.1758167927642152,0.010412629356819848,-0.254939045871318,0.18370152792916228,0.025795657328679056
L4_p0.04_c0.07_soff,4.0,0.04,0.07,,0.18415907417956734,0.1881916013973098,0.7554371000667144,-0.2681556193931549,0.6867619429207765,0.04247723701743045,0.16944850773890188,-0.021314994200069742,-0.28752117991420156,0.1477360277601322,-0.0056034748029454295
L4_p0.04_c0.07_s0.1,4.0,0.04,0.07,0.1,0.20248091199667528,0.16460930554714576,0.932674072655975,-0.26869587583479226,0.7535691099374027,0.14277458393757958,0.15578211604021572,0.5696133623606643,-0.1886935239416524,0.7566480340985533,0.05695993674576405
L4_p0.04_c0.07_s0.12,4.0,0.04,0.07,0.12,0.24986941537950114,0.16624481956295958,1.1615512728393846,-0.2681556193931549,0.9318074927721595,0.06746018274640764,0.16435107526799303,0.12140990321836316,-0.24157434665405408,0.2792522620086553,0.06581734607278511
L4_p0.04_c0.07_s0.15,4.0,0.04,0.07,0.15,0.23142614402782646,0.17948740559183998,1.0045016292524256,-0.2681556193931549,0.8630292535041836,0.07431941803837172,0.17722002287869754,0.162361078827982,-0.26974703904269526,0.2755152319822444,0.02803023867378651
L4_p0.04_c0.07_s0.2,4.0,0.04,0.07,0.2,0.21523226614321667,0.18353506497044214,0.9133352087124927,-0.2681556193931549,0.8026394025614472,0.05357957890224041,0.16422961875699882,0.03925979985590058,-0.29669590332457696,0.18058752514565682,0.051687721781222384
L4_p0.05_c0.02_soff,4.0,0.05,0.02,,0.21868900016771176,0.15536575756765256,1.0668929139675414,-0.23236770715267963,0.9411333564694506,0.011667418513184868,0.16245791405274357,-0.21926921155177706,-0.24397125771992856,0.04782292234841328,0.016076521569937663
L4_p0.05_c0.02_s0.1,4.0,0.05,0.02,0.1,0.236572492155793,0.11997950091098593,1.4626850697679028,-0.1287178705267077,1.8379149001436172,0.10033972950012293,0.12702109782678336,0.3598517653224337,-0.18437323370418746,0.5442206956195726,0.07517742150359874
L4_p0.05_c0.02_s0.12,4.0,0.05,0.02,0.12,0.23462458774486583,0.12728349584146334,1.3735705767245738,-0.16424948426807373,1.4284646846253226,0.03772776573234049,0.13711152610583516,-0.09667311559768395,-0.294174395658362,0.1282496583290527,0.027358522836601784
L4_p0.05_c0.02_s0.15,4.0,0.05,0.02,0.15,0.22881047063511017,0.14141935683596246,1.216029664180165,-0.17008145785401063,1.3452993261117834,0.09356364746590873,0.1497441792997155,0.2836985769894677,-0.24167831962986952,0.38714125292331353,0.06527333707138916
L4_p0.05_c0.02_s0.2,4.0,0.05,0.02,0.2,0.22941492648527495,0.15408673185426622,1.1319380463590298,-0.23130508995681465,0.9918282668492397,0.030974238731067416,0.16241927384894753,-0.09958636014027593,-0.24023375194556806,0.1289337508997717,0.031478953009467237
L4_p0.05_c0.03_soff,4.0,0.05,0.03,,0.23148684107764184,0.1543906044315661,1.1414094160888726,-0.22437870947308125,1.03167917143856,0.015696336346579853,0.16202379916593382,-0.1950606286304079,-0.23971877477590764,0.06547812686450197,-0.018966354251945372
L4_p0.05_c0.03_s0.1,4.0,0.05,0.03,0.1,0.23954780794886776,0.12167584357479477,1.4640703700113238,-0.14184573917195187,1.6887910017408208,0.09844724882743772,0.1287364130687004,0.34301617786326527,-0.1918227962804404,0.5132197566524375,0.07599633113433457
L4_p0.05_c0.03_s0.12,4.0,0.05,0.03,0.12,0.22973374874267627,0.1278157305923409,1.3367851052259625,-0.17348885018468063,1.3241989240122485,0.05727316365561963,0.14785477761319457,0.050828735955159327,-0.2627548430068213,0.2179718668558767,0.028388758828401972
L4_p0.05_c0.03_s0.15,4.0,0.05,0.03,0.15,0.2511346242573438,0.1364918809267924,1.3890252917612889,-0.16006734448687499,1.5689310337620803,0.0908237013481421,0.15084199324100905,0.26561092089507965,-0.24383714325353723,0.372476892307196,0.08893316178621369
L4_p0.05_c0.03_s0.2,4.0,0.05,0.03,0.2,0.2318070729963897,0.1504082056293728,1.1690167434558285,-0.23042730874185702,1.0059878504074289,0.0330637581199984,0.16323561779755258,-0.08551072700022375,-0.238209882269228,0.13880095067856713,0.0007388850968199634
L4_p0.05_c0.04_soff,4.0,0.05,0.04,,0.22822490655010141,0.15269028163322296,1.1347023578928939,-0.23715206655856924,0.9623568112308096,0.027521092990687945,0.16518856067349194,-0.11613377765370399,-0.2953930672787348,0.09316770107105751,-0.007926293802962725
L4_p0.05_c0.04_s0.1,4.0,0.05,0.04,0.1,0.24639058598246733,0.12263371652278111,1.499176461928403,-0.16020888140331802,1.5379333768780963,0.09727905368540068,0.13127236946821433,0.33056997545126227,-0.19240822395104218,0.5055867763227891,0.07382650686362946
L4_p0.05_c0.04_s0.12,4.0,0.05,0.04,0.12,0.22576818019406497,0.12804997382928665,1.3089354037128043,-0.18271924031932896,1.2356015699249931,0.07819898702303218,0.145702363225455,0.18786465005224692,-0.2756399687440114,0.28369973839191687,0.029694719102945744
L4_p0.05_c0.04_s0.15,4.0,0.05,0.04,0.15,0.24888907142642203,0.14229091635742783,1.3251722091286708,-0.18103839389875187,1.3747861216975696,0.11019156984849143,0.14973479500280626,0.3876121066740683,-0.26545496619847386,0.4151045709429449,0.06644886221281765
L4_p0.05_c0.04_s0.2,4.0,0.05,0.04,0.2,0.26250539618254476,0.1468813797596745,1.363770460261344,-0.197654113161842,1.3281048999349767,0.050169401924715196,0.16601084581840753,0.020577933522361515,-0.2660439521485344,0.18857561511755483,0.008715440716929201
L4_p0.05_c0.05_soff,4.0,0.05,0.05,,0.20954346314694727,0.16103270056985727,0.9873251647153933,-0.2567757641966817,0.8160562341329222,0.018602051844715195,0.16862616421440668,-0.16348143948365967,-0.30714632311191836,0.06056413652048492,0.01645949378037037
L4_p0.05_c0.05_s0.1,4.0,0.05,0.05,0.1,0.27017609665334574,0.13105871744749265,1.557644575374083,-0.12617480715663987,2.141284007020001,0.10008136190017347,0.12800514802463414,0.35607718878921796,-0.1950691812816684,0.513055733574141,0.08377733273490495
L4_p0.05_c0.05_s0.12,4.0,0.05,0.05,0.12,0.2593652097891883,0.13546127695713353,1.447355056583512,-0.15797755523240886,1.6417851852918148,0.06194308908654245,0.15260264561502332,0.08361447156212493,-0.26850689114644144,0.2306945971556432,0.041771419185693714
L4_p0.05_c0.05_s0.15,4.0,0.05,0.05,0.15,0.2452207062441787,0.1426372291142456,1.3014939935044443,-0.19322721338159488,1.269079556407536,0.1082964692447339,0.15297039419134997,0.37116718243365493,-0.26944694814009396,0.40192130581648733,0.07287819675111606
L4_p0.05_c0.05_s0.2,4.0,0.05,0.05,0.2,0.20708137541415383,0.15534272354573309,1.0039522685400015,-0.25733785564275213,0.8047062290813265,0.054048410937404645,0.17223255880943764,0.04799242305025646,-0.27777687400650186,0.1945749124390375,0.028940286999404874
L4_p0.05_c0.06_soff,4.0,0.05,0.06,,0.20775406176264433,0.16435420542639131,0.9614379083722128,-0.2071240009778953,1.0030419496619143,0.017486080026704265,0.17087130806218498,-0.16557387806594726,-0.30254345004588035,0.05779692148037752,-0.007188461391582357
L4_p0.05_c0.06_s0.1,4.0,0.05,0.06,0.1,0.23611681191949385,0.14235352893867004,1.2511171752348558,-0.14831999894811987,1.5919418392261722,0.09383751402365093,0.13600499850283765,0.2998393313569852,-0.1961003663755767,0.47851779044579035,0.10049418422559997
L4_p0.05_c0.06_s0.12,4.0,0.05,0.06,0.12,0.2415950759380343,0.13999330399578166,1.3020604480597673,-0.19567306415377062,1.2346874465469384,0.06059760316111107,0.14938663375524347,0.07329066564517935,-0.27374269558641573,0.2213670141272554,0.07550704891381388
L4_p0.05_c0.06_s0.15,4.0,0.05,0.06,0.15,0.22048931519223625,0.1536755148138173,1.086091750681207,-0.21332509040285008,1.0335836013281747,0.0690355794114994,0.1687875706740236,0.13166379444455822,-0.2738295637680932,0.2521114903063052,0.0679009189372497
L4_p0.05_c0.06_s0.2,4.0,0.05,0.06,0.2,0.21080627648376526,0.1645983486087766,0.9758786108230125,-0.2486036679001925,0.8479612479748213,0.03974906979018544,0.16284468253240744,-0.04528714615400885,-0.27329731574989147,0.14544259127141182,0.04898668654635463
L4_p0.05_c0.07_soff,4.0,0.05,0.07,,0.2146023601161724,0.1651913364835644,0.9922163591874508,-0.20641108145754505,1.0396842969901892,0.07516413040936376,0.1613151670380552,0.16628311067192836,-0.29929929121758925,0.2511336732659342,0.058607235592647466
L4_p0.05_c0.07_s0.1,4.0,0.05,0.07,0.1,0.23466174318067012,0.13164950675204704,1.3326308374022426,-0.1474706461756332,1.5912437442038116,0.09708517303656916,0.13588331235942963,0.32249250028880294,-0.19707965071290534,0.49261896236054037,0.0930786340244294
L4_p0.05_c0.07_s0.12,4.0,0.05,0.07,0.12,0.23165349347181596,0.1380704140373838,1.2591515783301115,-0.1850859301802319,1.2515996934301694,0.06756466482523615,0.15705205847376347,0.12032041904586231,-0.2783157292877637,0.24276265304207034,-0.009983093023183898
L4_p0.05_c0.07_s0.15,4.0,0.05,0.07,0.15,0.26588150871783034,0.14634548997311184,1.3866523203766465,-0.19226016292605586,1.3829256392552294,0.11270540236400794,0.16216361742233082,0.38424661077083105,-0.2661028215043387,0.4235408017354311,0.11450641085993452
L4_p0.05_c0.07_s0.2,4.0,0.05,0.07,0.2,0.21899363069278133,0.15989861484197374,1.0426061598646899,-0.2461527203726448,0.8896656935631344,0.09397157641715759,0.16076858354663806,0.27743262508184147,-0.27711176268324067,0.3391107454524552,0.035213873552376596
L4_p0.06_c0.02_soff,4.0,0.06,0.02,,0.22937913941105825,0.13981361544640653,1.2323421332196915,-0.19373423323958328,1.1839886816874248,0.033568390819582516,0.15530435210544283,-0.09488783206917417,-0.21140749867701492,0.15878524191267113,0.017829193403961385
L4_p0.06_c0.02_s0.1,4.0,0.06,0.02,0.1,0.22513458719594626,0.09679849819396052,1.6892719404938998,-0.13928055431582365,1.616410763884853,0.10987685610999276,0.10854501878056859,0.4829748362356338,-0.13772492301720707,0.797799364870692,0.09962273459930082
L4_p0.06_c0.02_s0.12,4.0,0.06,0.02,0.12,0.24456687520518594,0.11647046256689045,1.5597229029528046,-0.15366503436675072,1.5915583933133464,0.04782025491472708,0.12356650806825005,-0.04081781287759703,-0.24912830086237425,0.19195031134236484,0.057122597959530674
L4_p0.06_c0.02_s0.15,4.0,0.06,0.02,0.15,0.235534298738739,0.12580830689659486,1.3944729484882559,-0.17869296468933005,1.3180949745180595,0.08752421507483055,0.14565143775499903,0.24833684571446948,-0.24577437777956312,0.3561161088701104,0.08628906261427849
L4_p0.06_c0.02_s0.2,4.0,0.06,0.02,0.2,0.2345309592444773,0.1376472452934247,1.2803853318584784,-0.19373423323958328,1.2105808835263636,0.053916565788026505,0.1512256390496868,0.03103785291796374,-0.2134232689660861,0.252627401169617,0.05453948451376611
L4_p0.06_c0.03_soff,4.0,0.06,0.03,,0.22557679255599794,0.14239999371936995,1.190782316634904,-0.1868113159872674,1.207511393856744,0.03347315356833769,0.15415222639195952,-0.09735578129262824,-0.21476730460103144,0.15585777188254998,0.041556213646085416
L4_p0.06_c0.03_s0.1,4.0,0.06,0.03,0.1,0.23875338543132862,0.10246517108695763,1.7109414090883301,-0.10434554133445173,2.288103376320302,0.11152232376278559,0.10952544245948324,0.4935558403422352,-0.13960244763861784,0.7988565075268457,0.09991060351678227
L4_p0.06_c0.03_s0.12,4.0,0.06,0.03,0.12,0.24892242082361404,0.11874760393822012,1.5618874404632572,-0.13833562908137953,1.7994093240952334,0.06783478952680255,0.12945730468273278,0.11723776669826619,-0.24158347222561682,0.28079234436804135,0.04568805703909118
L4_p0.06_c0.03_s0.15,4.0,0.06,0.03,0.15,0.23182531633717085,0.12484625408129893,1.3796963654858097,-0.1460829355941793,1.5869431661832514,0.08511940051963185,0.14645844573267724,0.2322262973778902,-0.24771828434355714,0.3436137172724033,0.06660397186300049
L4_p0.06_c0.03_s0.2,4.0,0.06,0.03,0.2,0.23485885622729774,0.13763818489219948,1.2824329344027148,-0.17097923707811047,1.3736103882602095,0.0511642402795458,0.14788293224348856,0.010172612902114894,-0.21665250297218197,0.2361580853100749,0.016193287244575583
L4_p0.06_c0.04_soff,4.0,0.06,0.04,,0.24610389499733087,0.14571233073410275,1.2828556449025996,-0.18752749285424575,1.3123616769548194,0.019322497474914435,0.16417274996848938,-0.1680538820892471,-0.26861784225094587,0.07193303807743022,0.05674078142753691
L4_p0.06_c0.04_s0.1,4.0,0.06,0.04,0.1,0.22776813565873666,0.11364674892700381,1.4737610892717374,-0.169642377319576,1.3426370182826552,0.11166779999917265,0.11245094780713982,0.48481724859748504,-0.14276323511709355,0.7821887750553103,0.08496845447186874
L4_p0.06_c0.04_s0.12,4.0,0.06,0.04,0.12,0.2556678550044815,0.1194447868441799,1.5993425627958107,-0.1468488934412403,1.7410267725768307,0.06604865099361268,0.13196056112963006,0.10448725713321705,-0.24224428795215724,0.2726530790548801,0.02730663374322928
L4_p0.06_c0.04_s0.15,4.0,0.06,0.04,0.15,0.2533681900308542,0.12865859177640776,1.4795610705198137,-0.1736108644039115,1.4594028484380137,0.1037435507941109,0.14883243024842444,0.3485438861682948,-0.2485885634531425,0.41733034437710953,0.06851564039890978
L4_p0.06_c0.04_s0.2,4.0,0.06,0.04,0.2,0.2321852291918165,0.1448839124371419,1.2101969933787744,-0.21285803295782468,1.090798528791353,0.057347330056977563,0.15217079030666475,0.053794585976497875,-0.2514211890923217,0.22809266897516606,0.026354191268378235
L4_p0.06_c0.05_soff,4.0,0.06,0.05,,0.1808690105762758,0.1545133649991591,0.8646496798353352,-0.2311871793227107,0.7823487924639777,0.027076181858103343,0.16500941519594572,-0.11912446129116028,-0.27055423423727687,0.10007672559416479,0.028977906477285265
L4_p0.06_c0.05_s0.1,4.0,0.06,0.05,0.1,0.25363268807137174,0.12413026302070582,1.53021881156178,-0.10815116024862725,2.345168442837774,0.13305597845180306,0.11134931499128074,0.6645184110347012,-0.13598303104944898,0.9784748687019521,0.11657157996054623
L4_p0.06_c0.05_s0.12,4.0,0.06,0.05,0.12,0.2393011930137039,0.13114273422953143,1.3663050719783816,-0.1435826399939747,1.66664433126279,0.08206097212895158,0.12691900006247891,0.22410389644483508,-0.24816331088939336,0.3306732644517555,0.027270432085533924
L4_p0.06_c0.05_s0.15,4.0,0.06,0.05,0.15,0.2273194450607523,0.13976115753473695,1.2200671773319973,-0.1590811415954443,1.4289528147770232,0.09538814575635324,0.14747936919233046,0.2973683119348061,-0.24957802194268208,0.3821976991958852,0.03748917846913513
L4_p0.06_c0.05_s0.2,4.0,0.06,0.05,0.2,0.21289124920412372,0.15215306903369097,1.054066278913952,-0.20787856547035466,1.024113518978867,0.06218857700811431,0.15477447873191724,0.08585055314472576,-0.25250788473160735,0.2462837034741115,0.027353234096419987
L4_p0.06_c0.06_soff,4.0,0.06,0.06,,0.19667098181030274,0.1518611750990161,0.9656957783764941,-0.19629401397105783,1.0019204245285873,0.014781202253078884,0.15303593263234785,-0.22187376744577875,-0.2795402807059941,0.05287682410473423,-0.014958157088017399
L4_p0.06_c0.06_s0.1,4.0,0.06,0.06,0.1,0.24503450922895986,0.1259770546348716,1.4543479372186408,-0.1418319131729232,1.7276401604356193,0.11074708036469905,0.11794324259018751,0.4602427289355889,-0.13834092537186438,0.8005373685842256,0.10313114639411314
L4_p0.06_c0.06_s0.12,4.0,0.06,0.06,0.12,0.24831716734777753,0.13157047688486967,1.4184635253306577,-0.15617473836363038,1.5899957313813888,0.06742465415921983,0.1325196005516882,0.11436380589222762,-0.2506482246018068,0.26900112405078574,0.06179801477871871
L4_p0.06_c0.06_s0.15,4.0,0.06,0.06,0.15,0.23253948680192837,0.1390992744303543,1.256332645446482,-0.18123394750034838,1.283090116444555,0.10575200288108855,0.14758713813529137,0.36315215575939824,-0.24182168623404798,0.43731397513594417,0.05304317552909987
L4_p0.06_c0.06_s0.2,4.0,0.06,0.06,0.2,0.20488163933729053,0.15272713519756723,1.006590517779222,-0.19629401397105783,1.0437487888321386,0.04568199279321283,0.15382959930599507,-0.019243175791692105,-0.2687354399274162,0.16998871754894426,0.04905055518993784
L4_p0.06_c0.07_soff,4.0,0.06,0.07,,0.19435393827692882,0.14834721803750867,0.9717397360394986,-0.19629401397105783,0.9901164806053889,0.06439133841865541,0.16611319414758435,0.10396029121210763,-0.27643339720719307,0.2329361758354858,0.10221066270416457
L4_p0.06_c0.07_s0.1,4.0,0.06,0.07,0.1,0.19957257463552347,0.1224919765484888,1.183565038844865,-0.1418319131729232,1.4071062722830379,0.14756154031127244,0.12769083748877874,0.6974095871857743,-0.16082833886744285,0.9175095716986476,0.1235888567633614
L4_p0.06_c0.07_s0.12,4.0,0.06,0.07,0.12,0.23497185065968096,0.13288559640867495,1.3234895997618736,-0.16448342938027727,1.4285442098634633,0.08408691825649561,0.14603221899678626,0.22611929734290986,-0.2573013195854086,0.32680329192242563,0.06851812968120785
L4_p0.06_c0.07_s0.15,4.0,0.06,0.07,0.15,0.22472543657623967,0.13703047744144325,1.2260199850882039,-0.18123394750034838,1.2399742966245753,0.13314398979208075,0.1611091349414185,0.5019871878953547,-0.23284905725839744,0.5718038602334906,0.0807928431700744
L4_p0.06_c0.07_s0.2,4.0,0.06,0.07,0.2,0.20710081132545444,0.14675613750382016,1.0542068268145788,-0.19777943371003004,1.0471301663705375,0.07454266313241953,0.16582296434686536,0.16275392755363957,-0.24039957176023163,0.31007818602425163,0.026970073190257793
L4_p0.07_c0.02_soff,4.0,0.07,0.02,,0.20049767582310696,0.13583644854093502,1.0862728312867682,-0.17823450036595068,1.1249094614760082,0.03470714213807202,0.14425696025920517,-0.10574180073734052,-0.20003154150853186,0.1735083471153057,0.037323377682049186
L4_p0.07_c0.02_s0.1,4.0,0.07,0.02,0.1,0.21908740460306553,0.09510798332898719,1.6645329503279789,-0.10788994807666663,2.030656317003526,0.10106289091358134,0.08581580311992314,0.48933697664509923,-0.11519312036145779,0.8773344327895796,0.09974299437784628
L4_p0.07_c0.02_s0.12,4.0,0.07,0.02,0.12,0.22996576743890085,0.10768979052483932,1.5660677112657275,-0.12258399180587354,1.8759853064915624,0.07452146555857642,0.10344857460209989,0.17938473011543685,-0.14749577922576285,0.5052447327629012,0.06656604909497976
L4_p0.07_c0.02_s0.15,4.0,0.07,0.02,0.15,0.23982492895131258,0.11717975377462836,1.5179725691735118,-0.15057758698946766,1.5927000408638998,0.0940777833878712,0.13023513529929753,0.30899413286449073,-0.20382851634690946,0.46155358962508414,0.09084496181172086
L4_p0.07_c0.02_s0.2,4.0,0.07,0.02,0.2,0.21165953818956296,0.13055404575550617,1.196845180138784,-0.165788231981577,1.276686141469217,0.04584320319805846,0.1424805587289909,-0.03154443687382489,-0.20017739352487174,0.22901288897221309,0.04093780191094565
L4_p0.07_c0.03_soff,4.0,0.07,0.03,,0.21259218034065097,0.12944893149682438,1.2118895020943772,-0.16113719399606952,1.3193240807323265,0.034059830573422545,0.1448665981936268,-0.10913081578351967,-0.20373416714466375,0.16717780356025397,0.032373880471887606
L4_p0.07_c0.03_s0.1,4.0,0.07,0.03,0.1,0.23123739637699248,0.09701001002835268,1.7375797318380524,-0.08548669077257665,2.7049520140177346,0.09801565101147691,0.08741092539368565,0.44936874929670334,-0.12252197399431852,0.7999842625456067,0.09770096549973073
L4_p0.07_c0.03_s0.12,4.0,0.07,0.03,0.12,0.254012149706069,0.10334662004260754,1.8176214844781533,-0.11956259236118505,2.124511895315276,0.07537585618502485,0.10334186437792575,0.1872725659374406,-0.16195758510997516,0.4654049153291701,0.06752964476592305
L4_p0.07_c0.03_s0.15,4.0,0.07,0.03,0.15,0.24926460855548216,0.11241540695893089,1.6457552259154418,-0.11282765812092088,2.209250929309705,0.09397635632609425,0.13116343998438879,0.30700962177443636,-0.20694426590165604,0.45411432839967475,0.09842766183865126
L4_p0.07_c0.03_s0.2,4.0,0.07,0.03,0.2,0.21461001805407975,0.12649841396397202,1.250263809351027,-0.15914796736350778,1.3484936164085077,0.04551854655767262,0.14306558595107843,-0.03306217857464995,-0.2038800713201201,0.22326138235552295,0.04367296213346661
L4_p0.07_c0.04_soff,4.0,0.07,0.04,,0.1991914175219145,0.1354446619039673,1.0807699730736289,-0.18218369552209956,1.0933547974810502,0.03588764940825473,0.14688315203312607,-0.09324692674989958,-0.2042314023480798,0.17572052581360612,0.024456946874031882
L4_p0.07_c0.04_s0.1,4.0,0.07,0.04,0.1,0.2244017424147906,0.09594822640330858,1.6967424108165647,-0.08672608860896935,2.5874768021255212,0.1019197544482986,0.087941780336528,0.4887104145915042,-0.11752392439915171,0.8672255880610659,0.10057445804506426
L4_p0.07_c0.04_s0.12,4.0,0.07,0.04,0.12,0.2430010221119654,0.1049586260130314,1.7059697855366915,-0.12071413104709561,2.0130287979056947,0.07836805967045102,0.10867323684259762,0.2097083079203141,-0.16297155060661672,0.48086957127638225,0.0688038627329568
L4_p0.07_c0.04_s0.15,4.0,0.07,0.04,0.15,0.22877452170917634,0.10313650404836525,1.6208934829243677,-0.1137106550612943,2.0119004818489374,0.09957619318045663,0.1318068802840597,0.3460146976439742,-0.2080461303377955,0.4786255481838526,0.10134899899409144
L4_p0.07_c0.04_s0.2,4.0,0.07,0.04,0.2,0.2025724400659652,0.13245180055845923,1.1235270589336463,-0.1896769759789576,1.067986449174718,0.04819543203157428,0.1444492879060614,-0.013148424701449158,-0.20437700127843828,0.23581631851968507,0.04503297211441604
L4_p0.07_c0.05_soff,4.0,0.07,0.05,,0.18911312382387702,0.1333995249729282,1.0309653933757699,-0.17666336558504536,1.070471646442388,0.03602882804791574,0.14804730090808205,-0.09039968944779703,-0.20564161720794816,0.17520202640442573,0.038388527294311414
L4_p0.07_c0.05_s0.1,4.0,0.07,0.05,0.1,0.21532489148670697,0.09775526548436668,1.590022478503293,-0.09207257686076253,2.3386430447399524,0.11259726899831013,0.08970196081188546,0.5915333475531845,-0.11473440720207828,0.9813731708222097,0.10880554710370194
L4_p0.07_c0.05_s0.12,4.0,0.07,0.05,0.12,0.23772234994967878,0.11530731343910768,1.5255099337095939,-0.12679669675190053,1.874830780606401,0.08462012729748047,0.10537291768684405,0.26924399028911167,-0.1682659938308907,0.5028950019605548,0.07313921378583665
L4_p0.07_c0.05_s0.15,4.0,0.07,0.05,0.15,0.24818964494231244,0.11713591050244035,1.5767163723218858,-0.13022466922518627,1.905857364960087,0.10710553692800939,0.1328077592215692,0.39727593781946785,-0.20918258216945174,0.5120193842967615,0.10215698621216229
L4_p0.07_c0.05_s0.2,4.0,0.07,0.05,0.2,0.2034094595684406,0.1347339484719281,1.1119762460177498,-0.17129089448881107,1.1875088875884616,0.05361563425853477,0.14467868044988938,0.023784256645008637,-0.20578611364639987,0.26054058414583775,0.04156173626449977
L4_p0.07_c0.06_soff,4.0,0.07,0.06,,0.20920879725758534,0.1459963370973163,1.0708900850320693,-0.17413864211192498,1.2013921477756762,0.06143073794746945,0.14414560340479135,0.07607508780913268,-0.20181862958532004,0.3043858640487856,0.046363151522451185
L4_p0.07_c0.06_s0.1,4.0,0.07,0.06,0.1,0.2232453294889063,0.11408687303057875,1.4358117693317547,-0.1103161809708828,2.023686167560771,0.12558760992213536,0.0942297944189376,0.6943087745668439,-0.11507879732044257,1.091318408311398,0.12251317135714634
L4_p0.07_c0.06_s0.12,4.0,0.07,0.06,0.12,0.23425733850742425,0.12184398862282234,1.4267827316486918,-0.13353852367280206,1.754230405312888,0.10929535889709263,0.11537814867122875,0.45606111997652615,-0.18415125348908712,0.5935086339424213,0.10432466152540365
L4_p0.07_c0.06_s0.15,4.0,0.07,0.06,0.15,0.23402092713332467,0.12903449285286162,1.3531184130063225,-0.15416767315827007,1.5179636712365534,0.12030566812808385,0.13984396978775077,0.4713616533899609,-0.21087859141323295,0.5704973052116777,0.08237314446771316
L4_p0.07_c0.06_s0.2,4.0,0.07,0.06,0.2,0.209277667277888,0.1465082450291572,1.0680447815594651,-0.16722345723232046,1.2514851130433358,0.053510765088637946,0.1470423825152834,0.025048015870302646,-0.20689468656559906,0.25863769619656984,0.06417465881776496
L4_p0.07_c0.07_soff,4.0,0.07,0.07,,0.20574966015122298,0.14681706171974346,1.0458947094800175,-0.18529619135041375,1.1103825645403023,0.05822477452688957,0.14671415908491225,0.05614128439488836,-0.2128638446496025,0.27353059709474853,0.0335921612790302
L4_p0.07_c0.07_s0.1,4.0,0.07,0.07,0.1,0.21586841117430633,0.11504435614285688,1.3714212387000713,-0.11320298813755358,1.9069144262517472,0.1146317543740294,0.10176136505188539,0.5512834238459302,-0.1196013118813537,0.9584489715944405,0.11560245518801882
L4_p0.07_c0.07_s0.12,4.0,0.07,0.07,0.12,0.22238764855723092,0.11293812433351101,1.4429438179950478,-0.1250173624170876,1.778854106802325,0.06791022851984341,0.13486693109034645,0.11834369600956073,-0.23298031975303313,0.29148482838306045,0.053310686463425405
L4_p0.07_c0.07_s0.15,4.0,0.07,0.07,0.15,0.21686028917464362,0.13327908811633535,1.2074511692014238,-0.17212599986314092,1.2598926910929864,0.12956128350896434,0.152051940620922,0.5010019776259037,-0.21728661165459717,0.5962690592042429,0.09548614924833432
L4_p0.07_c0.07_s0.2,4.0,0.07,0.07,0.2,0.20556245302567122,0.14613513649137352,1.0490141287998471,-0.1872797886091203,1.0976221969937687,0.05815528776383738,0.1466946337897942,0.0556680389787567,-0.21300922696105773,0.27301769314654767,0.025015851773933173
L5_p0.02_c0.02_soff,5.0,0.02,0.02,,0.33320500000452036,0.23653173742257438,1.1543953477806372,-0.3765172016093963,0.8849662076002346,-0.07017016649723085,0.21008331102005867,-0.5398614808324783,-0.42633334724480065,-0.1645899082272331,0.0658207511449247
L5_p0.02_c0.02_s0.1,5.0,0.02,0.02,0.1,0.288720696703312,0.2255298967868427,1.046215387431952,-0.3765172016093963,0.7668194055124061,0.07573817780939862,0.181738027348102,0.17030561281522894,-0.32506428368493523,0.2329944617440868,0.018583541532063208
L5_p0.02_c0.02_s0.12,5.0,0.02,0.02,0.12,0.3382455799483248,0.2268344328773338,1.2105364196922903,-0.3765172016093963,0.8983535904933903,-0.0076154893982979255,0.18727018006204327,-0.27221265687010465,-0.37168222254112215,-0.020489248439788815,0.04948476809183533
L5_p0.02_c0.02_s0.15,5.0,0.02,0.02,0.15,0.3207194877237378,0.23816714564777508,1.107828510597187,-0.3765172016093963,0.8518056714350498,0.0610497692024754,0.20146229269132257,0.10239692078877104,-0.3487215289559368,0.17506739370309837,0.06329413411283014
L5_p0.02_c0.02_s0.2,5.0,0.02,0.02,0.2,0.29548404501262704,0.24139120369791797,1.015203716475588,-0.3765172016093963,0.7847823253482212,0.03877003600609985,0.1943678254425413,-0.013640379032456351,-0.35388269918729964,0.1095561780644722,0.05439966220031045
L5_p0.02_c0.03_soff,5.0,0.02,0.03,,0.29821080950786727,0.23355273170811405,1.0503830860364392,-0.3786852918796345,0.787489812523941,0.010295167581505282,0.2048570733552552,-0.1421701919723167,-0.34853117218133867,0.029538728249388174,0.024034494031676346
L5_p0.02_c0.03_s0.1,5.0,0.02,0.03,0.1,0.2946726384752816,0.21951631810299702,1.0901269196306782,-0.3786852918796345,0.7781465105566961,0.06072714092879883,0.1835108535139821,0.09167980352831914,-0.31905171356031115,0.19033635723545306,0.04954222125166141
L5_p0.02_c0.03_s0.12,5.0,0.02,0.03,0.12,0.32268511335497485,0.2276384132179443,1.1548294232460052,-0.3786852918796345,0.8521194782963492,-0.037397869526579086,0.19294303955655775,-0.42113240607717717,-0.3802366495515638,-0.09835419486965465,-0.010546562698415807
L5_p0.02_c0.03_s0.15,5.0,0.02,0.03,0.15,0.3190973878180112,0.23370334252369498,1.1191986469440145,-0.3786852918796345,0.8426453169969872,0.061502343609259436,0.19499476400254256,0.10131411621032052,-0.3577228878445541,0.17192733733041102,0.07019597475092465
L5_p0.02_c0.03_s0.2,5.0,0.02,0.03,0.2,0.3124680669016946,0.23489486287933492,1.092922635891029,-0.3786852918796345,0.8251391685975829,0.021764678868942067,0.19513813930654636,-0.0998614999754476,-0.36569797794501613,0.05951544766871655,-0.02621072758338272
L5_p0.02_c0.04_soff,5.0,0.02,0.04,,0.261456138791353,0.24841758274357356,0.8856493625874332,-0.37799763669568043,0.6916872313724198,0.0468800541131813,0.18539482854663913,0.019448811092408896,-0.32765822494720676,0.14307607910875655,0.04489628723820549
L5_p0.02_c0.04_s0.1,5.0,0.02,0.04,0.1,0.2550087720444594,0.22239534477520612,0.9370692276877506,-0.37799763669568043,0.6746305989467407,0.018343739357601807,0.1926423451757861,-0.12141821689648775,-0.3763650405301914,0.04873922225018745,0.057333551163162966
L5_p0.02_c0.04_s0.12,5.0,0.02,0.04,0.12,0.2800669809015537,0.23733394375216957,0.977389167779458,-0.37799763669568043,0.7409225712356263,0.012294894746412988,0.19068848875072858,-0.15696136141681605,-0.3697672920035592,0.033250357758237425,-0.08499570700090431
L5_p0.02_c0.04_s0.15,5.0,0.02,0.04,0.15,0.30937965364656783,0.24127835169165204,1.0611554673575025,-0.37799763669568043,0.8184698093645602,0.06878562749207151,0.1821096053142456,0.13353394400078641,-0.33103738307067854,0.2077880958761245,0.05177441980390163
L5_p0.02_c0.04_s0.2,5.0,0.02,0.04,0.2,0.279920222861596,0.24566718886025724,0.9529657932007888,-0.37799763669568043,0.7405343200252733,-0.022509606298843132,0.20534317156245038,-0.30659956050448756,-0.42176730904251547,-0.05336972737394897,0.005986404184799454
L5_p0.02_c0.05_soff,5.0,0.02,0.05,,0.26719529879798576,0.2422248615730268,0.921057209522976,-0.37799763669568043,0.7068702892793487,-0.032443807277038106,0.20360756094216406,-0.362792372132409,-0.38841788307050573,-0.0835280987079292,-0.02153021614691264
L5_p0.02_c0.05_s0.1,5.0,0.02,0.05,0.1,0.2937483680994364,0.22387550779104665,1.0703528181342061,-0.37799763669568043,0.7771169435536135,0.017955380705280355,0.18572626499903172,-0.13521283201221473,-0.3751857482204697,0.04785731012023748,0.06729292103823425
L5_p0.02_c0.05_s0.12,5.0,0.02,0.05,0.12,0.25757691123896787,0.23288621911718901,0.9141395683162767,-0.37799763669568043,0.681424660457173,-0.017825358555983772,0.20074544312957018,-0.29385081322270995,-0.4079387042493092,-0.04369616898398029,-0.025992462248080828
L5_p0.02_c0.05_s0.15,5.0,0.02,0.05,0.15,0.32005163347223164,0.23202971693956953,1.1295147637906426,-0.37799763669568043,0.8467027367419756,0.004668218395214474,0.2050325869904049,-0.1698906881208466,-0.38539802138315515,0.012112720191091544,0.04049079953172963
L5_p0.02_c0.05_s0.2,5.0,0.02,0.05,0.2,0.26838597838609335,0.2411503952593019,0.9280388030314549,-0.37799763669568043,0.7100202549736214,-0.02827599630923283,0.20305040064380386,-0.3425681438744696,-0.390294259512437,-0.07244789186639779,-0.0044561099191285924
L5_p0.02_c0.06_soff,5.0,0.02,0.06,,0.25730841917274083,0.2549946652111412,0.8561811286040529,-0.3825547651745118,0.672605447890221,0.000492878107299477,0.2003403755967419,-0.20013061059983475,-0.37208047229786756,0.0013246545948934008,-0.04602713249474233
L5_p0.02_c0.06_s0.1,5.0,0.02,0.06,0.1,0.2587980261107874,0.2271227873958829,0.9357580717111778,-0.3825547651745118,0.6764992876058681,0.05997481867207122,0.19853377407280096,0.09579846631559087,-0.3201216691020702,0.18735007486465516,0.10011962471652835
L5_p0.02_c0.06_s0.12,5.0,0.02,0.06,0.12,0.2768427341609727,0.23661918417480612,0.9687921241295293,-0.3825547651745118,0.7236682414207651,-0.010908897594629097,0.19897198015762158,-0.26199466836821445,-0.4261451238155226,-0.025599020110697167,0.06483622884635354
L5_p0.02_c0.06_s0.15,5.0,0.02,0.06,0.15,0.2568096235122048,0.24566914192488215,0.8769981454905337,-0.3825547651745118,0.6713015936294893,0.008837298579668751,0.20036545344476012,-0.15739206923980562,-0.4016846315571221,0.02200058923193339,0.049834777457547164
L5_p0.02_c0.06_s0.2,5.0,0.02,0.06,0.2,0.26445924856084724,0.2533141617503378,0.882914991555211,-0.3825547651745118,0.6912977503762308,-0.027049903817769727,0.2054991583235546,-0.3296596465146793,-0.4048084730283581,-0.06682148625845288,0.007672015050117276
L5_p0.02_c0.07_soff,5.0,0.02,0.07,,0.31988106826262186,0.23334486838918111,1.1231563979321506,-0.38411735275666525,0.8327691159145927,-0.013431476662410402,0.1818560208566736,-0.31954695893607177,-0.4119410484235315,-0.03260533688937213,0.0597205188721599
L5_p0.02_c0.07_s0.1,5.0,0.02,0.07,0.1,0.3229589176348915,0.22036476790714668,1.1864822328994475,-0.38411735275666525,0.8407818998989169,0.09586770149057666,0.17578102547104768,0.2780347430911391,-0.31307247786553594,0.3062156793346481,0.08271408586655249
L5_p0.02_c0.07_s0.12,5.0,0.02,0.07,0.12,0.3246965519030931,0.22649905976566898,1.1662518732728218,-0.38411735275666525,0.8453056066664745,0.07069270635158809,0.16998031672068453,0.14081260658139824,-0.34662664645252106,0.20394481230764575,0.0032388258807900527
L5_p0.02_c0.07_s0.15,5.0,0.02,0.07,0.15,0.31917992834116293,0.23703889241278595,1.1069398100974697,-0.38411735275666525,0.83094378853371,0.052631882575233435,0.19567787069765205,0.057339188566490784,-0.3607959873969666,0.14587712838758676,0.01651793985225458
L5_p0.02_c0.07_s0.2,5.0,0.02,0.07,0.2,0.3271592983567895,0.23181550439436177,1.1530502376902176,-0.38411735275666525,0.8517170495133601,0.06186403947954844,0.17690218834223148,0.09396299881461748,-0.33288186365151373,0.18584382699897542,0.04225472609653047
L5_p0.03_c0.02_soff,5.0,0.03,0.02,,0.2769333446575384,0.25173407843737605,0.9259053096348271,-0.43388714866668077,0.638261228774681,-0.0338653196946922,0.21878184992103325,-0.3296332200340691,-0.3684856987751376,-0.09190402723161845,0.0026918967076283717
L5_p0.03_c0.02_s0.1,5.0,0.03,0.02,0.1,0.23609108370866472,0.2333873713341707,0.8375165396597356,-0.4344239620953303,0.5434577838891326,0.10031375034454171,0.1845273482869127,0.2966240482691907,-0.24734005473007392,0.40557017929835776,0.008648845299138896
L5_p0.03_c0.02_s0.12,5.0,0.03,0.02,0.12,0.2985507565143892,0.23876243218792376,1.033941306753325,-0.43388714866668077,0.688083888706602,-0.0013740034479634566,0.19460066744738874,-0.22140981741475696,-0.373619195539055,-0.003677550469485527,-0.018346388353741472
L5_p0.03_c0.02_s0.15,5.0,0.03,0.02,0.15,0.2741895474311067,0.24011895639425296,0.949299838268701,-0.43388714866668077,0.6319374710075675,0.019258565867739108,0.22317513513817577,-0.07182644240019577,-0.36404977621964985,0.05290091390172818,0.056722718751740064
L5_p0.03_c0.02_s0.2,5.0,0.03,0.02,0.2,0.2769333446575384,0.25173407843737605,0.9259053096348271,-0.43388714866668077,0.638261228774681,-0.002360264562578762,0.21833906536765754,-0.179456510365304,-0.37449811782840314,-0.006302473764795386,-0.003330571729334597
L5_p0.03_c0.03_soff,5.0,0.03,0.03,,0.2581576384102109,0.25125190829077787,0.8672871393861629,-0.4375813143127455,0.5899649504359366,-0.0499147581502043,0.21103503625084702,-0.431551923066102,-0.41333351027893395,-0.12076145995644008,0.006828469529414738
L5_p0.03_c0.03_s0.1,5.0,0.03,0.03,0.1,0.27490841314559256,0.2295084057802519,0.9847261440830314,-0.438118127741395,0.6274755499454268,0.03170139465161914,0.18710813289962294,-0.05924372074202092,-0.27285709636961186,0.11618314155434856,0.05510058098874593
L5_p0.03_c0.03_s0.12,5.0,0.03,0.03,0.12,0.29041425839809754,0.2389769588758352,1.0065153124847144,-0.4375813143127455,0.6636806666532712,-0.011456450469754298,0.19591354178789638,-0.27191220104437,-0.37538216706430283,-0.03051943186153489,-0.024896669713731612
L5_p0.03_c0.03_s0.15,5.0,0.03,0.03,0.15,0.2838776059859709,0.24830279080225687,0.9571706792960156,-0.4375813143127455,0.6487425232766671,0.017229635510946917,0.22713034766564466,-0.07566162775327424,-0.3751439120000153,0.04592806909511093,0.04041229024825377
L5_p0.03_c0.03_s0.2,5.0,0.03,0.03,0.2,0.26214480139097973,0.2509846770874009,0.8807489200831178,-0.4375813143127455,0.5990767722856218,-0.01242573612133857,0.22187261093634567,-0.22007149167258,-0.38240617430832724,-0.0324935551676525,0.030344686896675466
L5_p0.03_c0.04_soff,5.0,0.03,0.04,,0.22276112373864687,0.2550829987444144,0.7443989031119044,-0.44149765537798724,0.5045578861521482,-0.0224225417299051,0.21894279645237183,-0.2742674209734852,-0.396700712944718,-0.05652256474020953,-0.03388715495523176
L5_p0.03_c0.04_s0.1,5.0,0.03,0.04,0.1,0.2680230647446338,0.2311819845296746,0.955364069016723,-0.4420314943980074,0.6063438197082501,0.05458241342245085,0.18098737253413952,0.05726552510356025,-0.27802236406747116,0.19632382310512492,0.05013424588200088
L5_p0.03_c0.04_s0.12,5.0,0.03,0.04,0.12,0.27597953359292493,0.24156163484148951,0.9509518221332767,-0.44149765537798724,0.6250985259630556,-0.016593898561125253,0.1972408226838306,-0.2959396128910705,-0.3806667806964191,-0.04359166442306099,-0.04924230982082445
L5_p0.03_c0.04_s0.15,5.0,0.03,0.04,0.15,0.2690294879455417,0.24440863051039305,0.9200309407700862,-0.44149765537798724,0.6093565496179424,0.061852729365984516,0.20978166757967057,0.11004198525502346,-0.33476410521844924,0.18476511788987268,0.0342101362819387
L5_p0.03_c0.04_s0.2,5.0,0.03,0.04,0.2,0.24548663886271793,0.25497681526761473,0.8179687991262253,-0.44149765537798724,0.556031579946999,0.005427528428362471,0.21797605518591082,-0.14370422463081903,-0.4066585552673947,0.013346647594303405,-0.03019312404494745
L5_p0.03_c0.05_soff,5.0,0.03,0.05,,0.221295048262115,0.25249297494581385,0.7445772411718465,-0.44330059268795596,0.4991986293550637,-0.013664631029601693,0.182953145650853,-0.3176431161967304,-0.3767842755655284,-0.03626645780026776,-0.02860983131776884
L5_p0.03_c0.05_s0.1,5.0,0.03,0.05,0.1,0.23675002293705139,0.23496014760899822,0.8358059976623701,-0.4438338665020366,0.5334203647029829,0.050535743464611205,0.19046775249798925,0.043020382658957614,-0.2905664154554144,0.17392148843287636,0.05404251407509131
L5_p0.03_c0.05_s0.12,5.0,0.03,0.05,0.12,0.2687029037298907,0.23756764395747387,0.9384280025557027,-0.44330059268795596,0.6061415395377862,-0.007160406526957042,0.2047688835400742,-0.22967752479897485,-0.39241644653643404,-0.018246958276485568,-0.03301960574737273
L5_p0.03_c0.05_s0.15,5.0,0.03,0.05,0.15,0.2576393934919494,0.2511072973886299,0.8657197671061188,-0.44330059268795596,0.5811844101758388,0.019111245770052854,0.20770567582477686,-0.0943545399235409,-0.39356020597085084,0.04855990387267033,-0.03229978741003037
L5_p0.03_c0.05_s0.2,5.0,0.03,0.05,0.2,0.21792281812518866,0.251941090284723,0.7344746831168859,-0.44330059268795596,0.49159153341937184,-0.008903852144402591,0.19920792243219967,-0.25115110539151314,-0.3980333479994036,-0.02236961347373319,0.0024123603747816524
L5_p0.03_c0.06_soff,5.0,0.03,0.06,,0.2107355321654203,0.259521696827013,0.6976487328503013,-0.44719710168393845,0.47123635500294453,-0.033045981899353816,0.19597744164958977,-0.3881116909770571,-0.41250273831167483,-0.08011093946820118,-0.026838848052807673
L5_p0.03_c0.06_s0.1,5.0,0.03,0.06,0.1,0.2148104936820947,0.2449892805026195,0.7374024228890297,-0.447730424186085,0.4797764057972873,0.09255524205932053,0.18319720265073322,0.2574881270488878,-0.27500126320941864,0.3365629705811132,0.034311407679914474
L5_p0.03_c0.06_s0.12,5.0,0.03,0.06,0.12,0.2441881924999696,0.2540722822569236,0.8155741865489469,-0.44719710168393845,0.5460415364510844,0.032731683394620736,0.20840606187478314,-0.027374863804041832,-0.3934960094813955,0.08318174163382028,-0.011591421110701994
L5_p0.03_c0.06_s0.15,5.0,0.03,0.06,0.15,0.26674718734176417,0.2502866218097399,0.8972730641293054,-0.44719710168393845,0.596486842909574,0.04711726815716988,0.2142508597265481,0.04558896612412133,-0.389333429575081,0.12102035062489683,0.019229952839208364
L5_p0.03_c0.06_s0.2,5.0,0.03,0.06,0.2,0.2191333483036999,0.25769299217950487,0.7280274478257847,-0.44719710168393845,0.4900151353363977,-0.008136535746779416,0.21144942801664876,-0.22053808490852228,-0.3940886096511651,-0.020646462616571493,0.05793871188624489
L5_p0.03_c0.07_soff,5.0,0.03,0.07,,0.15440614588152424,0.2600663110052371,0.5107057335386052,-0.449205724597752,0.3437314740808113,0.07526871099420807,0.17971587861560806,0.16716792315637485,-0.22682217798552673,0.33184017393136434,-0.030008430395419783
L5_p0.03_c0.07_s0.1,5.0,0.03,0.07,0.1,0.24008985831033192,0.24376968557733142,0.8258040890506421,-0.4497388635731151,0.5338428091422879,0.08325187599764083,0.17894687060271,0.2098456053954828,-0.27670371727675647,0.30087010328948016,0.04691415333313964
L5_p0.03_c0.07_s0.12,5.0,0.03,0.07,0.12,0.22369624484649875,0.24971234405394727,0.7578176448973188,-0.449205724597752,0.49798173219366454,0.02687237765237893,0.1870219318288844,-0.08533940020446329,-0.3516403861124445,0.07642005501548367,0.01765098736895232
L5_p0.03_c0.07_s0.15,5.0,0.03,0.07,0.15,0.23621214365511034,0.2588357351494957,0.7803695513187929,-0.449205724597752,0.5258440191665635,0.06237376908504544,0.1891623802190653,0.10245624038320608,-0.3318025077314095,0.1879846222727657,0.004700307231020551
L5_p0.03_c0.07_s0.2,5.0,0.03,0.07,0.2,0.1925423665890722,0.26258207530915,0.6341576891330661,-0.449205724597752,0.42862847921514613,0.10941415157536039,0.17643586634828184,0.34937629566459305,-0.2899175255813986,0.37739750763925706,-0.006823099969461177
L5_p0.04_c0.02_soff,5.0,0.04,0.02,,0.23401820602381118,0.20933612040609778,0.8997557406007114,-0.33585571893065846,0.6967819597323192,-0.031129416609219418,0.19599950293361904,-0.3777493497847281,-0.3151485002356873,-0.0987769784274364,-0.04904841754039824
L5_p0.04_c0.02_s0.1,5.0,0.04,0.02,0.1,0.25895966463301834,0.17513958602674964,1.1531646852146766,-0.33650253670059904,0.7695622956430371,0.021416888139086376,0.16270692576711973,-0.1576461240037163,-0.26495171878040735,0.08083317306892712,0.026325610036790126
L5_p0.04_c0.02_s0.12,5.0,0.04,0.02,0.12,0.2748445648315183,0.18828036768630424,1.1533896261970116,-0.33585571893065846,0.8183411784876092,0.012151179825590441,0.17519564603935783,-0.18798951296036268,-0.3669955956855633,0.0331098791605156,-0.028790981664713167
L5_p0.04_c0.02_s0.15,5.0,0.04,0.02,0.15,0.2681025070565535,0.19569622913621593,1.089352101967744,-0.33585571893065846,0.7982669102975928,0.023336772654086957,0.19429854741914915,-0.093239420324695,-0.3373218737375927,0.06918250629735608,0.01282959730664035
L5_p0.04_c0.02_s0.2,5.0,0.04,0.02,0.2,0.22904020991846608,0.2031602511398983,0.9006194249970979,-0.33585571893065846,0.6819601305218633,-0.05462609026976872,0.19274768421997152,-0.5185359196455522,-0.3558208782169774,-0.15352131820791604,-0.03471265310634242
L5_p0.04_c0.03_soff,5.0,0.04,0.03,,0.23515583519229732,0.20697824547910035,0.9121620053760058,-0.3395663732162243,0.6925180281103928,0.012172866460292031,0.19675852855554318,-0.146664547881718,-0.3176334522393922,0.03832362861805139,-0.013654823675310013
L5_p0.04_c0.03_s0.1,5.0,0.04,0.03,0.1,0.2531556416477163,0.17720854464876395,1.115351386358993,-0.34021319098616476,0.7441088363267232,0.013220357117992743,0.1667253349803386,-0.19961079524348774,-0.2667037703146776,0.04956944216571947,0.01307997074860201
L5_p0.04_c0.03_s0.12,5.0,0.04,0.03,0.12,0.22884748507326447,0.1925437589660352,0.9381469153461441,-0.3395663732162243,0.6739403637224767,-0.039583175644262725,0.18754376675872528,-0.45143490252384144,-0.37541090336787475,-0.1054396004195812,-0.06322312671302921
L5_p0.04_c0.03_s0.15,5.0,0.04,0.03,0.15,0.27302059881782004,0.19631613081034163,1.106609353805296,-0.3395663732162243,0.8040271957199067,0.02940558276759231,0.1847685058599934,-0.07501529645287885,-0.33435303403193095,0.08794770728709479,-0.0031578238945334514
L5_p0.04_c0.03_s0.2,5.0,0.04,0.03,0.2,0.22172197941301763,0.2091418681769863,0.8517285216206032,-0.3395663732162243,0.6529562315401373,-0.04376089855218779,0.18462761326966518,-0.4859374931749623,-0.33681976821074733,-0.12992378322879997,-0.018274145743114256
L5_p0.04_c0.04_soff,5.0,0.04,0.04,,0.26603100564648363,0.203479229620212,1.0476770156295385,-0.3395663732162243,0.7834433166239466,0.008586887732145776,0.1822283365845783,-0.19392231412291655,-0.29912498339186844,0.028706688537936433,-0.046047480735770585
L5_p0.04_c0.04_s0.1,5.0,0.04,0.04,0.1,0.27856810211725547,0.17741864243199104,1.2291501133818272,-0.34021319098616476,0.8188045305056494,0.05090839620689236,0.16227636539485324,0.021830294206586914,-0.28272766753788614,0.18006160009108596,0.019420859386382938
L5_p0.04_c0.04_s0.12,5.0,0.04,0.04,0.12,0.25482080946195085,0.1967741818461078,1.030173771996878,-0.3395663732162243,0.7504300471463046,-0.035301808105163035,0.18972170348642242,-0.4199153806712059,-0.37963561340639185,-0.09298866296659371,-0.04519363681548805
L5_p0.04_c0.04_s0.15,5.0,0.04,0.04,0.15,0.25968166696594763,0.1992128051644344,1.0396260523109695,-0.3395663732162243,0.764744943694973,0.011931072893874184,0.1973056342384722,-0.1470196473575348,-0.3361136114634693,0.03549714289143247,-0.016917184488172254
L5_p0.04_c0.04_s0.2,5.0,0.04,0.04,0.2,0.26205726483192904,0.20278096763219428,1.0348268644193095,-0.3395663732162243,0.771740918718886,0.014823925815397265,0.19614429264761396,-0.1340685342520854,-0.3295936551923955,0.04497636887683416,-0.027878415220121244
L5_p0.04_c0.05_soff,5.0,0.04,0.05,,0.21442858071390836,0.2131851265001832,0.8110610788377619,-0.3407914781232044,0.6292075784723326,-0.005963805615862627,0.20384051624534924,-0.22589034343627276,-0.33379224082866665,-0.017866819195847664,-0.0037816351469631693
L5_p0.04_c0.05_s0.1,5.0,0.04,0.05,0.1,0.2152155080802376,0.18926357380787595,0.8909118935747116,-0.341438295893145,0.6303203555924215,0.049759247578681665,0.1746947983960847,0.02579714562395894,-0.24343005075413582,0.20440881240639625,0.013862403701756287
L5_p0.04_c0.05_s0.12,5.0,0.04,0.05,0.12,0.23710953845006744,0.1994336082689765,0.9466571627088717,-0.3407914781232044,0.6957613487164329,0.0364308121170176,0.1810995090749682,-0.04134341291677177,-0.3301486629577306,0.1103466898537217,-0.0737197692603242
L5_p0.04_c0.05_s0.15,5.0,0.04,0.05,0.15,0.26696014085911957,0.20224152392550515,1.056048443745216,-0.3407914781232044,0.7833533347996658,0.05532555811408901,0.19627763405177875,0.07147262766527276,-0.2732324969804464,0.20248527801599064,0.0129323462376838
L5_p0.04_c0.05_s0.2,5.0,0.04,0.05,0.2,0.21139996237568104,0.21030753165411054,0.8072746779311599,-0.3407914781232044,0.6203205653495091,0.060621815193685924,0.19320333639091367,0.09597809737561125,-0.28455428327228327,0.21304130268767854,-0.022972053168245354
L5_p0.04_c0.06_soff,5.0,0.04,0.06,,0.21117611384838675,0.21679459768022216,0.788791672663373,-0.341848987696885,0.617746787173859,0.002456717017206511,0.19265899813403375,-0.20574370004448445,-0.33945143492372865,0.007237315163385628,0.0462478922511258
L5_p0.04_c0.06_s0.1,5.0,0.04,0.06,0.1,0.2008337917692251,0.20208704490185778,0.7873970488623286,-0.34249580546682556,0.5863832156878138,0.05829017640027545,0.17966215302790267,0.07656517707148555,-0.3039849327229529,0.1917535052745532,0.0388021009990398
L5_p0.04_c0.06_s0.12,5.0,0.04,0.06,0.12,0.2420736940808732,0.20770402389407,0.9369808745020661,-0.341848987696885,0.7081304985332242,0.012892840746376866,0.19779689155563843,-0.14132313336668553,-0.3789351602805927,0.034023870302323005,-0.04278944637467019
L5_p0.04_c0.06_s0.15,5.0,0.04,0.06,0.15,0.24265832414347477,0.21279856230147612,0.9217760712831197,-0.341848987696885,0.7098406983104427,0.017594611380402192,0.21629562550893414,-0.08916061211325776,-0.35919099721408165,0.04898399881084886,0.0533593226598037
L5_p0.04_c0.06_s0.2,5.0,0.04,0.06,0.2,0.2284872307808432,0.21491248943676183,0.8609493442086128,-0.341848987696885,0.6683864484145882,0.010182809225788292,0.19242729574518794,-0.1652278190804082,-0.33394844571135596,0.03049215936339369,0.02864702458248969
L5_p0.04_c0.07_soff,5.0,0.04,0.07,,0.23265822123835656,0.22681991962366968,0.8428661795038448,-0.34351202046271023,0.6772928089240261,0.00928850497790279,0.18636658087734695,-0.18177281685008098,-0.30838003983517737,0.030120318367126808,0.002149463787266992
L5_p0.04_c0.07_s0.1,5.0,0.04,0.07,0.1,0.22909476343938762,0.2006316080555034,0.9094829365478473,-0.34415874722086703,0.6656659616800731,0.08256165827474948,0.1625440705104804,0.20966672336540373,-0.24332281373440023,0.3393091548122155,0.030383995264170238
L5_p0.04_c0.07_s0.12,5.0,0.04,0.07,0.12,0.24513105025337034,0.21446358655101996,0.9259407938308333,-0.34351202046271023,0.71360253979811,0.06372129012705208,0.17792690706128345,0.1048625233458451,-0.2921908852826123,0.21808103310758548,0.026460807234310213
L5_p0.04_c0.07_s0.15,5.0,0.04,0.07,0.15,0.22376473997813728,0.21876720922951248,0.8316246200305891,-0.34351202046271023,0.6514029397769734,0.06050051466876383,0.18238985026854795,0.08958083228779588,-0.28499056192628114,0.21228953780025028,0.011548634049172835
L5_p0.04_c0.07_s0.2,5.0,0.04,0.07,0.2,0.24205502043091043,0.22643407562766696,0.878007831260387,-0.34351202046271023,0.7046478900646989,0.021977435867531314,0.1840934673429764,-0.11634485569341045,-0.29135239248925726,0.07543248805942675,0.03897308174622993
L5_p0.05_c0.02_soff,5.0,0.05,0.02,,0.24311028069067486,0.17557440191624687,1.0790295337682894,-0.2868384149091241,0.8475513322289724,-0.00041413360419750855,0.19932594931645667,-0.20655897313186627,-0.31628595702644713,-0.0013093645006909986,-0.02342319984202912
L5_p0.05_c0.02_s0.1,5.0,0.05,0.02,0.1,0.26614498123195784,0.12971423284952607,1.547539994981453,-0.15759531912204117,1.688787349235013,0.08362277143076846,0.15805522836164432,0.2180042276947269,-0.2421185659531282,0.3453794264044874,0.058877247551217815
L5_p0.05_c0.02_s0.12,5.0,0.05,0.02,0.12,0.23908342277708705,0.14380291538382242,1.2570030439903204,-0.19905697569899417,1.201080353690389,0.006309623169780121,0.17119984964041604,-0.23090821578270845,-0.33265166567867277,0.018967658427043458,-0.011798297055056861
L5_p0.05_c0.02_s0.15,5.0,0.05,0.02,0.15,0.23807903380827167,0.15962804329323912,1.1428148738895973,-0.21624390938968985,1.100974517526101,0.07660979517994804,0.19029928245694433,0.1758020426438371,-0.31349622003302413,0.24437230908837707,0.07708042187576969
L5_p0.05_c0.02_s0.2,5.0,0.05,0.02,0.2,0.2310463274881418,0.1757788264747648,1.0209435130180045,-0.28773575590042266,0.8029809391089389,0.035407033774901286,0.19765961640709676,-0.026655734226201027,-0.3169617510627566,0.1117075913929151,0.004309476357043263
L5_p0.05_c0.03_soff,5.0,0.05,0.03,,0.2401805879882546,0.1725302072790663,1.0811122313743935,-0.2812022142405728,0.8541205432428651,0.024931586888100377,0.19589138323844918,-0.0821565368273542,-0.31367192871070415,0.07948300311914261,-0.015674692838786086
L5_p0.05_c0.03_s0.1,5.0,0.05,0.03,0.1,0.24680969101577355,0.14080175948020648,1.3253787387077864,-0.18475918694380988,1.3358452973211818,0.0827992129622559,0.16008970225886016,0.2124190302013876,-0.24913753252881565,0.33234339331300555,0.05861467003140741
L5_p0.05_c0.03_s0.12,5.0,0.05,0.03,0.12,0.2359059705421298,0.1436887772111786,1.2397224882409883,-0.19306291157142597,1.2219124254471503,0.0418376337034847,0.1665247977038408,-0.027750917906364966,-0.3369422067782857,0.12416857509042983,0.03536321692778421
L5_p0.05_c0.03_s0.15,5.0,0.05,0.03,0.15,0.24201293614339425,0.15755169093537671,1.176355426083227,-0.23402710742673938,1.0341235201531291,0.0706548011479986,0.19073491451878172,0.14586157193752256,-0.30970059081053836,0.22813905831785192,0.045708649046067196
L5_p0.05_c0.03_s0.2,5.0,0.05,0.03,0.2,0.23675511989996822,0.16851254920775371,1.085474960005911,-0.2257757605055829,1.0486294869289736,0.025000853205669582,0.20081488725538885,-0.07486782171318898,-0.31335153251624115,0.07978532290846152,-0.03691590831437219
L5_p0.05_c0.04_soff,5.0,0.05,0.04,,0.24045878450043667,0.16748465211894856,1.1097766909135256,-0.23470707152312753,1.0245059211040533,-0.022253015338650317,0.1836534458964652,-0.3647984751487986,-0.34876312204769166,-0.06380552854325959,-0.03407719967665834
L5_p0.05_c0.04_s0.1,5.0,0.05,0.04,0.1,0.2625683327828954,0.13277588926665995,1.4932402412852628,-0.17857817688745758,1.4703270990854025,0.10123310020891552,0.1608716909484057,0.32013758697208805,-0.2490479089454708,0.4064804263467258,0.06838627822374788
L5_p0.05_c0.04_s0.12,5.0,0.05,0.04,0.12,0.24927407984368788,0.14406709356519135,1.312770578927725,-0.2198551800697056,1.133810355365086,0.03279936862071042,0.18239577623719497,-0.05909167119761817,-0.3709380630574265,0.08842276349416484,0.04339698853647489
L5_p0.05_c0.04_s0.15,5.0,0.05,0.04,0.15,0.27954251327902724,0.15252479488906096,1.4083429626770212,-0.2343653586277472,1.1927637894772534,0.015001748544215987,0.1872713782439901,-0.14867641817999297,-0.3491062100291893,0.042971875358394994,0.09144626035857994
L5_p0.05_c0.04_s0.2,5.0,0.05,0.04,0.2,0.2804534296009482,0.15998192488115476,1.3550667028016241,-0.20628306206055114,1.3595562660332505,-0.018537218467487016,0.18472661231876808,-0.34046296163767636,-0.35155745636422875,-0.05272884455132038,0.012807055781363319
L5_p0.05_c0.05_soff,5.0,0.05,0.05,,0.21982773838594438,0.17376556273238114,0.9777336644012631,-0.26243039477251817,0.8376611199190439,-0.00665752722186741,0.19663013526963674,-0.24507561786979892,-0.3285203662398384,-0.02026518872503338,-0.00918033707155963
L5_p0.05_c0.05_s0.1,5.0,0.05,0.05,0.1,0.27855735562109185,0.1473602406761903,1.4461316222613094,-0.18085583360134327,1.5402176975673896,0.0940294801761441,0.15519375246077624,0.28226173116218667,-0.2527674393816579,0.37199997122322137,0.08163947839424712
L5_p0.05_c0.05_s0.12,5.0,0.05,0.05,0.12,0.2926060180288572,0.1577150840231422,1.43203341690021,-0.20399213835679642,1.434398503716202,0.02891981859453585,0.18213346660693921,-0.08072239786779721,-0.3615638578405749,0.07998536902238589,0.0012267132341681197
L5_p0.05_c0.05_s0.15,5.0,0.05,0.05,0.15,0.2844734410009009,0.15820172866637444,1.3881777829279354,-0.20773999024806544,1.369372553937289,0.06853514316680331,0.1927909171074291,0.13561378730711948,-0.320626853168847,0.21375359702236688,0.03117760374953038
L5_p0.05_c0.05_s0.2,5.0,0.05,0.05,0.2,0.24476182156262594,0.17121318667673843,1.1092869791859803,-0.23243259528871707,1.0530443084309844,0.012104526008871463,0.19439106865533312,-0.1511627845330835,-0.3229001489194441,0.03748690128938669,0.022383265834370336
L5_p0.05_c0.06_soff,5.0,0.05,0.06,,0.2135952918563626,0.17956870875023348,0.9227857857318224,-0.2577829545548421,0.8285857853759729,-0.01482636082548483,0.18224755200768245,-0.3262943467644122,-0.3448678072601168,-0.042991431827970064,-0.005088315277532396
L5_p0.05_c0.06_s0.1,5.0,0.05,0.06,0.1,0.2572629346915756,0.16003074018171354,1.2375056747014845,-0.18455739508437252,1.3939454150507753,0.0841459776190403,0.16302891818000806,0.21902087880764506,-0.25700434491262336,0.32741072003140004,0.016858785301808066
L5_p0.05_c0.06_s0.12,5.0,0.05,0.06,0.12,0.2854788639333441,0.15914410175450924,1.3856428277488197,-0.2206478097527833,1.2938214263409111,0.004530684688029307,0.17846887201527473,-0.22456932738548893,-0.35023494136687394,0.01293612987427025,0.06589084831131675
L5_p0.05_c0.06_s0.15,5.0,0.05,0.06,0.15,0.23027436985937766,0.16933715184786688,1.049138433642712,-0.23831847845822796,0.9662463915895626,0.04140845954298822,0.1848496186682097,-0.010063470381904697,-0.3428571633719163,0.12077466644052628,0.056520890502240295
L5_p0.05_c0.06_s0.2,5.0,0.05,0.06,0.2,0.2087520426329852,0.1812480275941133,0.8934540159573616,-0.2574979814207634,0.8106938993509035,0.010931917645330858,0.18069144824527342,-0.1837186070476594,-0.3442153186484941,0.03175895160114683,-0.011677902695333087
L5_p0.05_c0.07_soff,5.0,0.05,0.07,,0.2183031372369304,0.17958973390804764,0.9445089198533809,-0.2537836799151756,0.8601937575729686,-0.010049179517096163,0.1828906800961462,-0.2972794381810915,-0.34673734093882513,-0.028982109310427974,0.008968714044240045
L5_p0.05_c0.07_s0.1,5.0,0.05,0.07,0.1,0.24486360068276802,0.1484187412180295,1.254475497680106,-0.18955323337032193,1.2917933201613534,0.11473430002302343,0.16479022289430018,0.3922379059338037,-0.25664114781467573,0.4470612019935116,0.02159509036732321
L5_p0.05_c0.07_s0.12,5.0,0.05,0.07,0.12,0.2442065798147559,0.15692437476729804,1.1914895930148155,-0.216121535998668,1.1299502323371466,0.04551347427392738,0.1928194898745146,0.019631078199971796,-0.3747405020926341,0.12145330974306232,0.05913804832355418
L5_p0.05_c0.07_s0.15,5.0,0.05,0.07,0.15,0.25599171194420856,0.16799782403663746,1.1813458561353263,-0.2349850146275002,1.0893959019046737,0.051237924274721625,0.1863677546068152,0.04346165590769277,-0.34419588348051555,0.14886268759696578,0.05065420280386013
L5_p0.05_c0.07_s0.2,5.0,0.05,0.07,0.2,0.23163236596715486,0.18260946132234607,0.9924437689717951,-0.25904747522019855,0.894169556257053,0.01373082354962607,0.1806778002388594,-0.16798888553146002,-0.3465855376316137,0.039617416362654416,0.028393423186156452
L5_p0.06_c0.02_soff,5.0,0.06,0.02,,0.2409887210782622,0.1702598303567579,1.0967677052548477,-0.2512062297592511,0.9593262130052225,-0.015790590187835907,0.1797161045417366,-0.3389607617602917,-0.28581158921111904,-0.05524825018964486,0.006211217690184512
L5_p0.06_c0.02_s0.1,5.0,0.06,0.02,0.1,0.2572972860332332,0.12081786758278121,1.5934944008883005,-0.17668956695555416,1.4562109719695886,0.12251931691793172,0.1362847986100086,0.49548522280524376,-0.18499219596079663,0.662294516163784,0.11158205197020443
L5_p0.06_c0.02_s0.12,5.0,0.06,0.02,0.12,0.2724707686620007,0.14165528135479954,1.4649648485285292,-0.1993995693666598,1.3664561539798321,0.028649070969988033,0.1518768873157689,-0.13247996403909154,-0.3055805204795212,0.09375293596932001,0.06420173374163962
L5_p0.06_c0.02_s0.15,5.0,0.06,0.02,0.15,0.2500980797561345,0.15177540281455798,1.2588316662173449,-0.23209880252612536,1.0775500650331151,0.06253736878008764,0.16701742676880504,0.0939286094491297,-0.2750088622577638,0.22740128542283786,0.05852794853522836
L5_p0.06_c0.02_s0.2,5.0,0.06,0.02,0.2,0.24645778380317984,0.17116255621660317,1.1179828244875984,-0.25014738000422776,0.9852503104330512,-0.004191047560851757,0.17470313650473332,-0.28482816905043007,-0.2881009980533329,-0.014547146969882819,0.019327189448827387
L5_p0.06_c0.03_soff,5.0,0.06,0.03,,0.23805699663762003,0.16835598980500324,1.0936634321430496,-0.23343111996002397,1.0198168807928791,-0.0005367597407969216,0.17463171746981412,-0.2634356078051574,-0.28325492393936724,-0.0018949705563170327,-0.018030468313101622
L5_p0.06_c0.03_s0.1,5.0,0.06,0.03,0.1,0.2682134866277843,0.12515149684577914,1.6126056262532198,-0.14120906277782308,1.89940703062231,0.12285143016325262,0.1374013337584826,0.4947932882255726,-0.18728662819124886,0.6559540921298564,0.11203372313034121
L5_p0.06_c0.03_s0.12,5.0,0.06,0.03,0.12,0.2668101132582543,0.13917965607842833,1.4557062446116096,-0.17596775900764283,1.5162443095423288,0.033884995090800896,0.1535363800996288,-0.09536791771837903,-0.3093608041570238,0.10953228280852838,0.030227810039205494
L5_p0.06_c0.03_s0.15,5.0,0.06,0.03,0.15,0.24513963031859043,0.15031058248132126,1.2426526779029814,-0.18637570409818727,1.3152982117746683,0.05961029708059584,0.16693180758374984,0.07688477433531099,-0.2750546353132236,0.21672165972667032,0.06471422088353429
L5_p0.06_c0.03_s0.2,5.0,0.06,0.03,0.2,0.24607454003839524,0.16485525668500922,1.1524140051911913,-0.21623214599735618,1.1380109044536049,0.0021183079174160735,0.17352868637177418,-0.25049883698843456,-0.28708560700106456,0.007378662899698132,0.018808307715751926
L5_p0.06_c0.04_soff,5.0,0.06,0.04,,0.25429570874556395,0.17152886147803784,1.1537696289186046,-0.23499725845379893,1.082122023119513,0.03611736054152859,0.170239747444328,-0.05689077577780121,-0.2804423411147503,0.12878711680255953,0.04172682915081394
L5_p0.06_c0.04_s0.1,5.0,0.06,0.04,0.1,0.29225160173662035,0.1280990699636776,1.7273495336627487,-0.1460097926856837,2.0015890466042396,0.10701560581061131,0.13797943829837497,0.3874520515973276,-0.1857480019422152,0.5761332810670182,0.07896003993407508
L5_p0.06_c0.04_s0.12,5.0,0.06,0.04,0.12,0.2876932855392813,0.14135456329902613,1.5530215309741868,-0.1771066006315003,1.6244074727506908,0.03573633657308983,0.16675213886421994,-0.06359754573627889,-0.3420927868084448,0.10446387047938673,0.028806157943010113
L5_p0.06_c0.04_s0.15,5.0,0.06,0.04,0.15,0.2561942870915701,0.15180009359506794,1.2911388401132018,-0.18771003275722487,1.3648406711585814,0.06280756190478165,0.16545388153710197,0.09477859615947144,-0.2785774860357163,0.225458140205663,0.08309691106322425
L5_p0.06_c0.04_s0.2,5.0,0.06,0.04,0.2,0.2612750574270095,0.1667885492931007,1.2148372243489078,-0.21771568585394063,1.2000745669849973,0.034067178995178304,0.16996023630118773,-0.06928262218656817,-0.28393848593338333,0.11998084332664585,0.03859092928083996
L5_p0.06_c0.05_soff,5.0,0.06,0.05,,0.2089606476618746,0.17666335069987096,0.9134813108692718,-0.23499725845379893,0.8892046189677435,-0.003919234231418933,0.1727087057862758,-0.28847273364054127,-0.27659561517945064,-0.014169545778504837,0.016782744528252902
L5_p0.06_c0.05_s0.1,5.0,0.06,0.05,0.1,0.27553439796571877,0.15010685696806972,1.406627097780824,-0.1460097926856837,1.8870953303718716,0.12957910699215147,0.13492656644956744,0.5467680369526536,-0.17403284994622348,0.7445669425754488,0.1050221228488073
L5_p0.06_c0.05_s0.12,5.0,0.06,0.05,0.12,0.26806328352618425,0.15237537877996077,1.3490188970369206,-0.17152717449505295,1.5628035867512964,0.03437186815974247,0.1679629296020523,-0.07006693445106192,-0.34491037154652915,0.09965449286324413,0.038271196125619245
L5_p0.06_c0.05_s0.15,5.0,0.06,0.05,0.15,0.23749566833204927,0.15893928211262398,1.1443226440300693,-0.18771003275722487,1.2652262899512396,0.0598553899612686,0.16830536616909086,0.07886758961188005,-0.27060322549940696,0.22119244828217977,0.07305068969479067
L5_p0.06_c0.05_s0.2,5.0,0.06,0.05,0.2,0.21285701374272215,0.1737921458233411,0.9438111113370535,-0.21771568585394063,0.9776834081009761,0.010120804770538117,0.17578123481809957,-0.1985087289800494,-0.2804431924639793,0.03608860918183298,0.006441737905157563
L5_p0.06_c0.06_soff,5.0,0.06,0.06,,0.2293985794771367,0.17725601153750034,1.0066037958234622,-0.25380068841705405,0.9038532594528705,0.026752973801742685,0.1775147132887043,-0.10012801083024192,-0.28607430043939164,0.0935175713465063,0.03048103988908757
L5_p0.06_c0.06_s0.1,5.0,0.06,0.06,0.1,0.24972170953075423,0.14997566845274526,1.26945458660324,-0.1798257435278432,1.388687207024331,0.1070271309103703,0.14267612708627483,0.3790898740084017,-0.1749822180182502,0.6116457553373089,0.09079512555140545
L5_p0.06_c0.06_s0.12,5.0,0.06,0.06,0.12,0.25983688927671555,0.1561247461488301,1.2782157940219483,-0.20324350931109958,1.2784511060522477,0.042041615927884246,0.174141412348924,-0.017828283505446865,-0.3510990135517398,0.11974290529212431,0.03909701925695841
L5_p0.06_c0.06_s0.15,5.0,0.06,0.06,0.15,0.24904330984589063,0.16789461192504207,1.1484242460558023,-0.23569301920465846,1.056642707052939,0.07187921465423197,0.177098319344028,0.14927696503024074,-0.29282310062863115,0.24546975460584236,0.05254310092636727
L5_p0.06_c0.06_s0.2,5.0,0.06,0.06,0.2,0.23105444113738227,0.1770997946949169,1.0150593265953138,-0.25380068841705405,0.9103775193773535,0.05447044320600325,0.1739664271620036,0.05177268149398096,-0.2900130474796738,0.18782066420587828,0.03431880936823872
L5_p0.06_c0.07_soff,5.0,0.06,0.07,,0.20606634880897046,0.17538835821168253,0.9044556980403653,-0.25380068841705405,0.8119219458946271,0.004231085555090219,0.17980962092822894,-0.22343682725533048,-0.28768983657378455,0.014707108201943942,0.04079616621252535
L5_p0.06_c0.07_s0.1,5.0,0.06,0.07,0.1,0.2354707405051526,0.14228167399669875,1.2482553073596567,-0.1798257435278432,1.3094384368203302,0.10146501087889437,0.15177675147403544,0.3312421328645313,-0.2243517888521135,0.4522585328961977,0.11428836832800138
L5_p0.06_c0.07_s0.12,5.0,0.06,0.07,0.12,0.24008073418827536,0.15248199411791347,1.1997505792585552,-0.20324350931109958,1.1812467468311127,0.10005399644189317,0.17415732671973563,0.3023209868635693,-0.3156806940342365,0.3169468337238324,0.03576420437896455
L5_p0.06_c0.07_s0.15,5.0,0.06,0.07,0.15,0.20911034278149132,0.1648502514152305,0.9661517691971483,-0.23569301920465846,0.8872148334606181,0.1298149891102225,0.18615132808124776,0.44186846232137406,-0.2764247222910091,0.4696214869434086,0.06198192447236717
L5_p0.06_c0.07_s0.2,5.0,0.06,0.07,0.2,0.20800181659593564,0.17502951679524123,0.9152506094222765,-0.25380068841705405,0.8195478818171678,-0.005334240473829133,0.16794218195663418,-0.31025405980476356,-0.3195819401713118,-0.01669130762198175,0.028985886266662764
L5_p0.07_c0.02_soff,5.0,0.07,0.02,,0.23366741025468563,0.14788580579989502,1.1973350482083482,-0.20879397328786686,1.1191290944615793,0.007219564249241417,0.16968737175863033,-0.2293718446243855,-0.2556102488578549,0.028244424006864544,0.0280968166814215
L5_p0.07_c0.02_s0.1,5.0,0.07,0.02,0.1,0.24050627936142144,0.11740319585119213,1.5197208544748935,-0.14102509073232672,1.7054148174094454,0.10849621598539172,0.10880244824012937,0.47059927564850224,-0.15196450166189912,0.7139576335187899,0.10430175551698384
L5_p0.07_c0.02_s0.12,5.0,0.07,0.02,0.12,0.26550138578940485,0.13079493239924264,1.5321019974051717,-0.1553396111331551,1.7091673131704992,0.08953087683294458,0.1253589476574392,0.28234005307865745,-0.18308521910765674,0.4890120418748776,0.05316726684063844
L5_p0.07_c0.02_s0.15,5.0,0.07,0.02,0.15,0.25648761658939256,0.13893881052462417,1.3984603890975293,-0.18846895759696114,1.3609011258919816,0.09992790776751637,0.15110780001941587,0.32238799021680736,-0.22596301548692732,0.4422312543147023,0.10294263961037009
L5_p0.07_c0.02_s0.2,5.0,0.07,0.02,0.2,0.2373466935116122,0.14755714138545917,1.2201592926807268,-0.20879397328786686,1.1367506914789123,0.03606967380342829,0.1611310590268878,-0.07008251878413929,-0.2441782119301915,0.14771864171787902,0.05762296491085794
L5_p0.07_c0.03_soff,5.0,0.07,0.03,,0.23895222452471,0.14424930527385377,1.253644240361068,-0.1871255308387203,1.2769621732197414,0.010648174155529544,0.16954765390175924,-0.20907585010125518,-0.25432852681247853,0.041867793161011205,0.026505143455303415
L5_p0.07_c0.03_s0.1,5.0,0.07,0.03,0.1,0.26219548652416824,0.1149538118930713,1.7025279581338493,-0.12299189010625888,2.1318111811896245,0.1051070357602184,0.1106617965080149,0.4360657648800263,-0.15910121733097282,0.6606299909168377,0.10041092090200143
L5_p0.07_c0.03_s0.12,5.0,0.07,0.03,0.12,0.2976159649740995,0.1251213545937718,1.7989732179043125,-0.12985152392995547,2.2919712912621613,0.09189066378947452,0.12897016176544127,0.2952733639197735,-0.18096055525567345,0.5077938872349563,0.05508197025966832
L5_p0.07_c0.03_s0.15,5.0,0.07,0.03,0.15,0.2658958609714339,0.13754194504062286,1.4659970671768692,-0.14295379552623744,1.8600126005233064,0.10261689703202648,0.1514290340751305,0.3386240762988115,-0.22572197483062306,0.4546163354676832,0.08772029970786122
L5_p0.07_c0.03_s0.2,5.0,0.07,0.03,0.2,0.2457637976162672,0.13873056076707393,1.33758323232511,-0.1703904818446561,1.4423563743444805,0.02552024936468178,0.16004072468921354,-0.13742601371918997,-0.24394500996460644,0.10461476284505458,0.0163429901841341
L5_p0.07_c0.04_soff,5.0,0.07,0.04,,0.23593125408423443,0.14650333238986513,1.2196333224092242,-0.1858547714711789,1.2694387785509238,0.002005865297335374,0.1681448925017205,-0.26479300366164393,-0.27432434453777754,0.00731202074214432,0.01456413257711442
L5_p0.07_c0.04_s0.1,5.0,0.07,0.04,0.1,0.2608684402890755,0.1146084963631584,1.6979192868051483,-0.12439342258526398,2.0971240670724884,0.10792523755714112,0.11077327529043444,0.45938848839806834,-0.15672895911448492,0.6886106956041581,0.10231841880384551
L5_p0.07_c0.04_s0.12,5.0,0.07,0.04,0.12,0.2804666130858777,0.12680938059440947,1.6701582506604324,-0.14348513010115904,1.9546737204624953,0.09351077890471426,0.13264279201636966,0.3022583143784731,-0.18775603921307993,0.4980440538511311,0.04996084766393105
L5_p0.07_c0.04_s0.15,5.0,0.07,0.04,0.15,0.24904632927403592,0.12753556395470494,1.4636622654968543,-0.1421094293289995,1.7524968642120524,0.09884857657585355,0.1528355800751488,0.31382886531330634,-0.2397120370248924,0.41236384206100096,0.08733168398512747
L5_p0.07_c0.04_s0.2,5.0,0.07,0.04,0.2,0.24399758042489128,0.14358219715590867,1.287127124522551,-0.16910118263264473,1.442908775836012,0.008992147303851006,0.16318471385000746,-0.2341129622388847,-0.2745210809367281,0.03275576241055063,0.008429538498658573
L5_p0.07_c0.05_soff,5.0,0.07,0.05,,0.2355784166637671,0.14880994623065552,1.2010830065085825,-0.1858547714711789,1.2675403208590694,0.02526954450858998,0.1727901167110034,-0.11632372409906895,-0.26334055617387,0.09595766362666078,0.014865115315880084
L5_p0.07_c0.05_s0.1,5.0,0.07,0.05,0.1,0.2619318784456437,0.11766313791233622,1.6642966208785874,-0.12439342258526398,2.1056730573202587,0.1224558413380592,0.11082931816182273,0.5800984805932343,-0.1512772681337503,0.8094794601247761,0.11048388750869553
L5_p0.07_c0.05_s0.12,5.0,0.07,0.05,0.12,0.2602727052692946,0.1341256471474173,1.4658272172416975,-0.14381052143875783,1.809830759706497,0.1027219048681367,0.1264560336947652,0.37863540679851115,-0.18774482587381836,0.5471357433689021,0.049430013234712744
L5_p0.07_c0.05_s0.15,5.0,0.07,0.05,0.15,0.252957116878483,0.12915261057473038,1.4715495840194381,-0.1421094293289995,1.7800164146241026,0.11990863583387057,0.16144980526841732,0.4266253292730515,-0.23996099481679056,0.4997005281021627,0.10193347880422388
L5_p0.07_c0.05_s0.2,5.0,0.07,0.05,0.2,0.24806360651159887,0.14556820843413923,1.2943205499653976,-0.16910118263264473,1.466953705761432,0.048738132578189486,0.16960629981187958,0.01552981506986078,-0.26353518748298477,0.18493975337292018,0.049109409145425165
L5_p0.07_c0.06_soff,5.0,0.07,0.06,,0.23358867489124946,0.15514819575464436,1.1480591648845262,-0.21078732355347507,1.108172308245993,0.05161240588005089,0.170891088943328,0.03321577281734113,-0.2446158415044115,0.21099371799728717,0.03417174407304713
L5_p0.07_c0.06_s0.1,5.0,0.07,0.06,0.1,0.24865502496196745,0.12748513109284446,1.4616639565407885,-0.1440017599644391,1.7267499023857225,0.13891560412910753,0.11636194354749578,0.6866808470573316,-0.15132275347045643,0.9180086995722608,0.1316988795203582
L5_p0.07_c0.06_s0.12,5.0,0.07,0.06,0.12,0.27743524086593485,0.13721837682338306,1.5363224236301194,-0.15833238428900642,1.7522330767123941,0.13822127262210038,0.13344167248952937,0.6099988479195588,-0.19071711688114068,0.7247449777056093,0.10931013285886348
L5_p0.07_c0.06_s0.15,5.0,0.07,0.06,0.15,0.24125228884325933,0.1468167093515777,1.2467505753926316,-0.19039650528960606,1.2671046061286586,0.12517329097062668,0.16706756308533757,0.44673254795617096,-0.24369990292723376,0.5136370161296376,0.06573235207815675
L5_p0.07_c0.06_s0.2,5.0,0.07,0.06,0.2,0.23666260188061283,0.15453883324208814,1.1683393057241163,-0.21078732355347507,1.1227553815425404,0.051514201984226515,0.17087116172268743,0.03263644230921682,-0.24480911444354447,0.21042599701126008,0.07387493162205128
L5_p0.07_c0.07_soff,5.0,0.07,0.07,,0.21954094394633628,0.16382087520243874,1.024785037547773,-0.21078732355347507,1.0415282107353125,0.007890765035252434,0.1567191364990464,-0.25757282032654716,-0.2502473053179677,0.0315318681462976,0.04773414397342757
L5_p0.07_c0.07_s0.1,5.0,0.07,0.07,0.1,0.2276325326920312,0.1391360392136735,1.226648367618309,-0.1440017599644391,1.5807621569920016,0.12715369074416438,0.12586769420155997,0.5592073727982528,-0.14869324605493595,0.8551409974410432,0.11872138713158797
L5_p0.07_c0.07_s0.12,5.0,0.07,0.07,0.12,0.23715329544501795,0.13417512008120389,1.3254000307197868,-0.15833238428900642,1.4978192648961728,0.07837745257318018,0.15342660547681447,0.1875135925345448,-0.2751848726189089,0.2848174459128848,0.08832549259664546
L5_p0.07_c0.07_s0.15,5.0,0.07,0.07,0.15,0.2360392495179744,0.14654328546795248,1.2197140254840668,-0.19039650528960606,1.2397246953610972,0.11784144700858401,0.1711202677856582,0.40079992509186424,-0.22744906367142903,0.5181003830326457,0.1188574346622866
L5_p0.07_c0.07_s0.2,5.0,0.07,0.07,0.2,0.22375565029492273,0.16357769138135633,1.047495955752544,-0.21078732355347507,1.061523276271202,0.03346446732109931,0.15480277190204916,-0.09617900070723628,-0.2504440392861107,0.13362053821080982,0.07793641190540757
