symbol,expiry,lot_at_listing,lot_size_at_expiry,mid_contract_change
360ONE,2025-07-31,500,500,False
360ONE,2025-08-28,500,500,False
360ONE,2025-09-30,500,500,False
360ONE,2025-10-28,500,500,False
360ONE,2025-11-25,500,500,False
360ONE,2025-12-30,500,500,False
360ONE,2026-01-27,500,500,False
360ONE,2026-02-24,500,500,False
360ONE,2026-03-30,500,500,False
360ONE,2026-04-28,500,500,False
360ONE,2026-05-26,500,500,False
360ONE,2026-06-30,500,500,False
360ONE,2026-07-28,500,500,False
360ONE,2026-08-25,500,500,False
AARTIIND,2021-01-28,425,425,False
AARTIIND,2021-02-25,425,425,False
AARTIIND,2021-03-25,425,425,False
AARTIIND,2021-04-29,425,425,False
AARTIIND,2021-05-27,425,425,False
AARTIIND,2021-06-24,425,850,True
AARTIIND,2021-07-29,425,850,True
AARTIIND,2021-08-26,425,850,True
AARTIIND,2021-09-30,850,850,False
AARTIIND,2021-10-28,850,850,False
AARTIIND,2021-11-25,850,850,False
AARTIIND,2021-12-30,850,850,False
AARTIIND,2022-01-27,850,850,False
AARTIIND,2022-02-24,850,850,False
AARTIIND,2022-03-31,850,850,False
AARTIIND,2022-04-28,850,850,False
AARTIIND,2022-05-26,850,850,False
AARTIIND,2022-06-30,850,850,False
AARTIIND,2022-07-28,850,850,False
AARTIIND,2022-08-25,850,850,False
AARTIIND,2022-09-29,850,850,False
AARTIIND,2022-10-27,850,850,False
AARTIIND,2022-11-24,850,850,False
AARTIIND,2022-12-29,850,850,False
AARTIIND,2023-01-25,850,850,False
AARTIIND,2023-02-23,850,850,False
AARTIIND,2023-03-29,850,850,False
AARTIIND,2023-04-27,850,850,False
AARTIIND,2023-05-25,850,850,False
AARTIIND,2023-06-28,850,850,False
AARTIIND,2023-07-27,1000,1000,False
AARTIIND,2023-08-31,1000,1000,False
AARTIIND,2023-09-28,1000,1000,False
AARTIIND,2023-10-26,1000,1000,False
AARTIIND,2023-11-30,1000,1000,False
AARTIIND,2023-12-28,1000,1000,False
AARTIIND,2024-01-25,1000,1000,False
AARTIIND,2024-02-29,1000,1000,False
AARTIIND,2024-03-28,1000,1000,False
AARTIIND,2024-04-25,1000,1000,False
AARTIIND,2024-05-30,1000,1000,False
AARTIIND,2024-06-27,1000,1000,False
AARTIIND,2024-07-25,1000,1000,False
AARTIIND,2024-08-29,1000,1000,False
AARTIIND,2024-09-26,1000,1000,False
AARTIIND,2024-10-31,1000,1000,False
AARTIIND,2024-11-28,1000,1000,False
AARTIIND,2024-12-26,1000,1000,False
AARTIIND,2025-01-30,1000,1000,False
AARTIIND,2025-02-27,1000,1000,False
AARTIIND,2025-03-27,1000,1000,False
AARTIIND,2025-04-24,1000,1000,False
AARTIIND,2025-05-29,1000,1000,False
AARTIIND,2025-06-26,1000,1000,False
AARTIIND,2025-07-31,1325,1325,False
ABB,2022-02-24,250,250,False
ABB,2022-03-31,250,250,False
ABB,2022-04-28,250,250,False
ABB,2022-05-26,250,250,False
ABB,2022-06-30,250,250,False
ABB,2022-07-28,250,250,False
ABB,2022-08-25,250,250,False
ABB,2022-09-29,250,250,False
ABB,2022-10-27,250,250,False
ABB,2022-11-24,250,250,False
ABB,2022-12-29,250,250,False
ABB,2023-01-25,250,250,False
ABB,2023-02-23,250,250,False
ABB,2023-03-29,250,250,False
ABB,2023-04-27,250,250,False
ABB,2023-05-25,250,250,False
ABB,2023-06-28,250,250,False
ABB,2023-07-27,250,250,False
ABB,2023-08-31,250,250,False
ABB,2023-09-28,250,250,False
ABB,2023-10-26,250,250,False
ABB,2023-11-30,250,125,True
ABB,2023-12-28,250,125,True
ABB,2024-01-25,125,125,False
ABB,2024-02-29,125,125,False
ABB,2024-03-28,125,125,False
ABB,2024-04-25,125,125,False
ABB,2024-05-30,125,125,False
ABB,2024-06-27,125,125,False
ABB,2024-07-25,125,125,False
ABB,2024-08-29,125,125,False
ABB,2024-09-26,125,125,False
ABB,2024-10-31,125,125,False
ABB,2024-11-28,125,125,False
ABB,2024-12-26,125,125,False
ABB,2025-01-30,125,125,False
ABB,2025-02-27,125,125,False
ABB,2025-03-27,125,125,False
ABB,2025-04-24,125,125,False
ABB,2025-05-29,125,125,False
ABB,2025-06-26,125,125,False
ABB,2025-07-31,125,125,False
ABB,2025-08-28,125,125,False
ABB,2025-09-30,125,125,False
ABB,2025-10-28,125,125,False
ABB,2025-11-25,125,125,False
ABB,2025-12-30,125,125,False
ABB,2026-01-27,125,125,False
ABB,2026-02-24,125,125,False
ABB,2026-03-30,125,125,False
ABB,2026-04-28,125,125,False
ABB,2026-05-26,125,125,False
ABB,2026-06-30,125,125,False
ABB,2026-07-28,125,125,False
ABB,2026-08-25,125,125,False
ABBOTINDIA,2021-10-28,25,25,False
ABBOTINDIA,2021-11-25,25,25,False
ABBOTINDIA,2021-12-30,25,25,False
ABBOTINDIA,2022-01-27,25,25,False
ABBOTINDIA,2022-02-24,25,25,False
ABBOTINDIA,2022-03-31,25,25,False
ABBOTINDIA,2022-04-28,25,25,False
ABBOTINDIA,2022-05-26,25,25,False
ABBOTINDIA,2022-06-30,25,25,False
ABBOTINDIA,2022-07-28,40,40,False
ABBOTINDIA,2022-08-25,40,40,False
ABBOTINDIA,2022-09-29,40,40,False
ABBOTINDIA,2022-10-27,40,40,False
ABBOTINDIA,2022-11-24,40,40,False
ABBOTINDIA,2022-12-29,40,40,False
ABBOTINDIA,2023-01-25,40,40,False
ABBOTINDIA,2023-02-23,40,40,False
ABBOTINDIA,2023-03-29,40,40,False
ABBOTINDIA,2023-04-27,40,40,False
ABBOTINDIA,2023-05-25,40,40,False
ABBOTINDIA,2023-06-28,40,40,False
ABBOTINDIA,2023-07-27,40,40,False
ABBOTINDIA,2023-08-31,40,40,False
ABBOTINDIA,2023-09-28,40,40,False
ABBOTINDIA,2023-10-26,40,40,False
ABBOTINDIA,2023-11-30,40,40,False
ABBOTINDIA,2023-12-28,40,40,False
ABBOTINDIA,2024-01-25,40,40,False
ABBOTINDIA,2024-02-29,40,40,False
ABBOTINDIA,2024-03-28,40,40,False
ABBOTINDIA,2024-04-25,40,40,False
ABBOTINDIA,2024-05-30,40,20,True
ABBOTINDIA,2024-06-27,40,20,True
ABBOTINDIA,2024-07-25,20,20,False
ABBOTINDIA,2024-08-29,20,20,False
ABBOTINDIA,2024-09-26,20,20,False
ABBOTINDIA,2024-10-31,20,20,False
ABBOTINDIA,2024-11-28,20,20,False
ABBOTINDIA,2024-12-26,20,20,False
ABBOTINDIA,2025-01-30,20,20,False
ABBOTINDIA,2025-02-27,20,20,False
ABCAPITAL,2022-01-27,4400,4400,False
ABCAPITAL,2022-02-24,4400,4400,False
ABCAPITAL,2022-03-31,4400,4400,False
ABCAPITAL,2022-04-28,4400,4400,False
ABCAPITAL,2022-05-26,4400,4400,False
ABCAPITAL,2022-06-30,4400,4400,False
ABCAPITAL,2022-07-28,5400,5400,False
ABCAPITAL,2022-08-25,5400,5400,False
ABCAPITAL,2022-09-29,5400,5400,False
ABCAPITAL,2022-10-27,5400,5400,False
ABCAPITAL,2022-11-24,5400,5400,False
ABCAPITAL,2022-12-29,5400,5400,False
ABCAPITAL,2023-01-25,5400,5400,False
ABCAPITAL,2023-02-23,5400,5400,False
ABCAPITAL,2023-03-29,5400,5400,False
ABCAPITAL,2023-04-27,5400,5400,False
ABCAPITAL,2023-05-25,5400,5400,False
ABCAPITAL,2023-06-28,5400,5400,False
ABCAPITAL,2023-07-27,5400,5400,False
ABCAPITAL,2023-08-31,5400,5400,False
ABCAPITAL,2023-09-28,5400,5400,False
ABCAPITAL,2023-10-26,5400,5400,False
ABCAPITAL,2023-11-30,5400,5400,False
ABCAPITAL,2023-12-28,5400,5400,False
ABCAPITAL,2024-01-25,5400,5400,False
ABCAPITAL,2024-02-29,5400,5400,False
ABCAPITAL,2024-03-28,5400,5400,False
ABCAPITAL,2024-04-25,5400,5400,False
ABCAPITAL,2024-05-30,5400,5400,False
ABCAPITAL,2024-06-27,5400,5400,False
ABCAPITAL,2024-07-25,5400,5400,False
ABCAPITAL,2024-08-29,5400,5400,False
ABCAPITAL,2024-09-26,5400,5400,False
ABCAPITAL,2024-10-31,5400,5400,False
ABCAPITAL,2024-11-28,5400,2700,True
ABCAPITAL,2024-12-26,5400,2700,True
ABCAPITAL,2025-01-30,2700,2700,False
ABCAPITAL,2025-02-27,2700,2700,False
ABCAPITAL,2025-03-27,2700,2700,False
ABCAPITAL,2025-04-24,2700,2700,False
ABCAPITAL,2025-05-29,2700,2700,False
ABCAPITAL,2025-06-26,2700,2700,False
ABCAPITAL,2025-07-31,3100,3100,False
ABCAPITAL,2025-08-28,3100,3100,False
ABCAPITAL,2025-09-30,3100,3100,False
ABCAPITAL,2025-10-28,3100,3100,False
ABCAPITAL,2025-11-25,3100,3100,False
ABCAPITAL,2025-12-30,3100,3100,False
ABCAPITAL,2026-01-27,3100,3100,False
ABCAPITAL,2026-02-24,3100,3100,False
ABCAPITAL,2026-03-30,3100,3100,False
ABCAPITAL,2026-04-28,3100,3100,False
ABCAPITAL,2026-05-26,3100,3100,False
ABCAPITAL,2026-06-30,3100,3100,False
ABCAPITAL,2026-07-28,3100,3100,False
ABCAPITAL,2026-08-25,3100,3100,False
ABFRL,2021-07-29,2600,2600,False
ABFRL,2021-08-26,2600,2600,False
ABFRL,2021-09-30,2600,2600,False
ABFRL,2021-10-28,2600,2600,False
ABFRL,2021-11-25,2600,2600,False
ABFRL,2021-12-30,2600,2600,False
ABFRL,2022-01-27,2600,2600,False
ABFRL,2022-02-24,2600,2600,False
ABFRL,2022-03-31,2600,2600,False
ABFRL,2022-04-28,2600,2600,False
ABFRL,2022-05-26,2600,2600,False
ABFRL,2022-06-30,2600,2600,False
ABFRL,2022-07-28,2600,2600,False
ABFRL,2022-08-25,2600,2600,False
ABFRL,2022-09-29,2600,2600,False
ABFRL,2022-10-27,2600,2600,False
ABFRL,2022-11-24,2600,2600,False
ABFRL,2022-12-29,2600,2600,False
ABFRL,2023-01-25,2600,2600,False
ABFRL,2023-02-23,2600,2600,False
ABFRL,2023-03-29,2600,2600,False
ABFRL,2023-04-27,2600,2600,False
ABFRL,2023-05-25,2600,2600,False
ABFRL,2023-06-28,2600,2600,False
ABFRL,2023-07-27,2600,2600,False
ABFRL,2023-08-31,2600,2600,False
ABFRL,2023-09-28,2600,2600,False
ABFRL,2023-10-26,2600,2600,False
ABFRL,2023-11-30,2600,2600,False
ABFRL,2023-12-28,2600,2600,False
ABFRL,2024-01-25,2600,2600,False
ABFRL,2024-02-29,2600,2600,False
ABFRL,2024-03-28,2600,2600,False
ABFRL,2024-04-25,2600,2600,False
ABFRL,2024-05-30,2600,2600,False
ABFRL,2024-06-27,2600,2600,False
ABFRL,2024-07-25,2600,2600,False
ABFRL,2024-08-29,2600,2600,False
ABFRL,2024-09-26,2600,2600,False
ABFRL,2024-10-31,2600,2600,False
ABFRL,2024-11-28,2600,2600,False
ABFRL,2024-12-26,2600,2600,False
ABFRL,2025-01-30,2600,2600,False
ABFRL,2025-02-27,2600,2600,False
ABFRL,2025-03-27,2600,2600,False
ABFRL,2025-04-24,2600,2600,False
ABFRL,2025-05-29,2600,2600,False
ABFRL,2025-06-26,2600,2600,False
ABFRL,2025-07-31,2600,2600,False
ABFRL,2025-08-28,2600,2600,False
ACC,2019-10-31,400,400,False
ACC,2019-11-28,400,400,False
ACC,2019-12-26,400,400,False
ACC,2020-01-30,400,400,False
ACC,2020-02-27,400,400,False
ACC,2020-03-26,400,400,False
ACC,2020-04-30,400,400,False
ACC,2020-05-28,400,400,False
ACC,2020-06-25,400,400,False
ACC,2020-07-30,500,500,False
ACC,2020-08-27,500,500,False
ACC,2020-09-24,500,500,False
ACC,2020-10-29,500,500,False
ACC,2020-11-26,500,500,False
ACC,2020-12-31,500,500,False
ACC,2021-01-28,500,500,False
ACC,2021-02-25,500,500,False
ACC,2021-03-25,500,500,False
ACC,2021-04-29,500,500,False
ACC,2021-05-27,500,500,False
ACC,2021-06-24,500,500,False
ACC,2021-07-29,500,500,False
ACC,2021-08-26,500,500,False
ACC,2021-09-30,500,500,False
ACC,2021-10-28,500,500,False
ACC,2021-11-25,500,250,True
ACC,2021-12-30,500,250,True
ACC,2022-01-27,250,250,False
ACC,2022-02-24,250,250,False
ACC,2022-03-31,250,250,False
ACC,2022-04-28,250,250,False
ACC,2022-05-26,250,250,False
ACC,2022-06-30,250,250,False
ACC,2022-07-28,250,250,False
ACC,2022-08-25,250,250,False
ACC,2022-09-29,250,250,False
ACC,2022-10-27,250,250,False
ACC,2022-11-24,250,250,False
ACC,2022-12-29,250,250,False
ACC,2023-01-25,250,250,False
ACC,2023-02-23,250,250,False
ACC,2023-03-29,250,250,False
ACC,2023-04-27,250,250,False
ACC,2023-05-25,250,250,False
ACC,2023-06-28,250,250,False
ACC,2023-07-27,300,300,False
ACC,2023-08-31,300,300,False
ACC,2023-09-28,300,300,False
ACC,2023-10-26,300,300,False
ACC,2023-11-30,300,300,False
ACC,2023-12-28,300,300,False
ACC,2024-01-25,300,300,False
ACC,2024-02-29,300,300,False
ACC,2024-03-28,300,300,False
ACC,2024-04-25,300,300,False
ACC,2024-05-30,300,300,False
ACC,2024-06-27,300,300,False
ACC,2024-07-25,300,300,False
ACC,2024-08-29,300,300,False
ACC,2024-09-26,300,300,False
ACC,2024-10-31,300,300,False
ACC,2024-11-28,300,300,False
ACC,2024-12-26,300,300,False
ACC,2025-01-30,300,300,False
ACC,2025-02-27,300,300,False
ACC,2025-03-27,300,300,False
ACC,2025-04-24,300,300,False
ACC,2025-05-29,300,300,False
ACC,2025-06-26,300,300,False
ACC,2025-07-31,300,300,False
ADANIENSOL,2024-12-26,625,625,False
ADANIENSOL,2025-01-30,625,625,False
ADANIENSOL,2025-02-27,625,625,False
ADANIENSOL,2025-03-27,625,625,False
ADANIENSOL,2025-04-24,625,625,False
ADANIENSOL,2025-05-29,625,625,False
ADANIENSOL,2025-06-26,625,625,False
ADANIENSOL,2025-07-31,675,675,False
ADANIENSOL,2025-08-28,675,675,False
ADANIENSOL,2025-09-30,675,675,False
ADANIENSOL,2025-10-28,675,675,False
ADANIENSOL,2025-11-25,675,675,False
ADANIENSOL,2025-12-30,675,675,False
ADANIENSOL,2026-01-27,675,675,False
ADANIENSOL,2026-02-24,675,675,False
ADANIENSOL,2026-03-30,675,675,False
ADANIENSOL,2026-04-28,675,675,False
ADANIENSOL,2026-05-26,675,675,False
ADANIENSOL,2026-06-30,675,675,False
ADANIENSOL,2026-07-28,675,675,False
ADANIENSOL,2026-08-25,675,675,False
ADANIENT,2019-10-31,4000,4000,False
ADANIENT,2019-11-28,4000,4000,False
ADANIENT,2019-12-26,4000,4000,False
ADANIENT,2020-01-30,4000,4000,False
ADANIENT,2020-02-27,4000,4000,False
ADANIENT,2020-03-26,4000,4000,False
ADANIENT,2020-04-30,4000,4000,False
ADANIENT,2020-05-28,4000,4000,False
ADANIENT,2020-06-25,4000,4000,False
ADANIENT,2020-07-30,4000,4000,False
ADANIENT,2020-08-27,4000,4000,False
ADANIENT,2020-09-24,4000,4000,False
ADANIENT,2020-10-29,4000,4000,False
ADANIENT,2020-11-26,4000,2000,True
ADANIENT,2020-12-31,4000,2000,True
ADANIENT,2021-01-28,2000,2000,False
ADANIENT,2021-02-25,2000,2000,False
ADANIENT,2021-03-25,2000,2000,False
ADANIENT,2021-04-29,2000,2000,False
ADANIENT,2021-05-27,2000,1000,True
ADANIENT,2021-06-24,2000,1000,True
ADANIENT,2021-07-29,1000,1000,False
ADANIENT,2021-08-26,1000,1000,False
ADANIENT,2021-09-30,1000,1000,False
ADANIENT,2021-10-28,1000,1000,False
ADANIENT,2021-11-25,1000,500,True
ADANIENT,2021-12-30,1000,500,True
ADANIENT,2022-01-27,500,500,False
ADANIENT,2022-02-24,500,500,False
ADANIENT,2022-03-31,500,500,False
ADANIENT,2022-04-28,500,500,False
ADANIENT,2022-05-26,500,500,False
ADANIENT,2022-06-30,500,500,False
ADANIENT,2022-07-28,500,500,False
ADANIENT,2022-08-25,500,500,False
ADANIENT,2022-09-29,500,500,False
ADANIENT,2022-10-27,500,500,False
ADANIENT,2022-11-24,500,250,True
ADANIENT,2022-12-29,500,250,True
ADANIENT,2023-01-25,250,250,False
ADANIENT,2023-02-23,250,250,False
ADANIENT,2023-03-29,250,250,False
ADANIENT,2023-04-27,250,250,False
ADANIENT,2023-05-25,250,250,False
ADANIENT,2023-06-28,250,250,False
ADANIENT,2023-07-27,300,300,False
ADANIENT,2023-08-31,300,300,False
ADANIENT,2023-09-28,300,300,False
ADANIENT,2023-10-26,300,300,False
ADANIENT,2023-11-30,300,300,False
ADANIENT,2023-12-28,300,300,False
ADANIENT,2024-01-25,300,300,False
ADANIENT,2024-02-29,300,300,False
ADANIENT,2024-03-28,300,300,False
ADANIENT,2024-04-25,300,300,False
ADANIENT,2024-05-30,300,300,False
ADANIENT,2024-06-27,300,300,False
ADANIENT,2024-07-25,300,300,False
ADANIENT,2024-08-29,300,300,False
ADANIENT,2024-09-26,300,300,False
ADANIENT,2024-10-31,300,300,False
ADANIENT,2024-11-28,300,300,False
ADANIENT,2024-12-26,300,300,False
ADANIENT,2025-01-30,300,300,False
ADANIENT,2025-02-27,300,300,False
ADANIENT,2025-03-27,300,300,False
ADANIENT,2025-04-24,300,300,False
ADANIENT,2025-05-29,300,300,False
ADANIENT,2025-06-26,300,300,False
ADANIENT,2025-07-31,300,300,False
ADANIENT,2025-08-28,300,300,False
ADANIENT,2025-09-30,300,300,False
ADANIENT,2025-10-28,300,300,False
ADANIENT,2025-11-25,300,309,True
ADANIENT,2025-12-30,300,309,True
ADANIENT,2026-01-27,300,309,True
ADANIENT,2026-02-24,309,309,False
ADANIENT,2026-03-30,309,309,False
ADANIENT,2026-04-28,309,309,False
ADANIENT,2026-05-26,309,309,False
ADANIENT,2026-06-30,309,309,False
ADANIENT,2026-07-28,309,309,False
ADANIENT,2026-08-25,309,309,False
ADANIGREEN,2024-12-26,375,375,False
ADANIGREEN,2025-01-30,375,375,False
ADANIGREEN,2025-02-27,375,375,False
ADANIGREEN,2025-03-27,375,375,False
ADANIGREEN,2025-04-24,375,375,False
ADANIGREEN,2025-05-29,375,375,False
ADANIGREEN,2025-06-26,375,375,False
ADANIGREEN,2025-07-31,600,600,False
ADANIGREEN,2025-08-28,600,600,False
ADANIGREEN,2025-09-30,600,600,False
ADANIGREEN,2025-10-28,600,600,False
ADANIGREEN,2025-11-25,600,600,False
ADANIGREEN,2025-12-30,600,600,False
ADANIGREEN,2026-01-27,600,600,False
ADANIGREEN,2026-02-24,600,600,False
ADANIGREEN,2026-03-30,600,600,False
ADANIGREEN,2026-04-28,600,600,False
ADANIGREEN,2026-05-26,600,600,False
ADANIGREEN,2026-06-30,600,600,False
ADANIGREEN,2026-07-28,600,600,False
ADANIGREEN,2026-08-25,600,600,False
ADANIPORTS,2019-10-31,2500,2500,False
ADANIPORTS,2019-11-28,2500,2500,False
ADANIPORTS,2019-12-26,2500,2500,False
ADANIPORTS,2020-01-30,2500,2500,False
ADANIPORTS,2020-02-27,2500,2500,False
ADANIPORTS,2020-03-26,2500,2500,False
ADANIPORTS,2020-04-30,2500,2500,False
ADANIPORTS,2020-05-28,2500,2500,False
ADANIPORTS,2020-06-25,2500,2500,False
ADANIPORTS,2020-07-30,2500,2500,False
ADANIPORTS,2020-08-27,2500,2500,False
ADANIPORTS,2020-09-24,2500,2500,False
ADANIPORTS,2020-10-29,2500,2500,False
ADANIPORTS,2020-11-26,2500,2500,False
ADANIPORTS,2020-12-31,2500,2500,False
ADANIPORTS,2021-01-28,2500,2500,False
ADANIPORTS,2021-02-25,2500,2500,False
ADANIPORTS,2021-03-25,2500,2500,False
ADANIPORTS,2021-04-29,2500,2500,False
ADANIPORTS,2021-05-27,2500,1250,True
ADANIPORTS,2021-06-24,2500,1250,True
ADANIPORTS,2021-07-29,1250,1250,False
ADANIPORTS,2021-08-26,1250,1250,False
ADANIPORTS,2021-09-30,1250,1250,False
ADANIPORTS,2021-10-28,1250,1250,False
ADANIPORTS,2021-11-25,1250,1250,False
ADANIPORTS,2021-12-30,1250,1250,False
ADANIPORTS,2022-01-27,1250,1250,False
ADANIPORTS,2022-02-24,1250,1250,False
ADANIPORTS,2022-03-31,1250,1250,False
ADANIPORTS,2022-04-28,1250,1250,False
ADANIPORTS,2022-05-26,1250,1250,False
ADANIPORTS,2022-06-30,1250,1250,False
ADANIPORTS,2022-07-28,1250,1250,False
ADANIPORTS,2022-08-25,1250,1250,False
ADANIPORTS,2022-09-29,1250,1250,False
ADANIPORTS,2022-10-27,1250,1250,False
ADANIPORTS,2022-11-24,1250,625,True
ADANIPORTS,2022-12-29,1250,625,True
ADANIPORTS,2023-01-25,625,625,False
ADANIPORTS,2023-02-23,625,625,False
ADANIPORTS,2023-03-29,625,625,False
ADANIPORTS,2023-04-27,625,625,False
ADANIPORTS,2023-05-25,625,625,False
ADANIPORTS,2023-06-28,625,625,False
ADANIPORTS,2023-07-27,800,800,False
ADANIPORTS,2023-08-31,800,800,False
ADANIPORTS,2023-09-28,800,800,False
ADANIPORTS,2023-10-26,800,800,False
ADANIPORTS,2023-11-30,800,800,False
ADANIPORTS,2023-12-28,800,800,False
ADANIPORTS,2024-01-25,800,800,False
ADANIPORTS,2024-02-29,800,800,False
ADANIPORTS,2024-03-28,800,800,False
ADANIPORTS,2024-04-25,800,800,False
ADANIPORTS,2024-05-30,800,400,True
ADANIPORTS,2024-06-27,800,400,True
ADANIPORTS,2024-07-25,400,400,False
ADANIPORTS,2024-08-29,400,400,False
ADANIPORTS,2024-09-26,400,400,False
ADANIPORTS,2024-10-31,400,400,False
ADANIPORTS,2024-11-28,400,400,False
ADANIPORTS,2024-12-26,400,400,False
ADANIPORTS,2025-01-30,400,400,False
ADANIPORTS,2025-02-27,400,400,False
ADANIPORTS,2025-03-27,400,400,False
ADANIPORTS,2025-04-24,400,400,False
ADANIPORTS,2025-05-29,400,400,False
ADANIPORTS,2025-06-26,400,400,False
ADANIPORTS,2025-07-31,475,475,False
ADANIPORTS,2025-08-28,475,475,False
ADANIPORTS,2025-09-30,475,475,False
ADANIPORTS,2025-10-28,475,475,False
ADANIPORTS,2025-11-25,475,475,False
ADANIPORTS,2025-12-30,475,475,False
ADANIPORTS,2026-01-27,475,475,False
ADANIPORTS,2026-02-24,475,475,False
ADANIPORTS,2026-03-30,475,475,False
ADANIPORTS,2026-04-28,475,475,False
ADANIPORTS,2026-05-26,475,475,False
ADANIPORTS,2026-06-30,475,475,False
ADANIPORTS,2026-07-28,475,475,False
ADANIPORTS,2026-08-25,475,475,False
ADANIPOWER,2019-10-31,20000,20000,False
ADANIPOWER,2019-11-28,20000,10000,True
ADANIPOWER,2019-12-26,20000,10000,True
ADANIPOWER,2020-01-30,10000,10000,False
ADANIPOWER,2020-02-27,10000,10000,False
ADANIPOWER,2020-03-26,10000,10000,False
ADANIPOWER,2020-04-30,10000,10000,False
ADANIPOWER,2020-05-28,10000,10000,False
ADANIPOWER,2020-06-25,10000,10000,False
ADANIPOWER,2026-04-28,3550,3550,False
ADANIPOWER,2026-05-26,3550,3550,False
ADANIPOWER,2026-06-30,3550,3550,False
ADANIPOWER,2026-07-28,3550,3550,False
ADANIPOWER,2026-08-25,3550,3550,False
ALKEM,2021-03-25,200,200,False
ALKEM,2021-04-29,200,200,False
ALKEM,2021-05-27,200,200,False
ALKEM,2021-06-24,200,200,False
ALKEM,2021-07-29,200,200,False
ALKEM,2021-08-26,200,200,False
ALKEM,2021-09-30,200,200,False
ALKEM,2021-10-28,200,200,False
ALKEM,2021-11-25,200,200,False
ALKEM,2021-12-30,200,200,False
ALKEM,2022-01-27,200,200,False
ALKEM,2022-02-24,200,200,False
ALKEM,2022-03-31,200,200,False
ALKEM,2022-04-28,200,200,False
ALKEM,2022-05-26,200,200,False
ALKEM,2022-06-30,200,200,False
ALKEM,2022-07-28,200,200,False
ALKEM,2022-08-25,200,200,False
ALKEM,2022-09-29,200,200,False
ALKEM,2022-10-27,200,200,False
ALKEM,2022-11-24,200,200,False
ALKEM,2022-12-29,200,200,False
ALKEM,2023-01-25,200,200,False
ALKEM,2023-02-23,200,200,False
ALKEM,2023-03-29,200,200,False
ALKEM,2023-04-27,200,200,False
ALKEM,2023-05-25,200,200,False
ALKEM,2023-06-28,200,200,False
ALKEM,2023-07-27,200,200,False
ALKEM,2023-08-31,200,200,False
ALKEM,2023-09-28,200,200,False
ALKEM,2023-10-26,200,200,False
ALKEM,2023-11-30,200,200,False
ALKEM,2023-12-28,200,200,False
ALKEM,2024-01-25,200,200,False
ALKEM,2024-02-29,200,200,False
ALKEM,2024-03-28,200,200,False
ALKEM,2024-04-25,200,200,False
ALKEM,2024-05-30,200,100,True
ALKEM,2024-06-27,200,100,True
ALKEM,2024-07-25,100,100,False
ALKEM,2024-08-29,100,100,False
ALKEM,2024-09-26,100,100,False
ALKEM,2024-10-31,100,100,False
ALKEM,2024-11-28,100,100,False
ALKEM,2024-12-26,100,100,False
ALKEM,2025-01-30,100,100,False
ALKEM,2025-02-27,100,100,False
ALKEM,2025-03-27,100,100,False
ALKEM,2025-04-24,100,100,False
ALKEM,2025-05-29,100,100,False
ALKEM,2025-06-26,100,100,False
ALKEM,2025-07-31,125,125,False
ALKEM,2025-08-28,125,125,False
ALKEM,2025-09-30,125,125,False
ALKEM,2025-10-28,125,125,False
ALKEM,2025-11-25,125,125,False
ALKEM,2025-12-30,125,125,False
ALKEM,2026-01-27,125,125,False
ALKEM,2026-02-24,125,125,False
ALKEM,2026-03-30,125,125,False
ALKEM,2026-04-28,125,125,False
ALKEM,2026-05-26,125,125,False
ALKEM,2026-06-30,125,125,False
ALKEM,2026-07-28,125,125,False
ALKEM,2026-08-25,125,125,False
AMARAJABAT,2019-10-31,700,700,False
AMARAJABAT,2019-11-28,700,700,False
AMARAJABAT,2019-12-26,700,700,False
AMARAJABAT,2020-01-30,800,800,False
AMARAJABAT,2020-02-27,800,800,False
AMARAJABAT,2020-03-26,800,800,False
AMARAJABAT,2020-04-30,800,800,False
AMARAJABAT,2020-05-28,800,800,False
AMARAJABAT,2020-06-25,800,800,False
AMARAJABAT,2020-07-30,1000,1000,False
AMARAJABAT,2020-08-27,1000,1000,False
AMARAJABAT,2020-09-24,1000,1000,False
AMARAJABAT,2020-10-29,1000,1000,False
AMARAJABAT,2020-11-26,1000,1000,False
AMARAJABAT,2020-12-31,1000,1000,False
AMARAJABAT,2021-01-28,1000,1000,False
AMARAJABAT,2021-02-25,1000,1000,False
AMARAJABAT,2021-03-25,1000,1000,False
AMARAJABAT,2021-04-29,1000,1000,False
AMARAJABAT,2021-05-27,1000,1000,False
AMARAJABAT,2021-06-24,1000,1000,False
AMARAJABAT,2021-07-29,1000,1000,False
AMARAJABAT,2021-08-26,1000,1000,False
AMARAJABAT,2021-09-30,1000,1000,False
AMARAJABAT,2021-10-28,1000,1000,False
AMARAJABAT,2021-11-25,1000,1000,False
AMARAJABAT,2021-12-30,1000,1000,False
AMARAJABAT,2022-01-27,1000,1000,False
AMARAJABAT,2022-02-24,1000,1000,False
AMARAJABAT,2022-03-31,1000,1000,False
AMARAJABAT,2022-04-28,1000,1000,False
AMARAJABAT,2022-05-26,1000,1000,False
AMARAJABAT,2022-06-30,1000,1000,False
AMARAJABAT,2022-07-28,1000,1000,False
AMARAJABAT,2022-08-25,1000,1000,False
AMARAJABAT,2022-09-29,1000,1000,False
AMARAJABAT,2022-10-27,1000,1000,False
AMARAJABAT,2022-11-24,1000,1000,False
AMARAJABAT,2022-12-29,1000,1000,False
AMBER,2025-07-31,100,100,False
AMBER,2025-08-28,100,100,False
AMBER,2025-09-30,100,100,False
AMBER,2025-10-28,100,100,False
AMBER,2025-11-25,100,100,False
AMBER,2025-12-30,100,100,False
AMBER,2026-01-27,100,100,False
AMBER,2026-02-24,100,100,False
AMBER,2026-03-30,100,100,False
AMBER,2026-04-28,100,100,False
AMBER,2026-05-26,100,100,False
AMBER,2026-06-30,100,100,False
AMBER,2026-07-28,100,100,False
AMBER,2026-08-25,100,100,False
AMBUJACEM,2019-10-31,2500,2500,False
AMBUJACEM,2019-11-28,2500,2500,False
AMBUJACEM,2019-12-26,2500,2500,False
AMBUJACEM,2020-01-30,2500,2500,False
AMBUJACEM,2020-02-27,2500,2500,False
AMBUJACEM,2020-03-26,2500,2500,False
AMBUJACEM,2020-04-30,2500,2500,False
AMBUJACEM,2020-05-28,2500,2500,False
AMBUJACEM,2020-06-25,2500,2500,False
AMBUJACEM,2020-07-30,3000,3000,False
AMBUJACEM,2020-08-27,3000,3000,False
AMBUJACEM,2020-09-24,3000,3000,False
AMBUJACEM,2020-10-29,3000,3000,False
AMBUJACEM,2020-11-26,3000,3000,False
AMBUJACEM,2020-12-31,3000,3000,False
AMBUJACEM,2021-01-28,3000,3000,False
AMBUJACEM,2021-02-25,3000,3000,False
AMBUJACEM,2021-03-25,3000,3000,False
AMBUJACEM,2021-04-29,3000,3000,False
AMBUJACEM,2021-05-27,3000,3000,False
AMBUJACEM,2021-06-24,3000,3000,False
AMBUJACEM,2021-07-29,3000,3000,False
AMBUJACEM,2021-08-26,3000,3000,False
AMBUJACEM,2021-09-30,3000,3000,False
AMBUJACEM,2021-10-28,3000,3000,False
AMBUJACEM,2021-11-25,3000,1500,True
AMBUJACEM,2021-12-30,3000,1500,True
AMBUJACEM,2022-01-27,1500,1500,False
AMBUJACEM,2022-02-24,1500,1500,False
AMBUJACEM,2022-03-31,1500,1500,False
AMBUJACEM,2022-04-28,1500,1500,False
AMBUJACEM,2022-05-26,1500,1500,False
AMBUJACEM,2022-06-30,1500,1500,False
AMBUJACEM,2022-07-28,1800,1800,False
AMBUJACEM,2022-08-25,1800,1800,False
AMBUJACEM,2022-09-29,1800,1800,False
AMBUJACEM,2022-10-27,1800,1800,False
AMBUJACEM,2022-11-24,1800,1800,False
AMBUJACEM,2022-12-29,1800,1800,False
AMBUJACEM,2023-01-25,1800,1800,False
AMBUJACEM,2023-02-23,1800,1800,False
AMBUJACEM,2023-03-29,1800,1800,False
AMBUJACEM,2023-04-27,1800,1800,False
AMBUJACEM,2023-05-25,1800,1800,False
AMBUJACEM,2023-06-28,1800,1800,False
AMBUJACEM,2023-07-27,1800,1800,False
AMBUJACEM,2023-08-31,1800,1800,False
AMBUJACEM,2023-09-28,1800,1800,False
AMBUJACEM,2023-10-26,1800,1800,False
AMBUJACEM,2023-11-30,1800,1800,False
AMBUJACEM,2023-12-28,1800,1800,False
AMBUJACEM,2024-01-25,1800,1800,False
AMBUJACEM,2024-02-29,1800,1800,False
AMBUJACEM,2024-03-28,1800,1800,False
AMBUJACEM,2024-04-25,1800,1800,False
AMBUJACEM,2024-05-30,1800,900,True
AMBUJACEM,2024-06-27,1800,900,True
AMBUJACEM,2024-07-25,900,900,False
AMBUJACEM,2024-08-29,900,900,False
AMBUJACEM,2024-09-26,900,900,False
AMBUJACEM,2024-10-31,900,900,False
AMBUJACEM,2024-11-28,900,900,False
AMBUJACEM,2024-12-26,900,900,False
AMBUJACEM,2025-01-30,900,900,False
AMBUJACEM,2025-02-27,900,900,False
AMBUJACEM,2025-03-27,900,900,False
AMBUJACEM,2025-04-24,900,900,False
AMBUJACEM,2025-05-29,900,900,False
AMBUJACEM,2025-06-26,900,900,False
AMBUJACEM,2025-07-31,1050,1050,False
AMBUJACEM,2025-08-28,1050,1050,False
AMBUJACEM,2025-09-30,1050,1050,False
AMBUJACEM,2025-10-28,1050,1050,False
AMBUJACEM,2025-11-25,1050,1050,False
AMBUJACEM,2025-12-30,1050,1050,False
AMBUJACEM,2026-01-27,1050,1050,False
AMBUJACEM,2026-02-24,1050,1050,False
AMBUJACEM,2026-03-30,1050,1050,False
AMBUJACEM,2026-04-28,1050,1050,False
AMBUJACEM,2026-05-26,1050,1050,False
AMBUJACEM,2026-06-30,1050,1050,False
AMBUJACEM,2026-07-28,1200,1200,False
AMBUJACEM,2026-08-25,1200,1200,False
ANGELONE,2024-12-26,200,200,False
ANGELONE,2025-01-30,200,200,False
ANGELONE,2025-02-27,200,200,False
ANGELONE,2025-03-27,200,200,False
ANGELONE,2025-04-24,200,200,False
ANGELONE,2025-05-29,200,200,False
ANGELONE,2025-06-26,200,200,False
ANGELONE,2025-07-31,250,250,False
ANGELONE,2025-08-28,250,250,False
ANGELONE,2025-09-30,250,250,False
ANGELONE,2025-10-28,250,250,False
ANGELONE,2025-11-25,250,250,False
ANGELONE,2025-12-30,250,250,False
ANGELONE,2026-01-27,250,250,False
ANGELONE,2026-02-24,250,250,False
ANGELONE,2026-03-30,250,2500,True
ANGELONE,2026-04-28,250,2500,True
ANGELONE,2026-05-26,250,2500,True
ANGELONE,2026-06-30,2500,2500,False
ANGELONE,2026-07-28,2500,2500,False
ANGELONE,2026-08-25,2500,2500,False
APLAPOLLO,2024-12-26,350,350,False
APLAPOLLO,2025-01-30,350,350,False
APLAPOLLO,2025-02-27,350,350,False
APLAPOLLO,2025-03-27,350,350,False
APLAPOLLO,2025-04-24,350,350,False
APLAPOLLO,2025-05-29,350,350,False
APLAPOLLO,2025-06-26,350,350,False
APLAPOLLO,2025-07-31,350,350,False
APLAPOLLO,2025-08-28,350,350,False
APLAPOLLO,2025-09-30,350,350,False
APLAPOLLO,2025-10-28,350,350,False
APLAPOLLO,2025-11-25,350,350,False
APLAPOLLO,2025-12-30,350,350,False
APLAPOLLO,2026-01-27,350,350,False
APLAPOLLO,2026-02-24,350,350,False
APLAPOLLO,2026-03-30,350,350,False
APLAPOLLO,2026-04-28,350,350,False
APLAPOLLO,2026-05-26,350,350,False
APLAPOLLO,2026-06-30,350,350,False
APLAPOLLO,2026-07-28,350,350,False
APLAPOLLO,2026-08-25,350,350,False
APLLTD,2021-03-25,550,550,False
APLLTD,2021-04-29,550,550,False
APLLTD,2021-05-27,550,550,False
APLLTD,2021-06-24,550,550,False
APLLTD,2021-07-29,550,550,False
APLLTD,2021-08-26,550,550,False
APLLTD,2021-09-30,550,550,False
APLLTD,2021-10-28,550,550,False
APLLTD,2021-11-25,550,550,False
APLLTD,2021-12-30,550,550,False
APLLTD,2022-01-27,700,700,False
APLLTD,2022-02-24,700,700,False
APLLTD,2022-03-31,700,700,False
APLLTD,2022-04-28,700,700,False
APLLTD,2022-05-26,700,700,False
APLLTD,2022-06-30,700,700,False
APOLLOHOSP,2019-10-31,500,500,False
APOLLOHOSP,2019-11-28,500,500,False
APOLLOHOSP,2019-12-26,500,500,False
APOLLOHOSP,2020-01-30,500,500,False
APOLLOHOSP,2020-02-27,500,500,False
APOLLOHOSP,2020-03-26,500,500,False
APOLLOHOSP,2020-04-30,500,500,False
APOLLOHOSP,2020-05-28,500,500,False
APOLLOHOSP,2020-06-25,500,500,False
APOLLOHOSP,2020-07-30,500,500,False
APOLLOHOSP,2020-08-27,500,500,False
APOLLOHOSP,2020-09-24,500,500,False
APOLLOHOSP,2020-10-29,500,500,False
APOLLOHOSP,2020-11-26,500,500,False
APOLLOHOSP,2020-12-31,500,500,False
APOLLOHOSP,2021-01-28,500,500,False
APOLLOHOSP,2021-02-25,500,500,False
APOLLOHOSP,2021-03-25,500,500,False
APOLLOHOSP,2021-04-29,500,500,False
APOLLOHOSP,2021-05-27,500,250,True
APOLLOHOSP,2021-06-24,500,250,True
APOLLOHOSP,2021-07-29,250,250,False
APOLLOHOSP,2021-08-26,250,250,False
APOLLOHOSP,2021-09-30,250,250,False
APOLLOHOSP,2021-10-28,250,250,False
APOLLOHOSP,2021-11-25,250,125,True
APOLLOHOSP,2021-12-30,250,125,True
APOLLOHOSP,2022-01-27,125,125,False
APOLLOHOSP,2022-02-24,125,125,False
APOLLOHOSP,2022-03-31,125,125,False
APOLLOHOSP,2022-04-28,125,125,False
APOLLOHOSP,2022-05-26,125,125,False
APOLLOHOSP,2022-06-30,125,125,False
APOLLOHOSP,2022-07-28,125,125,False
APOLLOHOSP,2022-08-25,125,125,False
APOLLOHOSP,2022-09-29,125,125,False
APOLLOHOSP,2022-10-27,125,125,False
APOLLOHOSP,2022-11-24,125,125,False
APOLLOHOSP,2022-12-29,125,125,False
APOLLOHOSP,2023-01-25,125,125,False
APOLLOHOSP,2023-02-23,125,125,False
APOLLOHOSP,2023-03-29,125,125,False
APOLLOHOSP,2023-04-27,125,125,False
APOLLOHOSP,2023-05-25,125,125,False
APOLLOHOSP,2023-06-28,125,125,False
APOLLOHOSP,2023-07-27,125,125,False
APOLLOHOSP,2023-08-31,125,125,False
APOLLOHOSP,2023-09-28,125,125,False
APOLLOHOSP,2023-10-26,125,125,False
APOLLOHOSP,2023-11-30,125,125,False
APOLLOHOSP,2023-12-28,125,125,False
APOLLOHOSP,2024-01-25,125,125,False
APOLLOHOSP,2024-02-29,125,125,False
APOLLOHOSP,2024-03-28,125,125,False
APOLLOHOSP,2024-04-25,125,125,False
APOLLOHOSP,2024-05-30,125,125,False
APOLLOHOSP,2024-06-27,125,125,False
APOLLOHOSP,2024-07-25,125,125,False
APOLLOHOSP,2024-08-29,125,125,False
APOLLOHOSP,2024-09-26,125,125,False
APOLLOHOSP,2024-10-31,125,125,False
APOLLOHOSP,2024-11-28,125,125,False
APOLLOHOSP,2024-12-26,125,125,False
APOLLOHOSP,2025-01-30,125,125,False
APOLLOHOSP,2025-02-27,125,125,False
APOLLOHOSP,2025-03-27,125,125,False
APOLLOHOSP,2025-04-24,125,125,False
APOLLOHOSP,2025-05-29,125,125,False
APOLLOHOSP,2025-06-26,125,125,False
APOLLOHOSP,2025-07-31,125,125,False
APOLLOHOSP,2025-08-28,125,125,False
APOLLOHOSP,2025-09-30,125,125,False
APOLLOHOSP,2025-10-28,125,125,False
APOLLOHOSP,2025-11-25,125,125,False
APOLLOHOSP,2025-12-30,125,125,False
APOLLOHOSP,2026-01-27,125,125,False
APOLLOHOSP,2026-02-24,125,125,False
APOLLOHOSP,2026-03-30,125,125,False
APOLLOHOSP,2026-04-28,125,125,False
APOLLOHOSP,2026-05-26,125,125,False
APOLLOHOSP,2026-06-30,125,125,False
APOLLOHOSP,2026-07-28,125,125,False
APOLLOHOSP,2026-08-25,125,125,False
APOLLOTYRE,2019-10-31,3000,3000,False
APOLLOTYRE,2019-11-28,3000,3000,False
APOLLOTYRE,2019-12-26,3000,3000,False
APOLLOTYRE,2020-01-30,3000,3000,False
APOLLOTYRE,2020-02-27,3000,3000,False
APOLLOTYRE,2020-03-26,3000,3000,False
APOLLOTYRE,2020-04-30,3000,3000,False
APOLLOTYRE,2020-05-28,3000,3000,False
APOLLOTYRE,2020-06-25,3000,3000,False
APOLLOTYRE,2020-07-30,5000,5000,False
APOLLOTYRE,2020-08-27,5000,5000,False
APOLLOTYRE,2020-09-24,5000,5000,False
APOLLOTYRE,2020-10-29,5000,5000,False
APOLLOTYRE,2020-11-26,5000,5000,False
APOLLOTYRE,2020-12-31,5000,5000,False
APOLLOTYRE,2021-01-28,5000,5000,False
APOLLOTYRE,2021-02-25,5000,5000,False
APOLLOTYRE,2021-03-25,5000,5000,False
APOLLOTYRE,2021-04-29,5000,5000,False
APOLLOTYRE,2021-05-27,5000,2500,True
APOLLOTYRE,2021-06-24,5000,2500,True
APOLLOTYRE,2021-07-29,2500,2500,False
APOLLOTYRE,2021-08-26,2500,2500,False
APOLLOTYRE,2021-09-30,2500,2500,False
APOLLOTYRE,2021-10-28,2500,2500,False
APOLLOTYRE,2021-11-25,2500,2500,False
APOLLOTYRE,2021-12-30,2500,2500,False
APOLLOTYRE,2022-01-27,2500,2500,False
APOLLOTYRE,2022-02-24,2500,2500,False
APOLLOTYRE,2022-03-31,2500,2500,False
APOLLOTYRE,2022-04-28,2500,2500,False
APOLLOTYRE,2022-05-26,2500,2500,False
APOLLOTYRE,2022-06-30,2500,2500,False
APOLLOTYRE,2022-07-28,3500,3500,False
APOLLOTYRE,2022-08-25,3500,3500,False
APOLLOTYRE,2022-09-29,3500,3500,False
APOLLOTYRE,2022-10-27,3500,3500,False
APOLLOTYRE,2022-11-24,3500,3500,False
APOLLOTYRE,2022-12-29,3500,3500,False
APOLLOTYRE,2023-01-25,3500,3500,False
APOLLOTYRE,2023-02-23,3500,3500,False
APOLLOTYRE,2023-03-29,3500,3500,False
APOLLOTYRE,2023-04-27,3500,3500,False
APOLLOTYRE,2023-05-25,3500,3500,False
APOLLOTYRE,2023-06-28,3500,3500,False
APOLLOTYRE,2023-07-27,1700,1700,False
APOLLOTYRE,2023-08-31,1700,1700,False
APOLLOTYRE,2023-09-28,1700,1700,False
APOLLOTYRE,2023-10-26,1700,1700,False
APOLLOTYRE,2023-11-30,1700,1700,False
APOLLOTYRE,2023-12-28,1700,1700,False
APOLLOTYRE,2024-01-25,1700,1700,False
APOLLOTYRE,2024-02-29,1700,1700,False
APOLLOTYRE,2024-03-28,1700,1700,False
APOLLOTYRE,2024-04-25,1700,1700,False
APOLLOTYRE,2024-05-30,1700,1700,False
APOLLOTYRE,2024-06-27,1700,1700,False
APOLLOTYRE,2024-07-25,1700,1700,False
APOLLOTYRE,2024-08-29,1700,1700,False
APOLLOTYRE,2024-09-26,1700,1700,False
APOLLOTYRE,2024-10-31,1700,1700,False
APOLLOTYRE,2024-11-28,1700,1700,False
APOLLOTYRE,2024-12-26,1700,1700,False
APOLLOTYRE,2025-01-30,1700,1700,False
APOLLOTYRE,2025-02-27,1700,1700,False
APOLLOTYRE,2025-03-27,1700,1700,False
APOLLOTYRE,2025-04-24,1700,1700,False
APOLLOTYRE,2025-05-29,1700,1700,False
ASHOKLEY,2019-10-31,6000,6000,False
ASHOKLEY,2019-11-28,6000,6000,False
ASHOKLEY,2019-12-26,6000,6000,False
ASHOKLEY,2020-01-30,8000,8000,False
ASHOKLEY,2020-02-27,8000,8000,False
ASHOKLEY,2020-03-26,8000,8000,False
ASHOKLEY,2020-04-30,8000,8000,False
ASHOKLEY,2020-05-28,8000,8000,False
ASHOKLEY,2020-06-25,8000,8000,False
ASHOKLEY,2020-07-30,9000,9000,False
ASHOKLEY,2020-08-27,9000,9000,False
ASHOKLEY,2020-09-24,9000,9000,False
ASHOKLEY,2020-10-29,9000,9000,False
ASHOKLEY,2020-11-26,9000,9000,False
ASHOKLEY,2020-12-31,9000,9000,False
ASHOKLEY,2021-01-28,9000,9000,False
ASHOKLEY,2021-02-25,9000,9000,False
ASHOKLEY,2021-03-25,9000,9000,False
ASHOKLEY,2021-04-29,9000,9000,False
ASHOKLEY,2021-05-27,9000,4500,True
ASHOKLEY,2021-06-24,9000,4500,True
ASHOKLEY,2021-07-29,4500,4500,False
ASHOKLEY,2021-08-26,4500,4500,False
ASHOKLEY,2021-09-30,4500,4500,False
ASHOKLEY,2021-10-28,4500,4500,False
ASHOKLEY,2021-11-25,4500,4500,False
ASHOKLEY,2021-12-30,4500,4500,False
ASHOKLEY,2022-01-27,4500,4500,False
ASHOKLEY,2022-02-24,4500,4500,False
ASHOKLEY,2022-03-31,4500,4500,False
ASHOKLEY,2022-04-28,4500,4500,False
ASHOKLEY,2022-05-26,4500,4500,False
ASHOKLEY,2022-06-30,4500,4500,False
ASHOKLEY,2022-07-28,5000,5000,False
ASHOKLEY,2022-08-25,5000,5000,False
ASHOKLEY,2022-09-29,5000,5000,False
ASHOKLEY,2022-10-27,5000,5000,False
ASHOKLEY,2022-11-24,5000,5000,False
ASHOKLEY,2022-12-29,5000,5000,False
ASHOKLEY,2023-01-25,5000,5000,False
ASHOKLEY,2023-02-23,5000,5000,False
ASHOKLEY,2023-03-29,5000,5000,False
ASHOKLEY,2023-04-27,5000,5000,False
ASHOKLEY,2023-05-25,5000,5000,False
ASHOKLEY,2023-06-28,5000,5000,False
ASHOKLEY,2023-07-27,5000,5000,False
ASHOKLEY,2023-08-31,5000,5000,False
ASHOKLEY,2023-09-28,5000,5000,False
ASHOKLEY,2023-10-26,5000,5000,False
ASHOKLEY,2023-11-30,5000,5000,False
ASHOKLEY,2023-12-28,5000,5000,False
ASHOKLEY,2024-01-25,5000,5000,False
ASHOKLEY,2024-02-29,5000,5000,False
ASHOKLEY,2024-03-28,5000,5000,False
ASHOKLEY,2024-04-25,5000,5000,False
ASHOKLEY,2024-05-30,5000,5000,False
ASHOKLEY,2024-06-27,5000,5000,False
ASHOKLEY,2024-07-25,5000,5000,False
ASHOKLEY,2024-08-29,5000,5000,False
ASHOKLEY,2024-09-26,5000,5000,False
ASHOKLEY,2024-10-31,5000,5000,False
ASHOKLEY,2024-11-28,5000,2500,True
ASHOKLEY,2024-12-26,5000,2500,True
ASHOKLEY,2025-01-30,2500,2500,False
ASHOKLEY,2025-02-27,2500,2500,False
ASHOKLEY,2025-03-27,2500,2500,False
ASHOKLEY,2025-04-24,2500,2500,False
ASHOKLEY,2025-05-29,2500,2500,False
ASHOKLEY,2025-06-26,2500,2500,False
ASHOKLEY,2025-07-31,2500,5000,True
ASHOKLEY,2025-08-28,2500,5000,True
ASHOKLEY,2025-09-30,2500,5000,True
ASHOKLEY,2025-10-28,5000,5000,False
ASHOKLEY,2025-11-25,5000,5000,False
ASHOKLEY,2025-12-30,5000,5000,False
ASHOKLEY,2026-01-27,5000,5000,False
ASHOKLEY,2026-02-24,5000,5000,False
ASHOKLEY,2026-03-30,5000,5000,False
ASHOKLEY,2026-04-28,5000,5000,False
ASHOKLEY,2026-05-26,5000,5000,False
ASHOKLEY,2026-06-30,5000,5000,False
ASHOKLEY,2026-07-28,5000,5000,False
ASHOKLEY,2026-08-25,5000,5000,False
ASIANPAINT,2019-10-31,600,600,False
ASIANPAINT,2019-11-28,600,600,False
ASIANPAINT,2019-12-26,600,600,False
ASIANPAINT,2020-01-30,600,600,False
ASIANPAINT,2020-02-27,600,600,False
ASIANPAINT,2020-03-26,600,600,False
ASIANPAINT,2020-04-30,600,600,False
ASIANPAINT,2020-05-28,600,300,True
ASIANPAINT,2020-06-25,600,300,True
ASIANPAINT,2020-07-30,300,300,False
ASIANPAINT,2020-08-27,300,300,False
ASIANPAINT,2020-09-24,300,300,False
ASIANPAINT,2020-10-29,300,300,False
ASIANPAINT,2020-11-26,300,300,False
ASIANPAINT,2020-12-31,300,300,False
ASIANPAINT,2021-01-28,300,300,False
ASIANPAINT,2021-02-25,300,300,False
ASIANPAINT,2021-03-25,300,300,False
ASIANPAINT,2021-04-29,300,300,False
ASIANPAINT,2021-05-27,300,300,False
ASIANPAINT,2021-06-24,300,300,False
ASIANPAINT,2021-07-29,300,300,False
ASIANPAINT,2021-08-26,300,300,False
ASIANPAINT,2021-09-30,300,300,False
ASIANPAINT,2021-10-28,300,300,False
ASIANPAINT,2021-11-25,300,150,True
ASIANPAINT,2021-12-30,300,150,True
ASIANPAINT,2022-01-27,150,150,False
ASIANPAINT,2022-02-24,150,150,False
ASIANPAINT,2022-03-31,150,150,False
ASIANPAINT,2022-04-28,150,150,False
ASIANPAINT,2022-05-26,150,150,False
ASIANPAINT,2022-06-30,150,150,False
ASIANPAINT,2022-07-28,200,200,False
ASIANPAINT,2022-08-25,200,200,False
ASIANPAINT,2022-09-29,200,200,False
ASIANPAINT,2022-10-27,200,200,False
ASIANPAINT,2022-11-24,200,200,False
ASIANPAINT,2022-12-29,200,200,False
ASIANPAINT,2023-01-25,200,200,False
ASIANPAINT,2023-02-23,200,200,False
ASIANPAINT,2023-03-29,200,200,False
ASIANPAINT,2023-04-27,200,200,False
ASIANPAINT,2023-05-25,200,200,False
ASIANPAINT,2023-06-28,200,200,False
ASIANPAINT,2023-07-27,200,200,False
ASIANPAINT,2023-08-31,200,200,False
ASIANPAINT,2023-09-28,200,200,False
ASIANPAINT,2023-10-26,200,200,False
ASIANPAINT,2023-11-30,200,200,False
ASIANPAINT,2023-12-28,200,200,False
ASIANPAINT,2024-01-25,200,200,False
ASIANPAINT,2024-02-29,200,200,False
ASIANPAINT,2024-03-28,200,200,False
ASIANPAINT,2024-04-25,200,200,False
ASIANPAINT,2024-05-30,200,200,False
ASIANPAINT,2024-06-27,200,200,False
ASIANPAINT,2024-07-25,200,200,False
ASIANPAINT,2024-08-29,200,200,False
ASIANPAINT,2024-09-26,200,200,False
ASIANPAINT,2024-10-31,200,200,False
ASIANPAINT,2024-11-28,200,200,False
ASIANPAINT,2024-12-26,200,200,False
ASIANPAINT,2025-01-30,200,200,False
ASIANPAINT,2025-02-27,200,200,False
ASIANPAINT,2025-03-27,200,200,False
ASIANPAINT,2025-04-24,200,200,False
ASIANPAINT,2025-05-29,200,200,False
ASIANPAINT,2025-06-26,200,200,False
ASIANPAINT,2025-07-31,250,250,False
ASIANPAINT,2025-08-28,250,250,False
ASIANPAINT,2025-09-30,250,250,False
ASIANPAINT,2025-10-28,250,250,False
ASIANPAINT,2025-11-25,250,250,False
ASIANPAINT,2025-12-30,250,250,False
ASIANPAINT,2026-01-27,250,250,False
ASIANPAINT,2026-02-24,250,250,False
ASIANPAINT,2026-03-30,250,250,False
ASIANPAINT,2026-04-28,250,250,False
ASIANPAINT,2026-05-26,250,250,False
ASIANPAINT,2026-06-30,250,250,False
ASIANPAINT,2026-07-28,250,250,False
ASIANPAINT,2026-08-25,250,250,False
ASTRAL,2021-08-26,275,275,False
ASTRAL,2021-09-30,275,275,False
ASTRAL,2021-10-28,275,275,False
ASTRAL,2021-11-25,275,275,False
ASTRAL,2021-12-30,275,275,False
ASTRAL,2022-01-27,275,275,False
ASTRAL,2022-02-24,275,275,False
ASTRAL,2022-03-31,275,275,False
ASTRAL,2022-04-28,275,275,False
ASTRAL,2022-05-26,275,275,False
ASTRAL,2022-06-30,275,275,False
ASTRAL,2022-07-28,275,275,False
ASTRAL,2022-08-25,275,275,False
ASTRAL,2022-09-29,275,275,False
ASTRAL,2022-10-27,275,275,False
ASTRAL,2022-11-24,275,275,False
ASTRAL,2022-12-29,275,275,False
ASTRAL,2023-01-25,275,275,False
ASTRAL,2023-02-23,275,275,False
ASTRAL,2023-03-29,275,367,True
ASTRAL,2023-04-27,275,367,True
ASTRAL,2023-05-25,275,367,True
ASTRAL,2023-06-28,367,367,False
ASTRAL,2023-07-27,367,367,False
ASTRAL,2023-08-31,367,367,False
ASTRAL,2023-09-28,367,367,False
ASTRAL,2023-10-26,367,367,False
ASTRAL,2023-11-30,367,367,False
ASTRAL,2023-12-28,367,367,False
ASTRAL,2024-01-25,367,367,False
ASTRAL,2024-02-29,367,367,False
ASTRAL,2024-03-28,367,367,False
ASTRAL,2024-04-25,367,367,False
ASTRAL,2024-05-30,367,367,False
ASTRAL,2024-06-27,367,367,False
ASTRAL,2024-07-25,367,367,False
ASTRAL,2024-08-29,367,367,False
ASTRAL,2024-09-26,367,367,False
ASTRAL,2024-10-31,367,367,False
ASTRAL,2024-11-28,367,367,False
ASTRAL,2024-12-26,367,367,False
ASTRAL,2025-01-30,367,367,False
ASTRAL,2025-02-27,367,367,False
ASTRAL,2025-03-27,367,367,False
ASTRAL,2025-04-24,367,367,False
ASTRAL,2025-05-29,367,367,False
ASTRAL,2025-06-26,367,367,False
ASTRAL,2025-07-31,425,425,False
ASTRAL,2025-08-28,425,425,False
ASTRAL,2025-09-30,425,425,False
ASTRAL,2025-10-28,425,425,False
ASTRAL,2025-11-25,425,425,False
ASTRAL,2025-12-30,425,425,False
ASTRAL,2026-01-27,425,425,False
ASTRAL,2026-02-24,425,425,False
ASTRAL,2026-03-30,425,425,False
ASTRAL,2026-04-28,425,425,False
ASTRAL,2026-05-26,425,425,False
ASTRAL,2026-06-30,425,425,False
ASTRAL,2026-07-28,425,425,False
ASTRAL,2026-08-25,425,425,False
ATGL,2024-12-26,775,775,False
ATGL,2025-01-30,775,775,False
ATGL,2025-02-27,775,775,False
ATGL,2025-03-27,775,775,False
ATGL,2025-04-24,775,775,False
ATGL,2025-05-29,775,775,False
ATGL,2025-06-26,775,775,False
ATGL,2025-07-31,875,875,False
ATGL,2025-08-28,875,875,False
ATUL,2021-11-25,75,75,False
ATUL,2021-12-30,75,75,False
ATUL,2022-01-27,75,75,False
ATUL,2022-02-24,75,75,False
ATUL,2022-03-31,75,75,False
ATUL,2022-04-28,75,75,False
ATUL,2022-05-26,75,75,False
ATUL,2022-06-30,75,75,False
ATUL,2022-07-28,75,75,False
ATUL,2022-08-25,75,75,False
ATUL,2022-09-29,75,75,False
ATUL,2022-10-27,75,75,False
ATUL,2022-11-24,75,75,False
ATUL,2022-12-29,75,75,False
ATUL,2023-01-25,75,75,False
ATUL,2023-02-23,75,75,False
ATUL,2023-03-29,75,75,False
ATUL,2023-04-27,75,75,False
ATUL,2023-05-25,75,75,False
ATUL,2023-06-28,75,75,False
ATUL,2023-07-27,75,75,False
ATUL,2023-08-31,75,75,False
ATUL,2023-09-28,75,75,False
ATUL,2023-10-26,75,75,False
ATUL,2023-11-30,75,75,False
ATUL,2023-12-28,75,75,False
ATUL,2024-01-25,75,75,False
ATUL,2024-02-29,75,75,False
ATUL,2024-03-28,75,75,False
ATUL,2024-04-25,75,75,False
ATUL,2024-05-30,75,75,False
ATUL,2024-06-27,75,75,False
ATUL,2024-07-25,100,100,False
ATUL,2024-08-29,100,100,False
ATUL,2024-09-26,100,100,False
ATUL,2024-10-31,100,100,False
ATUL,2024-11-28,100,100,False
ATUL,2024-12-26,100,100,False
ATUL,2025-01-30,100,100,False
ATUL,2025-02-27,100,100,False
AUBANK,2021-03-25,500,500,False
AUBANK,2021-04-29,500,500,False
AUBANK,2021-05-27,500,500,False
AUBANK,2021-06-24,500,500,False
AUBANK,2021-07-29,500,500,False
AUBANK,2021-08-26,500,500,False
AUBANK,2021-09-30,500,500,False
AUBANK,2021-10-28,500,500,False
AUBANK,2021-11-25,500,500,False
AUBANK,2021-12-30,500,500,False
AUBANK,2022-01-27,500,500,False
AUBANK,2022-02-24,500,500,False
AUBANK,2022-03-31,500,500,False
AUBANK,2022-04-28,500,500,False
AUBANK,2022-05-26,500,500,False
AUBANK,2022-06-30,500,1000,True
AUBANK,2022-07-28,500,1000,True
AUBANK,2022-08-25,500,1000,True
AUBANK,2022-09-29,1000,1000,False
AUBANK,2022-10-27,1000,1000,False
AUBANK,2022-11-24,1000,1000,False
AUBANK,2022-12-29,1000,1000,False
AUBANK,2023-01-25,1000,1000,False
AUBANK,2023-02-23,1000,1000,False
AUBANK,2023-03-29,1000,1000,False
AUBANK,2023-04-27,1000,1000,False
AUBANK,2023-05-25,1000,1000,False
AUBANK,2023-06-28,1000,1000,False
AUBANK,2023-07-27,1000,1000,False
AUBANK,2023-08-31,1000,1000,False
AUBANK,2023-09-28,1000,1000,False
AUBANK,2023-10-26,1000,1000,False
AUBANK,2023-11-30,1000,1000,False
AUBANK,2023-12-28,1000,1000,False
AUBANK,2024-01-25,1000,1000,False
AUBANK,2024-02-29,1000,1000,False
AUBANK,2024-03-28,1000,1000,False
AUBANK,2024-04-25,1000,1000,False
AUBANK,2024-05-30,1000,1000,False
AUBANK,2024-06-27,1000,1000,False
AUBANK,2024-07-25,1000,1000,False
AUBANK,2024-08-29,1000,1000,False
AUBANK,2024-09-26,1000,1000,False
AUBANK,2024-10-31,1000,1000,False
AUBANK,2024-11-28,1000,1000,False
AUBANK,2024-12-26,1000,1000,False
AUBANK,2025-01-30,1000,1000,False
AUBANK,2025-02-27,1000,1000,False
AUBANK,2025-03-27,1000,1000,False
AUBANK,2025-04-24,1000,1000,False
AUBANK,2025-05-29,1000,1000,False
AUBANK,2025-06-26,1000,1000,False
AUBANK,2025-07-31,1000,1000,False
AUBANK,2025-08-28,1000,1000,False
AUBANK,2025-09-30,1000,1000,False
AUBANK,2025-10-28,1000,1000,False
AUBANK,2025-11-25,1000,1000,False
AUBANK,2025-12-30,1000,1000,False
AUBANK,2026-01-27,1000,1000,False
AUBANK,2026-02-24,1000,1000,False
AUBANK,2026-03-30,1000,1000,False
AUBANK,2026-04-28,1000,1000,False
AUBANK,2026-05-26,1000,1000,False
AUBANK,2026-06-30,1000,1000,False
AUBANK,2026-07-28,1000,1000,False
AUBANK,2026-08-25,1000,1000,False
AUROPHARMA,2019-10-31,1000,1000,False
AUROPHARMA,2019-11-28,1000,1000,False
AUROPHARMA,2019-12-26,1000,1000,False
AUROPHARMA,2020-01-30,1000,1000,False
AUROPHARMA,2020-02-27,1000,1000,False
AUROPHARMA,2020-03-26,1000,1000,False
AUROPHARMA,2020-04-30,1000,1000,False
AUROPHARMA,2020-05-28,1000,1000,False
AUROPHARMA,2020-06-25,1000,1000,False
AUROPHARMA,2020-07-30,1300,1300,False
AUROPHARMA,2020-08-27,1300,1300,False
AUROPHARMA,2020-09-24,1300,1300,False
AUROPHARMA,2020-10-29,1300,1300,False
AUROPHARMA,2020-11-26,1300,650,True
AUROPHARMA,2020-12-31,1300,650,True
AUROPHARMA,2021-01-28,650,650,False
AUROPHARMA,2021-02-25,650,650,False
AUROPHARMA,2021-03-25,650,650,False
AUROPHARMA,2021-04-29,650,650,False
AUROPHARMA,2021-05-27,650,650,False
AUROPHARMA,2021-06-24,650,650,False
AUROPHARMA,2021-07-29,650,650,False
AUROPHARMA,2021-08-26,650,650,False
AUROPHARMA,2021-09-30,650,650,False
AUROPHARMA,2021-10-28,650,650,False
AUROPHARMA,2021-11-25,650,650,False
AUROPHARMA,2021-12-30,650,650,False
AUROPHARMA,2022-01-27,750,750,False
AUROPHARMA,2022-02-24,750,750,False
AUROPHARMA,2022-03-31,750,750,False
AUROPHARMA,2022-04-28,750,750,False
AUROPHARMA,2022-05-26,750,750,False
AUROPHARMA,2022-06-30,750,750,False
AUROPHARMA,2022-07-28,1000,1000,False
AUROPHARMA,2022-08-25,1000,1000,False
AUROPHARMA,2022-09-29,1000,1000,False
AUROPHARMA,2022-10-27,1000,1000,False
AUROPHARMA,2022-11-24,1000,1000,False
AUROPHARMA,2022-12-29,1000,1000,False
AUROPHARMA,2023-01-25,1000,1000,False
AUROPHARMA,2023-02-23,1000,1000,False
AUROPHARMA,2023-03-29,1000,1000,False
AUROPHARMA,2023-04-27,1000,1000,False
AUROPHARMA,2023-05-25,1000,1000,False
AUROPHARMA,2023-06-28,1000,1000,False
AUROPHARMA,2023-07-27,1100,1100,False
AUROPHARMA,2023-08-31,1100,1100,False
AUROPHARMA,2023-09-28,1100,1100,False
AUROPHARMA,2023-10-26,1100,1100,False
AUROPHARMA,2023-11-30,1100,1100,False
AUROPHARMA,2023-12-28,1100,1100,False
AUROPHARMA,2024-01-25,1100,1100,False
AUROPHARMA,2024-02-29,1100,1100,False
AUROPHARMA,2024-03-28,1100,1100,False
AUROPHARMA,2024-04-25,1100,1100,False
AUROPHARMA,2024-05-30,1100,550,True
AUROPHARMA,2024-06-27,1100,550,True
AUROPHARMA,2024-07-25,550,550,False
AUROPHARMA,2024-08-29,550,550,False
AUROPHARMA,2024-09-26,550,550,False
AUROPHARMA,2024-10-31,550,550,False
AUROPHARMA,2024-11-28,550,550,False
AUROPHARMA,2024-12-26,550,550,False
AUROPHARMA,2025-01-30,550,550,False
AUROPHARMA,2025-02-27,550,550,False
AUROPHARMA,2025-03-27,550,550,False
AUROPHARMA,2025-04-24,550,550,False
AUROPHARMA,2025-05-29,550,550,False
AUROPHARMA,2025-06-26,550,550,False
AUROPHARMA,2025-07-31,550,550,False
AUROPHARMA,2025-08-28,550,550,False
AUROPHARMA,2025-09-30,550,550,False
AUROPHARMA,2025-10-28,550,550,False
AUROPHARMA,2025-11-25,550,550,False
AUROPHARMA,2025-12-30,550,550,False
AUROPHARMA,2026-01-27,550,550,False
AUROPHARMA,2026-02-24,550,550,False
AUROPHARMA,2026-03-30,550,550,False
AUROPHARMA,2026-04-28,550,550,False
AUROPHARMA,2026-05-26,550,550,False
AUROPHARMA,2026-06-30,550,550,False
AUROPHARMA,2026-07-28,550,550,False
AUROPHARMA,2026-08-25,550,550,False
AXISBANK,2019-10-31,1200,1200,False
AXISBANK,2019-11-28,1200,1200,False
AXISBANK,2019-12-26,1200,1200,False
AXISBANK,2020-01-30,1200,1200,False
AXISBANK,2020-02-27,1200,1200,False
AXISBANK,2020-03-26,1200,1200,False
AXISBANK,2020-04-30,1200,1200,False
AXISBANK,2020-05-28,1200,1200,False
AXISBANK,2020-06-25,1200,1200,False
AXISBANK,2020-07-30,1200,1200,False
AXISBANK,2020-08-27,1200,1200,False
AXISBANK,2020-09-24,1200,1200,False
AXISBANK,2020-10-29,1200,1200,False
AXISBANK,2020-11-26,1200,1200,False
AXISBANK,2020-12-31,1200,1200,False
AXISBANK,2021-01-28,1200,1200,False
AXISBANK,2021-02-25,1200,1200,False
AXISBANK,2021-03-25,1200,1200,False
AXISBANK,2021-04-29,1200,1200,False
AXISBANK,2021-05-27,1200,1200,False
AXISBANK,2021-06-24,1200,1200,False
AXISBANK,2021-07-29,1200,1200,False
AXISBANK,2021-08-26,1200,1200,False
AXISBANK,2021-09-30,1200,1200,False
AXISBANK,2021-10-28,1200,1200,False
AXISBANK,2021-11-25,1200,1200,False
AXISBANK,2021-12-30,1200,1200,False
AXISBANK,2022-01-27,1200,1200,False
AXISBANK,2022-02-24,1200,1200,False
AXISBANK,2022-03-31,1200,1200,False
AXISBANK,2022-04-28,1200,1200,False
AXISBANK,2022-05-26,1200,1200,False
AXISBANK,2022-06-30,1200,1200,False
AXISBANK,2022-07-28,1200,1200,False
AXISBANK,2022-08-25,1200,1200,False
AXISBANK,2022-09-29,1200,1200,False
AXISBANK,2022-10-27,1200,1200,False
AXISBANK,2022-11-24,1200,1200,False
AXISBANK,2022-12-29,1200,1200,False
AXISBANK,2023-01-25,1200,1200,False
AXISBANK,2023-02-23,1200,1200,False
AXISBANK,2023-03-29,1200,1200,False
AXISBANK,2023-04-27,1200,1200,False
AXISBANK,2023-05-25,1200,1200,False
AXISBANK,2023-06-28,1200,1200,False
AXISBANK,2023-07-27,625,625,False
AXISBANK,2023-08-31,625,625,False
AXISBANK,2023-09-28,625,625,False
AXISBANK,2023-10-26,625,625,False
AXISBANK,2023-11-30,625,625,False
AXISBANK,2023-12-28,625,625,False
AXISBANK,2024-01-25,625,625,False
AXISBANK,2024-02-29,625,625,False
AXISBANK,2024-03-28,625,625,False
AXISBANK,2024-04-25,625,625,False
AXISBANK,2024-05-30,625,625,False
AXISBANK,2024-06-27,625,625,False
AXISBANK,2024-07-25,625,625,False
AXISBANK,2024-08-29,625,625,False
AXISBANK,2024-09-26,625,625,False
AXISBANK,2024-10-31,625,625,False
AXISBANK,2024-11-28,625,625,False
AXISBANK,2024-12-26,625,625,False
AXISBANK,2025-01-30,625,625,False
AXISBANK,2025-02-27,625,625,False
AXISBANK,2025-03-27,625,625,False
AXISBANK,2025-04-24,625,625,False
AXISBANK,2025-05-29,625,625,False
AXISBANK,2025-06-26,625,625,False
AXISBANK,2025-07-31,625,625,False
AXISBANK,2025-08-28,625,625,False
AXISBANK,2025-09-30,625,625,False
AXISBANK,2025-10-28,625,625,False
AXISBANK,2025-11-25,625,625,False
AXISBANK,2025-12-30,625,625,False
AXISBANK,2026-01-27,625,625,False
AXISBANK,2026-02-24,625,625,False
AXISBANK,2026-03-30,625,625,False
AXISBANK,2026-04-28,625,625,False
AXISBANK,2026-05-26,625,625,False
AXISBANK,2026-06-30,625,625,False
AXISBANK,2026-07-28,625,625,False
AXISBANK,2026-08-25,625,625,False
BAJAJ-AUTO,2019-10-31,250,250,False
BAJAJ-AUTO,2019-11-28,250,250,False
BAJAJ-AUTO,2019-12-26,250,250,False
BAJAJ-AUTO,2020-01-30,250,250,False
BAJAJ-AUTO,2020-02-27,250,250,False
BAJAJ-AUTO,2020-03-26,250,250,False
BAJAJ-AUTO,2020-04-30,250,250,False
BAJAJ-AUTO,2020-05-28,250,250,False
BAJAJ-AUTO,2020-06-25,250,250,False
BAJAJ-AUTO,2020-07-30,250,250,False
BAJAJ-AUTO,2020-08-27,250,250,False
BAJAJ-AUTO,2020-09-24,250,250,False
BAJAJ-AUTO,2020-10-29,250,250,False
BAJAJ-AUTO,2020-11-26,250,250,False
BAJAJ-AUTO,2020-12-31,250,250,False
BAJAJ-AUTO,2021-01-28,250,250,False
BAJAJ-AUTO,2021-02-25,250,250,False
BAJAJ-AUTO,2021-03-25,250,250,False
BAJAJ-AUTO,2021-04-29,250,250,False
BAJAJ-AUTO,2021-05-27,250,250,False
BAJAJ-AUTO,2021-06-24,250,250,False
BAJAJ-AUTO,2021-07-29,250,250,False
BAJAJ-AUTO,2021-08-26,250,250,False
BAJAJ-AUTO,2021-09-30,250,250,False
BAJAJ-AUTO,2021-10-28,250,250,False
BAJAJ-AUTO,2021-11-25,250,250,False
BAJAJ-AUTO,2021-12-30,250,250,False
BAJAJ-AUTO,2022-01-27,250,250,False
BAJAJ-AUTO,2022-02-24,250,250,False
BAJAJ-AUTO,2022-03-31,250,250,False
BAJAJ-AUTO,2022-04-28,250,250,False
BAJAJ-AUTO,2022-05-26,250,250,False
BAJAJ-AUTO,2022-06-30,250,250,False
BAJAJ-AUTO,2022-07-28,250,250,False
BAJAJ-AUTO,2022-08-25,250,250,False
BAJAJ-AUTO,2022-09-29,250,250,False
BAJAJ-AUTO,2022-10-27,250,250,False
BAJAJ-AUTO,2022-11-24,250,250,False
BAJAJ-AUTO,2022-12-29,250,250,False
BAJAJ-AUTO,2023-01-25,250,250,False
BAJAJ-AUTO,2023-02-23,250,250,False
BAJAJ-AUTO,2023-03-29,250,250,False
BAJAJ-AUTO,2023-04-27,250,250,False
BAJAJ-AUTO,2023-05-25,250,250,False
BAJAJ-AUTO,2023-06-28,250,250,False
BAJAJ-AUTO,2023-07-27,250,250,False
BAJAJ-AUTO,2023-08-31,250,250,False
BAJAJ-AUTO,2023-09-28,250,250,False
BAJAJ-AUTO,2023-10-26,250,250,False
BAJAJ-AUTO,2023-11-30,250,125,True
BAJAJ-AUTO,2023-12-28,250,125,True
BAJAJ-AUTO,2024-01-25,125,125,False
BAJAJ-AUTO,2024-02-29,125,125,False
BAJAJ-AUTO,2024-03-28,125,125,False
BAJAJ-AUTO,2024-04-25,125,125,False
BAJAJ-AUTO,2024-05-30,125,125,False
BAJAJ-AUTO,2024-06-27,125,125,False
BAJAJ-AUTO,2024-07-25,75,75,False
BAJAJ-AUTO,2024-08-29,75,75,False
BAJAJ-AUTO,2024-09-26,75,75,False
BAJAJ-AUTO,2024-10-31,75,75,False
BAJAJ-AUTO,2024-11-28,75,75,False
BAJAJ-AUTO,2024-12-26,75,75,False
BAJAJ-AUTO,2025-01-30,75,75,False
BAJAJ-AUTO,2025-02-27,75,75,False
BAJAJ-AUTO,2025-03-27,75,75,False
BAJAJ-AUTO,2025-04-24,75,75,False
BAJAJ-AUTO,2025-05-29,75,75,False
BAJAJ-AUTO,2025-06-26,75,75,False
BAJAJ-AUTO,2025-07-31,75,75,False
BAJAJ-AUTO,2025-08-28,75,75,False
BAJAJ-AUTO,2025-09-30,75,75,False
BAJAJ-AUTO,2025-10-28,75,75,False
BAJAJ-AUTO,2025-11-25,75,75,False
BAJAJ-AUTO,2025-12-30,75,75,False
BAJAJ-AUTO,2026-01-27,75,75,False
BAJAJ-AUTO,2026-02-24,75,75,False
BAJAJ-AUTO,2026-03-30,75,75,False
BAJAJ-AUTO,2026-04-28,75,75,False
BAJAJ-AUTO,2026-05-26,75,75,False
BAJAJ-AUTO,2026-06-30,75,75,False
BAJAJ-AUTO,2026-07-28,75,75,False
BAJAJ-AUTO,2026-08-25,75,75,False
BAJAJFINSV,2019-10-31,125,125,False
BAJAJFINSV,2019-11-28,125,125,False
BAJAJFINSV,2019-12-26,125,125,False
BAJAJFINSV,2020-01-30,125,125,False
BAJAJFINSV,2020-02-27,125,125,False
BAJAJFINSV,2020-03-26,125,125,False
BAJAJFINSV,2020-04-30,125,125,False
BAJAJFINSV,2020-05-28,125,125,False
BAJAJFINSV,2020-06-25,125,125,False
BAJAJFINSV,2020-07-30,125,125,False
BAJAJFINSV,2020-08-27,125,125,False
BAJAJFINSV,2020-09-24,125,125,False
BAJAJFINSV,2020-10-29,125,125,False
BAJAJFINSV,2020-11-26,125,125,False
BAJAJFINSV,2020-12-31,125,125,False
BAJAJFINSV,2021-01-28,125,125,False
BAJAJFINSV,2021-02-25,125,125,False
BAJAJFINSV,2021-03-25,125,125,False
BAJAJFINSV,2021-04-29,125,125,False
BAJAJFINSV,2021-05-27,125,125,False
BAJAJFINSV,2021-06-24,125,125,False
BAJAJFINSV,2021-07-29,75,75,False
BAJAJFINSV,2021-08-26,75,75,False
BAJAJFINSV,2021-09-30,75,75,False
BAJAJFINSV,2021-10-28,75,75,False
BAJAJFINSV,2021-11-25,75,75,False
BAJAJFINSV,2021-12-30,75,75,False
BAJAJFINSV,2022-01-27,50,50,False
BAJAJFINSV,2022-02-24,50,50,False
BAJAJFINSV,2022-03-31,50,50,False
BAJAJFINSV,2022-04-28,50,50,False
BAJAJFINSV,2022-05-26,50,50,False
BAJAJFINSV,2022-06-30,50,50,False
BAJAJFINSV,2022-07-28,50,50,False
BAJAJFINSV,2022-08-25,50,50,False
BAJAJFINSV,2022-09-29,50,500,True
BAJAJFINSV,2022-10-27,50,500,True
BAJAJFINSV,2022-11-24,50,500,True
BAJAJFINSV,2022-12-29,500,500,False
BAJAJFINSV,2023-01-25,500,500,False
BAJAJFINSV,2023-02-23,500,500,False
BAJAJFINSV,2023-03-29,500,500,False
BAJAJFINSV,2023-04-27,500,500,False
BAJAJFINSV,2023-05-25,500,500,False
BAJAJFINSV,2023-06-28,500,500,False
BAJAJFINSV,2023-07-27,500,500,False
BAJAJFINSV,2023-08-31,500,500,False
BAJAJFINSV,2023-09-28,500,500,False
BAJAJFINSV,2023-10-26,500,500,False
BAJAJFINSV,2023-11-30,500,500,False
BAJAJFINSV,2023-12-28,500,500,False
BAJAJFINSV,2024-01-25,500,500,False
BAJAJFINSV,2024-02-29,500,500,False
BAJAJFINSV,2024-03-28,500,500,False
BAJAJFINSV,2024-04-25,500,500,False
BAJAJFINSV,2024-05-30,500,500,False
BAJAJFINSV,2024-06-27,500,500,False
BAJAJFINSV,2024-07-25,500,500,False
BAJAJFINSV,2024-08-29,500,500,False
BAJAJFINSV,2024-09-26,500,500,False
BAJAJFINSV,2024-10-31,500,500,False
BAJAJFINSV,2024-11-28,500,500,False
BAJAJFINSV,2024-12-26,500,500,False
BAJAJFINSV,2025-01-30,500,500,False
BAJAJFINSV,2025-02-27,500,500,False
BAJAJFINSV,2025-03-27,500,500,False
BAJAJFINSV,2025-04-24,500,500,False
BAJAJFINSV,2025-05-29,500,500,False
BAJAJFINSV,2025-06-26,500,500,False
BAJAJFINSV,2025-07-31,500,500,False
BAJAJFINSV,2025-08-28,500,500,False
BAJAJFINSV,2025-09-30,500,500,False
BAJAJFINSV,2025-10-28,500,500,False
BAJAJFINSV,2025-11-25,500,250,True
BAJAJFINSV,2025-12-30,500,250,True
BAJAJFINSV,2026-01-27,250,250,False
BAJAJFINSV,2026-02-24,250,250,False
BAJAJFINSV,2026-03-30,250,250,False
BAJAJFINSV,2026-04-28,250,250,False
BAJAJFINSV,2026-05-26,250,250,False
BAJAJFINSV,2026-06-30,250,250,False
BAJAJFINSV,2026-07-28,300,300,False
BAJAJFINSV,2026-08-25,300,300,False
BAJAJHLDNG,2026-01-27,50,50,False
BAJAJHLDNG,2026-02-24,50,50,False
BAJAJHLDNG,2026-03-30,50,50,False
BAJAJHLDNG,2026-04-28,50,50,False
BAJAJHLDNG,2026-05-26,50,50,False
BAJAJHLDNG,2026-06-30,50,50,False
BAJAJHLDNG,2026-07-28,75,75,False
BAJAJHLDNG,2026-08-25,75,75,False
BAJFINANCE,2019-10-31,250,250,False
BAJFINANCE,2019-11-28,250,250,False
BAJFINANCE,2019-12-26,250,250,False
BAJFINANCE,2020-01-30,250,250,False
BAJFINANCE,2020-02-27,250,250,False
BAJFINANCE,2020-03-26,250,250,False
BAJFINANCE,2020-04-30,250,250,False
BAJFINANCE,2020-05-28,250,250,False
BAJFINANCE,2020-06-25,250,250,False
BAJFINANCE,2020-07-30,250,250,False
BAJFINANCE,2020-08-27,250,250,False
BAJFINANCE,2020-09-24,250,250,False
BAJFINANCE,2020-10-29,250,250,False
BAJFINANCE,2020-11-26,250,250,False
BAJFINANCE,2020-12-31,250,250,False
BAJFINANCE,2021-01-28,250,250,False
BAJFINANCE,2021-02-25,250,250,False
BAJFINANCE,2021-03-25,250,250,False
BAJFINANCE,2021-04-29,250,250,False
BAJFINANCE,2021-05-27,250,125,True
BAJFINANCE,2021-06-24,250,125,True
BAJFINANCE,2021-07-29,125,125,False
BAJFINANCE,2021-08-26,125,125,False
BAJFINANCE,2021-09-30,125,125,False
BAJFINANCE,2021-10-28,125,125,False
BAJFINANCE,2021-11-25,125,125,False
BAJFINANCE,2021-12-30,125,125,False
BAJFINANCE,2022-01-27,125,125,False
BAJFINANCE,2022-02-24,125,125,False
BAJFINANCE,2022-03-31,125,125,False
BAJFINANCE,2022-04-28,125,125,False
BAJFINANCE,2022-05-26,125,125,False
BAJFINANCE,2022-06-30,125,125,False
BAJFINANCE,2022-07-28,125,125,False
BAJFINANCE,2022-08-25,125,125,False
BAJFINANCE,2022-09-29,125,125,False
BAJFINANCE,2022-10-27,125,125,False
BAJFINANCE,2022-11-24,125,125,False
BAJFINANCE,2022-12-29,125,125,False
BAJFINANCE,2023-01-25,125,125,False
BAJFINANCE,2023-02-23,125,125,False
BAJFINANCE,2023-03-29,125,125,False
BAJFINANCE,2023-04-27,125,125,False
BAJFINANCE,2023-05-25,125,125,False
BAJFINANCE,2023-06-28,125,125,False
BAJFINANCE,2023-07-27,125,125,False
BAJFINANCE,2023-08-31,125,125,False
BAJFINANCE,2023-09-28,125,125,False
BAJFINANCE,2023-10-26,125,125,False
BAJFINANCE,2023-11-30,125,125,False
BAJFINANCE,2023-12-28,125,125,False
BAJFINANCE,2024-01-25,125,125,False
BAJFINANCE,2024-02-29,125,125,False
BAJFINANCE,2024-03-28,125,125,False
BAJFINANCE,2024-04-25,125,125,False
BAJFINANCE,2024-05-30,125,125,False
BAJFINANCE,2024-06-27,125,125,False
BAJFINANCE,2024-07-25,125,125,False
BAJFINANCE,2024-08-29,125,125,False
BAJFINANCE,2024-09-26,125,125,False
BAJFINANCE,2024-10-31,125,125,False
BAJFINANCE,2024-11-28,125,125,False
BAJFINANCE,2024-12-26,125,125,False
BAJFINANCE,2025-01-30,125,125,False
BAJFINANCE,2025-02-27,125,125,False
BAJFINANCE,2025-03-27,125,125,False
BAJFINANCE,2025-04-24,125,125,False
BAJFINANCE,2025-05-29,125,125,False
BAJFINANCE,2025-06-26,125,1250,True
BAJFINANCE,2025-07-31,75,750,True
BAJFINANCE,2025-08-28,75,750,True
BAJFINANCE,2025-09-30,750,750,False
BAJFINANCE,2025-10-28,750,750,False
BAJFINANCE,2025-11-25,750,750,False
BAJFINANCE,2025-12-30,750,750,False
BAJFINANCE,2026-01-27,750,750,False
BAJFINANCE,2026-02-24,750,750,False
BAJFINANCE,2026-03-30,750,750,False
BAJFINANCE,2026-04-28,750,750,False
BAJFINANCE,2026-05-26,750,750,False
BAJFINANCE,2026-06-30,750,750,False
BAJFINANCE,2026-07-28,750,750,False
BAJFINANCE,2026-08-25,750,750,False
BALKRISIND,2019-10-31,800,800,False
BALKRISIND,2019-11-28,800,800,False
BALKRISIND,2019-12-26,800,800,False
BALKRISIND,2020-01-30,800,800,False
BALKRISIND,2020-02-27,800,800,False
BALKRISIND,2020-03-26,800,800,False
BALKRISIND,2020-04-30,800,800,False
BALKRISIND,2020-05-28,800,800,False
BALKRISIND,2020-06-25,800,800,False
BALKRISIND,2020-07-30,800,800,False
BALKRISIND,2020-08-27,800,800,False
BALKRISIND,2020-09-24,800,800,False
BALKRISIND,2020-10-29,800,800,False
BALKRISIND,2020-11-26,800,400,True
BALKRISIND,2020-12-31,800,400,True
BALKRISIND,2021-01-28,400,400,False
BALKRISIND,2021-02-25,400,400,False
BALKRISIND,2021-03-25,400,400,False
BALKRISIND,2021-04-29,400,400,False
BALKRISIND,2021-05-27,400,400,False
BALKRISIND,2021-06-24,400,400,False
BALKRISIND,2021-07-29,400,400,False
BALKRISIND,2021-08-26,400,400,False
BALKRISIND,2021-09-30,400,400,False
BALKRISIND,2021-10-28,400,400,False
BALKRISIND,2021-11-25,400,200,True
BALKRISIND,2021-12-30,400,200,True
BALKRISIND,2022-01-27,200,200,False
BALKRISIND,2022-02-24,200,200,False
BALKRISIND,2022-03-31,200,200,False
BALKRISIND,2022-04-28,200,200,False
BALKRISIND,2022-05-26,200,200,False
BALKRISIND,2022-06-30,200,200,False
BALKRISIND,2022-07-28,300,300,False
BALKRISIND,2022-08-25,300,300,False
BALKRISIND,2022-09-29,300,300,False
BALKRISIND,2022-10-27,300,300,False
BALKRISIND,2022-11-24,300,300,False
BALKRISIND,2022-12-29,300,300,False
BALKRISIND,2023-01-25,300,300,False
BALKRISIND,2023-02-23,300,300,False
BALKRISIND,2023-03-29,300,300,False
BALKRISIND,2023-04-27,300,300,False
BALKRISIND,2023-05-25,300,300,False
BALKRISIND,2023-06-28,300,300,False
BALKRISIND,2023-07-27,300,300,False
BALKRISIND,2023-08-31,300,300,False
BALKRISIND,2023-09-28,300,300,False
BALKRISIND,2023-10-26,300,300,False
BALKRISIND,2023-11-30,300,300,False
BALKRISIND,2023-12-28,300,300,False
BALKRISIND,2024-01-25,300,300,False
BALKRISIND,2024-02-29,300,300,False
BALKRISIND,2024-03-28,300,300,False
BALKRISIND,2024-04-25,300,300,False
BALKRISIND,2024-05-30,300,300,False
BALKRISIND,2024-06-27,300,300,False
BALKRISIND,2024-07-25,300,300,False
BALKRISIND,2024-08-29,300,300,False
BALKRISIND,2024-09-26,300,300,False
BALKRISIND,2024-10-31,300,300,False
BALKRISIND,2024-11-28,300,300,False
BALKRISIND,2024-12-26,300,300,False
BALKRISIND,2025-01-30,300,300,False
BALKRISIND,2025-02-27,300,300,False
BALKRISIND,2025-03-27,300,300,False
BALKRISIND,2025-04-24,300,300,False
BALKRISIND,2025-05-29,300,300,False
BALKRISIND,2025-06-26,300,300,False
BALKRISIND,2025-07-31,300,300,False
BALRAMCHIN,2022-01-27,1600,1600,False
BALRAMCHIN,2022-02-24,1600,1600,False
BALRAMCHIN,2022-03-31,1600,1600,False
BALRAMCHIN,2022-04-28,1600,1600,False
BALRAMCHIN,2022-05-26,1600,1600,False
BALRAMCHIN,2022-06-30,1600,1600,False
BALRAMCHIN,2022-07-28,1600,1600,False
BALRAMCHIN,2022-08-25,1600,1600,False
BALRAMCHIN,2022-09-29,1600,1600,False
BALRAMCHIN,2022-10-27,1600,1600,False
BALRAMCHIN,2022-11-24,1600,1600,False
BALRAMCHIN,2022-12-29,1600,1600,False
BALRAMCHIN,2023-01-25,1600,1600,False
BALRAMCHIN,2023-02-23,1600,1600,False
BALRAMCHIN,2023-03-29,1600,1600,False
BALRAMCHIN,2023-04-27,1600,1600,False
BALRAMCHIN,2023-05-25,1600,1600,False
BALRAMCHIN,2023-06-28,1600,1600,False
BALRAMCHIN,2023-07-27,1600,1600,False
BALRAMCHIN,2023-08-31,1600,1600,False
BALRAMCHIN,2023-09-28,1600,1600,False
BALRAMCHIN,2023-10-26,1600,1600,False
BALRAMCHIN,2023-11-30,1600,1600,False
BALRAMCHIN,2023-12-28,1600,1600,False
BALRAMCHIN,2024-01-25,1600,1600,False
BALRAMCHIN,2024-02-29,1600,1600,False
BALRAMCHIN,2024-03-28,1600,1600,False
BALRAMCHIN,2024-04-25,1600,1600,False
BALRAMCHIN,2024-05-30,1600,1600,False
BALRAMCHIN,2024-06-27,1600,1600,False
BALRAMCHIN,2024-07-25,1600,1600,False
BALRAMCHIN,2024-08-29,1600,1600,False
BALRAMCHIN,2024-09-26,1600,1600,False
BALRAMCHIN,2024-10-31,1600,1600,False
BANDHANBNK,2020-03-26,1200,1200,False
BANDHANBNK,2020-04-30,1200,1200,False
BANDHANBNK,2020-05-28,1200,1200,False
BANDHANBNK,2020-06-25,1200,1200,False
BANDHANBNK,2020-07-30,1800,1800,False
BANDHANBNK,2020-08-27,1800,1800,False
BANDHANBNK,2020-09-24,1800,1800,False
BANDHANBNK,2020-10-29,1800,1800,False
BANDHANBNK,2020-11-26,1800,1800,False
BANDHANBNK,2020-12-31,1800,1800,False
BANDHANBNK,2021-01-28,1800,1800,False
BANDHANBNK,2021-02-25,1800,1800,False
BANDHANBNK,2021-03-25,1800,1800,False
BANDHANBNK,2021-04-29,1800,1800,False
BANDHANBNK,2021-05-27,1800,1800,False
BANDHANBNK,2021-06-24,1800,1800,False
BANDHANBNK,2021-07-29,1800,1800,False
BANDHANBNK,2021-08-26,1800,1800,False
BANDHANBNK,2021-09-30,1800,1800,False
BANDHANBNK,2021-10-28,1800,1800,False
BANDHANBNK,2021-11-25,1800,1800,False
BANDHANBNK,2021-12-30,1800,1800,False
BANDHANBNK,2022-01-27,1800,1800,False
BANDHANBNK,2022-02-24,1800,1800,False
BANDHANBNK,2022-03-31,1800,1800,False
BANDHANBNK,2022-04-28,1800,1800,False
BANDHANBNK,2022-05-26,1800,1800,False
BANDHANBNK,2022-06-30,1800,1800,False
BANDHANBNK,2022-07-28,1800,1800,False
BANDHANBNK,2022-08-25,1800,1800,False
BANDHANBNK,2022-09-29,1800,1800,False
BANDHANBNK,2022-10-27,1800,1800,False
BANDHANBNK,2022-11-24,1800,1800,False
BANDHANBNK,2022-12-29,1800,1800,False
BANDHANBNK,2023-01-25,1800,1800,False
BANDHANBNK,2023-02-23,1800,1800,False
BANDHANBNK,2023-03-29,1800,1800,False
BANDHANBNK,2023-04-27,1800,1800,False
BANDHANBNK,2023-05-25,1800,1800,False
BANDHANBNK,2023-06-28,1800,1800,False
BANDHANBNK,2023-07-27,2500,2500,False
BANDHANBNK,2023-08-31,2500,2500,False
BANDHANBNK,2023-09-28,2500,2500,False
BANDHANBNK,2023-10-26,2500,2500,False
BANDHANBNK,2023-11-30,2500,2500,False
BANDHANBNK,2023-12-28,2500,2500,False
BANDHANBNK,2024-01-25,2500,2500,False
BANDHANBNK,2024-02-29,2500,2500,False
BANDHANBNK,2024-03-28,2500,2500,False
BANDHANBNK,2024-04-25,2500,2500,False
BANDHANBNK,2024-05-30,2500,2500,False
BANDHANBNK,2024-06-27,2500,2500,False
BANDHANBNK,2024-07-25,2800,2800,False
BANDHANBNK,2024-08-29,2800,2800,False
BANDHANBNK,2024-09-26,2800,2800,False
BANDHANBNK,2024-10-31,2800,2800,False
BANDHANBNK,2024-11-28,2800,2800,False
BANDHANBNK,2024-12-26,2800,2800,False
BANDHANBNK,2025-01-30,2800,2800,False
BANDHANBNK,2025-02-27,2800,2800,False
BANDHANBNK,2025-03-27,2800,2800,False
BANDHANBNK,2025-04-24,2800,2800,False
BANDHANBNK,2025-05-29,2800,2800,False
BANDHANBNK,2025-06-26,2800,2800,False
BANDHANBNK,2025-07-31,3600,3600,False
BANDHANBNK,2025-08-28,3600,3600,False
BANDHANBNK,2025-09-30,3600,3600,False
BANDHANBNK,2025-10-28,3600,3600,False
BANDHANBNK,2025-11-25,3600,3600,False
BANDHANBNK,2025-12-30,3600,3600,False
BANDHANBNK,2026-01-27,3600,3600,False
BANDHANBNK,2026-02-24,3600,3600,False
BANDHANBNK,2026-03-30,3600,3600,False
BANDHANBNK,2026-04-28,3600,3600,False
BANDHANBNK,2026-05-26,3600,3600,False
BANDHANBNK,2026-06-30,3600,3600,False
BANDHANBNK,2026-07-28,3600,3600,False
BANDHANBNK,2026-08-25,3600,3600,False
BANKBARODA,2019-10-31,4500,4500,False
BANKBARODA,2019-11-28,4500,4500,False
BANKBARODA,2019-12-26,4500,4500,False
BANKBARODA,2020-01-30,5400,5400,False
BANKBARODA,2020-02-27,5400,5400,False
BANKBARODA,2020-03-26,5400,5400,False
BANKBARODA,2020-04-30,5400,5400,False
BANKBARODA,2020-05-28,5400,5400,False
BANKBARODA,2020-06-25,5400,5400,False
BANKBARODA,2020-07-30,8200,8200,False
BANKBARODA,2020-08-27,8200,8200,False
BANKBARODA,2020-09-24,8200,8200,False
BANKBARODA,2020-10-29,8200,8200,False
BANKBARODA,2020-11-26,8200,8200,False
BANKBARODA,2020-12-31,8200,8200,False
BANKBARODA,2021-01-28,11700,11700,False
BANKBARODA,2021-02-25,11700,11700,False
BANKBARODA,2021-03-25,11700,11700,False
BANKBARODA,2021-04-29,11700,11700,False
BANKBARODA,2021-05-27,11700,11700,False
BANKBARODA,2021-06-24,11700,11700,False
BANKBARODA,2021-07-29,11700,11700,False
BANKBARODA,2021-08-26,11700,11700,False
BANKBARODA,2021-09-30,11700,11700,False
BANKBARODA,2021-10-28,11700,11700,False
BANKBARODA,2021-11-25,11700,11700,False
BANKBARODA,2021-12-30,11700,11700,False
BANKBARODA,2022-01-27,11700,11700,False
BANKBARODA,2022-02-24,11700,11700,False
BANKBARODA,2022-03-31,11700,11700,False
BANKBARODA,2022-04-28,11700,11700,False
BANKBARODA,2022-05-26,11700,5850,True
BANKBARODA,2022-06-30,11700,5850,True
BANKBARODA,2022-07-28,5850,5850,False
BANKBARODA,2022-08-25,5850,5850,False
BANKBARODA,2022-09-29,5850,5850,False
BANKBARODA,2022-10-27,5850,5850,False
BANKBARODA,2022-11-24,5850,5850,False
BANKBARODA,2022-12-29,5850,5850,False
BANKBARODA,2023-01-25,5850,5850,False
BANKBARODA,2023-02-23,5850,5850,False
BANKBARODA,2023-03-29,5850,5850,False
BANKBARODA,2023-04-27,5850,5850,False
BANKBARODA,2023-05-25,5850,5850,False
BANKBARODA,2023-06-28,5850,5850,False
BANKBARODA,2023-07-27,5850,5850,False
BANKBARODA,2023-08-31,5850,5850,False
BANKBARODA,2023-09-28,5850,5850,False
BANKBARODA,2023-10-26,5850,5850,False
BANKBARODA,2023-11-30,5850,2925,True
BANKBARODA,2023-12-28,5850,2925,True
BANKBARODA,2024-01-25,2925,2925,False
BANKBARODA,2024-02-29,2925,2925,False
BANKBARODA,2024-03-28,2925,2925,False
BANKBARODA,2024-04-25,2925,2925,False
BANKBARODA,2024-05-30,2925,2925,False
BANKBARODA,2024-06-27,2925,2925,False
BANKBARODA,2024-07-25,2925,2925,False
BANKBARODA,2024-08-29,2925,2925,False
BANKBARODA,2024-09-26,2925,2925,False
BANKBARODA,2024-10-31,2925,2925,False
BANKBARODA,2024-11-28,2925,2925,False
BANKBARODA,2024-12-26,2925,2925,False
BANKBARODA,2025-01-30,2925,2925,False
BANKBARODA,2025-02-27,2925,2925,False
BANKBARODA,2025-03-27,2925,2925,False
BANKBARODA,2025-04-24,2925,2925,False
BANKBARODA,2025-05-29,2925,2925,False
BANKBARODA,2025-06-26,2925,2925,False
BANKBARODA,2025-07-31,2925,2925,False
BANKBARODA,2025-08-28,2925,2925,False
BANKBARODA,2025-09-30,2925,2925,False
BANKBARODA,2025-10-28,2925,2925,False
BANKBARODA,2025-11-25,2925,2925,False
BANKBARODA,2025-12-30,2925,2925,False
BANKBARODA,2026-01-27,2925,2925,False
BANKBARODA,2026-02-24,2925,2925,False
BANKBARODA,2026-03-30,2925,2925,False
BANKBARODA,2026-04-28,2925,2925,False
BANKBARODA,2026-05-26,2925,2925,False
BANKBARODA,2026-06-30,2925,2925,False
BANKBARODA,2026-07-28,2925,2925,False
BANKBARODA,2026-08-25,2925,2925,False
BANKINDIA,2019-10-31,6000,6000,False
BANKINDIA,2019-11-28,6000,6000,False
BANKINDIA,2024-12-26,4825,4825,False
BANKINDIA,2025-01-30,4825,4825,False
BANKINDIA,2025-02-27,4825,4825,False
BANKINDIA,2025-03-27,4825,4825,False
BANKINDIA,2025-04-24,4825,4825,False
BANKINDIA,2025-05-29,4825,4825,False
BANKINDIA,2025-06-26,4825,4825,False
BANKINDIA,2025-07-31,5200,5200,False
BANKINDIA,2025-08-28,5200,5200,False
BANKINDIA,2025-09-30,5200,5200,False
BANKINDIA,2025-10-28,5200,5200,False
BANKINDIA,2025-11-25,5200,5200,False
BANKINDIA,2025-12-30,5200,5200,False
BANKINDIA,2026-01-27,5200,5200,False
BANKINDIA,2026-02-24,5200,5200,False
BANKINDIA,2026-03-30,5200,5200,False
BANKINDIA,2026-04-28,5200,5200,False
BANKINDIA,2026-05-26,5200,5200,False
BANKINDIA,2026-06-30,5200,5200,False
BANKINDIA,2026-07-28,5200,5200,False
BANKINDIA,2026-08-25,5200,5200,False
BATAINDIA,2019-10-31,550,550,False
BATAINDIA,2019-11-28,550,550,False
BATAINDIA,2019-12-26,550,550,False
BATAINDIA,2020-01-30,550,550,False
BATAINDIA,2020-02-27,550,550,False
BATAINDIA,2020-03-26,550,550,False
BATAINDIA,2020-04-30,550,550,False
BATAINDIA,2020-05-28,550,550,False
BATAINDIA,2020-06-25,550,550,False
BATAINDIA,2020-07-30,550,550,False
BATAINDIA,2020-08-27,550,550,False
BATAINDIA,2020-09-24,550,550,False
BATAINDIA,2020-10-29,550,550,False
BATAINDIA,2020-11-26,550,550,False
BATAINDIA,2020-12-31,550,550,False
BATAINDIA,2021-01-28,550,550,False
BATAINDIA,2021-02-25,550,550,False
BATAINDIA,2021-03-25,550,550,False
BATAINDIA,2021-04-29,550,550,False
BATAINDIA,2021-05-27,550,550,False
BATAINDIA,2021-06-24,550,550,False
BATAINDIA,2021-07-29,550,550,False
BATAINDIA,2021-08-26,550,550,False
BATAINDIA,2021-09-30,550,550,False
BATAINDIA,2021-10-28,550,550,False
BATAINDIA,2021-11-25,550,550,False
BATAINDIA,2021-12-30,550,550,False
BATAINDIA,2022-01-27,550,550,False
BATAINDIA,2022-02-24,550,550,False
BATAINDIA,2022-03-31,550,550,False
BATAINDIA,2022-04-28,550,550,False
BATAINDIA,2022-05-26,550,275,True
BATAINDIA,2022-06-30,550,275,True
BATAINDIA,2022-07-28,275,275,False
BATAINDIA,2022-08-25,275,275,False
BATAINDIA,2022-09-29,275,275,False
BATAINDIA,2022-10-27,275,275,False
BATAINDIA,2022-11-24,275,275,False
BATAINDIA,2022-12-29,275,275,False
BATAINDIA,2023-01-25,275,275,False
BATAINDIA,2023-02-23,275,275,False
BATAINDIA,2023-03-29,275,275,False
BATAINDIA,2023-04-27,275,275,False
BATAINDIA,2023-05-25,275,275,False
BATAINDIA,2023-06-28,275,275,False
BATAINDIA,2023-07-27,375,375,False
BATAINDIA,2023-08-31,375,375,False
BATAINDIA,2023-09-28,375,375,False
BATAINDIA,2023-10-26,375,375,False
BATAINDIA,2023-11-30,375,375,False
BATAINDIA,2023-12-28,375,375,False
BATAINDIA,2024-01-25,375,375,False
BATAINDIA,2024-02-29,375,375,False
BATAINDIA,2024-03-28,375,375,False
BATAINDIA,2024-04-25,375,375,False
BATAINDIA,2024-05-30,375,375,False
BATAINDIA,2024-06-27,375,375,False
BATAINDIA,2024-07-25,375,375,False
BATAINDIA,2024-08-29,375,375,False
BATAINDIA,2024-09-26,375,375,False
BATAINDIA,2024-10-31,375,375,False
BATAINDIA,2024-11-28,375,375,False
BATAINDIA,2024-12-26,375,375,False
BATAINDIA,2025-01-30,375,375,False
BATAINDIA,2025-02-27,375,375,False
BDL,2025-06-26,325,325,False
BDL,2025-07-31,325,325,False
BDL,2025-08-28,325,325,False
BDL,2025-09-30,325,325,False
BDL,2025-10-28,325,325,False
BDL,2025-11-25,325,325,False
BDL,2025-12-30,325,325,False
BDL,2026-01-27,350,350,False
BDL,2026-02-24,350,350,False
BDL,2026-03-30,350,350,False
BDL,2026-04-28,350,350,False
BDL,2026-05-26,350,350,False
BDL,2026-06-30,350,350,False
BDL,2026-07-28,425,425,False
BDL,2026-08-25,425,425,False
BEL,2019-10-31,6000,6000,False
BEL,2019-11-28,6000,6000,False
BEL,2019-12-26,6000,6000,False
BEL,2020-01-30,6000,6000,False
BEL,2020-02-27,6000,6000,False
BEL,2020-03-26,6000,6000,False
BEL,2020-04-30,6000,6000,False
BEL,2020-05-28,6000,6000,False
BEL,2020-06-25,6000,6000,False
BEL,2020-07-30,7600,7600,False
BEL,2020-08-27,7600,7600,False
BEL,2020-09-24,7600,7600,False
BEL,2020-10-29,7600,7600,False
BEL,2020-11-26,7600,7600,False
BEL,2020-12-31,7600,7600,False
BEL,2021-01-28,7600,7600,False
BEL,2021-02-25,7600,7600,False
BEL,2021-03-25,7600,7600,False
BEL,2021-04-29,7600,7600,False
BEL,2021-05-27,7600,3800,True
BEL,2021-06-24,7600,3800,True
BEL,2021-07-29,3800,3800,False
BEL,2021-08-26,3800,3800,False
BEL,2021-09-30,3800,3800,False
BEL,2021-10-28,3800,3800,False
BEL,2021-11-25,3800,3800,False
BEL,2021-12-30,3800,3800,False
BEL,2022-01-27,3800,3800,False
BEL,2022-02-24,3800,3800,False
BEL,2022-03-31,3800,3800,False
BEL,2022-04-28,3800,3800,False
BEL,2022-05-26,3800,3800,False
BEL,2022-06-30,3800,3800,False
BEL,2022-07-28,3800,3800,False
BEL,2022-08-25,3800,3800,False
BEL,2022-09-29,3800,11400,True
BEL,2022-10-27,3800,11400,True
BEL,2022-11-24,3800,5700,True
BEL,2022-12-29,11400,5700,True
BEL,2023-01-25,5700,5700,False
BEL,2023-02-23,5700,5700,False
BEL,2023-03-29,5700,5700,False
BEL,2023-04-27,5700,5700,False
BEL,2023-05-25,5700,5700,False
BEL,2023-06-28,5700,5700,False
BEL,2023-07-27,5700,5700,False
BEL,2023-08-31,5700,5700,False
BEL,2023-09-28,5700,5700,False
BEL,2023-10-26,5700,5700,False
BEL,2023-11-30,5700,5700,False
BEL,2023-12-28,5700,5700,False
BEL,2024-01-25,5700,5700,False
BEL,2024-02-29,5700,5700,False
BEL,2024-03-28,5700,5700,False
BEL,2024-04-25,5700,5700,False
BEL,2024-05-30,5700,2850,True
BEL,2024-06-27,5700,2850,True
BEL,2024-07-25,2850,2850,False
BEL,2024-08-29,2850,2850,False
BEL,2024-09-26,2850,2850,False
BEL,2024-10-31,2850,2850,False
BEL,2024-11-28,2850,2850,False
BEL,2024-12-26,2850,2850,False
BEL,2025-01-30,2850,2850,False
BEL,2025-02-27,2850,2850,False
BEL,2025-03-27,2850,2850,False
BEL,2025-04-24,2850,2850,False
BEL,2025-05-29,2850,2850,False
BEL,2025-06-26,2850,2850,False
BEL,2025-07-31,2850,2850,False
BEL,2025-08-28,2850,2850,False
BEL,2025-09-30,2850,2850,False
BEL,2025-10-28,2850,2850,False
BEL,2025-11-25,2850,1425,True
BEL,2025-12-30,2850,1425,True
BEL,2026-01-27,1425,1425,False
BEL,2026-02-24,1425,1425,False
BEL,2026-03-30,1425,1425,False
BEL,2026-04-28,1425,1425,False
BEL,2026-05-26,1425,1425,False
BEL,2026-06-30,1425,1425,False
BEL,2026-07-28,1425,1425,False
BEL,2026-08-25,1425,1425,False
BERGEPAINT,2019-10-31,2200,2200,False
BERGEPAINT,2019-11-28,2200,2200,False
BERGEPAINT,2019-12-26,2200,2200,False
BERGEPAINT,2020-01-30,2200,2200,False
BERGEPAINT,2020-02-27,2200,2200,False
BERGEPAINT,2020-03-26,2200,2200,False
BERGEPAINT,2020-04-30,2200,2200,False
BERGEPAINT,2020-05-28,2200,1100,True
BERGEPAINT,2020-06-25,2200,1100,True
BERGEPAINT,2020-07-30,1100,1100,False
BERGEPAINT,2020-08-27,1100,1100,False
BERGEPAINT,2020-09-24,1100,1100,False
BERGEPAINT,2020-10-29,1100,1100,False
BERGEPAINT,2020-11-26,1100,1100,False
BERGEPAINT,2020-12-31,1100,1100,False
BERGEPAINT,2021-01-28,1100,1100,False
BERGEPAINT,2021-02-25,1100,1100,False
BERGEPAINT,2021-03-25,1100,1100,False
BERGEPAINT,2021-04-29,1100,1100,False
BERGEPAINT,2021-05-27,1100,1100,False
BERGEPAINT,2021-06-24,1100,1100,False
BERGEPAINT,2021-07-29,1100,1100,False
BERGEPAINT,2021-08-26,1100,1100,False
BERGEPAINT,2021-09-30,1100,1100,False
BERGEPAINT,2021-10-28,1100,1100,False
BERGEPAINT,2021-11-25,1100,1100,False
BERGEPAINT,2021-12-30,1100,1100,False
BERGEPAINT,2022-01-27,1100,1100,False
BERGEPAINT,2022-02-24,1100,1100,False
BERGEPAINT,2022-03-31,1100,1100,False
BERGEPAINT,2022-04-28,1100,1100,False
BERGEPAINT,2022-05-26,1100,1100,False
BERGEPAINT,2022-06-30,1100,1100,False
BERGEPAINT,2022-07-28,1100,1100,False
BERGEPAINT,2022-08-25,1100,1100,False
BERGEPAINT,2022-09-29,1100,1100,False
BERGEPAINT,2022-10-27,1100,1100,False
BERGEPAINT,2022-11-24,1100,1100,False
BERGEPAINT,2022-12-29,1100,1100,False
BERGEPAINT,2023-01-25,1100,1100,False
BERGEPAINT,2023-02-23,1100,1100,False
BERGEPAINT,2023-03-29,1100,1100,False
BERGEPAINT,2023-04-27,1100,1100,False
BERGEPAINT,2023-05-25,1100,1100,False
BERGEPAINT,2023-06-28,1100,1100,False
BERGEPAINT,2023-07-27,1100,1100,False
BERGEPAINT,2023-08-31,1100,1100,False
BERGEPAINT,2023-09-28,1100,1320,True
BERGEPAINT,2023-10-26,1100,1320,True
BERGEPAINT,2023-11-30,1100,1320,True
BERGEPAINT,2023-12-28,1320,1320,False
BERGEPAINT,2024-01-25,1320,1320,False
BERGEPAINT,2024-02-29,1320,1320,False
BERGEPAINT,2024-03-28,1320,1320,False
BERGEPAINT,2024-04-25,1320,1320,False
BERGEPAINT,2024-05-30,1320,1320,False
BERGEPAINT,2024-06-27,1320,1320,False
BERGEPAINT,2024-07-25,1320,1320,False
BERGEPAINT,2024-08-29,1320,1320,False
BERGEPAINT,2024-09-26,1320,1320,False
BERGEPAINT,2024-10-31,1320,1320,False
BERGEPAINT,2024-11-28,1320,1320,False
BERGEPAINT,2024-12-26,1320,1320,False
BERGEPAINT,2025-01-30,1320,1320,False
BERGEPAINT,2025-02-27,1320,1320,False
BERGEPAINT,2025-03-27,1320,1320,False
BERGEPAINT,2025-04-24,1320,1320,False
BHARATFORG,2019-10-31,1200,1200,False
BHARATFORG,2019-11-28,1200,1200,False
BHARATFORG,2019-12-26,1200,1200,False
BHARATFORG,2020-01-30,1300,1300,False
BHARATFORG,2020-02-27,1300,1300,False
BHARATFORG,2020-03-26,1300,1300,False
BHARATFORG,2020-04-30,1300,1300,False
BHARATFORG,2020-05-28,1300,1300,False
BHARATFORG,2020-06-25,1300,1300,False
BHARATFORG,2020-07-30,1500,1500,False
BHARATFORG,2020-08-27,1500,1500,False
BHARATFORG,2020-09-24,1500,1500,False
BHARATFORG,2020-10-29,1500,1500,False
BHARATFORG,2020-11-26,1500,1500,False
BHARATFORG,2020-12-31,1500,1500,False
BHARATFORG,2021-01-28,1500,1500,False
BHARATFORG,2021-02-25,1500,1500,False
BHARATFORG,2021-03-25,1500,1500,False
BHARATFORG,2021-04-29,1500,1500,False
BHARATFORG,2021-05-27,1500,1500,False
BHARATFORG,2021-06-24,1500,1500,False
BHARATFORG,2021-07-29,1500,1500,False
BHARATFORG,2021-08-26,1500,1500,False
BHARATFORG,2021-09-30,1500,1500,False
BHARATFORG,2021-10-28,1500,1500,False
BHARATFORG,2021-11-25,1500,750,True
BHARATFORG,2021-12-30,1500,750,True
BHARATFORG,2022-01-27,750,750,False
BHARATFORG,2022-02-24,750,750,False
BHARATFORG,2022-03-31,750,750,False
BHARATFORG,2022-04-28,750,750,False
BHARATFORG,2022-05-26,750,750,False
BHARATFORG,2022-06-30,750,750,False
BHARATFORG,2022-07-28,1000,1000,False
BHARATFORG,2022-08-25,1000,1000,False
BHARATFORG,2022-09-29,1000,1000,False
BHARATFORG,2022-10-27,1000,1000,False
BHARATFORG,2022-11-24,1000,1000,False
BHARATFORG,2022-12-29,1000,1000,False
BHARATFORG,2023-01-25,1000,1000,False
BHARATFORG,2023-02-23,1000,1000,False
BHARATFORG,2023-03-29,1000,1000,False
BHARATFORG,2023-04-27,1000,1000,False
BHARATFORG,2023-05-25,1000,1000,False
BHARATFORG,2023-06-28,1000,1000,False
BHARATFORG,2023-07-27,1000,1000,False
BHARATFORG,2023-08-31,1000,1000,False
BHARATFORG,2023-09-28,1000,1000,False
BHARATFORG,2023-10-26,1000,1000,False
BHARATFORG,2023-11-30,1000,500,True
BHARATFORG,2023-12-28,1000,500,True
BHARATFORG,2024-01-25,500,500,False
BHARATFORG,2024-02-29,500,500,False
BHARATFORG,2024-03-28,500,500,False
BHARATFORG,2024-04-25,500,500,False
BHARATFORG,2024-05-30,500,500,False
BHARATFORG,2024-06-27,500,500,False
BHARATFORG,2024-07-25,500,500,False
BHARATFORG,2024-08-29,500,500,False
BHARATFORG,2024-09-26,500,500,False
BHARATFORG,2024-10-31,500,500,False
BHARATFORG,2024-11-28,500,500,False
BHARATFORG,2024-12-26,500,500,False
BHARATFORG,2025-01-30,500,500,False
BHARATFORG,2025-02-27,500,500,False
BHARATFORG,2025-03-27,500,500,False
BHARATFORG,2025-04-24,500,500,False
BHARATFORG,2025-05-29,500,500,False
BHARATFORG,2025-06-26,500,500,False
BHARATFORG,2025-07-31,500,500,False
BHARATFORG,2025-08-28,500,500,False
BHARATFORG,2025-09-30,500,500,False
BHARATFORG,2025-10-28,500,500,False
BHARATFORG,2025-11-25,500,500,False
BHARATFORG,2025-12-30,500,500,False
BHARATFORG,2026-01-27,500,500,False
BHARATFORG,2026-02-24,500,500,False
BHARATFORG,2026-03-30,500,500,False
BHARATFORG,2026-04-28,500,500,False
BHARATFORG,2026-05-26,500,500,False
BHARATFORG,2026-06-30,500,500,False
BHARATFORG,2026-07-28,500,500,False
BHARATFORG,2026-08-25,500,500,False
BHARTIARTL,2019-10-31,1851,1851,False
BHARTIARTL,2019-11-28,1851,1851,False
BHARTIARTL,2019-12-26,1851,1851,False
BHARTIARTL,2020-01-30,1851,1851,False
BHARTIARTL,2020-02-27,1851,1851,False
BHARTIARTL,2020-03-26,1851,1851,False
BHARTIARTL,2020-04-30,1851,1851,False
BHARTIARTL,2020-05-28,1851,1851,False
BHARTIARTL,2020-06-25,1851,1851,False
BHARTIARTL,2020-07-30,1851,1851,False
BHARTIARTL,2020-08-27,1851,1851,False
BHARTIARTL,2020-09-24,1851,1851,False
BHARTIARTL,2020-10-29,1851,1851,False
BHARTIARTL,2020-11-26,1851,1851,False
BHARTIARTL,2020-12-31,1851,1851,False
BHARTIARTL,2021-01-28,1851,1851,False
BHARTIARTL,2021-02-25,1851,1851,False
BHARTIARTL,2021-03-25,1851,1851,False
BHARTIARTL,2021-04-29,1851,1851,False
BHARTIARTL,2021-05-27,1851,1851,False
BHARTIARTL,2021-06-24,1851,1851,False
BHARTIARTL,2021-07-29,1851,1851,False
BHARTIARTL,2021-08-26,1851,1851,False
BHARTIARTL,2021-09-30,1851,1886,True
BHARTIARTL,2021-10-28,1851,1886,True
BHARTIARTL,2021-11-25,1851,1886,True
BHARTIARTL,2021-12-30,1886,1886,False
BHARTIARTL,2022-01-27,950,950,False
BHARTIARTL,2022-02-24,950,950,False
BHARTIARTL,2022-03-31,950,950,False
BHARTIARTL,2022-04-28,950,950,False
BHARTIARTL,2022-05-26,950,950,False
BHARTIARTL,2022-06-30,950,950,False
BHARTIARTL,2022-07-28,950,950,False
BHARTIARTL,2022-08-25,950,950,False
BHARTIARTL,2022-09-29,950,950,False
BHARTIARTL,2022-10-27,950,950,False
BHARTIARTL,2022-11-24,950,950,False
BHARTIARTL,2022-12-29,950,950,False
BHARTIARTL,2023-01-25,950,950,False
BHARTIARTL,2023-02-23,950,950,False
BHARTIARTL,2023-03-29,950,950,False
BHARTIARTL,2023-04-27,950,950,False
BHARTIARTL,2023-05-25,950,950,False
BHARTIARTL,2023-06-28,950,950,False
BHARTIARTL,2023-07-27,950,950,False
BHARTIARTL,2023-08-31,950,950,False
BHARTIARTL,2023-09-28,950,950,False
BHARTIARTL,2023-10-26,950,950,False
BHARTIARTL,2023-11-30,950,950,False
BHARTIARTL,2023-12-28,950,950,False
BHARTIARTL,2024-01-25,950,950,False
BHARTIARTL,2024-02-29,950,950,False
BHARTIARTL,2024-03-28,950,950,False
BHARTIARTL,2024-04-25,950,950,False
BHARTIARTL,2024-05-30,950,475,True
BHARTIARTL,2024-06-27,950,475,True
BHARTIARTL,2024-07-25,475,475,False
BHARTIARTL,2024-08-29,475,475,False
BHARTIARTL,2024-09-26,475,475,False
BHARTIARTL,2024-10-31,475,475,False
BHARTIARTL,2024-11-28,475,475,False
BHARTIARTL,2024-12-26,475,475,False
BHARTIARTL,2025-01-30,475,475,False
BHARTIARTL,2025-02-27,475,475,False
BHARTIARTL,2025-03-27,475,475,False
BHARTIARTL,2025-04-24,475,475,False
BHARTIARTL,2025-05-29,475,475,False
BHARTIARTL,2025-06-26,475,475,False
BHARTIARTL,2025-07-31,475,475,False
BHARTIARTL,2025-08-28,475,475,False
BHARTIARTL,2025-09-30,475,475,False
BHARTIARTL,2025-10-28,475,475,False
BHARTIARTL,2025-11-25,475,475,False
BHARTIARTL,2025-12-30,475,475,False
BHARTIARTL,2026-01-27,475,475,False
BHARTIARTL,2026-02-24,475,475,False
BHARTIARTL,2026-03-30,475,475,False
BHARTIARTL,2026-04-28,475,475,False
BHARTIARTL,2026-05-26,475,475,False
BHARTIARTL,2026-06-30,475,475,False
BHARTIARTL,2026-07-28,475,475,False
BHARTIARTL,2026-08-25,475,475,False
BHEL,2019-10-31,7500,7500,False
BHEL,2019-11-28,7500,7500,False
BHEL,2019-12-26,7500,7500,False
BHEL,2020-01-30,10400,10400,False
BHEL,2020-02-27,10400,10400,False
BHEL,2020-03-26,10400,10400,False
BHEL,2020-04-30,10400,10400,False
BHEL,2020-05-28,10400,10400,False
BHEL,2020-06-25,10400,10400,False
BHEL,2020-07-30,21000,21000,False
BHEL,2020-08-27,21000,21000,False
BHEL,2020-09-24,21000,21000,False
BHEL,2020-10-29,21000,21000,False
BHEL,2020-11-26,21000,21000,False
BHEL,2020-12-31,21000,21000,False
BHEL,2021-01-28,21000,21000,False
BHEL,2021-02-25,21000,21000,False
BHEL,2021-03-25,21000,21000,False
BHEL,2021-04-29,21000,21000,False
BHEL,2021-05-27,21000,10500,True
BHEL,2021-06-24,21000,10500,True
BHEL,2021-07-29,10500,10500,False
BHEL,2021-08-26,10500,10500,False
BHEL,2021-09-30,10500,10500,False
BHEL,2021-10-28,10500,10500,False
BHEL,2021-11-25,10500,10500,False
BHEL,2021-12-30,10500,10500,False
BHEL,2022-01-27,10500,10500,False
BHEL,2022-02-24,10500,10500,False
BHEL,2022-03-31,10500,10500,False
BHEL,2022-04-28,10500,10500,False
BHEL,2022-05-26,10500,10500,False
BHEL,2022-06-30,10500,10500,False
BHEL,2022-07-28,10500,10500,False
BHEL,2022-08-25,10500,10500,False
BHEL,2022-09-29,10500,10500,False
BHEL,2022-10-27,10500,10500,False
BHEL,2022-11-24,10500,10500,False
BHEL,2022-12-29,10500,10500,False
BHEL,2023-01-25,10500,10500,False
BHEL,2023-02-23,10500,10500,False
BHEL,2023-03-29,10500,10500,False
BHEL,2023-04-27,10500,10500,False
BHEL,2023-05-25,10500,10500,False
BHEL,2023-06-28,10500,10500,False
BHEL,2023-07-27,10500,10500,False
BHEL,2023-08-31,10500,10500,False
BHEL,2023-09-28,10500,10500,False
BHEL,2023-10-26,10500,10500,False
BHEL,2023-11-30,10500,5250,True
BHEL,2023-12-28,10500,5250,True
BHEL,2024-01-25,5250,5250,False
BHEL,2024-02-29,5250,5250,False
BHEL,2024-03-28,5250,5250,False
BHEL,2024-04-25,5250,5250,False
BHEL,2024-05-30,5250,2625,True
BHEL,2024-06-27,5250,2625,True
BHEL,2024-07-25,2625,2625,False
BHEL,2024-08-29,2625,2625,False
BHEL,2024-09-26,2625,2625,False
BHEL,2024-10-31,2625,2625,False
BHEL,2024-11-28,2625,2625,False
BHEL,2024-12-26,2625,2625,False
BHEL,2025-01-30,2625,2625,False
BHEL,2025-02-27,2625,2625,False
BHEL,2025-03-27,2625,2625,False
BHEL,2025-04-24,2625,2625,False
BHEL,2025-05-29,2625,2625,False
BHEL,2025-06-26,2625,2625,False
BHEL,2025-07-31,2625,2625,False
BHEL,2025-08-28,2625,2625,False
BHEL,2025-09-30,2625,2625,False
BHEL,2025-10-28,2625,2625,False
BHEL,2025-11-25,2625,2625,False
BHEL,2025-12-30,2625,2625,False
BHEL,2026-01-27,2625,2625,False
BHEL,2026-02-24,2625,2625,False
BHEL,2026-03-30,2625,2625,False
BHEL,2026-04-28,2625,2625,False
BHEL,2026-05-26,2625,2625,False
BHEL,2026-06-30,2625,2625,False
BHEL,2026-07-28,2625,2625,False
BHEL,2026-08-25,2625,2625,False
BIOCON,2019-10-31,1800,1800,False
BIOCON,2019-11-28,1800,1800,False
BIOCON,2019-12-26,1800,1800,False
BIOCON,2020-01-30,2300,2300,False
BIOCON,2020-02-27,2300,2300,False
BIOCON,2020-03-26,2300,2300,False
BIOCON,2020-04-30,2300,2300,False
BIOCON,2020-05-28,2300,2300,False
BIOCON,2020-06-25,2300,2300,False
BIOCON,2020-07-30,2300,2300,False
BIOCON,2020-08-27,2300,2300,False
BIOCON,2020-09-24,2300,2300,False
BIOCON,2020-10-29,2300,2300,False
BIOCON,2020-11-26,2300,2300,False
BIOCON,2020-12-31,2300,2300,False
BIOCON,2021-01-28,2300,2300,False
BIOCON,2021-02-25,2300,2300,False
BIOCON,2021-03-25,2300,2300,False
BIOCON,2021-04-29,2300,2300,False
BIOCON,2021-05-27,2300,2300,False
BIOCON,2021-06-24,2300,2300,False
BIOCON,2021-07-29,2300,2300,False
BIOCON,2021-08-26,2300,2300,False
BIOCON,2021-09-30,2300,2300,False
BIOCON,2021-10-28,2300,2300,False
BIOCON,2021-11-25,2300,2300,False
BIOCON,2021-12-30,2300,2300,False
BIOCON,2022-01-27,2300,2300,False
BIOCON,2022-02-24,2300,2300,False
BIOCON,2022-03-31,2300,2300,False
BIOCON,2022-04-28,2300,2300,False
BIOCON,2022-05-26,2300,2300,False
BIOCON,2022-06-30,2300,2300,False
BIOCON,2022-07-28,2300,2300,False
BIOCON,2022-08-25,2300,2300,False
BIOCON,2022-09-29,2300,2300,False
BIOCON,2022-10-27,2300,2300,False
BIOCON,2022-11-24,2300,2300,False
BIOCON,2022-12-29,2300,2300,False
BIOCON,2023-01-25,2300,2300,False
BIOCON,2023-02-23,2300,2300,False
BIOCON,2023-03-29,2300,2300,False
BIOCON,2023-04-27,2300,2300,False
BIOCON,2023-05-25,2300,2300,False
BIOCON,2023-06-28,2300,2300,False
BIOCON,2023-07-27,2500,2500,False
BIOCON,2023-08-31,2500,2500,False
BIOCON,2023-09-28,2500,2500,False
BIOCON,2023-10-26,2500,2500,False
BIOCON,2023-11-30,2500,2500,False
BIOCON,2023-12-28,2500,2500,False
BIOCON,2024-01-25,2500,2500,False
BIOCON,2024-02-29,2500,2500,False
BIOCON,2024-03-28,2500,2500,False
BIOCON,2024-04-25,2500,2500,False
BIOCON,2024-05-30,2500,2500,False
BIOCON,2024-06-27,2500,2500,False
BIOCON,2024-07-25,2500,2500,False
BIOCON,2024-08-29,2500,2500,False
BIOCON,2024-09-26,2500,2500,False
BIOCON,2024-10-31,2500,2500,False
BIOCON,2024-11-28,2500,2500,False
BIOCON,2024-12-26,2500,2500,False
BIOCON,2025-01-30,2500,2500,False
BIOCON,2025-02-27,2500,2500,False
BIOCON,2025-03-27,2500,2500,False
BIOCON,2025-04-24,2500,2500,False
BIOCON,2025-05-29,2500,2500,False
BIOCON,2025-06-26,2500,2500,False
BIOCON,2025-07-31,2500,2500,False
BIOCON,2025-08-28,2500,2500,False
BIOCON,2025-09-30,2500,2500,False
BIOCON,2025-10-28,2500,2500,False
BIOCON,2025-11-25,2500,2500,False
BIOCON,2025-12-30,2500,2500,False
BIOCON,2026-01-27,2500,2500,False
BIOCON,2026-02-24,2500,2500,False
BIOCON,2026-03-30,2500,2500,False
BIOCON,2026-04-28,2500,2500,False
BIOCON,2026-05-26,2500,2500,False
BIOCON,2026-06-30,2500,2500,False
BIOCON,2026-07-28,2500,2500,False
BIOCON,2026-08-25,2500,2500,False
BLUESTARCO,2025-06-26,325,325,False
BLUESTARCO,2025-07-31,325,325,False
BLUESTARCO,2025-08-28,325,325,False
BLUESTARCO,2025-09-30,325,325,False
BLUESTARCO,2025-10-28,325,325,False
BLUESTARCO,2025-11-25,325,325,False
BLUESTARCO,2025-12-30,325,325,False
BLUESTARCO,2026-01-27,325,325,False
BLUESTARCO,2026-02-24,325,325,False
BLUESTARCO,2026-03-30,325,325,False
BLUESTARCO,2026-04-28,325,325,False
BLUESTARCO,2026-05-26,325,325,False
BLUESTARCO,2026-06-30,325,325,False
BLUESTARCO,2026-07-28,325,325,False
BLUESTARCO,2026-08-25,325,325,False
BOSCHLTD,2019-10-31,30,30,False
BOSCHLTD,2019-11-28,30,30,False
BOSCHLTD,2019-12-26,30,30,False
BOSCHLTD,2020-01-30,40,40,False
BOSCHLTD,2020-02-27,40,40,False
BOSCHLTD,2020-03-26,40,40,False
BOSCHLTD,2020-04-30,40,40,False
BOSCHLTD,2020-05-28,40,40,False
BOSCHLTD,2020-06-25,40,40,False
BOSCHLTD,2020-07-30,50,50,False
BOSCHLTD,2020-08-27,50,50,False
BOSCHLTD,2020-09-24,50,50,False
BOSCHLTD,2020-10-29,50,50,False
BOSCHLTD,2020-11-26,50,50,False
BOSCHLTD,2020-12-31,50,50,False
BOSCHLTD,2021-01-28,50,50,False
BOSCHLTD,2021-02-25,50,50,False
BOSCHLTD,2021-03-25,50,50,False
BOSCHLTD,2021-04-29,50,50,False
BOSCHLTD,2021-05-27,50,50,False
BOSCHLTD,2021-06-24,50,50,False
BOSCHLTD,2021-07-29,50,50,False
BOSCHLTD,2021-08-26,50,50,False
BOSCHLTD,2021-09-30,50,50,False
BOSCHLTD,2021-10-28,50,50,False
BOSCHLTD,2021-11-25,50,50,False
BOSCHLTD,2021-12-30,50,50,False
BOSCHLTD,2022-01-27,50,50,False
BOSCHLTD,2022-02-24,50,50,False
BOSCHLTD,2022-03-31,50,50,False
BOSCHLTD,2022-04-28,50,50,False
BOSCHLTD,2022-05-26,50,50,False
BOSCHLTD,2022-06-30,50,50,False
BOSCHLTD,2022-07-28,50,50,False
BOSCHLTD,2022-08-25,50,50,False
BOSCHLTD,2022-09-29,50,50,False
BOSCHLTD,2022-10-27,50,50,False
BOSCHLTD,2022-11-24,50,50,False
BOSCHLTD,2022-12-29,50,50,False
BOSCHLTD,2023-01-25,50,50,False
BOSCHLTD,2023-02-23,50,50,False
BOSCHLTD,2023-03-29,50,50,False
BOSCHLTD,2023-04-27,50,50,False
BOSCHLTD,2023-05-25,50,50,False
BOSCHLTD,2023-06-28,50,50,False
BOSCHLTD,2023-07-27,50,50,False
BOSCHLTD,2023-08-31,50,50,False
BOSCHLTD,2023-09-28,50,50,False
BOSCHLTD,2023-10-26,50,50,False
BOSCHLTD,2023-11-30,50,50,False
BOSCHLTD,2023-12-28,50,50,False
BOSCHLTD,2024-01-25,50,50,False
BOSCHLTD,2024-02-29,50,50,False
BOSCHLTD,2024-03-28,50,50,False
BOSCHLTD,2024-04-25,50,50,False
BOSCHLTD,2024-05-30,50,25,True
BOSCHLTD,2024-06-27,50,25,True
BOSCHLTD,2024-07-25,25,25,False
BOSCHLTD,2024-08-29,25,25,False
BOSCHLTD,2024-09-26,25,25,False
BOSCHLTD,2024-10-31,25,25,False
BOSCHLTD,2024-11-28,25,25,False
BOSCHLTD,2024-12-26,25,25,False
BOSCHLTD,2025-01-30,25,25,False
BOSCHLTD,2025-02-27,25,25,False
BOSCHLTD,2025-03-27,25,25,False
BOSCHLTD,2025-04-24,25,25,False
BOSCHLTD,2025-05-29,25,25,False
BOSCHLTD,2025-06-26,25,25,False
BOSCHLTD,2025-07-31,25,25,False
BOSCHLTD,2025-08-28,25,25,False
BOSCHLTD,2025-09-30,25,25,False
BOSCHLTD,2025-10-28,25,25,False
BOSCHLTD,2025-11-25,25,25,False
BOSCHLTD,2025-12-30,25,25,False
BOSCHLTD,2026-01-27,25,25,False
BOSCHLTD,2026-02-24,25,25,False
BOSCHLTD,2026-03-30,25,25,False
BOSCHLTD,2026-04-28,25,25,False
BOSCHLTD,2026-05-26,25,25,False
BOSCHLTD,2026-06-30,25,25,False
BOSCHLTD,2026-07-28,25,25,False
BOSCHLTD,2026-08-25,25,25,False
BPCL,2019-10-31,1800,1800,False
BPCL,2019-11-28,1800,1800,False
BPCL,2019-12-26,1800,1800,False
BPCL,2020-01-30,1800,1800,False
BPCL,2020-02-27,1800,1800,False
BPCL,2020-03-26,1800,1800,False
BPCL,2020-04-30,1800,1800,False
BPCL,2020-05-28,1800,1800,False
BPCL,2020-06-25,1800,1800,False
BPCL,2020-07-30,1800,1800,False
BPCL,2020-08-27,1800,1800,False
BPCL,2020-09-24,1800,1800,False
BPCL,2020-10-29,1800,1800,False
BPCL,2020-11-26,1800,1800,False
BPCL,2020-12-31,1800,1800,False
BPCL,2021-01-28,1800,1800,False
BPCL,2021-02-25,1800,1800,False
BPCL,2021-03-25,1800,1800,False
BPCL,2021-04-29,1800,1800,False
BPCL,2021-05-27,1800,1800,False
BPCL,2021-06-24,1800,1800,False
BPCL,2021-07-29,1800,1800,False
BPCL,2021-08-26,1800,1800,False
BPCL,2021-09-30,1800,1800,False
BPCL,2021-10-28,1800,1800,False
BPCL,2021-11-25,1800,1800,False
BPCL,2021-12-30,1800,1800,False
BPCL,2022-01-27,1800,1800,False
BPCL,2022-02-24,1800,1800,False
BPCL,2022-03-31,1800,1800,False
BPCL,2022-04-28,1800,1800,False
BPCL,2022-05-26,1800,1800,False
BPCL,2022-06-30,1800,1800,False
BPCL,2022-07-28,1800,1800,False
BPCL,2022-08-25,1800,1800,False
BPCL,2022-09-29,1800,1800,False
BPCL,2022-10-27,1800,1800,False
BPCL,2022-11-24,1800,1800,False
BPCL,2022-12-29,1800,1800,False
BPCL,2023-01-25,1800,1800,False
BPCL,2023-02-23,1800,1800,False
BPCL,2023-03-29,1800,1800,False
BPCL,2023-04-27,1800,1800,False
BPCL,2023-05-25,1800,1800,False
BPCL,2023-06-28,1800,1800,False
BPCL,2023-07-27,1800,1800,False
BPCL,2023-08-31,1800,1800,False
BPCL,2023-09-28,1800,1800,False
BPCL,2023-10-26,1800,1800,False
BPCL,2023-11-30,1800,1800,False
BPCL,2023-12-28,1800,1800,False
BPCL,2024-01-25,1800,1800,False
BPCL,2024-02-29,1800,1800,False
BPCL,2024-03-28,1800,1800,False
BPCL,2024-04-25,1800,1800,False
BPCL,2024-05-30,1800,900,True
BPCL,2024-06-27,1800,1800,True
BPCL,2024-07-25,900,1800,True
BPCL,2024-08-29,900,1800,True
BPCL,2024-09-26,1800,1800,False
BPCL,2024-10-31,1800,1800,False
BPCL,2024-11-28,1800,1800,False
BPCL,2024-12-26,1800,1800,False
BPCL,2025-01-30,1800,1800,False
BPCL,2025-02-27,1800,1800,False
BPCL,2025-03-27,1800,1800,False
BPCL,2025-04-24,1800,1800,False
BPCL,2025-05-29,1800,1800,False
BPCL,2025-06-26,1800,1800,False
BPCL,2025-07-31,1975,1975,False
BPCL,2025-08-28,1975,1975,False
BPCL,2025-09-30,1975,1975,False
BPCL,2025-10-28,1975,1975,False
BPCL,2025-11-25,1975,1975,False
BPCL,2025-12-30,1975,1975,False
BPCL,2026-01-27,1975,1975,False
BPCL,2026-02-24,1975,1975,False
BPCL,2026-03-30,1975,1975,False
BPCL,2026-04-28,1975,1975,False
BPCL,2026-05-26,1975,1975,False
BPCL,2026-06-30,1975,1975,False
BPCL,2026-07-28,1975,1975,False
BPCL,2026-08-25,1975,1975,False
BRITANNIA,2019-10-31,200,200,False
BRITANNIA,2019-11-28,200,200,False
BRITANNIA,2019-12-26,200,200,False
BRITANNIA,2020-01-30,200,200,False
BRITANNIA,2020-02-27,200,200,False
BRITANNIA,2020-03-26,200,200,False
BRITANNIA,2020-04-30,200,200,False
BRITANNIA,2020-05-28,200,200,False
BRITANNIA,2020-06-25,200,200,False
BRITANNIA,2020-07-30,200,200,False
BRITANNIA,2020-08-27,200,200,False
BRITANNIA,2020-09-24,200,200,False
BRITANNIA,2020-10-29,200,200,False
BRITANNIA,2020-11-26,200,200,False
BRITANNIA,2020-12-31,200,200,False
BRITANNIA,2021-01-28,200,200,False
BRITANNIA,2021-02-25,200,200,False
BRITANNIA,2021-03-25,200,200,False
BRITANNIA,2021-04-29,200,200,False
BRITANNIA,2021-05-27,200,200,False
BRITANNIA,2021-06-24,200,200,False
BRITANNIA,2021-07-29,200,200,False
BRITANNIA,2021-08-26,200,200,False
BRITANNIA,2021-09-30,200,200,False
BRITANNIA,2021-10-28,200,200,False
BRITANNIA,2021-11-25,200,200,False
BRITANNIA,2021-12-30,200,200,False
BRITANNIA,2022-01-27,200,200,False
BRITANNIA,2022-02-24,200,200,False
BRITANNIA,2022-03-31,200,200,False
BRITANNIA,2022-04-28,200,200,False
BRITANNIA,2022-05-26,200,200,False
BRITANNIA,2022-06-30,200,200,False
BRITANNIA,2022-07-28,200,200,False
BRITANNIA,2022-08-25,200,200,False
BRITANNIA,2022-09-29,200,200,False
BRITANNIA,2022-10-27,200,200,False
BRITANNIA,2022-11-24,200,200,False
BRITANNIA,2022-12-29,200,200,False
BRITANNIA,2023-01-25,200,200,False
BRITANNIA,2023-02-23,200,200,False
BRITANNIA,2023-03-29,200,200,False
BRITANNIA,2023-04-27,200,200,False
BRITANNIA,2023-05-25,200,200,False
BRITANNIA,2023-06-28,200,200,False
BRITANNIA,2023-07-27,200,200,False
BRITANNIA,2023-08-31,200,200,False
BRITANNIA,2023-09-28,200,200,False
BRITANNIA,2023-10-26,200,200,False
BRITANNIA,2023-11-30,200,200,False
BRITANNIA,2023-12-28,200,200,False
BRITANNIA,2024-01-25,200,200,False
BRITANNIA,2024-02-29,200,200,False
BRITANNIA,2024-03-28,200,200,False
BRITANNIA,2024-04-25,200,200,False
BRITANNIA,2024-05-30,200,200,False
BRITANNIA,2024-06-27,200,200,False
BRITANNIA,2024-07-25,200,200,False
BRITANNIA,2024-08-29,200,200,False
BRITANNIA,2024-09-26,200,200,False
BRITANNIA,2024-10-31,200,200,False
BRITANNIA,2024-11-28,200,100,True
BRITANNIA,2024-12-26,200,100,True
BRITANNIA,2025-01-30,100,100,False
BRITANNIA,2025-02-27,100,100,False
BRITANNIA,2025-03-27,100,100,False
BRITANNIA,2025-04-24,100,100,False
BRITANNIA,2025-05-29,100,100,False
BRITANNIA,2025-06-26,100,100,False
BRITANNIA,2025-07-31,125,125,False
BRITANNIA,2025-08-28,125,125,False
BRITANNIA,2025-09-30,125,125,False
BRITANNIA,2025-10-28,125,125,False
BRITANNIA,2025-11-25,125,125,False
BRITANNIA,2025-12-30,125,125,False
BRITANNIA,2026-01-27,125,125,False
BRITANNIA,2026-02-24,125,125,False
BRITANNIA,2026-03-30,125,125,False
BRITANNIA,2026-04-28,125,125,False
BRITANNIA,2026-05-26,125,125,False
BRITANNIA,2026-06-30,125,125,False
BRITANNIA,2026-07-28,125,125,False
BRITANNIA,2026-08-25,125,125,False
BSE,2024-12-26,125,125,False
BSE,2025-01-30,125,125,False
BSE,2025-02-27,125,125,False
BSE,2025-03-27,125,125,False
BSE,2025-04-24,125,125,False
BSE,2025-05-29,125,375,True
BSE,2025-06-26,125,375,True
BSE,2025-07-31,125,375,True
BSE,2025-08-28,375,375,False
BSE,2025-09-30,375,375,False
BSE,2025-10-28,375,375,False
BSE,2025-11-25,375,375,False
BSE,2025-12-30,375,375,False
BSE,2026-01-27,375,375,False
BSE,2026-02-24,375,375,False
BSE,2026-03-30,375,375,False
BSE,2026-04-28,375,375,False
BSE,2026-05-26,375,375,False
BSE,2026-06-30,375,375,False
BSE,2026-07-28,200,200,False
BSE,2026-08-25,200,200,False
BSOFT,2021-11-25,1300,1300,False
BSOFT,2021-12-30,1300,1300,False
BSOFT,2022-01-27,1300,1300,False
BSOFT,2022-02-24,1300,1300,False
BSOFT,2022-03-31,1300,1300,False
BSOFT,2022-04-28,1300,1300,False
BSOFT,2022-05-26,1300,1300,False
BSOFT,2022-06-30,1300,1300,False
BSOFT,2022-07-28,1300,1300,False
BSOFT,2022-08-25,1300,1300,False
BSOFT,2022-09-29,1300,1300,False
BSOFT,2022-10-27,1300,1300,False
BSOFT,2022-11-24,1300,1300,False
BSOFT,2022-12-29,1300,1300,False
BSOFT,2023-01-25,2000,2000,False
BSOFT,2023-02-23,2000,2000,False
BSOFT,2023-03-29,2000,2000,False
BSOFT,2023-04-27,2000,2000,False
BSOFT,2023-05-25,2000,2000,False
BSOFT,2023-06-28,2000,2000,False
BSOFT,2023-07-27,2000,2000,False
BSOFT,2023-08-31,2000,2000,False
BSOFT,2023-09-28,2000,2000,False
BSOFT,2023-10-26,2000,2000,False
BSOFT,2023-11-30,2000,1000,True
BSOFT,2023-12-28,2000,1000,True
BSOFT,2024-01-25,1000,1000,False
BSOFT,2024-02-29,1000,1000,False
BSOFT,2024-03-28,1000,1000,False
BSOFT,2024-04-25,1000,1000,False
BSOFT,2024-05-30,1000,1000,False
BSOFT,2024-06-27,1000,1000,False
BSOFT,2024-07-25,1000,1000,False
BSOFT,2024-08-29,1000,1000,False
BSOFT,2024-09-26,1000,1000,False
BSOFT,2024-10-31,1000,1000,False
BSOFT,2024-11-28,1000,1000,False
BSOFT,2024-12-26,1000,1000,False
BSOFT,2025-01-30,1000,1000,False
BSOFT,2025-02-27,1000,1000,False
BSOFT,2025-03-27,1000,1000,False
BSOFT,2025-04-24,1000,1000,False
BSOFT,2025-05-29,1000,1000,False
BSOFT,2025-06-26,1000,1000,False
BSOFT,2025-07-31,1300,1300,False
CADILAHC,2019-10-31,1600,1600,False
CADILAHC,2019-11-28,1600,1600,False
CADILAHC,2019-12-26,1600,1600,False
CADILAHC,2020-01-30,2200,2200,False
CADILAHC,2020-02-27,2200,2200,False
CADILAHC,2020-03-26,2200,2200,False
CADILAHC,2020-04-30,2200,2200,False
CADILAHC,2020-05-28,2200,2200,False
CADILAHC,2020-06-25,2200,2200,False
CADILAHC,2020-07-30,2200,2200,False
CADILAHC,2020-08-27,2200,2200,False
CADILAHC,2020-09-24,2200,2200,False
CADILAHC,2020-10-29,2200,2200,False
CADILAHC,2020-11-26,2200,2200,False
CADILAHC,2020-12-31,2200,2200,False
CADILAHC,2021-01-28,2200,2200,False
CADILAHC,2021-02-25,2200,2200,False
CADILAHC,2021-03-25,2200,2200,False
CADILAHC,2021-04-29,2200,2200,False
CADILAHC,2021-05-27,2200,2200,False
CADILAHC,2021-06-24,2200,2200,False
CADILAHC,2021-07-29,2200,2200,False
CADILAHC,2021-08-26,2200,2200,False
CADILAHC,2021-09-30,2200,2200,False
CADILAHC,2021-10-28,2200,2200,False
CADILAHC,2021-11-25,2200,1100,True
CADILAHC,2021-12-30,2200,1100,True
CADILAHC,2022-01-27,1100,1100,False
CADILAHC,2022-02-24,1100,1100,False
CADILAHC,2022-03-31,1100,1100,False
CADILAHC,2022-04-28,1100,1100,False
CADILAHC,2022-05-26,1100,1100,False
CAMS,2024-12-26,125,125,False
CAMS,2025-01-30,125,125,False
CAMS,2025-02-27,125,125,False
CAMS,2025-03-27,125,125,False
CAMS,2025-04-24,125,125,False
CAMS,2025-05-29,125,125,False
CAMS,2025-06-26,125,125,False
CAMS,2025-07-31,150,150,False
CAMS,2025-08-28,150,150,False
CAMS,2025-09-30,150,150,False
CAMS,2025-10-28,150,150,False
CAMS,2025-11-25,150,150,False
CAMS,2025-12-30,150,750,True
CAMS,2026-01-27,150,750,True
CAMS,2026-02-24,150,750,True
CAMS,2026-03-30,750,750,False
CAMS,2026-04-28,750,750,False
CAMS,2026-05-26,750,750,False
CAMS,2026-06-30,750,750,False
CAMS,2026-07-28,825,825,False
CAMS,2026-08-25,825,825,False
CANBK,2019-10-31,2000,2000,False
CANBK,2019-11-28,2000,2000,False
CANBK,2019-12-26,2000,2000,False
CANBK,2020-01-30,2600,2600,False
CANBK,2020-02-27,2600,2600,False
CANBK,2020-03-26,2600,2600,False
CANBK,2020-04-30,2600,2600,False
CANBK,2020-05-28,2600,2600,False
CANBK,2020-06-25,2600,2600,False
CANBK,2020-07-30,5000,5000,False
CANBK,2020-08-27,5000,5000,False
CANBK,2020-09-24,5000,5000,False
CANBK,2020-10-29,5000,5000,False
CANBK,2020-11-26,5000,5000,False
CANBK,2020-12-31,5000,5000,False
CANBK,2021-01-28,5400,5400,False
CANBK,2021-02-25,5400,5400,False
CANBK,2021-03-25,5400,5400,False
CANBK,2021-04-29,5400,5400,False
CANBK,2021-05-27,5400,5400,False
CANBK,2021-06-24,5400,5400,False
CANBK,2021-07-29,5400,5400,False
CANBK,2021-08-26,5400,5400,False
CANBK,2021-09-30,5400,5400,False
CANBK,2021-10-28,5400,5400,False
CANBK,2021-11-25,5400,5400,False
CANBK,2021-12-30,5400,5400,False
CANBK,2022-01-27,5400,5400,False
CANBK,2022-02-24,5400,5400,False
CANBK,2022-03-31,5400,5400,False
CANBK,2022-04-28,5400,5400,False
CANBK,2022-05-26,5400,2700,True
CANBK,2022-06-30,5400,2700,True
CANBK,2022-07-28,2700,2700,False
CANBK,2022-08-25,2700,2700,False
CANBK,2022-09-29,2700,2700,False
CANBK,2022-10-27,2700,2700,False
CANBK,2022-11-24,2700,2700,False
CANBK,2022-12-29,2700,2700,False
CANBK,2023-01-25,2700,2700,False
CANBK,2023-02-23,2700,2700,False
CANBK,2023-03-29,2700,2700,False
CANBK,2023-04-27,2700,2700,False
CANBK,2023-05-25,2700,2700,False
CANBK,2023-06-28,2700,2700,False
CANBK,2023-07-27,2700,2700,False
CANBK,2023-08-31,2700,2700,False
CANBK,2023-09-28,2700,2700,False
CANBK,2023-10-26,2700,2700,False
CANBK,2023-11-30,2700,2700,False
CANBK,2023-12-28,2700,2700,False
CANBK,2024-01-25,2700,2700,False
CANBK,2024-02-29,2700,2700,False
CANBK,2024-03-28,2700,2700,False
CANBK,2024-04-25,2700,2700,False
CANBK,2024-05-30,2700,6750,True
CANBK,2024-06-27,2700,6750,True
CANBK,2024-07-25,1350,6750,True
CANBK,2024-08-29,6750,6750,False
CANBK,2024-09-26,6750,6750,False
CANBK,2024-10-31,6750,6750,False
CANBK,2024-11-28,6750,6750,False
CANBK,2024-12-26,6750,6750,False
CANBK,2025-01-30,6750,6750,False
CANBK,2025-02-27,6750,6750,False
CANBK,2025-03-27,6750,6750,False
CANBK,2025-04-24,6750,6750,False
CANBK,2025-05-29,6750,6750,False
CANBK,2025-06-26,6750,6750,False
CANBK,2025-07-31,6750,6750,False
CANBK,2025-08-28,6750,6750,False
CANBK,2025-09-30,6750,6750,False
CANBK,2025-10-28,6750,6750,False
CANBK,2025-11-25,6750,6750,False
CANBK,2025-12-30,6750,6750,False
CANBK,2026-01-27,6750,6750,False
CANBK,2026-02-24,6750,6750,False
CANBK,2026-03-30,6750,6750,False
CANBK,2026-04-28,6750,6750,False
CANBK,2026-05-26,6750,6750,False
CANBK,2026-06-30,6750,6750,False
CANBK,2026-07-28,6750,6750,False
CANBK,2026-08-25,6750,6750,False
CANFINHOME,2021-09-30,975,975,False
CANFINHOME,2021-10-28,975,975,False
CANFINHOME,2021-11-25,975,975,False
CANFINHOME,2021-12-30,975,975,False
CANFINHOME,2022-01-27,975,975,False
CANFINHOME,2022-02-24,975,975,False
CANFINHOME,2022-03-31,975,975,False
CANFINHOME,2022-04-28,975,975,False
CANFINHOME,2022-05-26,975,975,False
CANFINHOME,2022-06-30,975,975,False
CANFINHOME,2022-07-28,975,975,False
CANFINHOME,2022-08-25,975,975,False
CANFINHOME,2022-09-29,975,975,False
CANFINHOME,2022-10-27,975,975,False
CANFINHOME,2022-11-24,975,975,False
CANFINHOME,2022-12-29,975,975,False
CANFINHOME,2023-01-25,975,975,False
CANFINHOME,2023-02-23,975,975,False
CANFINHOME,2023-03-29,975,975,False
CANFINHOME,2023-04-27,975,975,False
CANFINHOME,2023-05-25,975,975,False
CANFINHOME,2023-06-28,975,975,False
CANFINHOME,2023-07-27,975,975,False
CANFINHOME,2023-08-31,975,975,False
CANFINHOME,2023-09-28,975,975,False
CANFINHOME,2023-10-26,975,975,False
CANFINHOME,2023-11-30,975,975,False
CANFINHOME,2023-12-28,975,975,False
CANFINHOME,2024-01-25,975,975,False
CANFINHOME,2024-02-29,975,975,False
CANFINHOME,2024-03-28,975,975,False
CANFINHOME,2024-04-25,975,975,False
CANFINHOME,2024-05-30,975,975,False
CANFINHOME,2024-06-27,975,975,False
CANFINHOME,2024-07-25,975,975,False
CANFINHOME,2024-08-29,975,975,False
CANFINHOME,2024-09-26,975,975,False
CANFINHOME,2024-10-31,975,975,False
CANFINHOME,2024-11-28,975,975,False
CANFINHOME,2024-12-26,975,975,False
CANFINHOME,2025-01-30,975,975,False
CANFINHOME,2025-02-27,975,975,False
CASTROLIND,2019-10-31,3400,3400,False
CASTROLIND,2019-11-28,3400,3400,False
CASTROLIND,2019-12-26,3400,3400,False
CASTROLIND,2020-01-30,4100,4100,False
CDSL,2024-12-26,350,350,False
CDSL,2025-01-30,350,350,False
CDSL,2025-02-27,350,350,False
CDSL,2025-03-27,350,350,False
CDSL,2025-04-24,350,350,False
CDSL,2025-05-29,350,350,False
CDSL,2025-06-26,350,350,False
CDSL,2025-07-31,475,475,False
CDSL,2025-08-28,475,475,False
CDSL,2025-09-30,475,475,False
CDSL,2025-10-28,475,475,False
CDSL,2025-11-25,475,475,False
CDSL,2025-12-30,475,475,False
CDSL,2026-01-27,475,475,False
CDSL,2026-02-24,475,475,False
CDSL,2026-03-30,475,475,False
CDSL,2026-04-28,475,475,False
CDSL,2026-05-26,475,475,False
CDSL,2026-06-30,475,475,False
CDSL,2026-07-28,475,475,False
CDSL,2026-08-25,475,475,False
CENTURYTEX,2019-10-31,600,600,False
CENTURYTEX,2019-11-28,600,600,False
CENTURYTEX,2019-12-26,600,600,False
CENTURYTEX,2020-01-30,600,600,False
CENTURYTEX,2020-02-27,600,600,False
CENTURYTEX,2020-03-26,600,600,False
CENTURYTEX,2020-04-30,600,600,False
CENTURYTEX,2020-05-28,600,600,False
CENTURYTEX,2020-06-25,600,600,False
CENTURYTEX,2020-07-30,1400,1400,False
CENTURYTEX,2020-08-27,1400,1400,False
CESC,2019-10-31,800,800,False
CESC,2019-11-28,800,800,False
CESC,2019-12-26,800,800,False
CESC,2020-01-30,800,800,False
CESC,2020-02-27,800,800,False
CESC,2020-03-26,800,800,False
CESC,2020-04-30,800,800,False
CESC,2020-05-28,800,800,False
CESC,2024-12-26,2925,2925,False
CESC,2025-01-30,2925,2925,False
CESC,2025-02-27,2925,2925,False
CESC,2025-03-27,2925,2925,False
CESC,2025-04-24,2925,2925,False
CESC,2025-05-29,2925,2925,False
CESC,2025-06-26,2925,2925,False
CESC,2025-07-31,3625,3625,False
CESC,2025-08-28,3625,3625,False
CGPOWER,2024-12-26,725,725,False
CGPOWER,2025-01-30,725,725,False
CGPOWER,2025-02-27,725,725,False
CGPOWER,2025-03-27,725,725,False
CGPOWER,2025-04-24,725,725,False
CGPOWER,2025-05-29,725,725,False
CGPOWER,2025-06-26,725,725,False
CGPOWER,2025-07-31,850,850,False
CGPOWER,2025-08-28,850,850,False
CGPOWER,2025-09-30,850,850,False
CGPOWER,2025-10-28,850,850,False
CGPOWER,2025-11-25,850,850,False
CGPOWER,2025-12-30,850,850,False
CGPOWER,2026-01-27,850,850,False
CGPOWER,2026-02-24,850,850,False
CGPOWER,2026-03-30,850,850,False
CGPOWER,2026-04-28,850,850,False
CGPOWER,2026-05-26,850,850,False
CGPOWER,2026-06-30,850,850,False
CGPOWER,2026-07-28,850,850,False
CGPOWER,2026-08-25,850,850,False
CHAMBLFERT,2021-11-25,1500,1500,False
CHAMBLFERT,2021-12-30,1500,1500,False
CHAMBLFERT,2022-01-27,1500,1500,False
CHAMBLFERT,2022-02-24,1500,1500,False
CHAMBLFERT,2022-03-31,1500,1500,False
CHAMBLFERT,2022-04-28,1500,1500,False
CHAMBLFERT,2022-05-26,1500,1500,False
CHAMBLFERT,2022-06-30,1500,1500,False
CHAMBLFERT,2022-07-28,1500,1500,False
CHAMBLFERT,2022-08-25,1500,1500,False
CHAMBLFERT,2022-09-29,1500,1500,False
CHAMBLFERT,2022-10-27,1500,1500,False
CHAMBLFERT,2022-11-24,1500,1500,False
CHAMBLFERT,2022-12-29,1500,1500,False
CHAMBLFERT,2023-01-25,1500,1500,False
CHAMBLFERT,2023-02-23,1500,1500,False
CHAMBLFERT,2023-03-29,1500,1500,False
CHAMBLFERT,2023-04-27,1500,1500,False
CHAMBLFERT,2023-05-25,1500,1500,False
CHAMBLFERT,2023-06-28,1500,1500,False
CHAMBLFERT,2023-07-27,1900,1900,False
CHAMBLFERT,2023-08-31,1900,1900,False
CHAMBLFERT,2023-09-28,1900,1900,False
CHAMBLFERT,2023-10-26,1900,1900,False
CHAMBLFERT,2023-11-30,1900,1900,False
CHAMBLFERT,2023-12-28,1900,1900,False
CHAMBLFERT,2024-01-25,1900,1900,False
CHAMBLFERT,2024-02-29,1900,1900,False
CHAMBLFERT,2024-03-28,1900,1900,False
CHAMBLFERT,2024-04-25,1900,1900,False
CHAMBLFERT,2024-05-30,1900,1900,False
CHAMBLFERT,2024-06-27,1900,1900,False
CHAMBLFERT,2024-07-25,1900,1900,False
CHAMBLFERT,2024-08-29,1900,1900,False
CHAMBLFERT,2024-09-26,1900,1900,False
CHAMBLFERT,2024-10-31,1900,1900,False
CHAMBLFERT,2024-11-28,1900,1900,False
CHAMBLFERT,2024-12-26,1900,1900,False
CHAMBLFERT,2025-01-30,1900,1900,False
CHAMBLFERT,2025-02-27,1900,1900,False
CHAMBLFERT,2025-03-27,1900,1900,False
CHAMBLFERT,2025-04-24,1900,1900,False
CHAMBLFERT,2025-05-29,1900,950,True
CHAMBLFERT,2025-06-26,1900,950,True
CHAMBLFERT,2025-07-31,950,950,False
CHOLAFIN,2019-10-31,2500,2500,False
CHOLAFIN,2019-11-28,2500,2500,False
CHOLAFIN,2019-12-26,2500,2500,False
CHOLAFIN,2020-01-30,2500,2500,False
CHOLAFIN,2020-02-27,2500,2500,False
CHOLAFIN,2020-03-26,2500,2500,False
CHOLAFIN,2020-04-30,2500,2500,False
CHOLAFIN,2020-05-28,2500,2500,False
CHOLAFIN,2020-06-25,2500,2500,False
CHOLAFIN,2020-07-30,2500,2500,False
CHOLAFIN,2020-08-27,2500,2500,False
CHOLAFIN,2020-09-24,2500,2500,False
CHOLAFIN,2020-10-29,2500,2500,False
CHOLAFIN,2020-11-26,2500,2500,False
CHOLAFIN,2020-12-31,2500,2500,False
CHOLAFIN,2021-01-28,2500,2500,False
CHOLAFIN,2021-02-25,2500,2500,False
CHOLAFIN,2021-03-25,2500,2500,False
CHOLAFIN,2021-04-29,2500,2500,False
CHOLAFIN,2021-05-27,2500,1250,True
CHOLAFIN,2021-06-24,2500,1250,True
CHOLAFIN,2021-07-29,1250,1250,False
CHOLAFIN,2021-08-26,1250,1250,False
CHOLAFIN,2021-09-30,1250,1250,False
CHOLAFIN,2021-10-28,1250,1250,False
CHOLAFIN,2021-11-25,1250,1250,False
CHOLAFIN,2021-12-30,1250,1250,False
CHOLAFIN,2022-01-27,1250,1250,False
CHOLAFIN,2022-02-24,1250,1250,False
CHOLAFIN,2022-03-31,1250,1250,False
CHOLAFIN,2022-04-28,1250,1250,False
CHOLAFIN,2022-05-26,1250,1250,False
CHOLAFIN,2022-06-30,1250,1250,False
CHOLAFIN,2022-07-28,1250,1250,False
CHOLAFIN,2022-08-25,1250,1250,False
CHOLAFIN,2022-09-29,1250,1250,False
CHOLAFIN,2022-10-27,1250,1250,False
CHOLAFIN,2022-11-24,1250,1250,False
CHOLAFIN,2022-12-29,1250,1250,False
CHOLAFIN,2023-01-25,1250,1250,False
CHOLAFIN,2023-02-23,1250,1250,False
CHOLAFIN,2023-03-29,1250,1250,False
CHOLAFIN,2023-04-27,1250,1250,False
CHOLAFIN,2023-05-25,1250,1250,False
CHOLAFIN,2023-06-28,1250,1250,False
CHOLAFIN,2023-07-27,1250,1250,False
CHOLAFIN,2023-08-31,1250,1250,False
CHOLAFIN,2023-09-28,1250,1250,False
CHOLAFIN,2023-10-26,1250,1250,False
CHOLAFIN,2023-11-30,1250,625,True
CHOLAFIN,2023-12-28,1250,625,True
CHOLAFIN,2024-01-25,625,625,False
CHOLAFIN,2024-02-29,625,625,False
CHOLAFIN,2024-03-28,625,625,False
CHOLAFIN,2024-04-25,625,625,False
CHOLAFIN,2024-05-30,625,625,False
CHOLAFIN,2024-06-27,625,625,False
CHOLAFIN,2024-07-25,625,625,False
CHOLAFIN,2024-08-29,625,625,False
CHOLAFIN,2024-09-26,625,625,False
CHOLAFIN,2024-10-31,625,625,False
CHOLAFIN,2024-11-28,625,625,False
CHOLAFIN,2024-12-26,625,625,False
CHOLAFIN,2025-01-30,625,625,False
CHOLAFIN,2025-02-27,625,625,False
CHOLAFIN,2025-03-27,625,625,False
CHOLAFIN,2025-04-24,625,625,False
CHOLAFIN,2025-05-29,625,625,False
CHOLAFIN,2025-06-26,625,625,False
CHOLAFIN,2025-07-31,625,625,False
CHOLAFIN,2025-08-28,625,625,False
CHOLAFIN,2025-09-30,625,625,False
CHOLAFIN,2025-10-28,625,625,False
CHOLAFIN,2025-11-25,625,625,False
CHOLAFIN,2025-12-30,625,625,False
CHOLAFIN,2026-01-27,625,625,False
CHOLAFIN,2026-02-24,625,625,False
CHOLAFIN,2026-03-30,625,625,False
CHOLAFIN,2026-04-28,625,625,False
CHOLAFIN,2026-05-26,625,625,False
CHOLAFIN,2026-06-30,625,625,False
CHOLAFIN,2026-07-28,625,625,False
CHOLAFIN,2026-08-25,625,625,False
CIPLA,2019-10-31,1000,1000,False
CIPLA,2019-11-28,1000,1000,False
CIPLA,2019-12-26,1000,1000,False
CIPLA,2020-01-30,1150,1150,False
CIPLA,2020-02-27,1150,1150,False
CIPLA,2020-03-26,1150,1150,False
CIPLA,2020-04-30,1150,1150,False
CIPLA,2020-05-28,1150,1150,False
CIPLA,2020-06-25,1150,1150,False
CIPLA,2020-07-30,1300,1300,False
CIPLA,2020-08-27,1300,1300,False
CIPLA,2020-09-24,1300,1300,False
CIPLA,2020-10-29,1300,1300,False
CIPLA,2020-11-26,1300,1300,False
CIPLA,2020-12-31,1300,1300,False
CIPLA,2021-01-28,1300,1300,False
CIPLA,2021-02-25,1300,1300,False
CIPLA,2021-03-25,1300,1300,False
CIPLA,2021-04-29,1300,1300,False
CIPLA,2021-05-27,1300,650,True
CIPLA,2021-06-24,1300,650,True
CIPLA,2021-07-29,650,650,False
CIPLA,2021-08-26,650,650,False
CIPLA,2021-09-30,650,650,False
CIPLA,2021-10-28,650,650,False
CIPLA,2021-11-25,650,650,False
CIPLA,2021-12-30,650,650,False
CIPLA,2022-01-27,650,650,False
CIPLA,2022-02-24,650,650,False
CIPLA,2022-03-31,650,650,False
CIPLA,2022-04-28,650,650,False
CIPLA,2022-05-26,650,650,False
CIPLA,2022-06-30,650,650,False
CIPLA,2022-07-28,650,650,False
CIPLA,2022-08-25,650,650,False
CIPLA,2022-09-29,650,650,False
CIPLA,2022-10-27,650,650,False
CIPLA,2022-11-24,650,650,False
CIPLA,2022-12-29,650,650,False
CIPLA,2023-01-25,650,650,False
CIPLA,2023-02-23,650,650,False
CIPLA,2023-03-29,650,650,False
CIPLA,2023-04-27,650,650,False
CIPLA,2023-05-25,650,650,False
CIPLA,2023-06-28,650,650,False
CIPLA,2023-07-27,650,650,False
CIPLA,2023-08-31,650,650,False
CIPLA,2023-09-28,650,650,False
CIPLA,2023-10-26,650,650,False
CIPLA,2023-11-30,650,650,False
CIPLA,2023-12-28,650,650,False
CIPLA,2024-01-25,650,650,False
CIPLA,2024-02-29,650,650,False
CIPLA,2024-03-28,650,650,False
CIPLA,2024-04-25,650,650,False
CIPLA,2024-05-30,650,650,False
CIPLA,2024-06-27,650,650,False
CIPLA,2024-07-25,650,650,False
CIPLA,2024-08-29,650,650,False
CIPLA,2024-09-26,650,650,False
CIPLA,2024-10-31,650,650,False
CIPLA,2024-11-28,650,325,True
CIPLA,2024-12-26,650,325,True
CIPLA,2025-01-30,325,325,False
CIPLA,2025-02-27,325,325,False
CIPLA,2025-03-27,325,325,False
CIPLA,2025-04-24,325,325,False
CIPLA,2025-05-29,325,325,False
CIPLA,2025-06-26,325,325,False
CIPLA,2025-07-31,375,375,False
CIPLA,2025-08-28,375,375,False
CIPLA,2025-09-30,375,375,False
CIPLA,2025-10-28,375,375,False
CIPLA,2025-11-25,375,375,False
CIPLA,2025-12-30,375,375,False
CIPLA,2026-01-27,375,375,False
CIPLA,2026-02-24,375,375,False
CIPLA,2026-03-30,375,375,False
CIPLA,2026-04-28,375,375,False
CIPLA,2026-05-26,375,375,False
CIPLA,2026-06-30,375,375,False
CIPLA,2026-07-28,425,425,False
CIPLA,2026-08-25,425,425,False
COALINDIA,2019-10-31,2200,2200,False
COALINDIA,2019-11-28,2200,2200,False
COALINDIA,2019-12-26,2200,2200,False
COALINDIA,2020-01-30,2700,2700,False
COALINDIA,2020-02-27,2700,2700,False
COALINDIA,2020-03-26,2700,2700,False
COALINDIA,2020-04-30,2700,2700,False
COALINDIA,2020-05-28,2700,2700,False
COALINDIA,2020-06-25,2700,2700,False
COALINDIA,2020-07-30,3700,3700,False
COALINDIA,2020-08-27,3700,3700,False
COALINDIA,2020-09-24,3700,3700,False
COALINDIA,2020-10-29,3700,3700,False
COALINDIA,2020-11-26,3700,3700,False
COALINDIA,2020-12-31,3700,3700,False
COALINDIA,2021-01-28,4200,4200,False
COALINDIA,2021-02-25,4200,4200,False
COALINDIA,2021-03-25,4200,4200,False
COALINDIA,2021-04-29,4200,4200,False
COALINDIA,2021-05-27,4200,4200,False
COALINDIA,2021-06-24,4200,4200,False
COALINDIA,2021-07-29,4200,4200,False
COALINDIA,2021-08-26,4200,4200,False
COALINDIA,2021-09-30,4200,4200,False
COALINDIA,2021-10-28,4200,4200,False
COALINDIA,2021-11-25,4200,4200,False
COALINDIA,2021-12-30,4200,4200,False
COALINDIA,2022-01-27,4200,4200,False
COALINDIA,2022-02-24,4200,4200,False
COALINDIA,2022-03-31,4200,4200,False
COALINDIA,2022-04-28,4200,4200,False
COALINDIA,2022-05-26,4200,4200,False
COALINDIA,2022-06-30,4200,4200,False
COALINDIA,2022-07-28,4200,4200,False
COALINDIA,2022-08-25,4200,4200,False
COALINDIA,2022-09-29,4200,4200,False
COALINDIA,2022-10-27,4200,4200,False
COALINDIA,2022-11-24,4200,4200,False
COALINDIA,2022-12-29,4200,4200,False
COALINDIA,2023-01-25,4200,4200,False
COALINDIA,2023-02-23,4200,4200,False
COALINDIA,2023-03-29,4200,4200,False
COALINDIA,2023-04-27,4200,4200,False
COALINDIA,2023-05-25,4200,4200,False
COALINDIA,2023-06-28,4200,4200,False
COALINDIA,2023-07-27,4200,4200,False
COALINDIA,2023-08-31,4200,4200,False
COALINDIA,2023-09-28,4200,4200,False
COALINDIA,2023-10-26,4200,4200,False
COALINDIA,2023-11-30,4200,2100,True
COALINDIA,2023-12-28,4200,2100,True
COALINDIA,2024-01-25,2100,2100,False
COALINDIA,2024-02-29,2100,2100,False
COALINDIA,2024-03-28,2100,2100,False
COALINDIA,2024-04-25,2100,2100,False
COALINDIA,2024-05-30,2100,2100,False
COALINDIA,2024-06-27,2100,2100,False
COALINDIA,2024-07-25,2100,2100,False
COALINDIA,2024-08-29,2100,2100,False
COALINDIA,2024-09-26,2100,2100,False
COALINDIA,2024-10-31,2100,2100,False
COALINDIA,2024-11-28,2100,1050,True
COALINDIA,2024-12-26,2100,1050,True
COALINDIA,2025-01-30,1050,1050,False
COALINDIA,2025-02-27,1050,1050,False
COALINDIA,2025-03-27,1050,1050,False
COALINDIA,2025-04-24,1050,1050,False
COALINDIA,2025-05-29,1050,1050,False
COALINDIA,2025-06-26,1050,1050,False
COALINDIA,2025-07-31,1350,1350,False
COALINDIA,2025-08-28,1350,1350,False
COALINDIA,2025-09-30,1350,1350,False
COALINDIA,2025-10-28,1350,1350,False
COALINDIA,2025-11-25,1350,1350,False
COALINDIA,2025-12-30,1350,1350,False
COALINDIA,2026-01-27,1350,1350,False
COALINDIA,2026-02-24,1350,1350,False
COALINDIA,2026-03-30,1350,1350,False
COALINDIA,2026-04-28,1350,1350,False
COALINDIA,2026-05-26,1350,1350,False
COALINDIA,2026-06-30,1350,1350,False
COALINDIA,2026-07-28,1350,1350,False
COALINDIA,2026-08-25,1350,1350,False
COCHINSHIP,2026-04-28,400,400,False
COCHINSHIP,2026-05-26,400,400,False
COCHINSHIP,2026-06-30,400,400,False
COCHINSHIP,2026-07-28,400,400,False
COCHINSHIP,2026-08-25,400,400,False
COFORGE,2020-08-27,375,375,False
COFORGE,2020-09-24,375,375,False
COFORGE,2020-10-29,375,375,False
COFORGE,2020-11-26,375,375,False
COFORGE,2020-12-31,375,375,False
COFORGE,2021-01-28,375,375,False
COFORGE,2021-02-25,375,375,False
COFORGE,2021-03-25,375,375,False
COFORGE,2021-04-29,375,375,False
COFORGE,2021-05-27,375,375,False
COFORGE,2021-06-24,375,375,False
COFORGE,2021-07-29,200,200,False
COFORGE,2021-08-26,200,200,False
COFORGE,2021-09-30,200,200,False
COFORGE,2021-10-28,200,200,False
COFORGE,2021-11-25,200,100,True
COFORGE,2021-12-30,200,100,True
COFORGE,2022-01-27,100,100,False
COFORGE,2022-02-24,100,100,False
COFORGE,2022-03-31,100,100,False
COFORGE,2022-04-28,100,100,False
COFORGE,2022-05-26,100,100,False
COFORGE,2022-06-30,100,100,False
COFORGE,2022-07-28,150,150,False
COFORGE,2022-08-25,150,150,False
COFORGE,2022-09-29,150,150,False
COFORGE,2022-10-27,150,150,False
COFORGE,2022-11-24,150,150,False
COFORGE,2022-12-29,150,150,False
COFORGE,2023-01-25,150,150,False
COFORGE,2023-02-23,150,150,False
COFORGE,2023-03-29,150,150,False
COFORGE,2023-04-27,150,150,False
COFORGE,2023-05-25,150,150,False
COFORGE,2023-06-28,150,150,False
COFORGE,2023-07-27,150,150,False
COFORGE,2023-08-31,150,150,False
COFORGE,2023-09-28,150,150,False
COFORGE,2023-10-26,150,150,False
COFORGE,2023-11-30,150,150,False
COFORGE,2023-12-28,150,150,False
COFORGE,2024-01-25,150,150,False
COFORGE,2024-02-29,150,150,False
COFORGE,2024-03-28,150,150,False
COFORGE,2024-04-25,150,150,False
COFORGE,2024-05-30,150,150,False
COFORGE,2024-06-27,150,150,False
COFORGE,2024-07-25,150,150,False
COFORGE,2024-08-29,150,150,False
COFORGE,2024-09-26,150,150,False
COFORGE,2024-10-31,150,150,False
COFORGE,2024-11-28,150,75,True
COFORGE,2024-12-26,150,75,True
COFORGE,2025-01-30,75,75,False
COFORGE,2025-02-27,75,75,False
COFORGE,2025-03-27,75,75,False
COFORGE,2025-04-24,75,75,False
COFORGE,2025-05-29,75,75,False
COFORGE,2025-06-26,75,375,True
COFORGE,2025-07-31,75,375,True
COFORGE,2025-08-28,75,375,True
COFORGE,2025-09-30,375,375,False
COFORGE,2025-10-28,375,375,False
COFORGE,2025-11-25,375,375,False
COFORGE,2025-12-30,375,375,False
COFORGE,2026-01-27,375,375,False
COFORGE,2026-02-24,375,375,False
COFORGE,2026-03-30,375,375,False
COFORGE,2026-04-28,375,375,False
COFORGE,2026-05-26,375,375,False
COFORGE,2026-06-30,375,375,False
COFORGE,2026-07-28,475,475,False
COFORGE,2026-08-25,475,475,False
COLPAL,2019-10-31,700,700,False
COLPAL,2019-11-28,700,700,False
COLPAL,2019-12-26,700,700,False
COLPAL,2020-01-30,700,700,False
COLPAL,2020-02-27,700,700,False
COLPAL,2020-03-26,700,700,False
COLPAL,2020-04-30,700,700,False
COLPAL,2020-05-28,700,700,False
COLPAL,2020-06-25,700,700,False
COLPAL,2020-07-30,700,700,False
COLPAL,2020-08-27,700,700,False
COLPAL,2020-09-24,700,700,False
COLPAL,2020-10-29,700,700,False
COLPAL,2020-11-26,700,700,False
COLPAL,2020-12-31,700,700,False
COLPAL,2021-01-28,700,700,False
COLPAL,2021-02-25,700,700,False
COLPAL,2021-03-25,700,700,False
COLPAL,2021-04-29,700,700,False
COLPAL,2021-05-27,700,350,True
COLPAL,2021-06-24,700,350,True
COLPAL,2021-07-29,350,350,False
COLPAL,2021-08-26,350,350,False
COLPAL,2021-09-30,350,350,False
COLPAL,2021-10-28,350,350,False
COLPAL,2021-11-25,350,350,False
COLPAL,2021-12-30,350,350,False
COLPAL,2022-01-27,350,350,False
COLPAL,2022-02-24,350,350,False
COLPAL,2022-03-31,350,350,False
COLPAL,2022-04-28,350,350,False
COLPAL,2022-05-26,350,350,False
COLPAL,2022-06-30,350,350,False
COLPAL,2022-07-28,350,350,False
COLPAL,2022-08-25,350,350,False
COLPAL,2022-09-29,350,350,False
COLPAL,2022-10-27,350,350,False
COLPAL,2022-11-24,350,350,False
COLPAL,2022-12-29,350,350,False
COLPAL,2023-01-25,350,350,False
COLPAL,2023-02-23,350,350,False
COLPAL,2023-03-29,350,350,False
COLPAL,2023-04-27,350,350,False
COLPAL,2023-05-25,350,350,False
COLPAL,2023-06-28,350,350,False
COLPAL,2023-07-27,350,350,False
COLPAL,2023-08-31,350,350,False
COLPAL,2023-09-28,350,350,False
COLPAL,2023-10-26,350,350,False
COLPAL,2023-11-30,350,350,False
COLPAL,2023-12-28,350,350,False
COLPAL,2024-01-25,350,350,False
COLPAL,2024-02-29,350,350,False
COLPAL,2024-03-28,350,350,False
COLPAL,2024-04-25,350,350,False
COLPAL,2024-05-30,350,350,False
COLPAL,2024-06-27,350,350,False
COLPAL,2024-07-25,350,350,False
COLPAL,2024-08-29,350,350,False
COLPAL,2024-09-26,350,350,False
COLPAL,2024-10-31,350,350,False
COLPAL,2024-11-28,350,175,True
COLPAL,2024-12-26,350,175,True
COLPAL,2025-01-30,175,175,False
COLPAL,2025-02-27,175,175,False
COLPAL,2025-03-27,175,175,False
COLPAL,2025-04-24,175,175,False
COLPAL,2025-05-29,175,175,False
COLPAL,2025-06-26,175,175,False
COLPAL,2025-07-31,225,225,False
COLPAL,2025-08-28,225,225,False
COLPAL,2025-09-30,225,225,False
COLPAL,2025-10-28,225,225,False
COLPAL,2025-11-25,225,225,False
COLPAL,2025-12-30,225,225,False
COLPAL,2026-01-27,225,225,False
COLPAL,2026-02-24,225,225,False
COLPAL,2026-03-30,225,225,False
COLPAL,2026-04-28,225,225,False
COLPAL,2026-05-26,225,225,False
COLPAL,2026-06-30,225,225,False
COLPAL,2026-07-28,275,275,False
COLPAL,2026-08-25,275,275,False
CONCOR,2019-10-31,1563,1563,False
CONCOR,2019-11-28,1563,1563,False
CONCOR,2019-12-26,1563,1563,False
CONCOR,2020-01-30,1563,1563,False
CONCOR,2020-02-27,1563,1563,False
CONCOR,2020-03-26,1563,1563,False
CONCOR,2020-04-30,1563,1563,False
CONCOR,2020-05-28,1563,1563,False
CONCOR,2020-06-25,1563,1563,False
CONCOR,2020-07-30,1563,1563,False
CONCOR,2020-08-27,1563,1563,False
CONCOR,2020-09-24,1563,1563,False
CONCOR,2020-10-29,1563,1563,False
CONCOR,2020-11-26,1563,1563,False
CONCOR,2020-12-31,1563,1563,False
CONCOR,2021-01-28,1563,1563,False
CONCOR,2021-02-25,1563,1563,False
CONCOR,2021-03-25,1563,1563,False
CONCOR,2021-04-29,1563,1563,False
CONCOR,2021-05-27,1563,1563,False
CONCOR,2021-06-24,1563,1563,False
CONCOR,2021-07-29,1563,1563,False
CONCOR,2021-08-26,1563,1563,False
CONCOR,2021-09-30,1563,1563,False
CONCOR,2021-10-28,1563,1563,False
CONCOR,2021-11-25,1563,1563,False
CONCOR,2021-12-30,1563,1563,False
CONCOR,2022-01-27,800,800,False
CONCOR,2022-02-24,800,800,False
CONCOR,2022-03-31,800,800,False
CONCOR,2022-04-28,800,800,False
CONCOR,2022-05-26,800,800,False
CONCOR,2022-06-30,800,800,False
CONCOR,2022-07-28,1000,1000,False
CONCOR,2022-08-25,1000,1000,False
CONCOR,2022-09-29,1000,1000,False
CONCOR,2022-10-27,1000,1000,False
CONCOR,2022-11-24,1000,1000,False
CONCOR,2022-12-29,1000,1000,False
CONCOR,2023-01-25,1000,1000,False
CONCOR,2023-02-23,1000,1000,False
CONCOR,2023-03-29,1000,1000,False
CONCOR,2023-04-27,1000,1000,False
CONCOR,2023-05-25,1000,1000,False
CONCOR,2023-06-28,1000,1000,False
CONCOR,2023-07-27,1000,1000,False
CONCOR,2023-08-31,1000,1000,False
CONCOR,2023-09-28,1000,1000,False
CONCOR,2023-10-26,1000,1000,False
CONCOR,2023-11-30,1000,1000,False
CONCOR,2023-12-28,1000,1000,False
CONCOR,2024-01-25,1000,1000,False
CONCOR,2024-02-29,1000,1000,False
CONCOR,2024-03-28,1000,1000,False
CONCOR,2024-04-25,1000,1000,False
CONCOR,2024-05-30,1000,1000,False
CONCOR,2024-06-27,1000,1000,False
CONCOR,2024-07-25,1000,1000,False
CONCOR,2024-08-29,1000,1000,False
CONCOR,2024-09-26,1000,1000,False
CONCOR,2024-10-31,1000,1000,False
CONCOR,2024-11-28,1000,1000,False
CONCOR,2024-12-26,1000,1000,False
CONCOR,2025-01-30,1000,1000,False
CONCOR,2025-02-27,1000,1000,False
CONCOR,2025-03-27,1000,1000,False
CONCOR,2025-04-24,1000,1000,False
CONCOR,2025-05-29,1000,1000,False
CONCOR,2025-06-26,1000,1000,False
CONCOR,2025-07-31,1000,1250,True
CONCOR,2025-08-28,1000,1250,True
CONCOR,2025-09-30,1000,1250,True
CONCOR,2025-10-28,1250,1250,False
CONCOR,2025-11-25,1250,1250,False
CONCOR,2025-12-30,1250,1250,False
CONCOR,2026-01-27,1250,1250,False
CONCOR,2026-02-24,1250,1250,False
CONCOR,2026-03-30,1250,1250,False
CONCOR,2026-04-28,1250,1250,False
CONCOR,2026-05-26,1250,1250,False
CONCOR,2026-06-30,1250,1250,False
CONCOR,2026-07-28,1250,1250,False
CONCOR,2026-08-25,1250,1250,False
COROMANDEL,2021-07-29,625,625,False
COROMANDEL,2021-08-26,625,625,False
COROMANDEL,2021-09-30,625,625,False
COROMANDEL,2021-10-28,625,625,False
COROMANDEL,2021-11-25,625,625,False
COROMANDEL,2021-12-30,625,625,False
COROMANDEL,2022-01-27,625,625,False
COROMANDEL,2022-02-24,625,625,False
COROMANDEL,2022-03-31,625,625,False
COROMANDEL,2022-04-28,625,625,False
COROMANDEL,2022-05-26,625,625,False
COROMANDEL,2022-06-30,625,625,False
COROMANDEL,2022-07-28,700,700,False
COROMANDEL,2022-08-25,700,700,False
COROMANDEL,2022-09-29,700,700,False
COROMANDEL,2022-10-27,700,700,False
COROMANDEL,2022-11-24,700,700,False
COROMANDEL,2022-12-29,700,700,False
COROMANDEL,2023-01-25,700,700,False
COROMANDEL,2023-02-23,700,700,False
COROMANDEL,2023-03-29,700,700,False
COROMANDEL,2023-04-27,700,700,False
COROMANDEL,2023-05-25,700,700,False
COROMANDEL,2023-06-28,700,700,False
COROMANDEL,2023-07-27,700,700,False
COROMANDEL,2023-08-31,700,700,False
COROMANDEL,2023-09-28,700,700,False
COROMANDEL,2023-10-26,700,700,False
COROMANDEL,2023-11-30,700,700,False
COROMANDEL,2023-12-28,700,700,False
COROMANDEL,2024-01-25,700,700,False
COROMANDEL,2024-02-29,700,700,False
COROMANDEL,2024-03-28,700,700,False
COROMANDEL,2024-04-25,700,700,False
COROMANDEL,2024-05-30,700,700,False
COROMANDEL,2024-06-27,700,700,False
COROMANDEL,2024-07-25,700,700,False
COROMANDEL,2024-08-29,700,700,False
COROMANDEL,2024-09-26,700,700,False
COROMANDEL,2024-10-31,700,700,False
COROMANDEL,2024-11-28,700,350,True
COROMANDEL,2024-12-26,700,350,True
COROMANDEL,2025-01-30,350,350,False
COROMANDEL,2025-02-27,350,350,False
CROMPTON,2021-10-28,1100,1100,False
CROMPTON,2021-11-25,1100,1100,False
CROMPTON,2021-12-30,1100,1100,False
CROMPTON,2022-01-27,1100,1100,False
CROMPTON,2022-02-24,1100,1100,False
CROMPTON,2022-03-31,1100,1100,False
CROMPTON,2022-04-28,1100,1100,False
CROMPTON,2022-05-26,1100,1100,False
CROMPTON,2022-06-30,1100,1100,False
CROMPTON,2022-07-28,1500,1500,False
CROMPTON,2022-08-25,1500,1500,False
CROMPTON,2022-09-29,1500,1500,False
CROMPTON,2022-10-27,1500,1500,False
CROMPTON,2022-11-24,1500,1500,False
CROMPTON,2022-12-29,1500,1500,False
CROMPTON,2023-01-25,1500,1500,False
CROMPTON,2023-02-23,1500,1500,False
CROMPTON,2023-03-29,1500,1500,False
CROMPTON,2023-04-27,1500,1500,False
CROMPTON,2023-05-25,1500,1500,False
CROMPTON,2023-06-28,1500,1500,False
CROMPTON,2023-07-27,1800,1800,False
CROMPTON,2023-08-31,1800,1800,False
CROMPTON,2023-09-28,1800,1800,False
CROMPTON,2023-10-26,1800,1800,False
CROMPTON,2023-11-30,1800,1800,False
CROMPTON,2023-12-28,1800,1800,False
CROMPTON,2024-01-25,1800,1800,False
CROMPTON,2024-02-29,1800,1800,False
CROMPTON,2024-03-28,1800,1800,False
CROMPTON,2024-04-25,1800,1800,False
CROMPTON,2024-05-30,1800,1800,False
CROMPTON,2024-06-27,1800,1800,False
CROMPTON,2024-07-25,1800,1800,False
CROMPTON,2024-08-29,1800,1800,False
CROMPTON,2024-09-26,1800,1800,False
CROMPTON,2024-10-31,1800,1800,False
CROMPTON,2024-11-28,1800,1800,False
CROMPTON,2024-12-26,1800,1800,False
CROMPTON,2025-01-30,1800,1800,False
CROMPTON,2025-02-27,1800,1800,False
CROMPTON,2025-03-27,1800,1800,False
CROMPTON,2025-04-24,1800,1800,False
CROMPTON,2025-05-29,1800,1800,False
CROMPTON,2025-06-26,1800,1800,False
CROMPTON,2025-07-31,1800,1800,False
CROMPTON,2025-08-28,1800,1800,False
CROMPTON,2025-09-30,1800,1800,False
CROMPTON,2025-10-28,1800,1800,False
CROMPTON,2025-11-25,1800,1800,False
CROMPTON,2025-12-30,1800,1800,False
CROMPTON,2026-01-27,1800,1800,False
CROMPTON,2026-02-24,1800,1800,False
CROMPTON,2026-03-30,1800,1800,False
CROMPTON,2026-04-28,1800,1800,False
CROMPTON,2026-05-26,1800,1800,False
CROMPTON,2026-06-30,1800,1800,False
CROMPTON,2026-07-28,2150,2150,False
CROMPTON,2026-08-25,2150,2150,False
CUB,2021-03-25,3100,3100,False
CUB,2021-04-29,3100,3100,False
CUB,2021-05-27,3100,3100,False
CUB,2021-06-24,3100,3100,False
CUB,2021-07-29,3100,3100,False
CUB,2021-08-26,3100,3100,False
CUB,2021-09-30,3100,3100,False
CUB,2021-10-28,3100,3100,False
CUB,2021-11-25,3100,3100,False
CUB,2021-12-30,3100,3100,False
CUB,2022-01-27,3400,3400,False
CUB,2022-02-24,3400,3400,False
CUB,2022-03-31,3400,3400,False
CUB,2022-04-28,3400,3400,False
CUB,2022-05-26,3400,3400,False
CUB,2022-06-30,3400,3400,False
CUB,2022-07-28,5000,5000,False
CUB,2022-08-25,5000,5000,False
CUB,2022-09-29,5000,5000,False
CUB,2022-10-27,5000,5000,False
CUB,2022-11-24,5000,5000,False
CUB,2022-12-29,5000,5000,False
CUB,2023-01-25,5000,5000,False
CUB,2023-02-23,5000,5000,False
CUB,2023-03-29,5000,5000,False
CUB,2023-04-27,5000,5000,False
CUB,2023-05-25,5000,5000,False
CUB,2023-06-28,5000,5000,False
CUB,2023-07-27,5000,5000,False
CUB,2023-08-31,5000,5000,False
CUB,2023-09-28,5000,5000,False
CUB,2023-10-26,5000,5000,False
CUB,2023-11-30,5000,5000,False
CUB,2023-12-28,5000,5000,False
CUB,2024-01-25,5000,5000,False
CUB,2024-02-29,5000,5000,False
CUB,2024-03-28,5000,5000,False
CUB,2024-04-25,5000,5000,False
CUB,2024-05-30,5000,5000,False
CUB,2024-06-27,5000,5000,False
CUB,2024-07-25,5000,5000,False
CUB,2024-08-29,5000,5000,False
CUB,2024-09-26,5000,5000,False
CUB,2024-10-31,5000,5000,False
CUB,2024-11-28,5000,5000,False
CUB,2024-12-26,5000,5000,False
CUB,2025-01-30,5000,5000,False
CUB,2025-02-27,5000,5000,False
CUMMINSIND,2019-10-31,700,700,False
CUMMINSIND,2019-11-28,700,700,False
CUMMINSIND,2019-12-26,700,700,False
CUMMINSIND,2020-01-30,900,900,False
CUMMINSIND,2020-02-27,900,900,False
CUMMINSIND,2020-03-26,900,900,False
CUMMINSIND,2020-04-30,900,900,False
CUMMINSIND,2020-05-28,900,900,False
CUMMINSIND,2020-06-25,900,900,False
CUMMINSIND,2020-07-30,1200,1200,False
CUMMINSIND,2020-08-27,1200,1200,False
CUMMINSIND,2020-09-24,1200,1200,False
CUMMINSIND,2020-10-29,1200,1200,False
CUMMINSIND,2020-11-26,1200,1200,False
CUMMINSIND,2020-12-31,1200,1200,False
CUMMINSIND,2021-01-28,1200,1200,False
CUMMINSIND,2021-02-25,1200,1200,False
CUMMINSIND,2021-03-25,1200,1200,False
CUMMINSIND,2021-04-29,1200,1200,False
CUMMINSIND,2021-05-27,1200,600,True
CUMMINSIND,2021-06-24,1200,600,True
CUMMINSIND,2021-07-29,600,600,False
CUMMINSIND,2021-08-26,600,600,False
CUMMINSIND,2021-09-30,600,600,False
CUMMINSIND,2021-10-28,600,600,False
CUMMINSIND,2021-11-25,600,600,False
CUMMINSIND,2021-12-30,600,600,False
CUMMINSIND,2022-01-27,600,600,False
CUMMINSIND,2022-02-24,600,600,False
CUMMINSIND,2022-03-31,600,600,False
CUMMINSIND,2022-04-28,600,600,False
CUMMINSIND,2022-05-26,600,600,False
CUMMINSIND,2022-06-30,600,600,False
CUMMINSIND,2022-07-28,600,600,False
CUMMINSIND,2022-08-25,600,600,False
CUMMINSIND,2022-09-29,600,600,False
CUMMINSIND,2022-10-27,600,600,False
CUMMINSIND,2022-11-24,600,600,False
CUMMINSIND,2022-12-29,600,600,False
CUMMINSIND,2023-01-25,600,600,False
CUMMINSIND,2023-02-23,600,600,False
CUMMINSIND,2023-03-29,600,600,False
CUMMINSIND,2023-04-27,600,600,False
CUMMINSIND,2023-05-25,600,600,False
CUMMINSIND,2023-06-28,600,600,False
CUMMINSIND,2023-07-27,600,600,False
CUMMINSIND,2023-08-31,600,600,False
CUMMINSIND,2023-09-28,600,600,False
CUMMINSIND,2023-10-26,600,600,False
CUMMINSIND,2023-11-30,600,300,True
CUMMINSIND,2023-12-28,600,300,True
CUMMINSIND,2024-01-25,300,300,False
CUMMINSIND,2024-02-29,300,300,False
CUMMINSIND,2024-03-28,300,300,False
CUMMINSIND,2024-04-25,300,300,False
CUMMINSIND,2024-05-30,300,300,False
CUMMINSIND,2024-06-27,300,300,False
CUMMINSIND,2024-07-25,300,300,False
CUMMINSIND,2024-08-29,300,300,False
CUMMINSIND,2024-09-26,300,300,False
CUMMINSIND,2024-10-31,300,300,False
CUMMINSIND,2024-11-28,300,150,True
CUMMINSIND,2024-12-26,300,150,True
CUMMINSIND,2025-01-30,150,150,False
CUMMINSIND,2025-02-27,150,150,False
CUMMINSIND,2025-03-27,150,150,False
CUMMINSIND,2025-04-24,150,150,False
CUMMINSIND,2025-05-29,150,150,False
CUMMINSIND,2025-06-26,150,150,False
CUMMINSIND,2025-07-31,200,200,False
CUMMINSIND,2025-08-28,200,200,False
CUMMINSIND,2025-09-30,200,200,False
CUMMINSIND,2025-10-28,200,200,False
CUMMINSIND,2025-11-25,200,200,False
CUMMINSIND,2025-12-30,200,200,False
CUMMINSIND,2026-01-27,200,200,False
CUMMINSIND,2026-02-24,200,200,False
CUMMINSIND,2026-03-30,200,200,False
CUMMINSIND,2026-04-28,200,200,False
CUMMINSIND,2026-05-26,200,200,False
CUMMINSIND,2026-06-30,200,200,False
CUMMINSIND,2026-07-28,200,200,False
CUMMINSIND,2026-08-25,200,200,False
CYIENT,2024-12-26,300,300,False
CYIENT,2025-01-30,300,300,False
CYIENT,2025-02-27,300,300,False
CYIENT,2025-03-27,300,300,False
CYIENT,2025-04-24,300,300,False
CYIENT,2025-05-29,300,300,False
CYIENT,2025-06-26,300,300,False
CYIENT,2025-07-31,425,425,False
CYIENT,2025-08-28,425,425,False
CYIENT,2025-09-30,425,425,False
CYIENT,2025-10-28,425,425,False
CYIENT,2025-11-25,425,425,False
CYIENT,2025-12-30,425,425,False
DABUR,2019-10-31,1250,1250,False
DABUR,2019-11-28,1250,1250,False
DABUR,2019-12-26,1250,1250,False
DABUR,2020-01-30,1250,1250,False
DABUR,2020-02-27,1250,1250,False
DABUR,2020-03-26,1250,1250,False
DABUR,2020-04-30,1250,1250,False
DABUR,2020-05-28,1250,1250,False
DABUR,2020-06-25,1250,1250,False
DABUR,2020-07-30,1250,1250,False
DABUR,2020-08-27,1250,1250,False
DABUR,2020-09-24,1250,1250,False
DABUR,2020-10-29,1250,1250,False
DABUR,2020-11-26,1250,1250,False
DABUR,2020-12-31,1250,1250,False
DABUR,2021-01-28,1250,1250,False
DABUR,2021-02-25,1250,1250,False
DABUR,2021-03-25,1250,1250,False
DABUR,2021-04-29,1250,1250,False
DABUR,2021-05-27,1250,1250,False
DABUR,2021-06-24,1250,1250,False
DABUR,2021-07-29,1250,1250,False
DABUR,2021-08-26,1250,1250,False
DABUR,2021-09-30,1250,1250,False
DABUR,2021-10-28,1250,1250,False
DABUR,2021-11-25,1250,1250,False
DABUR,2021-12-30,1250,1250,False
DABUR,2022-01-27,1250,1250,False
DABUR,2022-02-24,1250,1250,False
DABUR,2022-03-31,1250,1250,False
DABUR,2022-04-28,1250,1250,False
DABUR,2022-05-26,1250,1250,False
DABUR,2022-06-30,1250,1250,False
DABUR,2022-07-28,1250,1250,False
DABUR,2022-08-25,1250,1250,False
DABUR,2022-09-29,1250,1250,False
DABUR,2022-10-27,1250,1250,False
DABUR,2022-11-24,1250,1250,False
DABUR,2022-12-29,1250,1250,False
DABUR,2023-01-25,1250,1250,False
DABUR,2023-02-23,1250,1250,False
DABUR,2023-03-29,1250,1250,False
DABUR,2023-04-27,1250,1250,False
DABUR,2023-05-25,1250,1250,False
DABUR,2023-06-28,1250,1250,False
DABUR,2023-07-27,1250,1250,False
DABUR,2023-08-31,1250,1250,False
DABUR,2023-09-28,1250,1250,False
DABUR,2023-10-26,1250,1250,False
DABUR,2023-11-30,1250,1250,False
DABUR,2023-12-28,1250,1250,False
DABUR,2024-01-25,1250,1250,False
DABUR,2024-02-29,1250,1250,False
DABUR,2024-03-28,1250,1250,False
DABUR,2024-04-25,1250,1250,False
DABUR,2024-05-30,1250,1250,False
DABUR,2024-06-27,1250,1250,False
DABUR,2024-07-25,1250,1250,False
DABUR,2024-08-29,1250,1250,False
DABUR,2024-09-26,1250,1250,False
DABUR,2024-10-31,1250,1250,False
DABUR,2024-11-28,1250,1250,False
DABUR,2024-12-26,1250,1250,False
DABUR,2025-01-30,1250,1250,False
DABUR,2025-02-27,1250,1250,False
DABUR,2025-03-27,1250,1250,False
DABUR,2025-04-24,1250,1250,False
DABUR,2025-05-29,1250,1250,False
DABUR,2025-06-26,1250,1250,False
DABUR,2025-07-31,1250,1250,False
DABUR,2025-08-28,1250,1250,False
DABUR,2025-09-30,1250,1250,False
DABUR,2025-10-28,1250,1250,False
DABUR,2025-11-25,1250,1250,False
DABUR,2025-12-30,1250,1250,False
DABUR,2026-01-27,1250,1250,False
DABUR,2026-02-24,1250,1250,False
DABUR,2026-03-30,1250,1250,False
DABUR,2026-04-28,1250,1250,False
DABUR,2026-05-26,1250,1250,False
DABUR,2026-06-30,1250,1250,False
DABUR,2026-07-28,1250,1250,False
DABUR,2026-08-25,1250,1250,False
DALBHARAT,2021-10-28,250,250,False
DALBHARAT,2021-11-25,250,250,False
DALBHARAT,2021-12-30,250,250,False
DALBHARAT,2022-01-27,250,250,False
DALBHARAT,2022-02-24,250,250,False
DALBHARAT,2022-03-31,250,250,False
DALBHARAT,2022-04-28,250,250,False
DALBHARAT,2022-05-26,250,250,False
DALBHARAT,2022-06-30,250,250,False
DALBHARAT,2022-07-28,500,500,False
DALBHARAT,2022-08-25,500,500,False
DALBHARAT,2022-09-29,500,500,False
DALBHARAT,2022-10-27,500,500,False
DALBHARAT,2022-11-24,500,500,False
DALBHARAT,2022-12-29,500,500,False
DALBHARAT,2023-01-25,500,500,False
DALBHARAT,2023-02-23,500,500,False
DALBHARAT,2023-03-29,500,500,False
DALBHARAT,2023-04-27,500,500,False
DALBHARAT,2023-05-25,500,500,False
DALBHARAT,2023-06-28,500,500,False
DALBHARAT,2023-07-27,500,500,False
DALBHARAT,2023-08-31,500,500,False
DALBHARAT,2023-09-28,500,500,False
DALBHARAT,2023-10-26,500,500,False
DALBHARAT,2023-11-30,500,250,True
DALBHARAT,2023-12-28,500,250,True
DALBHARAT,2024-01-25,250,250,False
DALBHARAT,2024-02-29,250,250,False
DALBHARAT,2024-03-28,250,250,False
DALBHARAT,2024-04-25,250,250,False
DALBHARAT,2024-05-30,250,250,False
DALBHARAT,2024-06-27,250,250,False
DALBHARAT,2024-07-25,275,275,False
DALBHARAT,2024-08-29,275,275,False
DALBHARAT,2024-09-26,275,275,False
DALBHARAT,2024-10-31,275,275,False
DALBHARAT,2024-11-28,275,275,False
DALBHARAT,2024-12-26,275,275,False
DALBHARAT,2025-01-30,275,275,False
DALBHARAT,2025-02-27,275,275,False
DALBHARAT,2025-03-27,275,275,False
DALBHARAT,2025-04-24,275,275,False
DALBHARAT,2025-05-29,275,275,False
DALBHARAT,2025-06-26,275,275,False
DALBHARAT,2025-07-31,325,325,False
DALBHARAT,2025-08-28,325,325,False
DALBHARAT,2025-09-30,325,325,False
DALBHARAT,2025-10-28,325,325,False
DALBHARAT,2025-11-25,325,325,False
DALBHARAT,2025-12-30,325,325,False
DALBHARAT,2026-01-27,325,325,False
DALBHARAT,2026-02-24,325,325,False
DALBHARAT,2026-03-30,325,325,False
DALBHARAT,2026-04-28,325,325,False
DALBHARAT,2026-05-26,325,325,False
DALBHARAT,2026-06-30,325,325,False
DALBHARAT,2026-07-28,325,325,False
DALBHARAT,2026-08-25,325,325,False
DEEPAKNTR,2021-03-25,500,500,False
DEEPAKNTR,2021-04-29,500,500,False
DEEPAKNTR,2021-05-27,500,500,False
DEEPAKNTR,2021-06-24,500,500,False
DEEPAKNTR,2021-07-29,500,500,False
DEEPAKNTR,2021-08-26,500,500,False
DEEPAKNTR,2021-09-30,500,500,False
DEEPAKNTR,2021-10-28,500,500,False
DEEPAKNTR,2021-11-25,500,250,True
DEEPAKNTR,2021-12-30,500,250,True
DEEPAKNTR,2022-01-27,250,250,False
DEEPAKNTR,2022-02-24,250,250,False
DEEPAKNTR,2022-03-31,250,250,False
DEEPAKNTR,2022-04-28,250,250,False
DEEPAKNTR,2022-05-26,250,250,False
DEEPAKNTR,2022-06-30,250,250,False
DEEPAKNTR,2022-07-28,250,250,False
DEEPAKNTR,2022-08-25,250,250,False
DEEPAKNTR,2022-09-29,250,250,False
DEEPAKNTR,2022-10-27,250,250,False
DEEPAKNTR,2022-11-24,250,250,False
DEEPAKNTR,2022-12-29,250,250,False
DEEPAKNTR,2023-01-25,250,250,False
DEEPAKNTR,2023-02-23,250,250,False
DEEPAKNTR,2023-03-29,250,250,False
DEEPAKNTR,2023-04-27,250,250,False
DEEPAKNTR,2023-05-25,250,250,False
DEEPAKNTR,2023-06-28,250,250,False
DEEPAKNTR,2023-07-27,300,300,False
DEEPAKNTR,2023-08-31,300,300,False
DEEPAKNTR,2023-09-28,300,300,False
DEEPAKNTR,2023-10-26,300,300,False
DEEPAKNTR,2023-11-30,300,300,False
DEEPAKNTR,2023-12-28,300,300,False
DEEPAKNTR,2024-01-25,300,300,False
DEEPAKNTR,2024-02-29,300,300,False
DEEPAKNTR,2024-03-28,300,300,False
DEEPAKNTR,2024-04-25,300,300,False
DEEPAKNTR,2024-05-30,300,300,False
DEEPAKNTR,2024-06-27,300,300,False
DEEPAKNTR,2024-07-25,300,300,False
DEEPAKNTR,2024-08-29,300,300,False
DEEPAKNTR,2024-09-26,300,300,False
DEEPAKNTR,2024-10-31,300,300,False
DEEPAKNTR,2024-11-28,300,300,False
DEEPAKNTR,2024-12-26,300,300,False
DEEPAKNTR,2025-01-30,300,300,False
DEEPAKNTR,2025-02-27,300,300,False
DEEPAKNTR,2025-03-27,300,300,False
DEEPAKNTR,2025-04-24,300,300,False
DEEPAKNTR,2025-05-29,300,300,False
DELHIVERY,2024-12-26,1525,1525,False
DELHIVERY,2025-01-30,1525,1525,False
DELHIVERY,2025-02-27,1525,1525,False
DELHIVERY,2025-03-27,1525,1525,False
DELHIVERY,2025-04-24,1525,1525,False
DELHIVERY,2025-05-29,1525,1525,False
DELHIVERY,2025-06-26,1525,1525,False
DELHIVERY,2025-07-31,2075,2075,False
DELHIVERY,2025-08-28,2075,2075,False
DELHIVERY,2025-09-30,2075,2075,False
DELHIVERY,2025-10-28,2075,2075,False
DELHIVERY,2025-11-25,2075,2075,False
DELHIVERY,2025-12-30,2075,2075,False
DELHIVERY,2026-01-27,2075,2075,False
DELHIVERY,2026-02-24,2075,2075,False
DELHIVERY,2026-03-30,2075,2075,False
DELHIVERY,2026-04-28,2075,2075,False
DELHIVERY,2026-05-26,2075,2075,False
DELHIVERY,2026-06-30,2075,2075,False
DELHIVERY,2026-07-28,2075,2075,False
DELHIVERY,2026-08-25,2075,2075,False
DELTACORP,2021-10-28,2300,2300,False
DELTACORP,2021-11-25,2300,2300,False
DELTACORP,2021-12-30,2300,2300,False
DELTACORP,2022-01-27,2300,2300,False
DELTACORP,2022-02-24,2300,2300,False
DELTACORP,2022-03-31,2300,2300,False
DELTACORP,2022-04-28,2300,2300,False
DELTACORP,2022-05-26,2300,2300,False
DELTACORP,2022-06-30,2300,2300,False
DELTACORP,2022-07-28,2300,2300,False
DELTACORP,2022-08-25,2300,2300,False
DELTACORP,2022-09-29,2300,2300,False
DELTACORP,2022-10-27,2300,2300,False
DELTACORP,2022-11-24,2300,2300,False
DELTACORP,2022-12-29,2300,2300,False
DELTACORP,2023-01-25,2800,2800,False
DELTACORP,2023-02-23,2800,2800,False
DELTACORP,2023-03-29,2800,2800,False
DELTACORP,2023-04-27,2800,2800,False
DELTACORP,2023-05-25,2800,2800,False
DELTACORP,2023-06-28,2800,2800,False
DELTACORP,2023-07-27,2800,2800,False
DELTACORP,2023-08-31,2800,2800,False
DELTACORP,2023-09-28,2800,2800,False
DELTACORP,2023-10-26,2800,2800,False
DELTACORP,2023-11-30,2800,2800,False
DELTACORP,2023-12-28,2800,2800,False
DELTACORP,2024-01-25,3000,3000,False
DELTACORP,2024-02-29,3000,3000,False
DISHTV,2019-10-31,14000,14000,False
DISHTV,2019-11-28,14000,14000,False
DISHTV,2019-12-26,14000,14000,False
DISHTV,2020-01-30,24300,24300,False
DIVISLAB,2019-10-31,400,400,False
DIVISLAB,2019-11-28,400,400,False
DIVISLAB,2019-12-26,400,400,False
DIVISLAB,2020-01-30,400,400,False
DIVISLAB,2020-02-27,400,400,False
DIVISLAB,2020-03-26,400,400,False
DIVISLAB,2020-04-30,400,400,False
DIVISLAB,2020-05-28,400,400,False
DIVISLAB,2020-06-25,400,400,False
DIVISLAB,2020-07-30,400,400,False
DIVISLAB,2020-08-27,400,400,False
DIVISLAB,2020-09-24,400,400,False
DIVISLAB,2020-10-29,400,400,False
DIVISLAB,2020-11-26,400,200,True
DIVISLAB,2020-12-31,400,200,True
DIVISLAB,2021-01-28,200,200,False
DIVISLAB,2021-02-25,200,200,False
DIVISLAB,2021-03-25,200,200,False
DIVISLAB,2021-04-29,200,200,False
DIVISLAB,2021-05-27,200,200,False
DIVISLAB,2021-06-24,200,200,False
DIVISLAB,2021-07-29,200,200,False
DIVISLAB,2021-08-26,200,200,False
DIVISLAB,2021-09-30,200,200,False
DIVISLAB,2021-10-28,200,200,False
DIVISLAB,2021-11-25,200,100,True
DIVISLAB,2021-12-30,200,100,True
DIVISLAB,2022-01-27,100,100,False
DIVISLAB,2022-02-24,100,100,False
DIVISLAB,2022-03-31,100,100,False
DIVISLAB,2022-04-28,100,100,False
DIVISLAB,2022-05-26,100,100,False
DIVISLAB,2022-06-30,100,100,False
DIVISLAB,2022-07-28,150,150,False
DIVISLAB,2022-08-25,150,150,False
DIVISLAB,2022-09-29,150,150,False
DIVISLAB,2022-10-27,150,150,False
DIVISLAB,2022-11-24,150,150,False
DIVISLAB,2022-12-29,150,150,False
DIVISLAB,2023-01-25,150,150,False
DIVISLAB,2023-02-23,150,150,False
DIVISLAB,2023-03-29,150,150,False
DIVISLAB,2023-04-27,150,150,False
DIVISLAB,2023-05-25,150,150,False
DIVISLAB,2023-06-28,150,150,False
DIVISLAB,2023-07-27,200,200,False
DIVISLAB,2023-08-31,200,200,False
DIVISLAB,2023-09-28,200,200,False
DIVISLAB,2023-10-26,200,200,False
DIVISLAB,2023-11-30,200,200,False
DIVISLAB,2023-12-28,200,200,False
DIVISLAB,2024-01-25,200,200,False
DIVISLAB,2024-02-29,200,200,False
DIVISLAB,2024-03-28,200,200,False
DIVISLAB,2024-04-25,200,200,False
DIVISLAB,2024-05-30,200,200,False
DIVISLAB,2024-06-27,200,200,False
DIVISLAB,2024-07-25,200,200,False
DIVISLAB,2024-08-29,200,200,False
DIVISLAB,2024-09-26,200,200,False
DIVISLAB,2024-10-31,200,200,False
DIVISLAB,2024-11-28,200,100,True
DIVISLAB,2024-12-26,200,100,True
DIVISLAB,2025-01-30,100,100,False
DIVISLAB,2025-02-27,100,100,False
DIVISLAB,2025-03-27,100,100,False
DIVISLAB,2025-04-24,100,100,False
DIVISLAB,2025-05-29,100,100,False
DIVISLAB,2025-06-26,100,100,False
DIVISLAB,2025-07-31,100,100,False
DIVISLAB,2025-08-28,100,100,False
DIVISLAB,2025-09-30,100,100,False
DIVISLAB,2025-10-28,100,100,False
DIVISLAB,2025-11-25,100,100,False
DIVISLAB,2025-12-30,100,100,False
DIVISLAB,2026-01-27,100,100,False
DIVISLAB,2026-02-24,100,100,False
DIVISLAB,2026-03-30,100,100,False
DIVISLAB,2026-04-28,100,100,False
DIVISLAB,2026-05-26,100,100,False
DIVISLAB,2026-06-30,100,100,False
DIVISLAB,2026-07-28,100,100,False
DIVISLAB,2026-08-25,100,100,False
DIXON,2021-09-30,125,125,False
DIXON,2021-10-28,125,125,False
DIXON,2021-11-25,125,125,False
DIXON,2021-12-30,125,125,False
DIXON,2022-01-27,125,125,False
DIXON,2022-02-24,125,125,False
DIXON,2022-03-31,125,125,False
DIXON,2022-04-28,125,125,False
DIXON,2022-05-26,125,125,False
DIXON,2022-06-30,125,125,False
DIXON,2022-07-28,125,125,False
DIXON,2022-08-25,125,125,False
DIXON,2022-09-29,125,125,False
DIXON,2022-10-27,125,125,False
DIXON,2022-11-24,125,125,False
DIXON,2022-12-29,125,125,False
DIXON,2023-01-25,125,125,False
DIXON,2023-02-23,125,125,False
DIXON,2023-03-29,125,125,False
DIXON,2023-04-27,125,125,False
DIXON,2023-05-25,125,125,False
DIXON,2023-06-28,125,125,False
DIXON,2023-07-27,200,200,False
DIXON,2023-08-31,200,200,False
DIXON,2023-09-28,200,200,False
DIXON,2023-10-26,200,200,False
DIXON,2023-11-30,200,100,True
DIXON,2023-12-28,200,100,True
DIXON,2024-01-25,100,100,False
DIXON,2024-02-29,100,100,False
DIXON,2024-03-28,100,100,False
DIXON,2024-04-25,100,100,False
DIXON,2024-05-30,100,100,False
DIXON,2024-06-27,100,100,False
DIXON,2024-07-25,100,100,False
DIXON,2024-08-29,100,100,False
DIXON,2024-09-26,100,100,False
DIXON,2024-10-31,100,100,False
DIXON,2024-11-28,100,50,True
DIXON,2024-12-26,100,50,True
DIXON,2025-01-30,50,50,False
DIXON,2025-02-27,50,50,False
DIXON,2025-03-27,50,50,False
DIXON,2025-04-24,50,50,False
DIXON,2025-05-29,50,50,False
DIXON,2025-06-26,50,50,False
DIXON,2025-07-31,50,50,False
DIXON,2025-08-28,50,50,False
DIXON,2025-09-30,50,50,False
DIXON,2025-10-28,50,50,False
DIXON,2025-11-25,50,50,False
DIXON,2025-12-30,50,50,False
DIXON,2026-01-27,50,50,False
DIXON,2026-02-24,50,50,False
DIXON,2026-03-30,50,50,False
DIXON,2026-04-28,50,50,False
DIXON,2026-05-26,50,50,False
DIXON,2026-06-30,50,50,False
DIXON,2026-07-28,50,50,False
DIXON,2026-08-25,50,50,False
DLF,2019-10-31,2800,2800,False
DLF,2019-11-28,2800,2800,False
DLF,2019-12-26,2800,2800,False
DLF,2020-01-30,3300,3300,False
DLF,2020-02-27,3300,3300,False
DLF,2020-03-26,3300,3300,False
DLF,2020-04-30,3300,3300,False
DLF,2020-05-28,3300,3300,False
DLF,2020-06-25,3300,3300,False
DLF,2020-07-30,3300,3300,False
DLF,2020-08-27,3300,3300,False
DLF,2020-09-24,3300,3300,False
DLF,2020-10-29,3300,3300,False
DLF,2020-11-26,3300,3300,False
DLF,2020-12-31,3300,3300,False
DLF,2021-01-28,3300,3300,False
DLF,2021-02-25,3300,3300,False
DLF,2021-03-25,3300,3300,False
DLF,2021-04-29,3300,3300,False
DLF,2021-05-27,3300,3300,False
DLF,2021-06-24,3300,3300,False
DLF,2021-07-29,3300,3300,False
DLF,2021-08-26,3300,3300,False
DLF,2021-09-30,3300,3300,False
DLF,2021-10-28,3300,3300,False
DLF,2021-11-25,3300,1650,True
DLF,2021-12-30,3300,1650,True
DLF,2022-01-27,1650,1650,False
DLF,2022-02-24,1650,1650,False
DLF,2022-03-31,1650,1650,False
DLF,2022-04-28,1650,1650,False
DLF,2022-05-26,1650,1650,False
DLF,2022-06-30,1650,1650,False
DLF,2022-07-28,1650,1650,False
DLF,2022-08-25,1650,1650,False
DLF,2022-09-29,1650,1650,False
DLF,2022-10-27,1650,1650,False
DLF,2022-11-24,1650,1650,False
DLF,2022-12-29,1650,1650,False
DLF,2023-01-25,1650,1650,False
DLF,2023-02-23,1650,1650,False
DLF,2023-03-29,1650,1650,False
DLF,2023-04-27,1650,1650,False
DLF,2023-05-25,1650,1650,False
DLF,2023-06-28,1650,1650,False
DLF,2023-07-27,1650,1650,False
DLF,2023-08-31,1650,1650,False
DLF,2023-09-28,1650,1650,False
DLF,2023-10-26,1650,1650,False
DLF,2023-11-30,1650,1650,False
DLF,2023-12-28,1650,1650,False
DLF,2024-01-25,1650,1650,False
DLF,2024-02-29,1650,1650,False
DLF,2024-03-28,1650,1650,False
DLF,2024-04-25,1650,1650,False
DLF,2024-05-30,1650,825,True
DLF,2024-06-27,1650,825,True
DLF,2024-07-25,825,825,False
DLF,2024-08-29,825,825,False
DLF,2024-09-26,825,825,False
DLF,2024-10-31,825,825,False
DLF,2024-11-28,825,825,False
DLF,2024-12-26,825,825,False
DLF,2025-01-30,825,825,False
DLF,2025-02-27,825,825,False
DLF,2025-03-27,825,825,False
DLF,2025-04-24,825,825,False
DLF,2025-05-29,825,825,False
DLF,2025-06-26,825,825,False
DLF,2025-07-31,825,825,False
DLF,2025-08-28,825,825,False
DLF,2025-09-30,825,825,False
DLF,2025-10-28,825,825,False
DLF,2025-11-25,825,825,False
DLF,2025-12-30,825,825,False
DLF,2026-01-27,825,825,False
DLF,2026-02-24,825,825,False
DLF,2026-03-30,825,825,False
DLF,2026-04-28,825,825,False
DLF,2026-05-26,825,825,False
DLF,2026-06-30,825,825,False
DLF,2026-07-28,950,950,False
DLF,2026-08-25,950,950,False
DMART,2024-12-26,150,150,False
DMART,2025-01-30,150,150,False
DMART,2025-02-27,150,150,False
DMART,2025-03-27,150,150,False
DMART,2025-04-24,150,150,False
DMART,2025-05-29,150,150,False
DMART,2025-06-26,150,150,False
DMART,2025-07-31,150,150,False
DMART,2025-08-28,150,150,False
DMART,2025-09-30,150,150,False
DMART,2025-10-28,150,150,False
DMART,2025-11-25,150,150,False
DMART,2025-12-30,150,150,False
DMART,2026-01-27,150,150,False
DMART,2026-02-24,150,150,False
DMART,2026-03-30,150,150,False
DMART,2026-04-28,150,150,False
DMART,2026-05-26,150,150,False
DMART,2026-06-30,150,150,False
DMART,2026-07-28,150,150,False
DMART,2026-08-25,150,150,False
DRREDDY,2019-10-31,250,250,False
DRREDDY,2019-11-28,250,250,False
DRREDDY,2019-12-26,250,250,False
DRREDDY,2020-01-30,250,250,False
DRREDDY,2020-02-27,250,250,False
DRREDDY,2020-03-26,250,250,False
DRREDDY,2020-04-30,250,250,False
DRREDDY,2020-05-28,250,250,False
DRREDDY,2020-06-25,250,250,False
DRREDDY,2020-07-30,250,250,False
DRREDDY,2020-08-27,250,250,False
DRREDDY,2020-09-24,250,250,False
DRREDDY,2020-10-29,250,250,False
DRREDDY,2020-11-26,250,125,True
DRREDDY,2020-12-31,250,125,True
DRREDDY,2021-01-28,125,125,False
DRREDDY,2021-02-25,125,125,False
DRREDDY,2021-03-25,125,125,False
DRREDDY,2021-04-29,125,125,False
DRREDDY,2021-05-27,125,125,False
DRREDDY,2021-06-24,125,125,False
DRREDDY,2021-07-29,125,125,False
DRREDDY,2021-08-26,125,125,False
DRREDDY,2021-09-30,125,125,False
DRREDDY,2021-10-28,125,125,False
DRREDDY,2021-11-25,125,125,False
DRREDDY,2021-12-30,125,125,False
DRREDDY,2022-01-27,125,125,False
DRREDDY,2022-02-24,125,125,False
DRREDDY,2022-03-31,125,125,False
DRREDDY,2022-04-28,125,125,False
DRREDDY,2022-05-26,125,125,False
DRREDDY,2022-06-30,125,125,False
DRREDDY,2022-07-28,125,125,False
DRREDDY,2022-08-25,125,125,False
DRREDDY,2022-09-29,125,125,False
DRREDDY,2022-10-27,125,125,False
DRREDDY,2022-11-24,125,125,False
DRREDDY,2022-12-29,125,125,False
DRREDDY,2023-01-25,125,125,False
DRREDDY,2023-02-23,125,125,False
DRREDDY,2023-03-29,125,125,False
DRREDDY,2023-04-27,125,125,False
DRREDDY,2023-05-25,125,125,False
DRREDDY,2023-06-28,125,125,False
DRREDDY,2023-07-27,125,125,False
DRREDDY,2023-08-31,125,125,False
DRREDDY,2023-09-28,125,125,False
DRREDDY,2023-10-26,125,125,False
DRREDDY,2023-11-30,125,125,False
DRREDDY,2023-12-28,125,125,False
DRREDDY,2024-01-25,125,125,False
DRREDDY,2024-02-29,125,125,False
DRREDDY,2024-03-28,125,125,False
DRREDDY,2024-04-25,125,125,False
DRREDDY,2024-05-30,125,125,False
DRREDDY,2024-06-27,125,125,False
DRREDDY,2024-07-25,125,125,False
DRREDDY,2024-08-29,125,125,False
DRREDDY,2024-09-26,125,125,False
DRREDDY,2024-10-31,125,625,True
DRREDDY,2024-11-28,125,625,True
DRREDDY,2024-12-26,125,625,True
DRREDDY,2025-01-30,625,625,False
DRREDDY,2025-02-27,625,625,False
DRREDDY,2025-03-27,625,625,False
DRREDDY,2025-04-24,625,625,False
DRREDDY,2025-05-29,625,625,False
DRREDDY,2025-06-26,625,625,False
DRREDDY,2025-07-31,625,625,False
DRREDDY,2025-08-28,625,625,False
DRREDDY,2025-09-30,625,625,False
DRREDDY,2025-10-28,625,625,False
DRREDDY,2025-11-25,625,625,False
DRREDDY,2025-12-30,625,625,False
DRREDDY,2026-01-27,625,625,False
DRREDDY,2026-02-24,625,625,False
DRREDDY,2026-03-30,625,625,False
DRREDDY,2026-04-28,625,625,False
DRREDDY,2026-05-26,625,625,False
DRREDDY,2026-06-30,625,625,False
DRREDDY,2026-07-28,625,625,False
DRREDDY,2026-08-25,625,625,False
EICHERMOT,2019-10-31,25,25,False
EICHERMOT,2019-11-28,25,25,False
EICHERMOT,2019-12-26,25,25,False
EICHERMOT,2020-01-30,30,30,False
EICHERMOT,2020-02-27,30,30,False
EICHERMOT,2020-03-26,30,30,False
EICHERMOT,2020-04-30,30,30,False
EICHERMOT,2020-05-28,30,30,False
EICHERMOT,2020-06-25,30,30,False
EICHERMOT,2020-07-30,35,35,False
EICHERMOT,2020-08-27,35,350,True
EICHERMOT,2020-09-24,35,350,True
EICHERMOT,2020-10-29,35,350,True
EICHERMOT,2020-11-26,350,350,False
EICHERMOT,2020-12-31,350,350,False
EICHERMOT,2021-01-28,350,350,False
EICHERMOT,2021-02-25,350,350,False
EICHERMOT,2021-03-25,350,350,False
EICHERMOT,2021-04-29,350,350,False
EICHERMOT,2021-05-27,350,350,False
EICHERMOT,2021-06-24,350,350,False
EICHERMOT,2021-07-29,350,350,False
EICHERMOT,2021-08-26,350,350,False
EICHERMOT,2021-09-30,350,350,False
EICHERMOT,2021-10-28,350,350,False
EICHERMOT,2021-11-25,350,350,False
EICHERMOT,2021-12-30,350,350,False
EICHERMOT,2022-01-27,350,350,False
EICHERMOT,2022-02-24,350,350,False
EICHERMOT,2022-03-31,350,350,False
EICHERMOT,2022-04-28,350,350,False
EICHERMOT,2022-05-26,350,350,False
EICHERMOT,2022-06-30,350,350,False
EICHERMOT,2022-07-28,350,350,False
EICHERMOT,2022-08-25,350,350,False
EICHERMOT,2022-09-29,350,350,False
EICHERMOT,2022-10-27,350,350,False
EICHERMOT,2022-11-24,350,175,True
EICHERMOT,2022-12-29,350,175,True
EICHERMOT,2023-01-25,175,175,False
EICHERMOT,2023-02-23,175,175,False
EICHERMOT,2023-03-29,175,175,False
EICHERMOT,2023-04-27,175,175,False
EICHERMOT,2023-05-25,175,175,False
EICHERMOT,2023-06-28,175,175,False
EICHERMOT,2023-07-27,175,175,False
EICHERMOT,2023-08-31,175,175,False
EICHERMOT,2023-09-28,175,175,False
EICHERMOT,2023-10-26,175,175,False
EICHERMOT,2023-11-30,175,175,False
EICHERMOT,2023-12-28,175,175,False
EICHERMOT,2024-01-25,175,175,False
EICHERMOT,2024-02-29,175,175,False
EICHERMOT,2024-03-28,175,175,False
EICHERMOT,2024-04-25,175,175,False
EICHERMOT,2024-05-30,175,175,False
EICHERMOT,2024-06-27,175,175,False
EICHERMOT,2024-07-25,175,175,False
EICHERMOT,2024-08-29,175,175,False
EICHERMOT,2024-09-26,175,175,False
EICHERMOT,2024-10-31,175,175,False
EICHERMOT,2024-11-28,175,175,False
EICHERMOT,2024-12-26,175,175,False
EICHERMOT,2025-01-30,175,175,False
EICHERMOT,2025-02-27,175,175,False
EICHERMOT,2025-03-27,175,175,False
EICHERMOT,2025-04-24,175,175,False
EICHERMOT,2025-05-29,175,175,False
EICHERMOT,2025-06-26,175,175,False
EICHERMOT,2025-07-31,175,175,False
EICHERMOT,2025-08-28,175,175,False
EICHERMOT,2025-09-30,175,175,False
EICHERMOT,2025-10-28,175,175,False
EICHERMOT,2025-11-25,175,175,False
EICHERMOT,2025-12-30,175,175,False
EICHERMOT,2026-01-27,100,100,False
EICHERMOT,2026-02-24,100,100,False
EICHERMOT,2026-03-30,100,100,False
EICHERMOT,2026-04-28,100,100,False
EICHERMOT,2026-05-26,100,100,False
EICHERMOT,2026-06-30,100,100,False
EICHERMOT,2026-07-28,100,100,False
EICHERMOT,2026-08-25,100,100,False
EQUITAS,2019-10-31,4000,4000,False
EQUITAS,2019-11-28,4000,4000,False
EQUITAS,2019-12-26,4000,4000,False
EQUITAS,2020-01-30,4900,4900,False
EQUITAS,2020-02-27,4900,4900,False
EQUITAS,2020-03-26,4900,4900,False
EQUITAS,2020-04-30,4900,4900,False
EQUITAS,2020-05-28,4900,4900,False
EQUITAS,2020-06-25,4900,4900,False
EQUITAS,2020-07-30,7600,7600,False
EQUITAS,2020-08-27,7600,7600,False
ESCORTS,2019-10-31,1100,1100,False
ESCORTS,2019-11-28,1100,1100,False
ESCORTS,2019-12-26,1100,1100,False
ESCORTS,2020-01-30,1100,1100,False
ESCORTS,2020-02-27,1100,1100,False
ESCORTS,2020-03-26,1100,1100,False
ESCORTS,2020-04-30,1100,1100,False
ESCORTS,2020-05-28,1100,1100,False
ESCORTS,2020-06-25,1100,1100,False
ESCORTS,2020-07-30,1100,1100,False
ESCORTS,2020-08-27,1100,1100,False
ESCORTS,2020-09-24,1100,1100,False
ESCORTS,2020-10-29,1100,1100,False
ESCORTS,2020-11-26,1100,550,True
ESCORTS,2020-12-31,1100,550,True
ESCORTS,2021-01-28,550,550,False
ESCORTS,2021-02-25,550,550,False
ESCORTS,2021-03-25,550,550,False
ESCORTS,2021-04-29,550,550,False
ESCORTS,2021-05-27,550,550,False
ESCORTS,2021-06-24,550,550,False
ESCORTS,2021-07-29,550,550,False
ESCORTS,2021-08-26,550,550,False
ESCORTS,2021-09-30,550,550,False
ESCORTS,2021-10-28,550,550,False
ESCORTS,2021-11-25,550,550,False
ESCORTS,2021-12-30,550,550,False
ESCORTS,2022-01-27,550,550,False
ESCORTS,2022-02-24,550,550,False
ESCORTS,2022-03-31,550,550,False
ESCORTS,2022-04-28,550,550,False
ESCORTS,2022-05-26,550,550,False
ESCORTS,2022-06-30,550,550,False
ESCORTS,2022-07-28,550,550,False
ESCORTS,2022-08-25,550,550,False
ESCORTS,2022-09-29,550,550,False
ESCORTS,2022-10-27,550,550,False
ESCORTS,2022-11-24,550,275,True
ESCORTS,2022-12-29,550,275,True
ESCORTS,2023-01-25,275,275,False
ESCORTS,2023-02-23,275,275,False
ESCORTS,2023-03-29,275,275,False
ESCORTS,2023-04-27,275,275,False
ESCORTS,2023-05-25,275,275,False
ESCORTS,2023-06-28,275,275,False
ESCORTS,2023-07-27,275,275,False
ESCORTS,2023-08-31,275,275,False
ESCORTS,2023-09-28,275,275,False
ESCORTS,2023-10-26,275,275,False
ESCORTS,2023-11-30,275,275,False
ESCORTS,2023-12-28,275,275,False
ESCORTS,2024-01-25,275,275,False
ESCORTS,2024-02-29,275,275,False
ESCORTS,2024-03-28,275,275,False
ESCORTS,2024-04-25,275,275,False
ESCORTS,2024-05-30,275,275,False
ESCORTS,2024-06-27,275,275,False
ESCORTS,2024-07-25,275,275,False
ESCORTS,2024-08-29,275,275,False
ESCORTS,2024-09-26,275,275,False
ESCORTS,2024-10-31,275,275,False
ESCORTS,2024-11-28,275,275,False
ESCORTS,2024-12-26,275,275,False
ESCORTS,2025-01-30,150,150,False
ESCORTS,2025-02-27,150,150,False
ESCORTS,2025-03-27,150,150,False
ESCORTS,2025-04-24,150,150,False
ESCORTS,2025-05-29,150,150,False
ETERNAL,2025-04-24,2000,2000,False
ETERNAL,2025-05-29,2000,2000,False
ETERNAL,2025-06-26,2000,2000,False
ETERNAL,2025-07-31,2425,2425,False
ETERNAL,2025-08-28,2425,2425,False
ETERNAL,2025-09-30,2425,2425,False
ETERNAL,2025-10-28,2425,2425,False
ETERNAL,2025-11-25,2425,2425,False
ETERNAL,2025-12-30,2425,2425,False
ETERNAL,2026-01-27,2425,2425,False
ETERNAL,2026-02-24,2425,2425,False
ETERNAL,2026-03-30,2425,2425,False
ETERNAL,2026-04-28,2425,2425,False
ETERNAL,2026-05-26,2425,2425,False
ETERNAL,2026-06-30,2425,2425,False
ETERNAL,2026-07-28,2425,2425,False
ETERNAL,2026-08-25,2425,2425,False
EXIDEIND,2019-10-31,2400,2400,False
EXIDEIND,2019-11-28,2400,2400,False
EXIDEIND,2019-12-26,2400,2400,False
EXIDEIND,2020-01-30,2900,2900,False
EXIDEIND,2020-02-27,2900,2900,False
EXIDEIND,2020-03-26,2900,2900,False
EXIDEIND,2020-04-30,2900,2900,False
EXIDEIND,2020-05-28,2900,2900,False
EXIDEIND,2020-06-25,2900,2900,False
EXIDEIND,2020-07-30,3600,3600,False
EXIDEIND,2020-08-27,3600,3600,False
EXIDEIND,2020-09-24,3600,3600,False
EXIDEIND,2020-10-29,3600,3600,False
EXIDEIND,2020-11-26,3600,3600,False
EXIDEIND,2020-12-31,3600,3600,False
EXIDEIND,2021-01-28,3600,3600,False
EXIDEIND,2021-02-25,3600,3600,False
EXIDEIND,2021-03-25,3600,3600,False
EXIDEIND,2021-04-29,3600,3600,False
EXIDEIND,2021-05-27,3600,3600,False
EXIDEIND,2021-06-24,3600,3600,False
EXIDEIND,2021-07-29,3600,3600,False
EXIDEIND,2021-08-26,3600,3600,False
EXIDEIND,2021-09-30,3600,3600,False
EXIDEIND,2021-10-28,3600,3600,False
EXIDEIND,2021-11-25,3600,3600,False
EXIDEIND,2021-12-30,3600,3600,False
EXIDEIND,2022-01-27,3600,3600,False
EXIDEIND,2022-02-24,3600,3600,False
EXIDEIND,2022-03-31,3600,3600,False
EXIDEIND,2022-04-28,3600,3600,False
EXIDEIND,2022-05-26,3600,3600,False
EXIDEIND,2022-06-30,3600,3600,False
EXIDEIND,2022-07-28,3600,3600,False
EXIDEIND,2022-08-25,3600,3600,False
EXIDEIND,2022-09-29,3600,3600,False
EXIDEIND,2022-10-27,3600,3600,False
EXIDEIND,2022-11-24,3600,3600,False
EXIDEIND,2022-12-29,3600,3600,False
EXIDEIND,2023-01-25,3600,3600,False
EXIDEIND,2023-02-23,3600,3600,False
EXIDEIND,2023-03-29,3600,3600,False
EXIDEIND,2023-04-27,3600,3600,False
EXIDEIND,2023-05-25,3600,3600,False
EXIDEIND,2023-06-28,3600,3600,False
EXIDEIND,2023-07-27,3600,3600,False
EXIDEIND,2023-08-31,3600,3600,False
EXIDEIND,2023-09-28,3600,3600,False
EXIDEIND,2023-10-26,3600,3600,False
EXIDEIND,2023-11-30,3600,3600,False
EXIDEIND,2023-12-28,3600,3600,False
EXIDEIND,2024-01-25,3600,3600,False
EXIDEIND,2024-02-29,3600,3600,False
EXIDEIND,2024-03-28,3600,3600,False
EXIDEIND,2024-04-25,3600,3600,False
EXIDEIND,2024-05-30,3600,1800,True
EXIDEIND,2024-06-27,3600,1800,True
EXIDEIND,2024-07-25,1800,1800,False
EXIDEIND,2024-08-29,1800,1800,False
EXIDEIND,2024-09-26,1800,1800,False
EXIDEIND,2024-10-31,1800,1800,False
EXIDEIND,2024-11-28,1800,1800,False
EXIDEIND,2024-12-26,1800,1800,False
EXIDEIND,2025-01-30,1800,1800,False
EXIDEIND,2025-02-27,1800,1800,False
EXIDEIND,2025-03-27,1800,1800,False
EXIDEIND,2025-04-24,1800,1800,False
EXIDEIND,2025-05-29,1800,1800,False
EXIDEIND,2025-06-26,1800,1800,False
EXIDEIND,2025-07-31,1800,1800,False
EXIDEIND,2025-08-28,1800,1800,False
EXIDEIND,2025-09-30,1800,1800,False
EXIDEIND,2025-10-28,1800,1800,False
EXIDEIND,2025-11-25,1800,1800,False
EXIDEIND,2025-12-30,1800,1800,False
EXIDEIND,2026-01-27,1800,1800,False
EXIDEIND,2026-02-24,1800,1800,False
EXIDEIND,2026-03-30,1800,1800,False
EXIDEIND,2026-04-28,1800,1800,False
EXIDEIND,2026-05-26,1800,1800,False
EXIDEIND,2026-06-30,1800,1800,False
EXIDEIND,2026-07-28,1800,1800,False
FEDERALBNK,2019-10-31,7000,7000,False
FEDERALBNK,2019-11-28,7000,7000,False
FEDERALBNK,2019-12-26,7000,7000,False
FEDERALBNK,2020-01-30,7000,7000,False
FEDERALBNK,2020-02-27,7000,7000,False
FEDERALBNK,2020-03-26,7000,7000,False
FEDERALBNK,2020-04-30,7000,7000,False
FEDERALBNK,2020-05-28,7000,7000,False
FEDERALBNK,2020-06-25,7000,7000,False
FEDERALBNK,2020-07-30,8500,8500,False
FEDERALBNK,2020-08-27,8500,8500,False
FEDERALBNK,2020-09-24,8500,8500,False
FEDERALBNK,2020-10-29,8500,8500,False
FEDERALBNK,2020-11-26,8500,8500,False
FEDERALBNK,2020-12-31,8500,8500,False
FEDERALBNK,2021-01-28,10000,10000,False
FEDERALBNK,2021-02-25,10000,10000,False
FEDERALBNK,2021-03-25,10000,10000,False
FEDERALBNK,2021-04-29,10000,10000,False
FEDERALBNK,2021-05-27,10000,10000,False
FEDERALBNK,2021-06-24,10000,10000,False
FEDERALBNK,2021-07-29,10000,10000,False
FEDERALBNK,2021-08-26,10000,10000,False
FEDERALBNK,2021-09-30,10000,10000,False
FEDERALBNK,2021-10-28,10000,10000,False
FEDERALBNK,2021-11-25,10000,10000,False
FEDERALBNK,2021-12-30,10000,10000,False
FEDERALBNK,2022-01-27,10000,10000,False
FEDERALBNK,2022-02-24,10000,10000,False
FEDERALBNK,2022-03-31,10000,10000,False
FEDERALBNK,2022-04-28,10000,10000,False
FEDERALBNK,2022-05-26,10000,10000,False
FEDERALBNK,2022-06-30,10000,10000,False
FEDERALBNK,2022-07-28,10000,10000,False
FEDERALBNK,2022-08-25,10000,10000,False
FEDERALBNK,2022-09-29,10000,10000,False
FEDERALBNK,2022-10-27,10000,10000,False
FEDERALBNK,2022-11-24,10000,5000,True
FEDERALBNK,2022-12-29,10000,5000,True
FEDERALBNK,2023-01-25,5000,5000,False
FEDERALBNK,2023-02-23,5000,5000,False
FEDERALBNK,2023-03-29,5000,5000,False
FEDERALBNK,2023-04-27,5000,5000,False
FEDERALBNK,2023-05-25,5000,5000,False
FEDERALBNK,2023-06-28,5000,5000,False
FEDERALBNK,2023-07-27,5000,5000,False
FEDERALBNK,2023-08-31,5000,5000,False
FEDERALBNK,2023-09-28,5000,5000,False
FEDERALBNK,2023-10-26,5000,5000,False
FEDERALBNK,2023-11-30,5000,5000,False
FEDERALBNK,2023-12-28,5000,5000,False
FEDERALBNK,2024-01-25,5000,5000,False
FEDERALBNK,2024-02-29,5000,5000,False
FEDERALBNK,2024-03-28,5000,5000,False
FEDERALBNK,2024-04-25,5000,5000,False
FEDERALBNK,2024-05-30,5000,5000,False
FEDERALBNK,2024-06-27,5000,5000,False
FEDERALBNK,2024-07-25,5000,5000,False
FEDERALBNK,2024-08-29,5000,5000,False
FEDERALBNK,2024-09-26,5000,5000,False
FEDERALBNK,2024-10-31,5000,5000,False
FEDERALBNK,2024-11-28,5000,5000,False
FEDERALBNK,2024-12-26,5000,5000,False
FEDERALBNK,2025-01-30,5000,5000,False
FEDERALBNK,2025-02-27,5000,5000,False
FEDERALBNK,2025-03-27,5000,5000,False
FEDERALBNK,2025-04-24,5000,5000,False
FEDERALBNK,2025-05-29,5000,5000,False
FEDERALBNK,2025-06-26,5000,5000,False
FEDERALBNK,2025-07-31,5000,5000,False
FEDERALBNK,2025-08-28,5000,5000,False
FEDERALBNK,2025-09-30,5000,5000,False
FEDERALBNK,2025-10-28,5000,5000,False
FEDERALBNK,2025-11-25,5000,5000,False
FEDERALBNK,2025-12-30,5000,5000,False
FEDERALBNK,2026-01-27,5000,5000,False
FEDERALBNK,2026-02-24,5000,5000,False
FEDERALBNK,2026-03-30,5000,5000,False
FEDERALBNK,2026-04-28,5000,5000,False
FEDERALBNK,2026-05-26,5000,2500,True
FEDERALBNK,2026-06-30,5000,2500,True
FEDERALBNK,2026-07-28,2500,2500,False
FEDERALBNK,2026-08-25,2500,2500,False
FORCEMOT,2026-04-28,25,25,False
FORCEMOT,2026-05-26,25,25,False
FORCEMOT,2026-06-30,25,25,False
FORCEMOT,2026-07-28,25,25,False
FORCEMOT,2026-08-25,25,25,False
FORTIS,2025-06-26,775,775,False
FORTIS,2025-07-31,775,775,False
FORTIS,2025-08-28,775,775,False
FORTIS,2025-09-30,775,775,False
FORTIS,2025-10-28,775,775,False
FORTIS,2025-11-25,775,775,False
FORTIS,2025-12-30,775,775,False
FORTIS,2026-01-27,775,775,False
FORTIS,2026-02-24,775,775,False
FORTIS,2026-03-30,775,775,False
FORTIS,2026-04-28,775,775,False
FORTIS,2026-05-26,775,775,False
FORTIS,2026-06-30,775,775,False
FORTIS,2026-07-28,775,775,False
FORTIS,2026-08-25,775,775,False
FSL,2021-11-25,2600,2600,False
FSL,2021-12-30,2600,2600,False
FSL,2022-01-27,2600,2600,False
FSL,2022-02-24,2600,2600,False
FSL,2022-03-31,2600,2600,False
FSL,2022-04-28,2600,2600,False
FSL,2022-05-26,2600,2600,False
FSL,2022-06-30,2600,2600,False
FSL,2022-07-28,5200,5200,False
FSL,2022-08-25,5200,5200,False
FSL,2022-09-29,5200,5200,False
FSL,2022-10-27,5200,5200,False
FSL,2022-11-24,5200,5200,False
FSL,2022-12-29,5200,5200,False
FSL,2023-01-25,5200,5200,False
FSL,2023-02-23,5200,5200,False
FSL,2023-03-29,5200,5200,False
GAIL,2019-10-31,5334,5334,False
GAIL,2019-11-28,5334,5334,False
GAIL,2019-12-26,5334,5334,False
GAIL,2020-01-30,5334,5334,False
GAIL,2020-02-27,5334,5334,False
GAIL,2020-03-26,5334,5334,False
GAIL,2020-04-30,5334,5334,False
GAIL,2020-05-28,5334,5334,False
GAIL,2020-06-25,5334,5334,False
GAIL,2020-07-30,6100,6100,False
GAIL,2020-08-27,6100,6100,False
GAIL,2020-09-24,6100,6100,False
GAIL,2020-10-29,6100,6100,False
GAIL,2020-11-26,6100,6100,False
GAIL,2020-12-31,6100,6100,False
GAIL,2021-01-28,6100,6100,False
GAIL,2021-02-25,6100,6100,False
GAIL,2021-03-25,6100,6100,False
GAIL,2021-04-29,6100,6100,False
GAIL,2021-05-27,6100,6100,False
GAIL,2021-06-24,6100,6100,False
GAIL,2021-07-29,6100,6100,False
GAIL,2021-08-26,6100,6100,False
GAIL,2021-09-30,6100,6100,False
GAIL,2021-10-28,6100,6100,False
GAIL,2021-11-25,6100,6100,False
GAIL,2021-12-30,6100,6100,False
GAIL,2022-01-27,6100,6100,False
GAIL,2022-02-24,6100,6100,False
GAIL,2022-03-31,6100,6100,False
GAIL,2022-04-28,6100,6100,False
GAIL,2022-05-26,6100,6100,False
GAIL,2022-06-30,6100,6100,False
GAIL,2022-07-28,6100,6100,False
GAIL,2022-08-25,6100,6100,False
GAIL,2022-09-29,6100,9150,True
GAIL,2022-10-27,6100,9150,True
GAIL,2022-11-24,6100,9150,True
GAIL,2022-12-29,9150,9150,False
GAIL,2023-01-25,9150,9150,False
GAIL,2023-02-23,9150,9150,False
GAIL,2023-03-29,9150,9150,False
GAIL,2023-04-27,9150,9150,False
GAIL,2023-05-25,9150,9150,False
GAIL,2023-06-28,9150,9150,False
GAIL,2023-07-27,9150,9150,False
GAIL,2023-08-31,9150,9150,False
GAIL,2023-09-28,9150,9150,False
GAIL,2023-10-26,9150,9150,False
GAIL,2023-11-30,9150,4575,True
GAIL,2023-12-28,9150,4575,True
GAIL,2024-01-25,4575,4575,False
GAIL,2024-02-29,4575,4575,False
GAIL,2024-03-28,4575,4575,False
GAIL,2024-04-25,4575,4575,False
GAIL,2024-05-30,4575,4575,False
GAIL,2024-06-27,4575,4575,False
GAIL,2024-07-25,4575,4575,False
GAIL,2024-08-29,4575,4575,False
GAIL,2024-09-26,4575,4575,False
GAIL,2024-10-31,4575,4575,False
GAIL,2024-11-28,4575,4575,False
GAIL,2024-12-26,4575,4575,False
GAIL,2025-01-30,2350,2350,False
GAIL,2025-02-27,2350,2350,False
GAIL,2025-03-27,2350,2350,False
GAIL,2025-04-24,2350,2350,False
GAIL,2025-05-29,2350,2350,False
GAIL,2025-06-26,2350,2350,False
GAIL,2025-07-31,3150,3150,False
GAIL,2025-08-28,3150,3150,False
GAIL,2025-09-30,3150,3150,False
GAIL,2025-10-28,3150,3150,False
GAIL,2025-11-25,3150,3150,False
GAIL,2025-12-30,3150,3150,False
GAIL,2026-01-27,3150,3150,False
GAIL,2026-02-24,3150,3150,False
GAIL,2026-03-30,3150,3150,False
GAIL,2026-04-28,3150,3150,False
GAIL,2026-05-26,3150,3150,False
GAIL,2026-06-30,3150,3150,False
GAIL,2026-07-28,3550,3550,False
GAIL,2026-08-25,3550,3550,False
GLENMARK,2019-10-31,1000,1000,False
GLENMARK,2019-11-28,1000,1000,False
GLENMARK,2019-12-26,1000,1000,False
GLENMARK,2020-01-30,1400,1400,False
GLENMARK,2020-02-27,1400,1400,False
GLENMARK,2020-03-26,1400,1400,False
GLENMARK,2020-04-30,1400,1400,False
GLENMARK,2020-05-28,1400,1400,False
GLENMARK,2020-06-25,1400,1400,False
GLENMARK,2020-07-30,2300,2300,False
GLENMARK,2020-08-27,2300,2300,False
GLENMARK,2020-09-24,2300,2300,False
GLENMARK,2020-10-29,2300,2300,False
GLENMARK,2020-11-26,2300,1150,True
GLENMARK,2020-12-31,2300,1150,True
GLENMARK,2021-01-28,1150,1150,False
GLENMARK,2021-02-25,1150,1150,False
GLENMARK,2021-03-25,1150,1150,False
GLENMARK,2021-04-29,1150,1150,False
GLENMARK,2021-05-27,1150,1150,False
GLENMARK,2021-06-24,1150,1150,False
GLENMARK,2021-07-29,1150,1150,False
GLENMARK,2021-08-26,1150,1150,False
GLENMARK,2021-09-30,1150,1150,False
GLENMARK,2021-10-28,1150,1150,False
GLENMARK,2021-11-25,1150,1150,False
GLENMARK,2021-12-30,1150,1150,False
GLENMARK,2022-01-27,1150,1150,False
GLENMARK,2022-02-24,1150,1150,False
GLENMARK,2022-03-31,1150,1150,False
GLENMARK,2022-04-28,1150,1150,False
GLENMARK,2022-05-26,1150,1150,False
GLENMARK,2022-06-30,1150,1150,False
GLENMARK,2022-07-28,1150,1150,False
GLENMARK,2022-08-25,1150,1150,False
GLENMARK,2022-09-29,1150,1150,False
GLENMARK,2022-10-27,1150,1150,False
GLENMARK,2022-11-24,1150,1150,False
GLENMARK,2022-12-29,1150,1150,False
GLENMARK,2023-01-25,1450,1450,False
GLENMARK,2023-02-23,1450,1450,False
GLENMARK,2023-03-29,1450,1450,False
GLENMARK,2023-04-27,1450,1450,False
GLENMARK,2023-05-25,1450,1450,False
GLENMARK,2023-06-28,1450,1450,False
GLENMARK,2023-07-27,1450,1450,False
GLENMARK,2023-08-31,1450,1450,False
GLENMARK,2023-09-28,1450,1450,False
GLENMARK,2023-10-26,1450,1450,False
GLENMARK,2023-11-30,1450,725,True
GLENMARK,2023-12-28,1450,725,True
GLENMARK,2024-01-25,725,725,False
GLENMARK,2024-02-29,725,725,False
GLENMARK,2024-03-28,725,725,False
GLENMARK,2024-04-25,725,725,False
GLENMARK,2024-05-30,725,725,False
GLENMARK,2024-06-27,725,725,False
GLENMARK,2024-07-25,725,725,False
GLENMARK,2024-08-29,725,725,False
GLENMARK,2024-09-26,725,725,False
GLENMARK,2024-10-31,725,725,False
GLENMARK,2024-11-28,725,725,False
GLENMARK,2024-12-26,725,725,False
GLENMARK,2025-01-30,325,325,False
GLENMARK,2025-02-27,325,325,False
GLENMARK,2025-03-27,325,325,False
GLENMARK,2025-04-24,325,325,False
GLENMARK,2025-05-29,325,325,False
GLENMARK,2025-06-26,325,325,False
GLENMARK,2025-07-31,375,375,False
GLENMARK,2025-08-28,375,375,False
GLENMARK,2025-09-30,375,375,False
GLENMARK,2025-10-28,375,375,False
GLENMARK,2025-11-25,375,375,False
GLENMARK,2025-12-30,375,375,False
GLENMARK,2026-01-27,375,375,False
GLENMARK,2026-02-24,375,375,False
GLENMARK,2026-03-30,375,375,False
GLENMARK,2026-04-28,375,375,False
GLENMARK,2026-05-26,375,375,False
GLENMARK,2026-06-30,375,375,False
GLENMARK,2026-07-28,375,375,False
GLENMARK,2026-08-25,375,375,False
GMRAIRPORT,2024-12-26,5625,5625,False
GMRAIRPORT,2025-01-30,5625,5625,False
GMRAIRPORT,2025-02-27,5625,5625,False
GMRAIRPORT,2025-03-27,5625,5625,False
GMRAIRPORT,2025-04-24,5625,5625,False
GMRAIRPORT,2025-05-29,5625,5625,False
GMRAIRPORT,2025-06-26,5625,5625,False
GMRAIRPORT,2025-07-31,6975,6975,False
GMRAIRPORT,2025-08-28,6975,6975,False
GMRAIRPORT,2025-09-30,6975,6975,False
GMRAIRPORT,2025-10-28,6975,6975,False
GMRAIRPORT,2025-11-25,6975,6975,False
GMRAIRPORT,2025-12-30,6975,6975,False
GMRAIRPORT,2026-01-27,6975,6975,False
GMRAIRPORT,2026-02-24,6975,6975,False
GMRAIRPORT,2026-03-30,6975,6975,False
GMRAIRPORT,2026-04-28,6975,6975,False
GMRAIRPORT,2026-05-26,6975,6975,False
GMRAIRPORT,2026-06-30,6975,6975,False
GMRAIRPORT,2026-07-28,6975,6975,False
GMRAIRPORT,2026-08-25,6975,6975,False
GMRINFRA,2019-10-31,45000,45000,False
GMRINFRA,2019-11-28,45000,45000,False
GMRINFRA,2019-12-26,45000,45000,False
GMRINFRA,2020-01-30,45000,45000,False
GMRINFRA,2020-02-27,45000,45000,False
GMRINFRA,2020-03-26,45000,45000,False
GMRINFRA,2020-04-30,45000,45000,False
GMRINFRA,2020-05-28,45000,45000,False
GMRINFRA,2020-06-25,45000,45000,False
GMRINFRA,2020-07-30,45000,45000,False
GMRINFRA,2020-08-27,45000,45000,False
GMRINFRA,2020-09-24,45000,45000,False
GMRINFRA,2020-10-29,45000,45000,False
GMRINFRA,2020-11-26,45000,22500,True
GMRINFRA,2020-12-31,45000,22500,True
GMRINFRA,2021-01-28,22500,22500,False
GMRINFRA,2021-02-25,22500,22500,False
GMRINFRA,2021-03-25,22500,22500,False
GMRINFRA,2021-04-29,22500,22500,False
GMRINFRA,2021-05-27,22500,22500,False
GMRINFRA,2021-06-24,22500,22500,False
GMRINFRA,2021-07-29,22500,22500,False
GMRINFRA,2021-08-26,22500,22500,False
GMRINFRA,2021-09-30,22500,22500,False
GMRINFRA,2021-10-28,22500,22500,False
GMRINFRA,2021-11-25,22500,22500,False
GMRINFRA,2021-12-30,22500,22500,False
GMRINFRA,2022-01-27,22500,22500,False
GMRINFRA,2022-02-24,22500,22500,False
GMRINFRA,2022-03-31,22500,22500,False
GMRINFRA,2022-04-28,22500,22500,False
GMRINFRA,2022-05-26,22500,22500,False
GMRINFRA,2022-06-30,22500,22500,False
GMRINFRA,2022-07-28,22500,22500,False
GMRINFRA,2022-08-25,22500,22500,False
GMRINFRA,2022-09-29,22500,22500,False
GMRINFRA,2022-10-27,22500,22500,False
GMRINFRA,2022-11-24,22500,22500,False
GMRINFRA,2022-12-29,22500,22500,False
GMRINFRA,2023-01-25,22500,22500,False
GMRINFRA,2023-02-23,22500,22500,False
GMRINFRA,2023-03-29,22500,22500,False
GMRINFRA,2023-04-27,22500,22500,False
GMRINFRA,2023-05-25,22500,22500,False
GMRINFRA,2023-06-28,22500,22500,False
GMRINFRA,2023-07-27,22500,22500,False
GMRINFRA,2023-08-31,22500,22500,False
GMRINFRA,2023-09-28,22500,22500,False
GMRINFRA,2023-10-26,22500,22500,False
GMRINFRA,2023-11-30,22500,11250,True
GMRINFRA,2023-12-28,22500,11250,True
GMRINFRA,2024-01-25,11250,11250,False
GMRINFRA,2024-02-29,11250,11250,False
GMRINFRA,2024-03-28,11250,11250,False
GMRINFRA,2024-04-25,11250,11250,False
GMRINFRA,2024-05-30,11250,11250,False
GMRINFRA,2024-06-27,11250,11250,False
GMRINFRA,2024-07-25,11250,11250,False
GMRINFRA,2024-08-29,11250,11250,False
GMRINFRA,2024-09-26,11250,11250,False
GMRINFRA,2024-10-31,11250,11250,False
GMRINFRA,2024-11-28,11250,5625,True
GMRINFRA,2024-12-26,11250,5625,True
GMRINFRA,2025-01-30,5625,5625,False
GMRINFRA,2025-02-27,5625,5625,False
GNFC,2022-01-27,1300,1300,False
GNFC,2022-02-24,1300,1300,False
GNFC,2022-03-31,1300,1300,False
GNFC,2022-04-28,1300,1300,False
GNFC,2022-05-26,1300,1300,False
GNFC,2022-06-30,1300,1300,False
GNFC,2022-07-28,1300,1300,False
GNFC,2022-08-25,1300,1300,False
GNFC,2022-09-29,1300,1300,False
GNFC,2022-10-27,1300,1300,False
GNFC,2022-11-24,1300,1300,False
GNFC,2022-12-29,1300,1300,False
GNFC,2023-01-25,1300,1300,False
GNFC,2023-02-23,1300,1300,False
GNFC,2023-03-29,1300,1300,False
GNFC,2023-04-27,1300,1300,False
GNFC,2023-05-25,1300,1300,False
GNFC,2023-06-28,1300,1300,False
GNFC,2023-07-27,1300,1300,False
GNFC,2023-08-31,1300,1300,False
GNFC,2023-09-28,1300,1300,False
GNFC,2023-10-26,1300,1300,False
GNFC,2023-11-30,1300,1300,False
GNFC,2023-12-28,1300,1300,False
GNFC,2024-01-25,1300,1300,False
GNFC,2024-02-29,1300,1300,False
GNFC,2024-03-28,1300,1300,False
GNFC,2024-04-25,1300,1300,False
GNFC,2024-05-30,1300,1300,False
GNFC,2024-06-27,1300,1300,False
GNFC,2024-07-25,1300,1300,False
GNFC,2024-08-29,1300,1300,False
GNFC,2024-09-26,1300,1300,False
GNFC,2024-10-31,1300,1300,False
GNFC,2024-11-28,1300,1300,False
GNFC,2024-12-26,1300,1300,False
GNFC,2025-01-30,1300,1300,False
GNFC,2025-02-27,1300,1300,False
GODFRYPHLP,2026-04-28,275,275,False
GODFRYPHLP,2026-05-26,275,275,False
GODFRYPHLP,2026-06-30,275,275,False
GODFRYPHLP,2026-07-28,275,275,False
GODFRYPHLP,2026-08-25,275,275,False
GODREJCP,2019-10-31,800,800,False
GODREJCP,2019-11-28,800,800,False
GODREJCP,2019-12-26,800,800,False
GODREJCP,2020-01-30,800,800,False
GODREJCP,2020-02-27,800,800,False
GODREJCP,2020-03-26,800,800,False
GODREJCP,2020-04-30,800,800,False
GODREJCP,2020-05-28,800,800,False
GODREJCP,2020-06-25,800,800,False
GODREJCP,2020-07-30,1000,1000,False
GODREJCP,2020-08-27,1000,1000,False
GODREJCP,2020-09-24,1000,1000,False
GODREJCP,2020-10-29,1000,1000,False
GODREJCP,2020-11-26,1000,1000,False
GODREJCP,2020-12-31,1000,1000,False
GODREJCP,2021-01-28,1000,1000,False
GODREJCP,2021-02-25,1000,1000,False
GODREJCP,2021-03-25,1000,1000,False
GODREJCP,2021-04-29,1000,1000,False
GODREJCP,2021-05-27,1000,1000,False
GODREJCP,2021-06-24,1000,1000,False
GODREJCP,2021-07-29,1000,1000,False
GODREJCP,2021-08-26,1000,1000,False
GODREJCP,2021-09-30,1000,1000,False
GODREJCP,2021-10-28,1000,1000,False
GODREJCP,2021-11-25,1000,500,True
GODREJCP,2021-12-30,1000,500,True
GODREJCP,2022-01-27,500,500,False
GODREJCP,2022-02-24,500,500,False
GODREJCP,2022-03-31,500,500,False
GODREJCP,2022-04-28,500,500,False
GODREJCP,2022-05-26,500,500,False
GODREJCP,2022-06-30,500,500,False
GODREJCP,2022-07-28,1000,1000,False
GODREJCP,2022-08-25,1000,1000,False
GODREJCP,2022-09-29,1000,1000,False
GODREJCP,2022-10-27,1000,1000,False
GODREJCP,2022-11-24,1000,1000,False
GODREJCP,2022-12-29,1000,1000,False
GODREJCP,2023-01-25,1000,1000,False
GODREJCP,2023-02-23,1000,1000,False
GODREJCP,2023-03-29,1000,1000,False
GODREJCP,2023-04-27,1000,1000,False
GODREJCP,2023-05-25,1000,1000,False
GODREJCP,2023-06-28,1000,1000,False
GODREJCP,2023-07-27,1000,1000,False
GODREJCP,2023-08-31,1000,1000,False
GODREJCP,2023-09-28,1000,1000,False
GODREJCP,2023-10-26,1000,1000,False
GODREJCP,2023-11-30,1000,500,True
GODREJCP,2023-12-28,1000,500,True
GODREJCP,2024-01-25,500,500,False
GODREJCP,2024-02-29,500,500,False
GODREJCP,2024-03-28,500,500,False
GODREJCP,2024-04-25,500,500,False
GODREJCP,2024-05-30,500,500,False
GODREJCP,2024-06-27,500,500,False
GODREJCP,2024-07-25,500,500,False
GODREJCP,2024-08-29,500,500,False
GODREJCP,2024-09-26,500,500,False
GODREJCP,2024-10-31,500,500,False
GODREJCP,2024-11-28,500,500,False
GODREJCP,2024-12-26,500,500,False
GODREJCP,2025-01-30,500,500,False
GODREJCP,2025-02-27,500,500,False
GODREJCP,2025-03-27,500,500,False
GODREJCP,2025-04-24,500,500,False
GODREJCP,2025-05-29,500,500,False
GODREJCP,2025-06-26,500,500,False
GODREJCP,2025-07-31,500,500,False
GODREJCP,2025-08-28,500,500,False
GODREJCP,2025-09-30,500,500,False
GODREJCP,2025-10-28,500,500,False
GODREJCP,2025-11-25,500,500,False
GODREJCP,2025-12-30,500,500,False
GODREJCP,2026-01-27,500,500,False
GODREJCP,2026-02-24,500,500,False
GODREJCP,2026-03-30,500,500,False
GODREJCP,2026-04-28,500,500,False
GODREJCP,2026-05-26,500,500,False
GODREJCP,2026-06-30,500,500,False
GODREJCP,2026-07-28,500,500,False
GODREJCP,2026-08-25,500,500,False
GODREJPROP,2020-04-30,650,650,False
GODREJPROP,2020-05-28,650,650,False
GODREJPROP,2020-06-25,650,650,False
GODREJPROP,2020-07-30,650,650,False
GODREJPROP,2020-08-27,650,650,False
GODREJPROP,2020-09-24,650,650,False
GODREJPROP,2020-10-29,650,650,False
GODREJPROP,2020-11-26,650,650,False
GODREJPROP,2020-12-31,650,650,False
GODREJPROP,2021-01-28,650,650,False
GODREJPROP,2021-02-25,650,650,False
GODREJPROP,2021-03-25,650,650,False
GODREJPROP,2021-04-29,650,650,False
GODREJPROP,2021-05-27,650,650,False
GODREJPROP,2021-06-24,650,650,False
GODREJPROP,2021-07-29,650,650,False
GODREJPROP,2021-08-26,650,650,False
GODREJPROP,2021-09-30,650,650,False
GODREJPROP,2021-10-28,650,650,False
GODREJPROP,2021-11-25,650,325,True
GODREJPROP,2021-12-30,650,325,True
GODREJPROP,2022-01-27,325,325,False
GODREJPROP,2022-02-24,325,325,False
GODREJPROP,2022-03-31,325,325,False
GODREJPROP,2022-04-28,325,325,False
GODREJPROP,2022-05-26,325,325,False
GODREJPROP,2022-06-30,325,325,False
GODREJPROP,2022-07-28,325,325,False
GODREJPROP,2022-08-25,325,325,False
GODREJPROP,2022-09-29,325,325,False
GODREJPROP,2022-10-27,325,325,False
GODREJPROP,2022-11-24,325,325,False
GODREJPROP,2022-12-29,325,325,False
GODREJPROP,2023-01-25,425,425,False
GODREJPROP,2023-02-23,425,425,False
GODREJPROP,2023-03-29,425,425,False
GODREJPROP,2023-04-27,425,425,False
GODREJPROP,2023-05-25,425,425,False
GODREJPROP,2023-06-28,425,425,False
GODREJPROP,2023-07-27,475,475,False
GODREJPROP,2023-08-31,475,475,False
GODREJPROP,2023-09-28,475,475,False
GODREJPROP,2023-10-26,475,475,False
GODREJPROP,2023-11-30,475,475,False
GODREJPROP,2023-12-28,475,475,False
GODREJPROP,2024-01-25,475,475,False
GODREJPROP,2024-02-29,475,475,False
GODREJPROP,2024-03-28,475,475,False
GODREJPROP,2024-04-25,475,475,False
GODREJPROP,2024-05-30,475,475,False
GODREJPROP,2024-06-27,475,475,False
GODREJPROP,2024-07-25,225,225,False
GODREJPROP,2024-08-29,225,225,False
GODREJPROP,2024-09-26,225,225,False
GODREJPROP,2024-10-31,225,225,False
GODREJPROP,2024-11-28,225,225,False
GODREJPROP,2024-12-26,225,225,False
GODREJPROP,2025-01-30,225,225,False
GODREJPROP,2025-02-27,225,225,False
GODREJPROP,2025-03-27,225,225,False
GODREJPROP,2025-04-24,225,225,False
GODREJPROP,2025-05-29,225,225,False
GODREJPROP,2025-06-26,225,225,False
GODREJPROP,2025-07-31,275,275,False
GODREJPROP,2025-08-28,275,275,False
GODREJPROP,2025-09-30,275,275,False
GODREJPROP,2025-10-28,275,275,False
GODREJPROP,2025-11-25,275,275,False
GODREJPROP,2025-12-30,275,275,False
GODREJPROP,2026-01-27,275,275,False
GODREJPROP,2026-02-24,275,275,False
GODREJPROP,2026-03-30,275,275,False
GODREJPROP,2026-04-28,275,275,False
GODREJPROP,2026-05-26,275,275,False
GODREJPROP,2026-06-30,275,275,False
GODREJPROP,2026-07-28,325,325,False
GODREJPROP,2026-08-25,325,325,False
GRANULES,2021-03-25,1550,1550,False
GRANULES,2021-04-29,1550,1550,False
GRANULES,2021-05-27,1550,1550,False
GRANULES,2021-06-24,1550,1550,False
GRANULES,2021-07-29,1550,1550,False
GRANULES,2021-08-26,1550,1550,False
GRANULES,2021-09-30,1550,1550,False
GRANULES,2021-10-28,1550,1550,False
GRANULES,2021-11-25,1550,1550,False
GRANULES,2021-12-30,1550,1550,False
GRANULES,2022-01-27,1550,1550,False
GRANULES,2022-02-24,1550,1550,False
GRANULES,2022-03-31,1550,1550,False
GRANULES,2022-04-28,1550,1550,False
GRANULES,2022-05-26,1550,1550,False
GRANULES,2022-06-30,1550,1550,False
GRANULES,2022-07-28,2000,2000,False
GRANULES,2022-08-25,2000,2000,False
GRANULES,2022-09-29,2000,2000,False
GRANULES,2022-10-27,2000,2000,False
GRANULES,2022-11-24,2000,2000,False
GRANULES,2022-12-29,2000,2000,False
GRANULES,2023-01-25,2000,2000,False
GRANULES,2023-02-23,2000,2000,False
GRANULES,2023-03-29,2000,2000,False
GRANULES,2023-04-27,2000,2000,False
GRANULES,2023-05-25,2000,2000,False
GRANULES,2023-06-28,2000,2000,False
GRANULES,2023-07-27,2000,2000,False
GRANULES,2023-08-31,2000,2000,False
GRANULES,2023-09-28,2000,2000,False
GRANULES,2023-10-26,2000,2000,False
GRANULES,2023-11-30,2000,2000,False
GRANULES,2023-12-28,2000,2000,False
GRANULES,2024-01-25,2000,2000,False
GRANULES,2024-02-29,2000,2000,False
GRANULES,2024-03-28,2000,2000,False
GRANULES,2024-04-25,2000,2000,False
GRANULES,2024-05-30,2000,2000,False
GRANULES,2024-06-27,2000,2000,False
GRANULES,2024-07-25,2000,2000,False
GRANULES,2024-08-29,2000,2000,False
GRANULES,2024-09-26,2000,2000,False
GRANULES,2024-10-31,2000,2000,False
GRANULES,2024-11-28,2000,1000,True
GRANULES,2024-12-26,2000,1000,True
GRANULES,2025-01-30,1000,1000,False
GRANULES,2025-02-27,1000,1000,False
GRANULES,2025-03-27,1000,1000,False
GRANULES,2025-04-24,1000,1000,False
GRANULES,2025-05-29,1000,1000,False
GRANULES,2025-06-26,1000,1000,False
GRANULES,2025-07-31,1075,1075,False
GRANULES,2025-08-28,1075,1075,False
GRASIM,2019-10-31,750,750,False
GRASIM,2019-11-28,750,750,False
GRASIM,2019-12-26,750,750,False
GRASIM,2020-01-30,750,750,False
GRASIM,2020-02-27,750,750,False
GRASIM,2020-03-26,750,750,False
GRASIM,2020-04-30,750,750,False
GRASIM,2020-05-28,750,750,False
GRASIM,2020-06-25,750,750,False
GRASIM,2020-07-30,950,950,False
GRASIM,2020-08-27,950,950,False
GRASIM,2020-09-24,950,950,False
GRASIM,2020-10-29,950,950,False
GRASIM,2020-11-26,950,950,False
GRASIM,2020-12-31,950,950,False
GRASIM,2021-01-28,950,950,False
GRASIM,2021-02-25,950,950,False
GRASIM,2021-03-25,950,950,False
GRASIM,2021-04-29,950,950,False
GRASIM,2021-05-27,950,475,True
GRASIM,2021-06-24,950,475,True
GRASIM,2021-07-29,475,475,False
GRASIM,2021-08-26,475,475,False
GRASIM,2021-09-30,475,475,False
GRASIM,2021-10-28,475,475,False
GRASIM,2021-11-25,475,475,False
GRASIM,2021-12-30,475,475,False
GRASIM,2022-01-27,475,475,False
GRASIM,2022-02-24,475,475,False
GRASIM,2022-03-31,475,475,False
GRASIM,2022-04-28,475,475,False
GRASIM,2022-05-26,475,475,False
GRASIM,2022-06-30,475,475,False
GRASIM,2022-07-28,475,475,False
GRASIM,2022-08-25,475,475,False
GRASIM,2022-09-29,475,475,False
GRASIM,2022-10-27,475,475,False
GRASIM,2022-11-24,475,475,False
GRASIM,2022-12-29,475,475,False
GRASIM,2023-01-25,475,475,False
GRASIM,2023-02-23,475,475,False
GRASIM,2023-03-29,475,475,False
GRASIM,2023-04-27,475,475,False
GRASIM,2023-05-25,475,475,False
GRASIM,2023-06-28,475,475,False
GRASIM,2023-07-27,475,475,False
GRASIM,2023-08-31,475,475,False
GRASIM,2023-09-28,475,475,False
GRASIM,2023-10-26,475,475,False
GRASIM,2023-11-30,475,475,False
GRASIM,2023-12-28,475,475,False
GRASIM,2024-01-25,475,477,True
GRASIM,2024-02-29,475,477,True
GRASIM,2024-03-28,475,477,True
GRASIM,2024-04-25,477,477,False
GRASIM,2024-05-30,477,477,False
GRASIM,2024-06-27,477,477,False
GRASIM,2024-07-25,250,250,False
GRASIM,2024-08-29,250,250,False
GRASIM,2024-09-26,250,250,False
GRASIM,2024-10-31,250,250,False
GRASIM,2024-11-28,250,250,False
GRASIM,2024-12-26,250,250,False
GRASIM,2025-01-30,250,250,False
GRASIM,2025-02-27,250,250,False
GRASIM,2025-03-27,250,250,False
GRASIM,2025-04-24,250,250,False
GRASIM,2025-05-29,250,250,False
GRASIM,2025-06-26,250,250,False
GRASIM,2025-07-31,250,250,False
GRASIM,2025-08-28,250,250,False
GRASIM,2025-09-30,250,250,False
GRASIM,2025-10-28,250,250,False
GRASIM,2025-11-25,250,250,False
GRASIM,2025-12-30,250,250,False
GRASIM,2026-01-27,250,250,False
GRASIM,2026-02-24,250,250,False
GRASIM,2026-03-30,250,250,False
GRASIM,2026-04-28,250,250,False
GRASIM,2026-05-26,250,250,False
GRASIM,2026-06-30,250,250,False
GRASIM,2026-07-28,250,250,False
GRASIM,2026-08-25,250,250,False
GSPL,2021-11-25,1700,1700,False
GSPL,2021-12-30,1700,1700,False
GSPL,2022-01-27,1700,1700,False
GSPL,2022-02-24,1700,1700,False
GSPL,2022-03-31,1700,1700,False
GSPL,2022-04-28,1700,1700,False
GSPL,2022-05-26,1700,1700,False
GSPL,2022-06-30,1700,1700,False
GSPL,2022-07-28,2500,2500,False
GSPL,2022-08-25,2500,2500,False
GSPL,2022-09-29,2500,2500,False
GSPL,2022-10-27,2500,2500,False
GSPL,2022-11-24,2500,2500,False
GUJGASLTD,2021-03-25,1250,1250,False
GUJGASLTD,2021-04-29,1250,1250,False
GUJGASLTD,2021-05-27,1250,1250,False
GUJGASLTD,2021-06-24,1250,1250,False
GUJGASLTD,2021-07-29,1250,1250,False
GUJGASLTD,2021-08-26,1250,1250,False
GUJGASLTD,2021-09-30,1250,1250,False
GUJGASLTD,2021-10-28,1250,1250,False
GUJGASLTD,2021-11-25,1250,1250,False
GUJGASLTD,2021-12-30,1250,1250,False
GUJGASLTD,2022-01-27,1250,1250,False
GUJGASLTD,2022-02-24,1250,1250,False
GUJGASLTD,2022-03-31,1250,1250,False
GUJGASLTD,2022-04-28,1250,1250,False
GUJGASLTD,2022-05-26,1250,1250,False
GUJGASLTD,2022-06-30,1250,1250,False
GUJGASLTD,2022-07-28,1250,1250,False
GUJGASLTD,2022-08-25,1250,1250,False
GUJGASLTD,2022-09-29,1250,1250,False
GUJGASLTD,2022-10-27,1250,1250,False
GUJGASLTD,2022-11-24,1250,1250,False
GUJGASLTD,2022-12-29,1250,1250,False
GUJGASLTD,2023-01-25,1250,1250,False
GUJGASLTD,2023-02-23,1250,1250,False
GUJGASLTD,2023-03-29,1250,1250,False
GUJGASLTD,2023-04-27,1250,1250,False
GUJGASLTD,2023-05-25,1250,1250,False
GUJGASLTD,2023-06-28,1250,1250,False
GUJGASLTD,2023-07-27,1250,1250,False
GUJGASLTD,2023-08-31,1250,1250,False
GUJGASLTD,2023-09-28,1250,1250,False
GUJGASLTD,2023-10-26,1250,1250,False
GUJGASLTD,2023-11-30,1250,1250,False
GUJGASLTD,2023-12-28,1250,1250,False
GUJGASLTD,2024-01-25,1250,1250,False
GUJGASLTD,2024-02-29,1250,1250,False
GUJGASLTD,2024-03-28,1250,1250,False
GUJGASLTD,2024-04-25,1250,1250,False
GUJGASLTD,2024-05-30,1250,1250,False
GUJGASLTD,2024-06-27,1250,1250,False
GUJGASLTD,2024-07-25,1250,1250,False
GUJGASLTD,2024-08-29,1250,1250,False
GUJGASLTD,2024-09-26,1250,1250,False
GUJGASLTD,2024-10-31,1250,1250,False
GUJGASLTD,2024-11-28,1250,1250,False
GUJGASLTD,2024-12-26,1250,1250,False
GUJGASLTD,2025-01-30,1250,1250,False
GUJGASLTD,2025-02-27,1250,1250,False
GVT&D,2026-06-30,125,125,False
GVT&D,2026-07-28,125,125,False
GVT&D,2026-08-25,125,125,False
HAL,2021-09-30,475,475,False
HAL,2021-10-28,475,475,False
HAL,2021-11-25,475,475,False
HAL,2021-12-30,475,475,False
HAL,2022-01-27,475,475,False
HAL,2022-02-24,475,475,False
HAL,2022-03-31,475,475,False
HAL,2022-04-28,475,475,False
HAL,2022-05-26,475,475,False
HAL,2022-06-30,475,475,False
HAL,2022-07-28,475,475,False
HAL,2022-08-25,475,475,False
HAL,2022-09-29,475,475,False
HAL,2022-10-27,475,475,False
HAL,2022-11-24,475,475,False
HAL,2022-12-29,475,475,False
HAL,2023-01-25,300,300,False
HAL,2023-02-23,300,300,False
HAL,2023-03-29,300,300,False
HAL,2023-04-27,300,300,False
HAL,2023-05-25,300,300,False
HAL,2023-06-28,300,300,False
HAL,2023-07-27,300,300,False
HAL,2023-08-31,300,300,False
HAL,2023-09-28,300,600,True
HAL,2023-10-26,300,600,True
HAL,2023-11-30,300,300,True
HAL,2023-12-28,600,300,True
HAL,2024-01-25,300,300,False
HAL,2024-02-29,300,300,False
HAL,2024-03-28,300,300,False
HAL,2024-04-25,300,300,False
HAL,2024-05-30,300,300,False
HAL,2024-06-27,300,300,False
HAL,2024-07-25,300,300,False
HAL,2024-08-29,300,300,False
HAL,2024-09-26,300,300,False
HAL,2024-10-31,300,300,False
HAL,2024-11-28,300,150,True
HAL,2024-12-26,300,150,True
HAL,2025-01-30,150,150,False
HAL,2025-02-27,150,150,False
HAL,2025-03-27,150,150,False
HAL,2025-04-24,150,150,False
HAL,2025-05-29,150,150,False
HAL,2025-06-26,150,150,False
HAL,2025-07-31,150,150,False
HAL,2025-08-28,150,150,False
HAL,2025-09-30,150,150,False
HAL,2025-10-28,150,150,False
HAL,2025-11-25,150,150,False
HAL,2025-12-30,150,150,False
HAL,2026-01-27,150,150,False
HAL,2026-02-24,150,150,False
HAL,2026-03-30,150,150,False
HAL,2026-04-28,150,150,False
HAL,2026-05-26,150,150,False
HAL,2026-06-30,150,150,False
HAL,2026-07-28,150,150,False
HAL,2026-08-25,150,150,False
HAVELLS,2019-10-31,1000,1000,False
HAVELLS,2019-11-28,1000,1000,False
HAVELLS,2019-12-26,1000,1000,False
HAVELLS,2020-01-30,1000,1000,False
HAVELLS,2020-02-27,1000,1000,False
HAVELLS,2020-03-26,1000,1000,False
HAVELLS,2020-04-30,1000,1000,False
HAVELLS,2020-05-28,1000,1000,False
HAVELLS,2020-06-25,1000,1000,False
HAVELLS,2020-07-30,1000,1000,False
HAVELLS,2020-08-27,1000,1000,False
HAVELLS,2020-09-24,1000,1000,False
HAVELLS,2020-10-29,1000,1000,False
HAVELLS,2020-11-26,1000,1000,False
HAVELLS,2020-12-31,1000,1000,False
HAVELLS,2021-01-28,1000,1000,False
HAVELLS,2021-02-25,1000,1000,False
HAVELLS,2021-03-25,1000,1000,False
HAVELLS,2021-04-29,1000,1000,False
HAVELLS,2021-05-27,1000,500,True
HAVELLS,2021-06-24,1000,500,True
HAVELLS,2021-07-29,500,500,False
HAVELLS,2021-08-26,500,500,False
HAVELLS,2021-09-30,500,500,False
HAVELLS,2021-10-28,500,500,False
HAVELLS,2021-11-25,500,500,False
HAVELLS,2021-12-30,500,500,False
HAVELLS,2022-01-27,500,500,False
HAVELLS,2022-02-24,500,500,False
HAVELLS,2022-03-31,500,500,False
HAVELLS,2022-04-28,500,500,False
HAVELLS,2022-05-26,500,500,False
HAVELLS,2022-06-30,500,500,False
HAVELLS,2022-07-28,500,500,False
HAVELLS,2022-08-25,500,500,False
HAVELLS,2022-09-29,500,500,False
HAVELLS,2022-10-27,500,500,False
HAVELLS,2022-11-24,500,500,False
HAVELLS,2022-12-29,500,500,False
HAVELLS,2023-01-25,500,500,False
HAVELLS,2023-02-23,500,500,False
HAVELLS,2023-03-29,500,500,False
HAVELLS,2023-04-27,500,500,False
HAVELLS,2023-05-25,500,500,False
HAVELLS,2023-06-28,500,500,False
HAVELLS,2023-07-27,500,500,False
HAVELLS,2023-08-31,500,500,False
HAVELLS,2023-09-28,500,500,False
HAVELLS,2023-10-26,500,500,False
HAVELLS,2023-11-30,500,500,False
HAVELLS,2023-12-28,500,500,False
HAVELLS,2024-01-25,500,500,False
HAVELLS,2024-02-29,500,500,False
HAVELLS,2024-03-28,500,500,False
HAVELLS,2024-04-25,500,500,False
HAVELLS,2024-05-30,500,500,False
HAVELLS,2024-06-27,500,500,False
HAVELLS,2024-07-25,500,500,False
HAVELLS,2024-08-29,500,500,False
HAVELLS,2024-09-26,500,500,False
HAVELLS,2024-10-31,500,500,False
HAVELLS,2024-11-28,500,500,False
HAVELLS,2024-12-26,500,500,False
HAVELLS,2025-01-30,500,500,False
HAVELLS,2025-02-27,500,500,False
HAVELLS,2025-03-27,500,500,False
HAVELLS,2025-04-24,500,500,False
HAVELLS,2025-05-29,500,500,False
HAVELLS,2025-06-26,500,500,False
HAVELLS,2025-07-31,500,500,False
HAVELLS,2025-08-28,500,500,False
HAVELLS,2025-09-30,500,500,False
HAVELLS,2025-10-28,500,500,False
HAVELLS,2025-11-25,500,500,False
HAVELLS,2025-12-30,500,500,False
HAVELLS,2026-01-27,500,500,False
HAVELLS,2026-02-24,500,500,False
HAVELLS,2026-03-30,500,500,False
HAVELLS,2026-04-28,500,500,False
HAVELLS,2026-05-26,500,500,False
HAVELLS,2026-06-30,500,500,False
HAVELLS,2026-07-28,500,500,False
HAVELLS,2026-08-25,500,500,False
HCLTECH,2019-10-31,700,700,False
HCLTECH,2019-11-28,700,700,False
HCLTECH,2019-12-26,700,1400,True
HCLTECH,2020-01-30,700,1400,True
HCLTECH,2020-02-27,1400,1400,False
HCLTECH,2020-03-26,1400,1400,False
HCLTECH,2020-04-30,1400,1400,False
HCLTECH,2020-05-28,1400,1400,False
HCLTECH,2020-06-25,1400,1400,False
HCLTECH,2020-07-30,1400,1400,False
HCLTECH,2020-08-27,1400,1400,False
HCLTECH,2020-09-24,1400,1400,False
HCLTECH,2020-10-29,1400,1400,False
HCLTECH,2020-11-26,1400,700,True
HCLTECH,2020-12-31,1400,700,True
HCLTECH,2021-01-28,700,700,False
HCLTECH,2021-02-25,700,700,False
HCLTECH,2021-03-25,700,700,False
HCLTECH,2021-04-29,700,700,False
HCLTECH,2021-05-27,700,700,False
HCLTECH,2021-06-24,700,700,False
HCLTECH,2021-07-29,700,700,False
HCLTECH,2021-08-26,700,700,False
HCLTECH,2021-09-30,700,700,False
HCLTECH,2021-10-28,700,700,False
HCLTECH,2021-11-25,700,700,False
HCLTECH,2021-12-30,700,700,False
HCLTECH,2022-01-27,700,700,False
HCLTECH,2022-02-24,700,700,False
HCLTECH,2022-03-31,700,700,False
HCLTECH,2022-04-28,700,700,False
HCLTECH,2022-05-26,700,700,False
HCLTECH,2022-06-30,700,700,False
HCLTECH,2022-07-28,700,700,False
HCLTECH,2022-08-25,700,700,False
HCLTECH,2022-09-29,700,700,False
HCLTECH,2022-10-27,700,700,False
HCLTECH,2022-11-24,700,700,False
HCLTECH,2022-12-29,700,700,False
HCLTECH,2023-01-25,700,700,False
HCLTECH,2023-02-23,700,700,False
HCLTECH,2023-03-29,700,700,False
HCLTECH,2023-04-27,700,700,False
HCLTECH,2023-05-25,700,700,False
HCLTECH,2023-06-28,700,700,False
HCLTECH,2023-07-27,700,700,False
HCLTECH,2023-08-31,700,700,False
HCLTECH,2023-09-28,700,700,False
HCLTECH,2023-10-26,700,700,False
HCLTECH,2023-11-30,700,700,False
HCLTECH,2023-12-28,700,700,False
HCLTECH,2024-01-25,700,700,False
HCLTECH,2024-02-29,700,700,False
HCLTECH,2024-03-28,700,700,False
HCLTECH,2024-04-25,700,700,False
HCLTECH,2024-05-30,700,350,True
HCLTECH,2024-06-27,700,350,True
HCLTECH,2024-07-25,350,350,False
HCLTECH,2024-08-29,350,350,False
HCLTECH,2024-09-26,350,350,False
HCLTECH,2024-10-31,350,350,False
HCLTECH,2024-11-28,350,350,False
HCLTECH,2024-12-26,350,350,False
HCLTECH,2025-01-30,350,350,False
HCLTECH,2025-02-27,350,350,False
HCLTECH,2025-03-27,350,350,False
HCLTECH,2025-04-24,350,350,False
HCLTECH,2025-05-29,350,350,False
HCLTECH,2025-06-26,350,350,False
HCLTECH,2025-07-31,350,350,False
HCLTECH,2025-08-28,350,350,False
HCLTECH,2025-09-30,350,350,False
HCLTECH,2025-10-28,350,350,False
HCLTECH,2025-11-25,350,350,False
HCLTECH,2025-12-30,350,350,False
HCLTECH,2026-01-27,350,350,False
HCLTECH,2026-02-24,350,350,False
HCLTECH,2026-03-30,350,350,False
HCLTECH,2026-04-28,350,350,False
HCLTECH,2026-05-26,350,350,False
HCLTECH,2026-06-30,350,350,False
HCLTECH,2026-07-28,400,400,False
HCLTECH,2026-08-25,400,400,False
HDFC,2019-10-31,500,500,False
HDFC,2019-11-28,500,250,True
HDFC,2019-12-26,500,250,True
HDFC,2020-01-30,250,250,False
HDFC,2020-02-27,250,250,False
HDFC,2020-03-26,250,250,False
HDFC,2020-04-30,250,250,False
HDFC,2020-05-28,250,250,False
HDFC,2020-06-25,250,250,False
HDFC,2020-07-30,300,300,False
HDFC,2020-08-27,300,300,False
HDFC,2020-09-24,300,300,False
HDFC,2020-10-29,300,300,False
HDFC,2020-11-26,300,300,False
HDFC,2020-12-31,300,300,False
HDFC,2021-01-28,300,300,False
HDFC,2021-02-25,300,300,False
HDFC,2021-03-25,300,300,False
HDFC,2021-04-29,300,300,False
HDFC,2021-05-27,300,300,False
HDFC,2021-06-24,300,300,False
HDFC,2021-07-29,300,300,False
HDFC,2021-08-26,300,300,False
HDFC,2021-09-30,300,300,False
HDFC,2021-10-28,300,300,False
HDFC,2021-11-25,300,300,False
HDFC,2021-12-30,300,300,False
HDFC,2022-01-27,300,300,False
HDFC,2022-02-24,300,300,False
HDFC,2022-03-31,300,300,False
HDFC,2022-04-28,300,300,False
HDFC,2022-05-26,300,300,False
HDFC,2022-06-30,300,300,False
HDFC,2022-07-28,300,300,False
HDFC,2022-08-25,300,300,False
HDFC,2022-09-29,300,300,False
HDFC,2022-10-27,300,300,False
HDFC,2022-11-24,300,300,False
HDFC,2022-12-29,300,300,False
HDFC,2023-01-25,300,300,False
HDFC,2023-02-23,300,300,False
HDFC,2023-03-29,300,300,False
HDFC,2023-04-27,300,300,False
HDFC,2023-05-25,300,300,False
HDFC,2023-06-28,300,300,False
HDFC,2023-07-27,300,300,False
HDFC,2023-08-31,300,300,False
HDFC,2023-09-28,300,300,False
HDFCAMC,2021-01-28,200,200,False
HDFCAMC,2021-02-25,200,200,False
HDFCAMC,2021-03-25,200,200,False
HDFCAMC,2021-04-29,200,200,False
HDFCAMC,2021-05-27,200,200,False
HDFCAMC,2021-06-24,200,200,False
HDFCAMC,2021-07-29,200,200,False
HDFCAMC,2021-08-26,200,200,False
HDFCAMC,2021-09-30,200,200,False
HDFCAMC,2021-10-28,200,200,False
HDFCAMC,2021-11-25,200,200,False
HDFCAMC,2021-12-30,200,200,False
HDFCAMC,2022-01-27,200,200,False
HDFCAMC,2022-02-24,200,200,False
HDFCAMC,2022-03-31,200,200,False
HDFCAMC,2022-04-28,200,200,False
HDFCAMC,2022-05-26,200,200,False
HDFCAMC,2022-06-30,200,200,False
HDFCAMC,2022-07-28,300,300,False
HDFCAMC,2022-08-25,300,300,False
HDFCAMC,2022-09-29,300,300,False
HDFCAMC,2022-10-27,300,300,False
HDFCAMC,2022-11-24,300,300,False
HDFCAMC,2022-12-29,300,300,False
HDFCAMC,2023-01-25,300,300,False
HDFCAMC,2023-02-23,300,300,False
HDFCAMC,2023-03-29,300,300,False
HDFCAMC,2023-04-27,300,300,False
HDFCAMC,2023-05-25,300,300,False
HDFCAMC,2023-06-28,300,300,False
HDFCAMC,2023-07-27,300,300,False
HDFCAMC,2023-08-31,300,300,False
HDFCAMC,2023-09-28,300,300,False
HDFCAMC,2023-10-26,300,300,False
HDFCAMC,2023-11-30,300,300,False
HDFCAMC,2023-12-28,300,300,False
HDFCAMC,2024-01-25,300,300,False
HDFCAMC,2024-02-29,300,300,False
HDFCAMC,2024-03-28,300,300,False
HDFCAMC,2024-04-25,300,300,False
HDFCAMC,2024-05-30,300,150,True
HDFCAMC,2024-06-27,300,150,True
HDFCAMC,2024-07-25,150,150,False
HDFCAMC,2024-08-29,150,150,False
HDFCAMC,2024-09-26,150,150,False
HDFCAMC,2024-10-31,150,150,False
HDFCAMC,2024-11-28,150,150,False
HDFCAMC,2024-12-26,150,150,False
HDFCAMC,2025-01-30,150,150,False
HDFCAMC,2025-02-27,150,150,False
HDFCAMC,2025-03-27,150,150,False
HDFCAMC,2025-04-24,150,150,False
HDFCAMC,2025-05-29,150,150,False
HDFCAMC,2025-06-26,150,150,False
HDFCAMC,2025-07-31,150,150,False
HDFCAMC,2025-08-28,150,150,False
HDFCAMC,2025-09-30,150,150,False
HDFCAMC,2025-10-28,150,150,False
HDFCAMC,2025-11-25,150,150,False
HDFCAMC,2025-12-30,150,300,True
HDFCAMC,2026-01-27,150,300,True
HDFCAMC,2026-02-24,300,300,False
HDFCAMC,2026-03-30,300,300,False
HDFCAMC,2026-04-28,300,300,False
HDFCAMC,2026-05-26,300,300,False
HDFCAMC,2026-06-30,300,300,False
HDFCAMC,2026-07-28,300,300,False
HDFCAMC,2026-08-25,300,300,False
HDFCBANK,2019-10-31,500,500,False
HDFCBANK,2019-11-28,500,500,False
HDFCBANK,2019-12-26,500,500,False
HDFCBANK,2020-01-30,500,500,False
HDFCBANK,2020-02-27,500,500,False
HDFCBANK,2020-03-26,500,500,False
HDFCBANK,2020-04-30,500,500,False
HDFCBANK,2020-05-28,500,500,False
HDFCBANK,2020-06-25,500,500,False
HDFCBANK,2020-07-30,550,550,False
HDFCBANK,2020-08-27,550,550,False
HDFCBANK,2020-09-24,550,550,False
HDFCBANK,2020-10-29,550,550,False
HDFCBANK,2020-11-26,550,550,False
HDFCBANK,2020-12-31,550,550,False
HDFCBANK,2021-01-28,550,550,False
HDFCBANK,2021-02-25,550,550,False
HDFCBANK,2021-03-25,550,550,False
HDFCBANK,2021-04-29,550,550,False
HDFCBANK,2021-05-27,550,550,False
HDFCBANK,2021-06-24,550,550,False
HDFCBANK,2021-07-29,550,550,False
HDFCBANK,2021-08-26,550,550,False
HDFCBANK,2021-09-30,550,550,False
HDFCBANK,2021-10-28,550,550,False
HDFCBANK,2021-11-25,550,550,False
HDFCBANK,2021-12-30,550,550,False
HDFCBANK,2022-01-27,550,550,False
HDFCBANK,2022-02-24,550,550,False
HDFCBANK,2022-03-31,550,550,False
HDFCBANK,2022-04-28,550,550,False
HDFCBANK,2022-05-26,550,550,False
HDFCBANK,2022-06-30,550,550,False
HDFCBANK,2022-07-28,550,550,False
HDFCBANK,2022-08-25,550,550,False
HDFCBANK,2022-09-29,550,550,False
HDFCBANK,2022-10-27,550,550,False
HDFCBANK,2022-11-24,550,550,False
HDFCBANK,2022-12-29,550,550,False
HDFCBANK,2023-01-25,550,550,False
HDFCBANK,2023-02-23,550,550,False
HDFCBANK,2023-03-29,550,550,False
HDFCBANK,2023-04-27,550,550,False
HDFCBANK,2023-05-25,550,550,False
HDFCBANK,2023-06-28,550,550,False
HDFCBANK,2023-07-27,550,550,False
HDFCBANK,2023-08-31,550,550,False
HDFCBANK,2023-09-28,550,550,False
HDFCBANK,2023-10-26,550,550,False
HDFCBANK,2023-11-30,550,550,False
HDFCBANK,2023-12-28,550,550,False
HDFCBANK,2024-01-25,550,550,False
HDFCBANK,2024-02-29,550,550,False
HDFCBANK,2024-03-28,550,550,False
HDFCBANK,2024-04-25,550,550,False
HDFCBANK,2024-05-30,550,550,False
HDFCBANK,2024-06-27,550,550,False
HDFCBANK,2024-07-25,550,550,False
HDFCBANK,2024-08-29,550,550,False
HDFCBANK,2024-09-26,550,550,False
HDFCBANK,2024-10-31,550,550,False
HDFCBANK,2024-11-28,550,550,False
HDFCBANK,2024-12-26,550,550,False
HDFCBANK,2025-01-30,550,550,False
HDFCBANK,2025-02-27,550,550,False
HDFCBANK,2025-03-27,550,550,False
HDFCBANK,2025-04-24,550,550,False
HDFCBANK,2025-05-29,550,550,False
HDFCBANK,2025-06-26,550,550,False
HDFCBANK,2025-07-31,550,550,False
HDFCBANK,2025-08-28,550,1100,True
HDFCBANK,2025-09-30,550,1100,True
HDFCBANK,2025-10-28,550,1100,True
HDFCBANK,2025-11-25,1100,550,True
HDFCBANK,2025-12-30,1100,550,True
HDFCBANK,2026-01-27,550,550,False
HDFCBANK,2026-02-24,550,550,False
HDFCBANK,2026-03-30,550,550,False
HDFCBANK,2026-04-28,550,550,False
HDFCBANK,2026-05-26,550,550,False
HDFCBANK,2026-06-30,550,550,False
HDFCBANK,2026-07-28,650,650,False
HDFCBANK,2026-08-25,650,650,False
HDFCLIFE,2020-03-26,900,900,False
HDFCLIFE,2020-04-30,900,900,False
HDFCLIFE,2020-05-28,900,900,False
HDFCLIFE,2020-06-25,900,900,False
HDFCLIFE,2020-07-30,1100,1100,False
HDFCLIFE,2020-08-27,1100,1100,False
HDFCLIFE,2020-09-24,1100,1100,False
HDFCLIFE,2020-10-29,1100,1100,False
HDFCLIFE,2020-11-26,1100,1100,False
HDFCLIFE,2020-12-31,1100,1100,False
HDFCLIFE,2021-01-28,1100,1100,False
HDFCLIFE,2021-02-25,1100,1100,False
HDFCLIFE,2021-03-25,1100,1100,False
HDFCLIFE,2021-04-29,1100,1100,False
HDFCLIFE,2021-05-27,1100,1100,False
HDFCLIFE,2021-06-24,1100,1100,False
HDFCLIFE,2021-07-29,1100,1100,False
HDFCLIFE,2021-08-26,1100,1100,False
HDFCLIFE,2021-09-30,1100,1100,False
HDFCLIFE,2021-10-28,1100,1100,False
HDFCLIFE,2021-11-25,1100,1100,False
HDFCLIFE,2021-12-30,1100,1100,False
HDFCLIFE,2022-01-27,1100,1100,False
HDFCLIFE,2022-02-24,1100,1100,False
HDFCLIFE,2022-03-31,1100,1100,False
HDFCLIFE,2022-04-28,1100,1100,False
HDFCLIFE,2022-05-26,1100,1100,False
HDFCLIFE,2022-06-30,1100,1100,False
HDFCLIFE,2022-07-28,1100,1100,False
HDFCLIFE,2022-08-25,1100,1100,False
HDFCLIFE,2022-09-29,1100,1100,False
HDFCLIFE,2022-10-27,1100,1100,False
HDFCLIFE,2022-11-24,1100,1100,False
HDFCLIFE,2022-12-29,1100,1100,False
HDFCLIFE,2023-01-25,1100,1100,False
HDFCLIFE,2023-02-23,1100,1100,False
HDFCLIFE,2023-03-29,1100,1100,False
HDFCLIFE,2023-04-27,1100,1100,False
HDFCLIFE,2023-05-25,1100,1100,False
HDFCLIFE,2023-06-28,1100,1100,False
HDFCLIFE,2023-07-27,1100,1100,False
HDFCLIFE,2023-08-31,1100,1100,False
HDFCLIFE,2023-09-28,1100,1100,False
HDFCLIFE,2023-10-26,1100,1100,False
HDFCLIFE,2023-11-30,1100,1100,False
HDFCLIFE,2023-12-28,1100,1100,False
HDFCLIFE,2024-01-25,1100,1100,False
HDFCLIFE,2024-02-29,1100,1100,False
HDFCLIFE,2024-03-28,1100,1100,False
HDFCLIFE,2024-04-25,1100,1100,False
HDFCLIFE,2024-05-30,1100,1100,False
HDFCLIFE,2024-06-27,1100,1100,False
HDFCLIFE,2024-07-25,1100,1100,False
HDFCLIFE,2024-08-29,1100,1100,False
HDFCLIFE,2024-09-26,1100,1100,False
HDFCLIFE,2024-10-31,1100,1100,False
HDFCLIFE,2024-11-28,1100,1100,False
HDFCLIFE,2024-12-26,1100,1100,False
HDFCLIFE,2025-01-30,1100,1100,False
HDFCLIFE,2025-02-27,1100,1100,False
HDFCLIFE,2025-03-27,1100,1100,False
HDFCLIFE,2025-04-24,1100,1100,False
HDFCLIFE,2025-05-29,1100,1100,False
HDFCLIFE,2025-06-26,1100,1100,False
HDFCLIFE,2025-07-31,1100,1100,False
HDFCLIFE,2025-08-28,1100,1100,False
HDFCLIFE,2025-09-30,1100,1100,False
HDFCLIFE,2025-10-28,1100,1100,False
HDFCLIFE,2025-11-25,1100,1100,False
HDFCLIFE,2025-12-30,1100,1100,False
HDFCLIFE,2026-01-27,1100,1100,False
HDFCLIFE,2026-02-24,1100,1100,False
HDFCLIFE,2026-03-30,1100,1100,False
HDFCLIFE,2026-04-28,1100,1100,False
HDFCLIFE,2026-05-26,1100,1100,False
HDFCLIFE,2026-06-30,1100,1100,False
HDFCLIFE,2026-07-28,1100,1100,False
HDFCLIFE,2026-08-25,1100,1100,False
HEROMOTOCO,2019-10-31,200,200,False
HEROMOTOCO,2019-11-28,200,200,False
HEROMOTOCO,2019-12-26,200,200,False
HEROMOTOCO,2020-01-30,200,200,False
HEROMOTOCO,2020-02-27,200,200,False
HEROMOTOCO,2020-03-26,200,200,False
HEROMOTOCO,2020-04-30,200,200,False
HEROMOTOCO,2020-05-28,200,200,False
HEROMOTOCO,2020-06-25,200,200,False
HEROMOTOCO,2020-07-30,300,300,False
HEROMOTOCO,2020-08-27,300,300,False
HEROMOTOCO,2020-09-24,300,300,False
HEROMOTOCO,2020-10-29,300,300,False
HEROMOTOCO,2020-11-26,300,300,False
HEROMOTOCO,2020-12-31,300,300,False
HEROMOTOCO,2021-01-28,300,300,False
HEROMOTOCO,2021-02-25,300,300,False
HEROMOTOCO,2021-03-25,300,300,False
HEROMOTOCO,2021-04-29,300,300,False
HEROMOTOCO,2021-05-27,300,300,False
HEROMOTOCO,2021-06-24,300,300,False
HEROMOTOCO,2021-07-29,300,300,False
HEROMOTOCO,2021-08-26,300,300,False
HEROMOTOCO,2021-09-30,300,300,False
HEROMOTOCO,2021-10-28,300,300,False
HEROMOTOCO,2021-11-25,300,300,False
HEROMOTOCO,2021-12-30,300,300,False
HEROMOTOCO,2022-01-27,300,300,False
HEROMOTOCO,2022-02-24,300,300,False
HEROMOTOCO,2022-03-31,300,300,False
HEROMOTOCO,2022-04-28,300,300,False
HEROMOTOCO,2022-05-26,300,300,False
HEROMOTOCO,2022-06-30,300,300,False
HEROMOTOCO,2022-07-28,300,300,False
HEROMOTOCO,2022-08-25,300,300,False
HEROMOTOCO,2022-09-29,300,300,False
HEROMOTOCO,2022-10-27,300,300,False
HEROMOTOCO,2022-11-24,300,300,False
HEROMOTOCO,2022-12-29,300,300,False
HEROMOTOCO,2023-01-25,300,300,False
HEROMOTOCO,2023-02-23,300,300,False
HEROMOTOCO,2023-03-29,300,300,False
HEROMOTOCO,2023-04-27,300,300,False
HEROMOTOCO,2023-05-25,300,300,False
HEROMOTOCO,2023-06-28,300,300,False
HEROMOTOCO,2023-07-27,300,300,False
HEROMOTOCO,2023-08-31,300,300,False
HEROMOTOCO,2023-09-28,300,300,False
HEROMOTOCO,2023-10-26,300,300,False
HEROMOTOCO,2023-11-30,300,300,False
HEROMOTOCO,2023-12-28,300,300,False
HEROMOTOCO,2024-01-25,300,300,False
HEROMOTOCO,2024-02-29,300,300,False
HEROMOTOCO,2024-03-28,300,300,False
HEROMOTOCO,2024-04-25,300,300,False
HEROMOTOCO,2024-05-30,300,150,True
HEROMOTOCO,2024-06-27,300,150,True
HEROMOTOCO,2024-07-25,150,150,False
HEROMOTOCO,2024-08-29,150,150,False
HEROMOTOCO,2024-09-26,150,150,False
HEROMOTOCO,2024-10-31,150,150,False
HEROMOTOCO,2024-11-28,150,150,False
HEROMOTOCO,2024-12-26,150,150,False
HEROMOTOCO,2025-01-30,150,150,False
HEROMOTOCO,2025-02-27,150,150,False
HEROMOTOCO,2025-03-27,150,150,False
HEROMOTOCO,2025-04-24,150,150,False
HEROMOTOCO,2025-05-29,150,150,False
HEROMOTOCO,2025-06-26,150,150,False
HEROMOTOCO,2025-07-31,150,150,False
HEROMOTOCO,2025-08-28,150,150,False
HEROMOTOCO,2025-09-30,150,150,False
HEROMOTOCO,2025-10-28,150,150,False
HEROMOTOCO,2025-11-25,150,150,False
HEROMOTOCO,2025-12-30,150,150,False
HEROMOTOCO,2026-01-27,150,150,False
HEROMOTOCO,2026-02-24,150,150,False
HEROMOTOCO,2026-03-30,150,150,False
HEROMOTOCO,2026-04-28,150,150,False
HEROMOTOCO,2026-05-26,150,150,False
HEROMOTOCO,2026-06-30,150,150,False
HEROMOTOCO,2026-07-28,150,150,False
HEROMOTOCO,2026-08-25,150,150,False
HEXAWARE,2019-10-31,1500,1500,False
HEXAWARE,2019-11-28,1500,1500,False
HEXAWARE,2019-12-26,1500,1500,False
HFCL,2024-12-26,4150,4150,False
HFCL,2025-01-30,4150,4150,False
HFCL,2025-02-27,4150,4150,False
HFCL,2025-03-27,4150,4150,False
HFCL,2025-04-24,4150,4150,False
HFCL,2025-05-29,4150,4150,False
HFCL,2025-06-26,4150,4150,False
HFCL,2025-07-31,6450,6450,False
HFCL,2025-08-28,6450,6450,False
HFCL,2025-09-30,6450,6450,False
HFCL,2025-10-28,6450,6450,False
HFCL,2025-11-25,6450,6450,False
HFCL,2025-12-30,6450,6450,False
HINDALCO,2019-10-31,3500,3500,False
HINDALCO,2019-11-28,3500,3500,False
HINDALCO,2019-12-26,3500,3500,False
HINDALCO,2020-01-30,3500,3500,False
HINDALCO,2020-02-27,3500,3500,False
HINDALCO,2020-03-26,3500,3500,False
HINDALCO,2020-04-30,3500,3500,False
HINDALCO,2020-05-28,3500,3500,False
HINDALCO,2020-06-25,3500,3500,False
HINDALCO,2020-07-30,4300,4300,False
HINDALCO,2020-08-27,4300,4300,False
HINDALCO,2020-09-24,4300,4300,False
HINDALCO,2020-10-29,4300,4300,False
HINDALCO,2020-11-26,4300,4300,False
HINDALCO,2020-12-31,4300,4300,False
HINDALCO,2021-01-28,4300,4300,False
HINDALCO,2021-02-25,4300,4300,False
HINDALCO,2021-03-25,4300,4300,False
HINDALCO,2021-04-29,4300,4300,False
HINDALCO,2021-05-27,4300,2150,True
HINDALCO,2021-06-24,4300,2150,True
HINDALCO,2021-07-29,2150,2150,False
HINDALCO,2021-08-26,2150,2150,False
HINDALCO,2021-09-30,2150,2150,False
HINDALCO,2021-10-28,2150,2150,False
HINDALCO,2021-11-25,2150,1075,True
HINDALCO,2021-12-30,2150,1075,True
HINDALCO,2022-01-27,1075,1075,False
HINDALCO,2022-02-24,1075,1075,False
HINDALCO,2022-03-31,1075,1075,False
HINDALCO,2022-04-28,1075,1075,False
HINDALCO,2022-05-26,1075,1075,False
HINDALCO,2022-06-30,1075,1075,False
HINDALCO,2022-07-28,1075,1075,False
HINDALCO,2022-08-25,1075,1075,False
HINDALCO,2022-09-29,1075,1075,False
HINDALCO,2022-10-27,1075,1075,False
HINDALCO,2022-11-24,1075,1075,False
HINDALCO,2022-12-29,1075,1075,False
HINDALCO,2023-01-25,1400,1400,False
HINDALCO,2023-02-23,1400,1400,False
HINDALCO,2023-03-29,1400,1400,False
HINDALCO,2023-04-27,1400,1400,False
HINDALCO,2023-05-25,1400,1400,False
HINDALCO,2023-06-28,1400,1400,False
HINDALCO,2023-07-27,1400,1400,False
HINDALCO,2023-08-31,1400,1400,False
HINDALCO,2023-09-28,1400,1400,False
HINDALCO,2023-10-26,1400,1400,False
HINDALCO,2023-11-30,1400,1400,False
HINDALCO,2023-12-28,1400,1400,False
HINDALCO,2024-01-25,1400,1400,False
HINDALCO,2024-02-29,1400,1400,False
HINDALCO,2024-03-28,1400,1400,False
HINDALCO,2024-04-25,1400,1400,False
HINDALCO,2024-05-30,1400,1400,False
HINDALCO,2024-06-27,1400,1400,False
HINDALCO,2024-07-25,1400,1400,False
HINDALCO,2024-08-29,1400,1400,False
HINDALCO,2024-09-26,1400,1400,False
HINDALCO,2024-10-31,1400,1400,False
HINDALCO,2024-11-28,1400,1400,False
HINDALCO,2024-12-26,1400,1400,False
HINDALCO,2025-01-30,1400,1400,False
HINDALCO,2025-02-27,1400,1400,False
HINDALCO,2025-03-27,1400,1400,False
HINDALCO,2025-04-24,1400,1400,False
HINDALCO,2025-05-29,1400,1400,False
HINDALCO,2025-06-26,1400,1400,False
HINDALCO,2025-07-31,1400,1400,False
HINDALCO,2025-08-28,1400,1400,False
HINDALCO,2025-09-30,1400,1400,False
HINDALCO,2025-10-28,1400,1400,False
HINDALCO,2025-11-25,1400,700,True
HINDALCO,2025-12-30,1400,700,True
HINDALCO,2026-01-27,700,700,False
HINDALCO,2026-02-24,700,700,False
HINDALCO,2026-03-30,700,700,False
HINDALCO,2026-04-28,700,700,False
HINDALCO,2026-05-26,700,700,False
HINDALCO,2026-06-30,700,700,False
HINDALCO,2026-07-28,700,700,False
HINDALCO,2026-08-25,700,700,False
HINDCOPPER,2022-01-27,4300,4300,False
HINDCOPPER,2022-02-24,4300,4300,False
HINDCOPPER,2022-03-31,4300,4300,False
HINDCOPPER,2022-04-28,4300,4300,False
HINDCOPPER,2022-05-26,4300,4300,False
HINDCOPPER,2022-06-30,4300,4300,False
HINDCOPPER,2022-07-28,4300,4300,False
HINDCOPPER,2022-08-25,4300,4300,False
HINDCOPPER,2022-09-29,4300,4300,False
HINDCOPPER,2022-10-27,4300,4300,False
HINDCOPPER,2022-11-24,4300,4300,False
HINDCOPPER,2022-12-29,4300,4300,False
HINDCOPPER,2023-01-25,4800,4800,False
HINDCOPPER,2023-02-23,4800,4800,False
HINDCOPPER,2023-03-29,4800,4800,False
HINDCOPPER,2023-04-27,4800,4800,False
HINDCOPPER,2023-05-25,4800,4800,False
HINDCOPPER,2023-06-28,4800,4800,False
HINDCOPPER,2023-07-27,5300,5300,False
HINDCOPPER,2023-08-31,5300,5300,False
HINDCOPPER,2023-09-28,5300,5300,False
HINDCOPPER,2023-10-26,5300,5300,False
HINDCOPPER,2023-11-30,5300,5300,False
HINDCOPPER,2023-12-28,5300,5300,False
HINDCOPPER,2024-01-25,5300,5300,False
HINDCOPPER,2024-02-29,5300,5300,False
HINDCOPPER,2024-03-28,5300,5300,False
HINDCOPPER,2024-04-25,5300,5300,False
HINDCOPPER,2024-05-30,5300,2650,True
HINDCOPPER,2024-06-27,5300,2650,True
HINDCOPPER,2024-07-25,2650,2650,False
HINDCOPPER,2024-08-29,2650,2650,False
HINDCOPPER,2024-09-26,2650,2650,False
HINDCOPPER,2024-10-31,2650,2650,False
HINDCOPPER,2024-11-28,2650,2650,False
HINDCOPPER,2024-12-26,2650,2650,False
HINDCOPPER,2025-01-30,2650,2650,False
HINDCOPPER,2025-02-27,2650,2650,False
HINDCOPPER,2025-03-27,2650,2650,False
HINDCOPPER,2025-04-24,2650,2650,False
HINDCOPPER,2025-05-29,2650,2650,False
HINDCOPPER,2025-06-26,2650,2650,False
HINDCOPPER,2025-07-31,2650,2650,False
HINDPETRO,2019-10-31,2100,2100,False
HINDPETRO,2019-11-28,2100,2100,False
HINDPETRO,2019-12-26,2100,2100,False
HINDPETRO,2020-01-30,2100,2100,False
HINDPETRO,2020-02-27,2100,2100,False
HINDPETRO,2020-03-26,2100,2100,False
HINDPETRO,2020-04-30,2100,2100,False
HINDPETRO,2020-05-28,2100,2100,False
HINDPETRO,2020-06-25,2100,2100,False
HINDPETRO,2020-07-30,2700,2700,False
HINDPETRO,2020-08-27,2700,2700,False
HINDPETRO,2020-09-24,2700,2700,False
HINDPETRO,2020-10-29,2700,2700,False
HINDPETRO,2020-11-26,2700,2700,False
HINDPETRO,2020-12-31,2700,2700,False
HINDPETRO,2021-01-28,2700,2700,False
HINDPETRO,2021-02-25,2700,2700,False
HINDPETRO,2021-03-25,2700,2700,False
HINDPETRO,2021-04-29,2700,2700,False
HINDPETRO,2021-05-27,2700,2700,False
HINDPETRO,2021-06-24,2700,2700,False
HINDPETRO,2021-07-29,2700,2700,False
HINDPETRO,2021-08-26,2700,2700,False
HINDPETRO,2021-09-30,2700,2700,False
HINDPETRO,2021-10-28,2700,2700,False
HINDPETRO,2021-11-25,2700,2700,False
HINDPETRO,2021-12-30,2700,2700,False
HINDPETRO,2022-01-27,2700,2700,False
HINDPETRO,2022-02-24,2700,2700,False
HINDPETRO,2022-03-31,2700,2700,False
HINDPETRO,2022-04-28,2700,2700,False
HINDPETRO,2022-05-26,2700,2700,False
HINDPETRO,2022-06-30,2700,2700,False
HINDPETRO,2022-07-28,2700,2700,False
HINDPETRO,2022-08-25,2700,2700,False
HINDPETRO,2022-09-29,2700,2700,False
HINDPETRO,2022-10-27,2700,2700,False
HINDPETRO,2022-11-24,2700,2700,False
HINDPETRO,2022-12-29,2700,2700,False
HINDPETRO,2023-01-25,2700,2700,False
HINDPETRO,2023-02-23,2700,2700,False
HINDPETRO,2023-03-29,2700,2700,False
HINDPETRO,2023-04-27,2700,2700,False
HINDPETRO,2023-05-25,2700,2700,False
HINDPETRO,2023-06-28,2700,2700,False
HINDPETRO,2023-07-27,2700,2700,False
HINDPETRO,2023-08-31,2700,2700,False
HINDPETRO,2023-09-28,2700,2700,False
HINDPETRO,2023-10-26,2700,2700,False
HINDPETRO,2023-11-30,2700,2700,False
HINDPETRO,2023-12-28,2700,2700,False
HINDPETRO,2024-01-25,2700,2700,False
HINDPETRO,2024-02-29,2700,2700,False
HINDPETRO,2024-03-28,2700,2700,False
HINDPETRO,2024-04-25,2700,2700,False
HINDPETRO,2024-05-30,2700,1350,True
HINDPETRO,2024-06-27,2700,2025,True
HINDPETRO,2024-07-25,1350,2025,True
HINDPETRO,2024-08-29,1350,2025,True
HINDPETRO,2024-09-26,2025,2025,False
HINDPETRO,2024-10-31,2025,2025,False
HINDPETRO,2024-11-28,2025,2025,False
HINDPETRO,2024-12-26,2025,2025,False
HINDPETRO,2025-01-30,2025,2025,False
HINDPETRO,2025-02-27,2025,2025,False
HINDPETRO,2025-03-27,2025,2025,False
HINDPETRO,2025-04-24,2025,2025,False
HINDPETRO,2025-05-29,2025,2025,False
HINDPETRO,2025-06-26,2025,2025,False
HINDPETRO,2025-07-31,2025,2025,False
HINDPETRO,2025-08-28,2025,2025,False
HINDPETRO,2025-09-30,2025,2025,False
HINDPETRO,2025-10-28,2025,2025,False
HINDPETRO,2025-11-25,2025,2025,False
HINDPETRO,2025-12-30,2025,2025,False
HINDPETRO,2026-01-27,2025,2025,False
HINDPETRO,2026-02-24,2025,2025,False
HINDPETRO,2026-03-30,2025,2025,False
HINDPETRO,2026-04-28,2025,2025,False
HINDPETRO,2026-05-26,2025,2025,False
HINDPETRO,2026-06-30,2025,2025,False
HINDPETRO,2026-07-28,2025,2025,False
HINDPETRO,2026-08-25,2025,2025,False
HINDUNILVR,2019-10-31,300,300,False
HINDUNILVR,2019-11-28,300,300,False
HINDUNILVR,2019-12-26,300,300,False
HINDUNILVR,2020-01-30,300,300,False
HINDUNILVR,2020-02-27,300,300,False
HINDUNILVR,2020-03-26,300,300,False
HINDUNILVR,2020-04-30,300,300,False
HINDUNILVR,2020-05-28,300,300,False
HINDUNILVR,2020-06-25,300,300,False
HINDUNILVR,2020-07-30,300,300,False
HINDUNILVR,2020-08-27,300,300,False
HINDUNILVR,2020-09-24,300,300,False
HINDUNILVR,2020-10-29,300,300,False
HINDUNILVR,2020-11-26,300,300,False
HINDUNILVR,2020-12-31,300,300,False
HINDUNILVR,2021-01-28,300,300,False
HINDUNILVR,2021-02-25,300,300,False
HINDUNILVR,2021-03-25,300,300,False
HINDUNILVR,2021-04-29,300,300,False
HINDUNILVR,2021-05-27,300,300,False
HINDUNILVR,2021-06-24,300,300,False
HINDUNILVR,2021-07-29,300,300,False
HINDUNILVR,2021-08-26,300,300,False
HINDUNILVR,2021-09-30,300,300,False
HINDUNILVR,2021-10-28,300,300,False
HINDUNILVR,2021-11-25,300,300,False
HINDUNILVR,2021-12-30,300,300,False
HINDUNILVR,2022-01-27,300,300,False
HINDUNILVR,2022-02-24,300,300,False
HINDUNILVR,2022-03-31,300,300,False
HINDUNILVR,2022-04-28,300,300,False
HINDUNILVR,2022-05-26,300,300,False
HINDUNILVR,2022-06-30,300,300,False
HINDUNILVR,2022-07-28,300,300,False
HINDUNILVR,2022-08-25,300,300,False
HINDUNILVR,2022-09-29,300,300,False
HINDUNILVR,2022-10-27,300,300,False
HINDUNILVR,2022-11-24,300,300,False
HINDUNILVR,2022-12-29,300,300,False
HINDUNILVR,2023-01-25,300,300,False
HINDUNILVR,2023-02-23,300,300,False
HINDUNILVR,2023-03-29,300,300,False
HINDUNILVR,2023-04-27,300,300,False
HINDUNILVR,2023-05-25,300,300,False
HINDUNILVR,2023-06-28,300,300,False
HINDUNILVR,2023-07-27,300,300,False
HINDUNILVR,2023-08-31,300,300,False
HINDUNILVR,2023-09-28,300,300,False
HINDUNILVR,2023-10-26,300,300,False
HINDUNILVR,2023-11-30,300,300,False
HINDUNILVR,2023-12-28,300,300,False
HINDUNILVR,2024-01-25,300,300,False
HINDUNILVR,2024-02-29,300,300,False
HINDUNILVR,2024-03-28,300,300,False
HINDUNILVR,2024-04-25,300,300,False
HINDUNILVR,2024-05-30,300,300,False
HINDUNILVR,2024-06-27,300,300,False
HINDUNILVR,2024-07-25,300,300,False
HINDUNILVR,2024-08-29,300,300,False
HINDUNILVR,2024-09-26,300,300,False
HINDUNILVR,2024-10-31,300,300,False
HINDUNILVR,2024-11-28,300,300,False
HINDUNILVR,2024-12-26,300,300,False
HINDUNILVR,2025-01-30,300,300,False
HINDUNILVR,2025-02-27,300,300,False
HINDUNILVR,2025-03-27,300,300,False
HINDUNILVR,2025-04-24,300,300,False
HINDUNILVR,2025-05-29,300,300,False
HINDUNILVR,2025-06-26,300,300,False
HINDUNILVR,2025-07-31,300,300,False
HINDUNILVR,2025-08-28,300,300,False
HINDUNILVR,2025-09-30,300,300,False
HINDUNILVR,2025-10-28,300,300,False
HINDUNILVR,2025-11-25,300,300,False
HINDUNILVR,2025-12-30,300,300,False
HINDUNILVR,2026-01-27,300,300,False
HINDUNILVR,2026-02-24,300,300,False
HINDUNILVR,2026-03-30,300,300,False
HINDUNILVR,2026-04-28,300,300,False
HINDUNILVR,2026-05-26,300,300,False
HINDUNILVR,2026-06-30,300,300,False
HINDUNILVR,2026-07-28,300,300,False
HINDUNILVR,2026-08-25,300,300,False
HINDZINC,2025-04-24,1225,1225,False
HINDZINC,2025-05-29,1225,1225,False
HINDZINC,2025-06-26,1225,1225,False
HINDZINC,2025-07-31,1225,1225,False
HINDZINC,2025-08-28,1225,1225,False
HINDZINC,2025-09-30,1225,1225,False
HINDZINC,2025-10-28,1225,1225,False
HINDZINC,2025-11-25,1225,1225,False
HINDZINC,2025-12-30,1225,1225,False
HINDZINC,2026-01-27,1225,1225,False
HINDZINC,2026-02-24,1225,1225,False
HINDZINC,2026-03-30,1225,1225,False
HINDZINC,2026-04-28,1225,1225,False
HINDZINC,2026-05-26,1225,1225,False
HINDZINC,2026-06-30,1225,1225,False
HINDZINC,2026-07-28,1225,1225,False
HINDZINC,2026-08-25,1225,1225,False
HONAUT,2022-01-27,15,15,False
HONAUT,2022-02-24,15,15,False
HONAUT,2022-03-31,15,15,False
HONAUT,2022-04-28,15,15,False
HONAUT,2022-05-26,15,15,False
HONAUT,2022-06-30,15,15,False
HONAUT,2022-07-28,15,15,False
HONAUT,2022-08-25,15,15,False
HONAUT,2022-09-29,15,15,False
HONAUT,2022-10-27,15,15,False
HONAUT,2022-11-24,15,15,False
HONAUT,2022-12-29,15,15,False
HONAUT,2023-01-25,15,15,False
HONAUT,2023-02-23,15,15,False
HONAUT,2023-03-29,15,15,False
HONAUT,2023-04-27,15,15,False
HUDCO,2024-12-26,2425,2425,False
HUDCO,2025-01-30,2425,2425,False
HUDCO,2025-02-27,2425,2425,False
HUDCO,2025-03-27,2425,2425,False
HUDCO,2025-04-24,2425,2425,False
HUDCO,2025-05-29,2425,2425,False
HUDCO,2025-06-26,2425,2425,False
HUDCO,2025-07-31,2775,2775,False
HUDCO,2025-08-28,2775,2775,False
HUDCO,2025-09-30,2775,2775,False
HUDCO,2025-10-28,2775,2775,False
HUDCO,2025-11-25,2775,2775,False
HUDCO,2025-12-30,2775,2775,False
HUDCO,2026-01-27,2775,2775,False
HUDCO,2026-02-24,2775,2775,False
HUDCO,2026-03-30,2775,2775,False
HUDCO,2026-04-28,2775,2775,False
HYUNDAI,2026-04-28,275,275,False
HYUNDAI,2026-05-26,275,275,False
HYUNDAI,2026-06-30,275,275,False
HYUNDAI,2026-07-28,275,275,False
HYUNDAI,2026-08-25,275,275,False
IBULHSGFIN,2019-10-31,800,800,False
IBULHSGFIN,2019-11-28,800,800,False
IBULHSGFIN,2019-12-26,800,800,False
IBULHSGFIN,2020-01-30,1200,1200,False
IBULHSGFIN,2020-02-27,1200,1200,False
IBULHSGFIN,2020-03-26,1200,1200,False
IBULHSGFIN,2020-04-30,1200,1200,False
IBULHSGFIN,2020-05-28,1200,1200,False
IBULHSGFIN,2020-06-25,1200,1200,False
IBULHSGFIN,2020-07-30,3100,3100,False
IBULHSGFIN,2020-08-27,3100,3100,False
IBULHSGFIN,2020-09-24,3100,3100,False
IBULHSGFIN,2020-10-29,3100,3100,False
IBULHSGFIN,2020-11-26,3100,3100,False
IBULHSGFIN,2020-12-31,3100,3100,False
IBULHSGFIN,2021-01-28,3100,3100,False
IBULHSGFIN,2021-02-25,3100,3100,False
IBULHSGFIN,2021-03-25,3100,3100,False
IBULHSGFIN,2021-04-29,3100,3100,False
IBULHSGFIN,2021-05-27,3100,3100,False
IBULHSGFIN,2021-06-24,3100,3100,False
IBULHSGFIN,2021-07-29,3100,3100,False
IBULHSGFIN,2021-08-26,3100,3100,False
IBULHSGFIN,2021-09-30,3100,3100,False
IBULHSGFIN,2021-10-28,3100,3100,False
IBULHSGFIN,2021-11-25,3100,3100,False
IBULHSGFIN,2021-12-30,3100,3100,False
IBULHSGFIN,2022-01-27,3100,3100,False
IBULHSGFIN,2022-02-24,3100,3100,False
IBULHSGFIN,2022-03-31,3100,3100,False
IBULHSGFIN,2022-04-28,3100,3100,False
IBULHSGFIN,2022-05-26,3100,3100,False
IBULHSGFIN,2022-06-30,3100,3100,False
IBULHSGFIN,2022-07-28,4000,4000,False
IBULHSGFIN,2022-08-25,4000,4000,False
IBULHSGFIN,2022-09-29,4000,4000,False
IBULHSGFIN,2022-10-27,4000,4000,False
IBULHSGFIN,2022-11-24,4000,4000,False
IBULHSGFIN,2022-12-29,4000,4000,False
IBULHSGFIN,2023-01-25,4000,4000,False
IBULHSGFIN,2023-02-23,4000,4000,False
IBULHSGFIN,2023-03-29,4000,4000,False
IBULHSGFIN,2023-04-27,4000,4000,False
IBULHSGFIN,2023-05-25,4000,4000,False
IBULHSGFIN,2023-06-28,4000,4000,False
IBULHSGFIN,2023-07-27,5100,5100,False
IBULHSGFIN,2023-08-31,5100,5100,False
IBULHSGFIN,2023-09-28,5100,5100,False
IBULHSGFIN,2023-10-26,5100,5100,False
IBULHSGFIN,2023-11-30,5100,5100,False
IBULHSGFIN,2023-12-28,5100,5100,False
ICICIBANK,2019-10-31,1375,1375,False
ICICIBANK,2019-11-28,1375,1375,False
ICICIBANK,2019-12-26,1375,1375,False
ICICIBANK,2020-01-30,1375,1375,False
ICICIBANK,2020-02-27,1375,1375,False
ICICIBANK,2020-03-26,1375,1375,False
ICICIBANK,2020-04-30,1375,1375,False
ICICIBANK,2020-05-28,1375,1375,False
ICICIBANK,2020-06-25,1375,1375,False
ICICIBANK,2020-07-30,1375,1375,False
ICICIBANK,2020-08-27,1375,1375,False
ICICIBANK,2020-09-24,1375,1375,False
ICICIBANK,2020-10-29,1375,1375,False
ICICIBANK,2020-11-26,1375,1375,False
ICICIBANK,2020-12-31,1375,1375,False
ICICIBANK,2021-01-28,1375,1375,False
ICICIBANK,2021-02-25,1375,1375,False
ICICIBANK,2021-03-25,1375,1375,False
ICICIBANK,2021-04-29,1375,1375,False
ICICIBANK,2021-05-27,1375,1375,False
ICICIBANK,2021-06-24,1375,1375,False
ICICIBANK,2021-07-29,1375,1375,False
ICICIBANK,2021-08-26,1375,1375,False
ICICIBANK,2021-09-30,1375,1375,False
ICICIBANK,2021-10-28,1375,1375,False
ICICIBANK,2021-11-25,1375,1375,False
ICICIBANK,2021-12-30,1375,1375,False
ICICIBANK,2022-01-27,1375,1375,False
ICICIBANK,2022-02-24,1375,1375,False
ICICIBANK,2022-03-31,1375,1375,False
ICICIBANK,2022-04-28,1375,1375,False
ICICIBANK,2022-05-26,1375,1375,False
ICICIBANK,2022-06-30,1375,1375,False
ICICIBANK,2022-07-28,1375,1375,False
ICICIBANK,2022-08-25,1375,1375,False
ICICIBANK,2022-09-29,1375,1375,False
ICICIBANK,2022-10-27,1375,1375,False
ICICIBANK,2022-11-24,1375,1375,False
ICICIBANK,2022-12-29,1375,1375,False
ICICIBANK,2023-01-25,700,700,False
ICICIBANK,2023-02-23,700,700,False
ICICIBANK,2023-03-29,700,700,False
ICICIBANK,2023-04-27,700,700,False
ICICIBANK,2023-05-25,700,700,False
ICICIBANK,2023-06-28,700,700,False
ICICIBANK,2023-07-27,700,700,False
ICICIBANK,2023-08-31,700,700,False
ICICIBANK,2023-09-28,700,700,False
ICICIBANK,2023-10-26,700,700,False
ICICIBANK,2023-11-30,700,700,False
ICICIBANK,2023-12-28,700,700,False
ICICIBANK,2024-01-25,700,700,False
ICICIBANK,2024-02-29,700,700,False
ICICIBANK,2024-03-28,700,700,False
ICICIBANK,2024-04-25,700,700,False
ICICIBANK,2024-05-30,700,700,False
ICICIBANK,2024-06-27,700,700,False
ICICIBANK,2024-07-25,700,700,False
ICICIBANK,2024-08-29,700,700,False
ICICIBANK,2024-09-26,700,700,False
ICICIBANK,2024-10-31,700,700,False
ICICIBANK,2024-11-28,700,700,False
ICICIBANK,2024-12-26,700,700,False
ICICIBANK,2025-01-30,700,700,False
ICICIBANK,2025-02-27,700,700,False
ICICIBANK,2025-03-27,700,700,False
ICICIBANK,2025-04-24,700,700,False
ICICIBANK,2025-05-29,700,700,False
ICICIBANK,2025-06-26,700,700,False
ICICIBANK,2025-07-31,700,700,False
ICICIBANK,2025-08-28,700,700,False
ICICIBANK,2025-09-30,700,700,False
ICICIBANK,2025-10-28,700,700,False
ICICIBANK,2025-11-25,700,700,False
ICICIBANK,2025-12-30,700,700,False
ICICIBANK,2026-01-27,700,700,False
ICICIBANK,2026-02-24,700,700,False
ICICIBANK,2026-03-30,700,700,False
ICICIBANK,2026-04-28,700,700,False
ICICIBANK,2026-05-26,700,700,False
ICICIBANK,2026-06-30,700,700,False
ICICIBANK,2026-07-28,700,700,False
ICICIBANK,2026-08-25,700,700,False
ICICIGI,2020-11-26,425,425,False
ICICIGI,2020-12-31,425,425,False
ICICIGI,2021-01-28,425,425,False
ICICIGI,2021-02-25,425,425,False
ICICIGI,2021-03-25,425,425,False
ICICIGI,2021-04-29,425,425,False
ICICIGI,2021-05-27,425,425,False
ICICIGI,2021-06-24,425,425,False
ICICIGI,2021-07-29,425,425,False
ICICIGI,2021-08-26,425,425,False
ICICIGI,2021-09-30,425,425,False
ICICIGI,2021-10-28,425,425,False
ICICIGI,2021-11-25,425,425,False
ICICIGI,2021-12-30,425,425,False
ICICIGI,2022-01-27,425,425,False
ICICIGI,2022-02-24,425,425,False
ICICIGI,2022-03-31,425,425,False
ICICIGI,2022-04-28,425,425,False
ICICIGI,2022-05-26,425,425,False
ICICIGI,2022-06-30,425,425,False
ICICIGI,2022-07-28,425,425,False
ICICIGI,2022-08-25,425,425,False
ICICIGI,2022-09-29,425,425,False
ICICIGI,2022-10-27,425,425,False
ICICIGI,2022-11-24,425,425,False
ICICIGI,2022-12-29,425,425,False
ICICIGI,2023-01-25,425,425,False
ICICIGI,2023-02-23,425,425,False
ICICIGI,2023-03-29,425,425,False
ICICIGI,2023-04-27,425,425,False
ICICIGI,2023-05-25,425,425,False
ICICIGI,2023-06-28,425,425,False
ICICIGI,2023-07-27,500,500,False
ICICIGI,2023-08-31,500,500,False
ICICIGI,2023-09-28,500,500,False
ICICIGI,2023-10-26,500,500,False
ICICIGI,2023-11-30,500,500,False
ICICIGI,2023-12-28,500,500,False
ICICIGI,2024-01-25,500,500,False
ICICIGI,2024-02-29,500,500,False
ICICIGI,2024-03-28,500,500,False
ICICIGI,2024-04-25,500,500,False
ICICIGI,2024-05-30,500,500,False
ICICIGI,2024-06-27,500,500,False
ICICIGI,2024-07-25,500,500,False
ICICIGI,2024-08-29,500,500,False
ICICIGI,2024-09-26,500,500,False
ICICIGI,2024-10-31,500,500,False
ICICIGI,2024-11-28,500,250,True
ICICIGI,2024-12-26,500,250,True
ICICIGI,2025-01-30,250,250,False
ICICIGI,2025-02-27,250,250,False
ICICIGI,2025-03-27,250,250,False
ICICIGI,2025-04-24,250,250,False
ICICIGI,2025-05-29,250,250,False
ICICIGI,2025-06-26,250,250,False
ICICIGI,2025-07-31,325,325,False
ICICIGI,2025-08-28,325,325,False
ICICIGI,2025-09-30,325,325,False
ICICIGI,2025-10-28,325,325,False
ICICIGI,2025-11-25,325,325,False
ICICIGI,2025-12-30,325,325,False
ICICIGI,2026-01-27,325,325,False
ICICIGI,2026-02-24,325,325,False
ICICIGI,2026-03-30,325,325,False
ICICIGI,2026-04-28,325,325,False
ICICIGI,2026-05-26,325,325,False
ICICIGI,2026-06-30,325,325,False
ICICIGI,2026-07-28,325,325,False
ICICIGI,2026-08-25,325,325,False
ICICIPRULI,2019-10-31,1500,1500,False
ICICIPRULI,2019-11-28,1500,1500,False
ICICIPRULI,2019-12-26,1500,1500,False
ICICIPRULI,2020-01-30,1500,1500,False
ICICIPRULI,2020-02-27,1500,1500,False
ICICIPRULI,2020-03-26,1500,1500,False
ICICIPRULI,2020-04-30,1500,1500,False
ICICIPRULI,2020-05-28,1500,1500,False
ICICIPRULI,2020-06-25,1500,1500,False
ICICIPRULI,2020-07-30,1500,1500,False
ICICIPRULI,2020-08-27,1500,1500,False
ICICIPRULI,2020-09-24,1500,1500,False
ICICIPRULI,2020-10-29,1500,1500,False
ICICIPRULI,2020-11-26,1500,1500,False
ICICIPRULI,2020-12-31,1500,1500,False
ICICIPRULI,2021-01-28,1500,1500,False
ICICIPRULI,2021-02-25,1500,1500,False
ICICIPRULI,2021-03-25,1500,1500,False
ICICIPRULI,2021-04-29,1500,1500,False
ICICIPRULI,2021-05-27,1500,1500,False
ICICIPRULI,2021-06-24,1500,1500,False
ICICIPRULI,2021-07-29,1500,1500,False
ICICIPRULI,2021-08-26,1500,1500,False
ICICIPRULI,2021-09-30,1500,1500,False
ICICIPRULI,2021-10-28,1500,1500,False
ICICIPRULI,2021-11-25,1500,750,True
ICICIPRULI,2021-12-30,1500,750,True
ICICIPRULI,2022-01-27,750,750,False
ICICIPRULI,2022-02-24,750,750,False
ICICIPRULI,2022-03-31,750,750,False
ICICIPRULI,2022-04-28,750,750,False
ICICIPRULI,2022-05-26,750,750,False
ICICIPRULI,2022-06-30,750,750,False
ICICIPRULI,2022-07-28,1500,1500,False
ICICIPRULI,2022-08-25,1500,1500,False
ICICIPRULI,2022-09-29,1500,1500,False
ICICIPRULI,2022-10-27,1500,1500,False
ICICIPRULI,2022-11-24,1500,1500,False
ICICIPRULI,2022-12-29,1500,1500,False
ICICIPRULI,2023-01-25,1500,1500,False
ICICIPRULI,2023-02-23,1500,1500,False
ICICIPRULI,2023-03-29,1500,1500,False
ICICIPRULI,2023-04-27,1500,1500,False
ICICIPRULI,2023-05-25,1500,1500,False
ICICIPRULI,2023-06-28,1500,1500,False
ICICIPRULI,2023-07-27,1500,1500,False
ICICIPRULI,2023-08-31,1500,1500,False
ICICIPRULI,2023-09-28,1500,1500,False
ICICIPRULI,2023-10-26,1500,1500,False
ICICIPRULI,2023-11-30,1500,1500,False
ICICIPRULI,2023-12-28,1500,1500,False
ICICIPRULI,2024-01-25,1500,1500,False
ICICIPRULI,2024-02-29,1500,1500,False
ICICIPRULI,2024-03-28,1500,1500,False
ICICIPRULI,2024-04-25,1500,1500,False
ICICIPRULI,2024-05-30,1500,1500,False
ICICIPRULI,2024-06-27,1500,1500,False
ICICIPRULI,2024-07-25,1500,1500,False
ICICIPRULI,2024-08-29,1500,1500,False
ICICIPRULI,2024-09-26,1500,1500,False
ICICIPRULI,2024-10-31,1500,1500,False
ICICIPRULI,2024-11-28,1500,750,True
ICICIPRULI,2024-12-26,1500,750,True
ICICIPRULI,2025-01-30,750,750,False
ICICIPRULI,2025-02-27,750,750,False
ICICIPRULI,2025-03-27,750,750,False
ICICIPRULI,2025-04-24,750,750,False
ICICIPRULI,2025-05-29,750,750,False
ICICIPRULI,2025-06-26,750,750,False
ICICIPRULI,2025-07-31,925,925,False
ICICIPRULI,2025-08-28,925,925,False
ICICIPRULI,2025-09-30,925,925,False
ICICIPRULI,2025-10-28,925,925,False
ICICIPRULI,2025-11-25,925,925,False
ICICIPRULI,2025-12-30,925,925,False
ICICIPRULI,2026-01-27,925,925,False
ICICIPRULI,2026-02-24,925,925,False
ICICIPRULI,2026-03-30,925,925,False
ICICIPRULI,2026-04-28,925,925,False
ICICIPRULI,2026-05-26,925,925,False
ICICIPRULI,2026-06-30,925,925,False
ICICIPRULI,2026-07-28,925,925,False
ICICIPRULI,2026-08-25,925,925,False
IDEA,2019-10-31,28000,28000,False
IDEA,2019-11-28,28000,28000,False
IDEA,2019-12-26,28000,28000,False
IDEA,2020-01-30,98000,98000,False
IDEA,2020-02-27,98000,98000,False
IDEA,2020-03-26,98000,98000,False
IDEA,2020-04-30,98000,98000,False
IDEA,2020-05-28,98000,98000,False
IDEA,2020-06-25,98000,98000,False
IDEA,2020-07-30,140000,140000,False
IDEA,2020-08-27,140000,140000,False
IDEA,2020-09-24,140000,140000,False
IDEA,2020-10-29,140000,140000,False
IDEA,2020-11-26,140000,70000,True
IDEA,2020-12-31,140000,70000,True
IDEA,2021-01-28,70000,70000,False
IDEA,2021-02-25,70000,70000,False
IDEA,2021-03-25,70000,70000,False
IDEA,2021-04-29,70000,70000,False
IDEA,2021-05-27,70000,70000,False
IDEA,2021-06-24,70000,70000,False
IDEA,2021-07-29,70000,70000,False
IDEA,2021-08-26,70000,70000,False
IDEA,2021-09-30,70000,70000,False
IDEA,2021-10-28,70000,70000,False
IDEA,2021-11-25,70000,70000,False
IDEA,2021-12-30,70000,70000,False
IDEA,2022-01-27,70000,70000,False
IDEA,2022-02-24,70000,70000,False
IDEA,2022-03-31,70000,70000,False
IDEA,2022-04-28,70000,70000,False
IDEA,2022-05-26,70000,70000,False
IDEA,2022-06-30,70000,70000,False
IDEA,2022-07-28,70000,70000,False
IDEA,2022-08-25,70000,70000,False
IDEA,2022-09-29,70000,70000,False
IDEA,2022-10-27,70000,70000,False
IDEA,2022-11-24,70000,70000,False
IDEA,2022-12-29,70000,70000,False
IDEA,2023-01-25,70000,70000,False
IDEA,2023-02-23,70000,70000,False
IDEA,2023-03-29,70000,70000,False
IDEA,2023-04-27,70000,70000,False
IDEA,2023-05-25,70000,70000,False
IDEA,2023-06-28,70000,70000,False
IDEA,2023-07-27,80000,80000,False
IDEA,2023-08-31,80000,80000,False
IDEA,2023-09-28,80000,80000,False
IDEA,2023-10-26,80000,80000,False
IDEA,2023-11-30,80000,80000,False
IDEA,2023-12-28,80000,80000,False
IDEA,2024-01-25,80000,80000,False
IDEA,2024-02-29,80000,80000,False
IDEA,2024-03-28,80000,80000,False
IDEA,2024-04-25,80000,80000,False
IDEA,2024-05-30,80000,40000,True
IDEA,2024-06-27,80000,40000,True
IDEA,2024-07-25,40000,40000,False
IDEA,2024-08-29,40000,40000,False
IDEA,2024-09-26,40000,40000,False
IDEA,2024-10-31,40000,40000,False
IDEA,2024-11-28,40000,40000,False
IDEA,2024-12-26,40000,40000,False
IDEA,2025-01-30,40000,40000,False
IDEA,2025-02-27,40000,40000,False
IDEA,2025-03-27,40000,40000,False
IDEA,2025-04-24,40000,40000,False
IDEA,2025-05-29,40000,40000,False
IDEA,2025-06-26,40000,40000,False
IDEA,2025-07-31,71475,71475,False
IDEA,2025-08-28,71475,71475,False
IDEA,2025-09-30,71475,71475,False
IDEA,2025-10-28,71475,71475,False
IDEA,2025-11-25,71475,71475,False
IDEA,2025-12-30,71475,71475,False
IDEA,2026-01-27,71475,71475,False
IDEA,2026-02-24,71475,71475,False
IDEA,2026-03-30,71475,71475,False
IDEA,2026-04-28,71475,71475,False
IDEA,2026-05-26,71475,71475,False
IDEA,2026-06-30,71475,71475,False
IDEA,2026-07-28,71475,71475,False
IDEA,2026-08-25,71475,71475,False
IDFC,2022-01-27,10000,10000,False
IDFC,2022-02-24,10000,10000,False
IDFC,2022-03-31,10000,10000,False
IDFC,2022-04-28,10000,10000,False
IDFC,2022-05-26,10000,10000,False
IDFC,2022-06-30,10000,10000,False
IDFC,2022-07-28,10000,10000,False
IDFC,2022-08-25,10000,10000,False
IDFC,2022-09-29,10000,10000,False
IDFC,2022-10-27,10000,10000,False
IDFC,2022-11-24,10000,10000,False
IDFC,2022-12-29,10000,10000,False
IDFC,2023-01-25,10000,10000,False
IDFC,2023-02-23,10000,10000,False
IDFC,2023-03-29,10000,10000,False
IDFC,2023-04-27,10000,10000,False
IDFC,2023-05-25,10000,10000,False
IDFC,2023-06-28,10000,10000,False
IDFC,2023-07-27,10000,10000,False
IDFC,2023-08-31,10000,10000,False
IDFC,2023-09-28,10000,10000,False
IDFC,2023-10-26,10000,10000,False
IDFC,2023-11-30,10000,5000,True
IDFC,2023-12-28,10000,5000,True
IDFC,2024-01-25,5000,5000,False
IDFC,2024-02-29,5000,5000,False
IDFC,2024-03-28,5000,5000,False
IDFC,2024-04-25,5000,5000,False
IDFC,2024-05-30,5000,5000,False
IDFC,2024-06-27,5000,5000,False
IDFC,2024-07-25,5000,5000,False
IDFC,2024-08-29,5000,5000,False
IDFC,2024-09-26,5000,5000,False
IDFC,2024-10-09,5000,5000,False
IDFC,2024-11-28,5000,5000,False
IDFC,2024-12-26,5000,5000,False
IDFCFIRSTB,2019-10-31,12000,12000,False
IDFCFIRSTB,2019-11-28,12000,12000,False
IDFCFIRSTB,2019-12-26,12000,12000,False
IDFCFIRSTB,2020-01-30,12000,12000,False
IDFCFIRSTB,2020-02-27,12000,12000,False
IDFCFIRSTB,2020-03-26,12000,12000,False
IDFCFIRSTB,2020-04-30,12000,12000,False
IDFCFIRSTB,2020-05-28,12000,12000,False
IDFCFIRSTB,2020-06-25,12000,12000,False
IDFCFIRSTB,2020-07-30,19000,19000,False
IDFCFIRSTB,2020-08-27,19000,19000,False
IDFCFIRSTB,2020-09-24,19000,19000,False
IDFCFIRSTB,2020-10-29,19000,19000,False
IDFCFIRSTB,2020-11-26,19000,19000,False
IDFCFIRSTB,2020-12-31,19000,19000,False
IDFCFIRSTB,2021-01-28,19000,19000,False
IDFCFIRSTB,2021-02-25,19000,19000,False
IDFCFIRSTB,2021-03-25,19000,19000,False
IDFCFIRSTB,2021-04-29,19000,19000,False
IDFCFIRSTB,2021-05-27,19000,9500,True
IDFCFIRSTB,2021-06-24,19000,9500,True
IDFCFIRSTB,2021-07-29,9500,9500,False
IDFCFIRSTB,2021-08-26,9500,9500,False
IDFCFIRSTB,2021-09-30,9500,9500,False
IDFCFIRSTB,2021-10-28,9500,9500,False
IDFCFIRSTB,2021-11-25,9500,9500,False
IDFCFIRSTB,2021-12-30,9500,9500,False
IDFCFIRSTB,2022-01-27,11100,11100,False
IDFCFIRSTB,2022-02-24,11100,11100,False
IDFCFIRSTB,2022-03-31,11100,11100,False
IDFCFIRSTB,2022-04-28,11100,11100,False
IDFCFIRSTB,2022-05-26,11100,11100,False
IDFCFIRSTB,2022-06-30,11100,11100,False
IDFCFIRSTB,2022-07-28,15000,15000,False
IDFCFIRSTB,2022-08-25,15000,15000,False
IDFCFIRSTB,2022-09-29,15000,15000,False
IDFCFIRSTB,2022-10-27,15000,15000,False
IDFCFIRSTB,2022-11-24,15000,15000,False
IDFCFIRSTB,2022-12-29,15000,15000,False
IDFCFIRSTB,2023-01-25,15000,15000,False
IDFCFIRSTB,2023-02-23,15000,15000,False
IDFCFIRSTB,2023-03-29,15000,15000,False
IDFCFIRSTB,2023-04-27,15000,15000,False
IDFCFIRSTB,2023-05-25,15000,15000,False
IDFCFIRSTB,2023-06-28,15000,15000,False
IDFCFIRSTB,2023-07-27,15000,15000,False
IDFCFIRSTB,2023-08-31,15000,15000,False
IDFCFIRSTB,2023-09-28,15000,15000,False
IDFCFIRSTB,2023-10-26,15000,15000,False
IDFCFIRSTB,2023-11-30,15000,7500,True
IDFCFIRSTB,2023-12-28,15000,7500,True
IDFCFIRSTB,2024-01-25,7500,7500,False
IDFCFIRSTB,2024-02-29,7500,7500,False
IDFCFIRSTB,2024-03-28,7500,7500,False
IDFCFIRSTB,2024-04-25,7500,7500,False
IDFCFIRSTB,2024-05-30,7500,7500,False
IDFCFIRSTB,2024-06-27,7500,7500,False
IDFCFIRSTB,2024-07-25,7500,7500,False
IDFCFIRSTB,2024-08-29,7500,7500,False
IDFCFIRSTB,2024-09-26,7500,7500,False
IDFCFIRSTB,2024-10-31,7500,7500,False
IDFCFIRSTB,2024-11-28,7500,7500,False
IDFCFIRSTB,2024-12-26,7500,7500,False
IDFCFIRSTB,2025-01-30,7500,7500,False
IDFCFIRSTB,2025-02-27,7500,7500,False
IDFCFIRSTB,2025-03-27,7500,7500,False
IDFCFIRSTB,2025-04-24,7500,7500,False
IDFCFIRSTB,2025-05-29,7500,7500,False
IDFCFIRSTB,2025-06-26,7500,7500,False
IDFCFIRSTB,2025-07-31,9275,9275,False
IDFCFIRSTB,2025-08-28,9275,9275,False
IDFCFIRSTB,2025-09-30,9275,9275,False
IDFCFIRSTB,2025-10-28,9275,9275,False
IDFCFIRSTB,2025-11-25,9275,9275,False
IDFCFIRSTB,2025-12-30,9275,9275,False
IDFCFIRSTB,2026-01-27,9275,9275,False
IDFCFIRSTB,2026-02-24,9275,9275,False
IDFCFIRSTB,2026-03-30,9275,9275,False
IDFCFIRSTB,2026-04-28,9275,9275,False
IDFCFIRSTB,2026-05-26,9275,9275,False
IDFCFIRSTB,2026-06-30,9275,9275,False
IDFCFIRSTB,2026-07-28,9275,9275,False
IDFCFIRSTB,2026-08-25,9275,9275,False
IEX,2021-09-30,1250,1250,False
IEX,2021-10-28,1250,1250,False
IEX,2021-11-25,1250,1250,False
IEX,2021-12-30,1250,3750,True
IEX,2022-01-27,1250,3750,True
IEX,2022-02-24,1250,3750,True
IEX,2022-03-31,3750,3750,False
IEX,2022-04-28,3750,3750,False
IEX,2022-05-26,3750,3750,False
IEX,2022-06-30,3750,3750,False
IEX,2022-07-28,3750,3750,False
IEX,2022-08-25,3750,3750,False
IEX,2022-09-29,3750,3750,False
IEX,2022-10-27,3750,3750,False
IEX,2022-11-24,3750,3750,False
IEX,2022-12-29,3750,3750,False
IEX,2023-01-25,3750,3750,False
IEX,2023-02-23,3750,3750,False
IEX,2023-03-29,3750,3750,False
IEX,2023-04-27,3750,3750,False
IEX,2023-05-25,3750,3750,False
IEX,2023-06-28,3750,3750,False
IEX,2023-07-27,3750,3750,False
IEX,2023-08-31,3750,3750,False
IEX,2023-09-28,3750,3750,False
IEX,2023-10-26,3750,3750,False
IEX,2023-11-30,3750,3750,False
IEX,2023-12-28,3750,3750,False
IEX,2024-01-25,3750,3750,False
IEX,2024-02-29,3750,3750,False
IEX,2024-03-28,3750,3750,False
IEX,2024-04-25,3750,3750,False
IEX,2024-05-30,3750,3750,False
IEX,2024-06-27,3750,3750,False
IEX,2024-07-25,3750,3750,False
IEX,2024-08-29,3750,3750,False
IEX,2024-09-26,3750,3750,False
IEX,2024-10-31,3750,3750,False
IEX,2024-11-28,3750,3750,False
IEX,2024-12-26,3750,3750,False
IEX,2025-01-30,3750,3750,False
IEX,2025-02-27,3750,3750,False
IEX,2025-03-27,3750,3750,False
IEX,2025-04-24,3750,3750,False
IEX,2025-05-29,3750,3750,False
IEX,2025-06-26,3750,3750,False
IEX,2025-07-31,3750,3750,False
IEX,2025-08-28,3750,3750,False
IEX,2025-09-30,3750,3750,False
IEX,2025-10-28,3750,3750,False
IEX,2025-11-25,3750,3750,False
IEX,2025-12-30,3750,3750,False
IEX,2026-01-27,3750,3750,False
IEX,2026-02-24,3750,3750,False
IEX,2026-03-30,3750,3750,False
IEX,2026-04-28,3750,3750,False
IEX,2026-05-26,3750,3750,False
IEX,2026-06-30,3750,3750,False
IEX,2026-07-28,4350,4350,False
IEX,2026-08-25,4350,4350,False
IGL,2019-10-31,2750,2750,False
IGL,2019-11-28,2750,2750,False
IGL,2019-12-26,2750,2750,False
IGL,2020-01-30,2750,2750,False
IGL,2020-02-27,2750,2750,False
IGL,2020-03-26,2750,2750,False
IGL,2020-04-30,2750,2750,False
IGL,2020-05-28,2750,1375,True
IGL,2020-06-25,2750,1375,True
IGL,2020-07-30,1375,1375,False
IGL,2020-08-27,1375,1375,False
IGL,2020-09-24,1375,1375,False
IGL,2020-10-29,1375,1375,False
IGL,2020-11-26,1375,1375,False
IGL,2020-12-31,1375,1375,False
IGL,2021-01-28,1375,1375,False
IGL,2021-02-25,1375,1375,False
IGL,2021-03-25,1375,1375,False
IGL,2021-04-29,1375,1375,False
IGL,2021-05-27,1375,1375,False
IGL,2021-06-24,1375,1375,False
IGL,2021-07-29,1375,1375,False
IGL,2021-08-26,1375,1375,False
IGL,2021-09-30,1375,1375,False
IGL,2021-10-28,1375,1375,False
IGL,2021-11-25,1375,1375,False
IGL,2021-12-30,1375,1375,False
IGL,2022-01-27,1375,1375,False
IGL,2022-02-24,1375,1375,False
IGL,2022-03-31,1375,1375,False
IGL,2022-04-28,1375,1375,False
IGL,2022-05-26,1375,1375,False
IGL,2022-06-30,1375,1375,False
IGL,2022-07-28,1375,1375,False
IGL,2022-08-25,1375,1375,False
IGL,2022-09-29,1375,1375,False
IGL,2022-10-27,1375,1375,False
IGL,2022-11-24,1375,1375,False
IGL,2022-12-29,1375,1375,False
IGL,2023-01-25,1375,1375,False
IGL,2023-02-23,1375,1375,False
IGL,2023-03-29,1375,1375,False
IGL,2023-04-27,1375,1375,False
IGL,2023-05-25,1375,1375,False
IGL,2023-06-28,1375,1375,False
IGL,2023-07-27,1375,1375,False
IGL,2023-08-31,1375,1375,False
IGL,2023-09-28,1375,1375,False
IGL,2023-10-26,1375,1375,False
IGL,2023-11-30,1375,1375,False
IGL,2023-12-28,1375,1375,False
IGL,2024-01-25,1375,1375,False
IGL,2024-02-29,1375,1375,False
IGL,2024-03-28,1375,1375,False
IGL,2024-04-25,1375,1375,False
IGL,2024-05-30,1375,1375,False
IGL,2024-06-27,1375,1375,False
IGL,2024-07-25,1375,1375,False
IGL,2024-08-29,1375,1375,False
IGL,2024-09-26,1375,1375,False
IGL,2024-10-31,1375,1375,False
IGL,2024-11-28,1375,1375,False
IGL,2024-12-26,1375,1375,False
IGL,2025-01-30,1375,1375,False
IGL,2025-02-27,1375,2750,True
IGL,2025-03-27,1375,2750,True
IGL,2025-04-24,2750,2750,False
IGL,2025-05-29,2750,2750,False
IGL,2025-06-26,2750,2750,False
IGL,2025-07-31,2750,2750,False
IGL,2025-08-28,2750,2750,False
IGL,2025-09-30,2750,2750,False
IGL,2025-10-28,2750,2750,False
IGL,2025-11-25,2750,2750,False
IIFL,2025-03-27,1550,1550,False
IIFL,2025-04-24,1550,1550,False
IIFL,2025-05-29,1550,1550,False
IIFL,2025-06-26,1550,1550,False
IIFL,2025-07-31,1650,1650,False
IIFL,2025-08-28,1650,1650,False
IIFL,2025-09-30,1650,1650,False
IIFL,2025-10-28,1650,1650,False
IIFL,2025-11-25,1650,1650,False
IIFL,2025-12-30,1650,1650,False
IIFL,2026-01-27,1650,1650,False
INDHOTEL,2021-07-29,3900,3900,False
INDHOTEL,2021-08-26,3900,3900,False
INDHOTEL,2021-09-30,3900,3900,False
INDHOTEL,2021-10-28,3900,3900,False
INDHOTEL,2021-11-25,3900,4022,True
INDHOTEL,2021-12-30,3900,4022,True
INDHOTEL,2022-01-27,3900,4022,True
INDHOTEL,2022-02-24,4022,4022,False
INDHOTEL,2022-03-31,4022,4022,False
INDHOTEL,2022-04-28,4022,4022,False
INDHOTEL,2022-05-26,4022,4022,False
INDHOTEL,2022-06-30,4022,4022,False
INDHOTEL,2022-07-28,4022,4022,False
INDHOTEL,2022-08-25,4022,4022,False
INDHOTEL,2022-09-29,4022,4022,False
INDHOTEL,2022-10-27,4022,4022,False
INDHOTEL,2022-11-24,4022,4022,False
INDHOTEL,2022-12-29,4022,4022,False
INDHOTEL,2023-01-25,2000,2000,False
INDHOTEL,2023-02-23,2000,2000,False
INDHOTEL,2023-03-29,2000,2000,False
INDHOTEL,2023-04-27,2000,2000,False
INDHOTEL,2023-05-25,2000,2000,False
INDHOTEL,2023-06-28,2000,2000,False
INDHOTEL,2023-07-27,2000,2000,False
INDHOTEL,2023-08-31,2000,2000,False
INDHOTEL,2023-09-28,2000,2000,False
INDHOTEL,2023-10-26,2000,2000,False
INDHOTEL,2023-11-30,2000,2000,False
INDHOTEL,2023-12-28,2000,2000,False
INDHOTEL,2024-01-25,2000,2000,False
INDHOTEL,2024-02-29,2000,2000,False
INDHOTEL,2024-03-28,2000,2000,False
INDHOTEL,2024-04-25,2000,2000,False
INDHOTEL,2024-05-30,2000,1000,True
INDHOTEL,2024-06-27,2000,1000,True
INDHOTEL,2024-07-25,1000,1000,False
INDHOTEL,2024-08-29,1000,1000,False
INDHOTEL,2024-09-26,1000,1000,False
INDHOTEL,2024-10-31,1000,1000,False
INDHOTEL,2024-11-28,1000,1000,False
INDHOTEL,2024-12-26,1000,1000,False
INDHOTEL,2025-01-30,1000,1000,False
INDHOTEL,2025-02-27,1000,1000,False
INDHOTEL,2025-03-27,1000,1000,False
INDHOTEL,2025-04-24,1000,1000,False
INDHOTEL,2025-05-29,1000,1000,False
INDHOTEL,2025-06-26,1000,1000,False
INDHOTEL,2025-07-31,1000,1000,False
INDHOTEL,2025-08-28,1000,1000,False
INDHOTEL,2025-09-30,1000,1000,False
INDHOTEL,2025-10-28,1000,1000,False
INDHOTEL,2025-11-25,1000,1000,False
INDHOTEL,2025-12-30,1000,1000,False
INDHOTEL,2026-01-27,1000,1000,False
INDHOTEL,2026-02-24,1000,1000,False
INDHOTEL,2026-03-30,1000,1000,False
INDHOTEL,2026-04-28,1000,1000,False
INDHOTEL,2026-05-26,1000,1000,False
INDHOTEL,2026-06-30,1000,1000,False
INDHOTEL,2026-07-28,1000,1000,False
INDHOTEL,2026-08-25,1000,1000,False
INDIACEM,2021-10-28,2900,2900,False
INDIACEM,2021-11-25,2900,2900,False
INDIACEM,2021-12-30,2900,2900,False
INDIACEM,2022-01-27,2900,2900,False
INDIACEM,2022-02-24,2900,2900,False
INDIACEM,2022-03-31,2900,2900,False
INDIACEM,2022-04-28,2900,2900,False
INDIACEM,2022-05-26,2900,2900,False
INDIACEM,2022-06-30,2900,2900,False
INDIACEM,2022-07-28,2900,2900,False
INDIACEM,2022-08-25,2900,2900,False
INDIACEM,2022-09-29,2900,2900,False
INDIACEM,2022-10-27,2900,2900,False
INDIACEM,2022-11-24,2900,2900,False
INDIACEM,2022-12-29,2900,2900,False
INDIACEM,2023-01-25,2900,2900,False
INDIACEM,2023-02-23,2900,2900,False
INDIACEM,2023-03-29,2900,2900,False
INDIACEM,2023-04-27,2900,2900,False
INDIACEM,2023-05-25,2900,2900,False
INDIACEM,2023-06-28,2900,2900,False
INDIACEM,2023-07-27,2900,2900,False
INDIACEM,2023-08-31,2900,2900,False
INDIACEM,2023-09-28,2900,2900,False
INDIACEM,2023-10-26,2900,2900,False
INDIACEM,2023-11-30,2900,2900,False
INDIACEM,2023-12-28,2900,2900,False
INDIACEM,2024-01-25,2900,2900,False
INDIACEM,2024-02-29,2900,2900,False
INDIACEM,2024-03-28,2900,2900,False
INDIACEM,2024-04-25,2900,2900,False
INDIACEM,2024-05-30,2900,2900,False
INDIACEM,2024-06-27,2900,2900,False
INDIACEM,2024-07-25,2900,2900,False
INDIACEM,2024-08-29,2900,2900,False
INDIAMART,2021-09-30,75,75,False
INDIAMART,2021-10-28,75,75,False
INDIAMART,2021-11-25,75,75,False
INDIAMART,2021-12-30,75,75,False
INDIAMART,2022-01-27,75,75,False
INDIAMART,2022-02-24,75,75,False
INDIAMART,2022-03-31,75,75,False
INDIAMART,2022-04-28,75,75,False
INDIAMART,2022-05-26,75,75,False
INDIAMART,2022-06-30,75,75,False
INDIAMART,2022-07-28,150,150,False
INDIAMART,2022-08-25,150,150,False
INDIAMART,2022-09-29,150,150,False
INDIAMART,2022-10-27,150,150,False
INDIAMART,2022-11-24,150,150,False
INDIAMART,2022-12-29,150,150,False
INDIAMART,2023-01-25,150,150,False
INDIAMART,2023-02-23,150,150,False
INDIAMART,2023-03-29,150,150,False
INDIAMART,2023-04-27,150,150,False
INDIAMART,2023-05-25,150,150,False
INDIAMART,2023-06-28,300,300,False
INDIAMART,2023-07-27,150,300,True
INDIAMART,2023-08-31,150,300,True
INDIAMART,2023-09-28,300,300,False
INDIAMART,2023-10-26,300,300,False
INDIAMART,2023-11-30,300,300,False
INDIAMART,2023-12-28,300,300,False
INDIAMART,2024-01-25,300,300,False
INDIAMART,2024-02-29,300,300,False
INDIAMART,2024-03-28,300,300,False
INDIAMART,2024-04-25,300,300,False
INDIAMART,2024-05-30,300,300,False
INDIAMART,2024-06-27,300,300,False
INDIAMART,2024-07-25,300,300,False
INDIAMART,2024-08-29,300,300,False
INDIAMART,2024-09-26,300,300,False
INDIAMART,2024-10-31,300,300,False
INDIAMART,2024-11-28,300,300,False
INDIAMART,2024-12-26,300,300,False
INDIAMART,2025-01-30,300,300,False
INDIAMART,2025-02-27,300,300,False
INDIANB,2024-12-26,950,950,False
INDIANB,2025-01-30,950,950,False
INDIANB,2025-02-27,950,950,False
INDIANB,2025-03-27,950,950,False
INDIANB,2025-04-24,950,950,False
INDIANB,2025-05-29,950,950,False
INDIANB,2025-06-26,950,950,False
INDIANB,2025-07-31,1000,1000,False
INDIANB,2025-08-28,1000,1000,False
INDIANB,2025-09-30,1000,1000,False
INDIANB,2025-10-28,1000,1000,False
INDIANB,2025-11-25,1000,1000,False
INDIANB,2025-12-30,1000,1000,False
INDIANB,2026-01-27,1000,1000,False
INDIANB,2026-02-24,1000,1000,False
INDIANB,2026-03-30,1000,1000,False
INDIANB,2026-04-28,1000,1000,False
INDIANB,2026-05-26,1000,1000,False
INDIANB,2026-06-30,1000,1000,False
INDIANB,2026-07-28,1000,1000,False
INDIANB,2026-08-25,1000,1000,False
INDIGO,2019-10-31,600,600,False
INDIGO,2019-11-28,600,300,True
INDIGO,2019-12-26,600,300,True
INDIGO,2020-01-30,300,300,False
INDIGO,2020-02-27,300,300,False
INDIGO,2020-03-26,300,300,False
INDIGO,2020-04-30,300,300,False
INDIGO,2020-05-28,300,300,False
INDIGO,2020-06-25,300,300,False
INDIGO,2020-07-30,500,500,False
INDIGO,2020-08-27,500,500,False
INDIGO,2020-09-24,500,500,False
INDIGO,2020-10-29,500,500,False
INDIGO,2020-11-26,500,500,False
INDIGO,2020-12-31,500,500,False
INDIGO,2021-01-28,500,500,False
INDIGO,2021-02-25,500,500,False
INDIGO,2021-03-25,500,500,False
INDIGO,2021-04-29,500,500,False
INDIGO,2021-05-27,500,500,False
INDIGO,2021-06-24,500,500,False
INDIGO,2021-07-29,500,500,False
INDIGO,2021-08-26,500,500,False
INDIGO,2021-09-30,500,500,False
INDIGO,2021-10-28,500,500,False
INDIGO,2021-11-25,500,250,True
INDIGO,2021-12-30,500,250,True
INDIGO,2022-01-27,250,250,False
INDIGO,2022-02-24,250,250,False
INDIGO,2022-03-31,250,250,False
INDIGO,2022-04-28,250,250,False
INDIGO,2022-05-26,250,250,False
INDIGO,2022-06-30,250,250,False
INDIGO,2022-07-28,300,300,False
INDIGO,2022-08-25,300,300,False
INDIGO,2022-09-29,300,300,False
INDIGO,2022-10-27,300,300,False
INDIGO,2022-11-24,300,300,False
INDIGO,2022-12-29,300,300,False
INDIGO,2023-01-25,300,300,False
INDIGO,2023-02-23,300,300,False
INDIGO,2023-03-29,300,300,False
INDIGO,2023-04-27,300,300,False
INDIGO,2023-05-25,300,300,False
INDIGO,2023-06-28,300,300,False
INDIGO,2023-07-27,300,300,False
INDIGO,2023-08-31,300,300,False
INDIGO,2023-09-28,300,300,False
INDIGO,2023-10-26,300,300,False
INDIGO,2023-11-30,300,300,False
INDIGO,2023-12-28,300,300,False
INDIGO,2024-01-25,300,300,False
INDIGO,2024-02-29,300,300,False
INDIGO,2024-03-28,300,300,False
INDIGO,2024-04-25,300,300,False
INDIGO,2024-05-30,300,300,False
INDIGO,2024-06-27,300,300,False
INDIGO,2024-07-25,300,300,False
INDIGO,2024-08-29,300,300,False
INDIGO,2024-09-26,300,300,False
INDIGO,2024-10-31,300,300,False
INDIGO,2024-11-28,300,150,True
INDIGO,2024-12-26,300,150,True
INDIGO,2025-01-30,150,150,False
INDIGO,2025-02-27,150,150,False
INDIGO,2025-03-27,150,150,False
INDIGO,2025-04-24,150,150,False
INDIGO,2025-05-29,150,150,False
INDIGO,2025-06-26,150,150,False
INDIGO,2025-07-31,150,150,False
INDIGO,2025-08-28,150,150,False
INDIGO,2025-09-30,150,150,False
INDIGO,2025-10-28,150,150,False
INDIGO,2025-11-25,150,150,False
INDIGO,2025-12-30,150,150,False
INDIGO,2026-01-27,150,150,False
INDIGO,2026-02-24,150,150,False
INDIGO,2026-03-30,150,150,False
INDIGO,2026-04-28,150,150,False
INDIGO,2026-05-26,150,150,False
INDIGO,2026-06-30,150,150,False
INDIGO,2026-07-28,150,150,False
INDIGO,2026-08-25,150,150,False
INDUSINDBK,2019-10-31,400,400,False
INDUSINDBK,2019-11-28,400,400,False
INDUSINDBK,2019-12-26,400,400,False
INDUSINDBK,2020-01-30,400,400,False
INDUSINDBK,2020-02-27,400,400,False
INDUSINDBK,2020-03-26,400,400,False
INDUSINDBK,2020-04-30,400,400,False
INDUSINDBK,2020-05-28,400,400,False
INDUSINDBK,2020-06-25,400,400,False
INDUSINDBK,2020-07-30,800,800,False
INDUSINDBK,2020-08-27,800,800,False
INDUSINDBK,2020-09-24,800,800,False
INDUSINDBK,2020-10-29,800,800,False
INDUSINDBK,2020-11-26,800,800,False
INDUSINDBK,2020-12-31,800,800,False
INDUSINDBK,2021-01-28,900,900,False
INDUSINDBK,2021-02-25,900,900,False
INDUSINDBK,2021-03-25,900,900,False
INDUSINDBK,2021-04-29,900,900,False
INDUSINDBK,2021-05-27,900,900,False
INDUSINDBK,2021-06-24,900,900,False
INDUSINDBK,2021-07-29,900,900,False
INDUSINDBK,2021-08-26,900,900,False
INDUSINDBK,2021-09-30,900,900,False
INDUSINDBK,2021-10-28,900,900,False
INDUSINDBK,2021-11-25,900,900,False
INDUSINDBK,2021-12-30,900,900,False
INDUSINDBK,2022-01-27,900,900,False
INDUSINDBK,2022-02-24,900,900,False
INDUSINDBK,2022-03-31,900,900,False
INDUSINDBK,2022-04-28,900,900,False
INDUSINDBK,2022-05-26,900,900,False
INDUSINDBK,2022-06-30,900,900,False
INDUSINDBK,2022-07-28,900,900,False
INDUSINDBK,2022-08-25,900,900,False
INDUSINDBK,2022-09-29,900,900,False
INDUSINDBK,2022-10-27,900,900,False
INDUSINDBK,2022-11-24,900,450,True
INDUSINDBK,2022-12-29,900,450,True
INDUSINDBK,2023-01-25,450,450,False
INDUSINDBK,2023-02-23,450,450,False
INDUSINDBK,2023-03-29,450,450,False
INDUSINDBK,2023-04-27,450,450,False
INDUSINDBK,2023-05-25,450,450,False
INDUSINDBK,2023-06-28,450,450,False
INDUSINDBK,2023-07-27,500,500,False
INDUSINDBK,2023-08-31,500,500,False
INDUSINDBK,2023-09-28,500,500,False
INDUSINDBK,2023-10-26,500,500,False
INDUSINDBK,2023-11-30,500,500,False
INDUSINDBK,2023-12-28,500,500,False
INDUSINDBK,2024-01-25,500,500,False
INDUSINDBK,2024-02-29,500,500,False
INDUSINDBK,2024-03-28,500,500,False
INDUSINDBK,2024-04-25,500,500,False
INDUSINDBK,2024-05-30,500,500,False
INDUSINDBK,2024-06-27,500,500,False
INDUSINDBK,2024-07-25,500,500,False
INDUSINDBK,2024-08-29,500,500,False
INDUSINDBK,2024-09-26,500,500,False
INDUSINDBK,2024-10-31,500,500,False
INDUSINDBK,2024-11-28,500,500,False
INDUSINDBK,2024-12-26,500,500,False
INDUSINDBK,2025-01-30,500,500,False
INDUSINDBK,2025-02-27,500,500,False
INDUSINDBK,2025-03-27,500,500,False
INDUSINDBK,2025-04-24,500,500,False
INDUSINDBK,2025-05-29,500,500,False
INDUSINDBK,2025-06-26,500,500,False
INDUSINDBK,2025-07-31,700,700,False
INDUSINDBK,2025-08-28,700,700,False
INDUSINDBK,2025-09-30,700,700,False
INDUSINDBK,2025-10-28,700,700,False
INDUSINDBK,2025-11-25,700,700,False
INDUSINDBK,2025-12-30,700,700,False
INDUSINDBK,2026-01-27,700,700,False
INDUSINDBK,2026-02-24,700,700,False
INDUSINDBK,2026-03-30,700,700,False
INDUSINDBK,2026-04-28,700,700,False
INDUSINDBK,2026-05-26,700,700,False
INDUSINDBK,2026-06-30,700,700,False
INDUSINDBK,2026-07-28,700,700,False
INDUSINDBK,2026-08-25,700,700,False
INDUSTOWER,2020-12-31,2800,2800,False
INDUSTOWER,2021-01-28,2800,2800,False
INDUSTOWER,2021-02-25,2800,2800,False
INDUSTOWER,2021-03-25,2800,2800,False
INDUSTOWER,2021-04-29,2800,2800,False
INDUSTOWER,2021-05-27,2800,2800,False
INDUSTOWER,2021-06-24,2800,2800,False
INDUSTOWER,2021-07-29,2800,2800,False
INDUSTOWER,2021-08-26,2800,2800,False
INDUSTOWER,2021-09-30,2800,2800,False
INDUSTOWER,2021-10-28,2800,2800,False
INDUSTOWER,2021-11-25,2800,2800,False
INDUSTOWER,2021-12-30,2800,2800,False
INDUSTOWER,2022-01-27,2800,2800,False
INDUSTOWER,2022-02-24,2800,2800,False
INDUSTOWER,2022-03-31,2800,2800,False
INDUSTOWER,2022-04-28,2800,2800,False
INDUSTOWER,2022-05-26,2800,2800,False
INDUSTOWER,2022-06-30,2800,2800,False
INDUSTOWER,2022-07-28,2800,2800,False
INDUSTOWER,2022-08-25,2800,2800,False
INDUSTOWER,2022-09-29,2800,2800,False
INDUSTOWER,2022-10-27,2800,2800,False
INDUSTOWER,2022-11-24,2800,2800,False
INDUSTOWER,2022-12-29,2800,2800,False
INDUSTOWER,2023-01-25,2800,2800,False
INDUSTOWER,2023-02-23,2800,2800,False
INDUSTOWER,2023-03-29,2800,2800,False
INDUSTOWER,2023-04-27,2800,2800,False
INDUSTOWER,2023-05-25,2800,2800,False
INDUSTOWER,2023-06-28,2800,2800,False
INDUSTOWER,2023-07-27,3400,3400,False
INDUSTOWER,2023-08-31,3400,3400,False
INDUSTOWER,2023-09-28,3400,3400,False
INDUSTOWER,2023-10-26,3400,3400,False
INDUSTOWER,2023-11-30,3400,3400,False
INDUSTOWER,2023-12-28,3400,3400,False
INDUSTOWER,2024-01-25,3400,3400,False
INDUSTOWER,2024-02-29,3400,3400,False
INDUSTOWER,2024-03-28,3400,3400,False
INDUSTOWER,2024-04-25,3400,3400,False
INDUSTOWER,2024-05-30,3400,3400,False
INDUSTOWER,2024-06-27,3400,3400,False
INDUSTOWER,2024-07-25,3400,3400,False
INDUSTOWER,2024-08-29,3400,3400,False
INDUSTOWER,2024-09-26,3400,3400,False
INDUSTOWER,2024-10-31,3400,3400,False
INDUSTOWER,2024-11-28,3400,1700,True
INDUSTOWER,2024-12-26,3400,1700,True
INDUSTOWER,2025-01-30,1700,1700,False
INDUSTOWER,2025-02-27,1700,1700,False
INDUSTOWER,2025-03-27,1700,1700,False
INDUSTOWER,2025-04-24,1700,1700,False
INDUSTOWER,2025-05-29,1700,1700,False
INDUSTOWER,2025-06-26,1700,1700,False
INDUSTOWER,2025-07-31,1700,1700,False
INDUSTOWER,2025-08-28,1700,1700,False
INDUSTOWER,2025-09-30,1700,1700,False
INDUSTOWER,2025-10-28,1700,1700,False
INDUSTOWER,2025-11-25,1700,1700,False
INDUSTOWER,2025-12-30,1700,1700,False
INDUSTOWER,2026-01-27,1700,1700,False
INDUSTOWER,2026-02-24,1700,1700,False
INDUSTOWER,2026-03-30,1700,1700,False
INDUSTOWER,2026-04-28,1700,1700,False
INDUSTOWER,2026-05-26,1700,1700,False
INDUSTOWER,2026-06-30,1700,1700,False
INDUSTOWER,2026-07-28,1700,1700,False
INDUSTOWER,2026-08-25,1700,1700,False
INFRATEL,2019-10-31,2000,2000,False
INFRATEL,2019-11-28,2000,2000,False
INFRATEL,2019-12-26,2000,2000,False
INFRATEL,2020-01-30,2000,2000,False
INFRATEL,2020-02-27,2000,2000,False
INFRATEL,2020-03-26,2000,2000,False
INFRATEL,2020-04-30,2000,2000,False
INFRATEL,2020-05-28,2000,2000,False
INFRATEL,2020-06-25,2000,2000,False
INFRATEL,2020-07-30,2800,2800,False
INFRATEL,2020-08-27,2800,2800,False
INFRATEL,2020-09-24,2800,2800,False
INFRATEL,2020-10-29,2800,2800,False
INFRATEL,2020-11-26,2800,2800,False
INFRATEL,2020-12-31,2800,2800,False
INFRATEL,2021-01-28,2800,2800,False
INFRATEL,2021-02-25,2800,2800,False
INFY,2019-10-31,1200,1200,False
INFY,2019-11-28,1200,1200,False
INFY,2019-12-26,1200,1200,False
INFY,2020-01-30,1200,1200,False
INFY,2020-02-27,1200,1200,False
INFY,2020-03-26,1200,1200,False
INFY,2020-04-30,1200,1200,False
INFY,2020-05-28,1200,1200,False
INFY,2020-06-25,1200,1200,False
INFY,2020-07-30,1200,1200,False
INFY,2020-08-27,1200,1200,False
INFY,2020-09-24,1200,1200,False
INFY,2020-10-29,1200,1200,False
INFY,2020-11-26,1200,600,True
INFY,2020-12-31,1200,600,True
INFY,2021-01-28,600,600,False
INFY,2021-02-25,600,600,False
INFY,2021-03-25,600,600,False
INFY,2021-04-29,600,600,False
INFY,2021-05-27,600,600,False
INFY,2021-06-24,600,600,False
INFY,2021-07-29,600,600,False
INFY,2021-08-26,600,600,False
INFY,2021-09-30,600,600,False
INFY,2021-10-28,600,600,False
INFY,2021-11-25,600,300,True
INFY,2021-12-30,600,300,True
INFY,2022-01-27,300,300,False
INFY,2022-02-24,300,300,False
INFY,2022-03-31,300,300,False
INFY,2022-04-28,300,300,False
INFY,2022-05-26,300,300,False
INFY,2022-06-30,300,300,False
INFY,2022-07-28,300,300,False
INFY,2022-08-25,300,300,False
INFY,2022-09-29,300,300,False
INFY,2022-10-27,300,300,False
INFY,2022-11-24,300,300,False
INFY,2022-12-29,300,300,False
INFY,2023-01-25,400,400,False
INFY,2023-02-23,400,400,False
INFY,2023-03-29,400,400,False
INFY,2023-04-27,400,400,False
INFY,2023-05-25,400,400,False
INFY,2023-06-28,400,400,False
INFY,2023-07-27,400,400,False
INFY,2023-08-31,400,400,False
INFY,2023-09-28,400,400,False
INFY,2023-10-26,400,400,False
INFY,2023-11-30,400,400,False
INFY,2023-12-28,400,400,False
INFY,2024-01-25,400,400,False
INFY,2024-02-29,400,400,False
INFY,2024-03-28,400,400,False
INFY,2024-04-25,400,400,False
INFY,2024-05-30,400,400,False
INFY,2024-06-27,400,400,False
INFY,2024-07-25,400,400,False
INFY,2024-08-29,400,400,False
INFY,2024-09-26,400,400,False
INFY,2024-10-31,400,400,False
INFY,2024-11-28,400,400,False
INFY,2024-12-26,400,400,False
INFY,2025-01-30,400,400,False
INFY,2025-02-27,400,400,False
INFY,2025-03-27,400,400,False
INFY,2025-04-24,400,400,False
INFY,2025-05-29,400,400,False
INFY,2025-06-26,400,400,False
INFY,2025-07-31,400,400,False
INFY,2025-08-28,400,400,False
INFY,2025-09-30,400,400,False
INFY,2025-10-28,400,400,False
INFY,2025-11-25,400,400,False
INFY,2025-12-30,400,400,False
INFY,2026-01-27,400,400,False
INFY,2026-02-24,400,400,False
INFY,2026-03-30,400,400,False
INFY,2026-04-28,400,400,False
INFY,2026-05-26,400,400,False
INFY,2026-06-30,400,400,False
INFY,2026-07-28,400,400,False
INFY,2026-08-25,400,400,False
INOXWIND,2025-04-24,3225,3225,False
INOXWIND,2025-05-29,3225,3225,False
INOXWIND,2025-06-26,3225,3225,False
INOXWIND,2025-07-31,3225,3272,True
INOXWIND,2025-08-28,3225,3272,True
INOXWIND,2025-09-30,3225,3272,True
INOXWIND,2025-10-28,3272,3272,False
INOXWIND,2025-11-25,3272,3272,False
INOXWIND,2025-12-30,3272,3272,False
INOXWIND,2026-01-27,3575,3575,False
INOXWIND,2026-02-24,3575,3575,False
INOXWIND,2026-03-30,3575,3575,False
INOXWIND,2026-04-28,3575,3575,False
INOXWIND,2026-05-26,3575,3575,False
INOXWIND,2026-06-30,3575,3575,False
INOXWIND,2026-07-28,6400,6400,False
INOXWIND,2026-08-25,6400,6400,False
INTELLECT,2022-02-24,750,750,False
INTELLECT,2022-03-31,750,750,False
INTELLECT,2022-04-28,750,750,False
INTELLECT,2022-05-26,750,750,False
INTELLECT,2022-06-30,750,750,False
INTELLECT,2022-07-28,750,750,False
INTELLECT,2022-08-25,750,750,False
INTELLECT,2022-09-29,750,750,False
INTELLECT,2022-10-27,750,750,False
INTELLECT,2022-11-24,750,750,False
INTELLECT,2022-12-29,750,750,False
INTELLECT,2023-01-25,1000,1000,False
INTELLECT,2023-02-23,1000,1000,False
INTELLECT,2023-03-29,1000,1000,False
INTELLECT,2023-04-27,1000,1000,False
INTELLECT,2023-05-25,1000,1000,False
INTELLECT,2023-06-28,1000,1000,False
INTELLECT,2023-07-27,1300,1300,False
IOC,2019-10-31,3500,3500,False
IOC,2019-11-28,3500,3500,False
IOC,2019-12-26,3500,3500,False
IOC,2020-01-30,4000,4000,False
IOC,2020-02-27,4000,4000,False
IOC,2020-03-26,4000,4000,False
IOC,2020-04-30,4000,4000,False
IOC,2020-05-28,4000,4000,False
IOC,2020-06-25,4000,4000,False
IOC,2020-07-30,5700,5700,False
IOC,2020-08-27,5700,5700,False
IOC,2020-09-24,5700,5700,False
IOC,2020-10-29,5700,5700,False
IOC,2020-11-26,5700,5700,False
IOC,2020-12-31,5700,5700,False
IOC,2021-01-28,6500,6500,False
IOC,2021-02-25,6500,6500,False
IOC,2021-03-25,6500,6500,False
IOC,2021-04-29,6500,6500,False
IOC,2021-05-27,6500,6500,False
IOC,2021-06-24,6500,6500,False
IOC,2021-07-29,6500,6500,False
IOC,2021-08-26,6500,6500,False
IOC,2021-09-30,6500,6500,False
IOC,2021-10-28,6500,6500,False
IOC,2021-11-25,6500,6500,False
IOC,2021-12-30,6500,6500,False
IOC,2022-01-27,6500,6500,False
IOC,2022-02-24,6500,6500,False
IOC,2022-03-31,6500,6500,False
IOC,2022-04-28,6500,6500,False
IOC,2022-05-26,6500,6500,False
IOC,2022-06-30,6500,6500,False
IOC,2022-07-28,6500,9750,True
IOC,2022-08-25,6500,9750,True
IOC,2022-09-29,9750,9750,False
IOC,2022-10-27,9750,9750,False
IOC,2022-11-24,9750,9750,False
IOC,2022-12-29,9750,9750,False
IOC,2023-01-25,9750,9750,False
IOC,2023-02-23,9750,9750,False
IOC,2023-03-29,9750,9750,False
IOC,2023-04-27,9750,9750,False
IOC,2023-05-25,9750,9750,False
IOC,2023-06-28,9750,9750,False
IOC,2023-07-27,9750,9750,False
IOC,2023-08-31,9750,9750,False
IOC,2023-09-28,9750,9750,False
IOC,2023-10-26,9750,9750,False
IOC,2023-11-30,9750,9750,False
IOC,2023-12-28,9750,9750,False
IOC,2024-01-25,9750,9750,False
IOC,2024-02-29,9750,9750,False
IOC,2024-03-28,9750,9750,False
IOC,2024-04-25,9750,9750,False
IOC,2024-05-30,9750,4875,True
IOC,2024-06-27,9750,4875,True
IOC,2024-07-25,4875,4875,False
IOC,2024-08-29,4875,4875,False
IOC,2024-09-26,4875,4875,False
IOC,2024-10-31,4875,4875,False
IOC,2024-11-28,4875,4875,False
IOC,2024-12-26,4875,4875,False
IOC,2025-01-30,4875,4875,False
IOC,2025-02-27,4875,4875,False
IOC,2025-03-27,4875,4875,False
IOC,2025-04-24,4875,4875,False
IOC,2025-05-29,4875,4875,False
IOC,2025-06-26,4875,4875,False
IOC,2025-07-31,4875,4875,False
IOC,2025-08-28,4875,4875,False
IOC,2025-09-30,4875,4875,False
IOC,2025-10-28,4875,4875,False
IOC,2025-11-25,4875,4875,False
IOC,2025-12-30,4875,4875,False
IOC,2026-01-27,4875,4875,False
IOC,2026-02-24,4875,4875,False
IOC,2026-03-30,4875,4875,False
IOC,2026-04-28,4875,4875,False
IOC,2026-05-26,4875,4875,False
IOC,2026-06-30,4875,4875,False
IOC,2026-07-28,4875,4875,False
IOC,2026-08-25,4875,4875,False
IPCALAB,2021-09-30,225,225,False
IPCALAB,2021-10-28,225,225,False
IPCALAB,2021-11-25,225,225,False
IPCALAB,2021-12-30,225,225,False
IPCALAB,2022-01-27,225,450,True
IPCALAB,2022-02-24,225,450,True
IPCALAB,2022-03-31,225,450,True
IPCALAB,2022-04-28,450,450,False
IPCALAB,2022-05-26,450,450,False
IPCALAB,2022-06-30,450,450,False
IPCALAB,2022-07-28,650,650,False
IPCALAB,2022-08-25,650,650,False
IPCALAB,2022-09-29,650,650,False
IPCALAB,2022-10-27,650,650,False
IPCALAB,2022-11-24,650,650,False
IPCALAB,2022-12-29,650,650,False
IPCALAB,2023-01-25,650,650,False
IPCALAB,2023-02-23,650,650,False
IPCALAB,2023-03-29,650,650,False
IPCALAB,2023-04-27,650,650,False
IPCALAB,2023-05-25,650,650,False
IPCALAB,2023-06-28,650,650,False
IPCALAB,2023-07-27,650,650,False
IPCALAB,2023-08-31,650,650,False
IPCALAB,2023-09-28,650,650,False
IPCALAB,2023-10-26,650,650,False
IPCALAB,2023-11-30,650,650,False
IPCALAB,2023-12-28,650,650,False
IPCALAB,2024-01-25,650,650,False
IPCALAB,2024-02-29,650,650,False
IPCALAB,2024-03-28,650,650,False
IPCALAB,2024-04-25,650,650,False
IPCALAB,2024-05-30,650,650,False
IPCALAB,2024-06-27,650,650,False
IPCALAB,2024-07-25,650,650,False
IPCALAB,2024-08-29,650,650,False
IPCALAB,2024-09-26,650,650,False
IPCALAB,2024-10-31,650,650,False
IPCALAB,2024-11-28,650,650,False
IPCALAB,2024-12-26,650,650,False
IPCALAB,2025-01-30,650,650,False
IPCALAB,2025-02-27,650,650,False
IRB,2024-12-26,10250,10250,False
IRB,2025-01-30,10250,10250,False
IRB,2025-02-27,10250,10250,False
IRB,2025-03-27,10250,10250,False
IRB,2025-04-24,10250,10250,False
IRB,2025-05-29,10250,10250,False
IRB,2025-06-26,10250,10250,False
IRB,2025-07-31,11675,11675,False
IRB,2025-08-28,11675,11675,False
IRCTC,2021-03-25,325,325,False
IRCTC,2021-04-29,325,325,False
IRCTC,2021-05-27,325,325,False
IRCTC,2021-06-24,325,325,False
IRCTC,2021-07-29,325,325,False
IRCTC,2021-08-26,325,325,False
IRCTC,2021-09-30,325,325,False
IRCTC,2021-10-28,325,1625,True
IRCTC,2021-11-25,325,1625,True
IRCTC,2021-12-30,325,1625,True
IRCTC,2022-01-27,875,875,False
IRCTC,2022-02-24,875,875,False
IRCTC,2022-03-31,875,875,False
IRCTC,2022-04-28,875,875,False
IRCTC,2022-05-26,875,875,False
IRCTC,2022-06-30,875,875,False
IRCTC,2022-07-28,875,875,False
IRCTC,2022-08-25,875,875,False
IRCTC,2022-09-29,875,875,False
IRCTC,2022-10-27,875,875,False
IRCTC,2022-11-24,875,875,False
IRCTC,2022-12-29,875,875,False
IRCTC,2023-01-25,875,875,False
IRCTC,2023-02-23,875,875,False
IRCTC,2023-03-29,875,875,False
IRCTC,2023-04-27,875,875,False
IRCTC,2023-05-25,875,875,False
IRCTC,2023-06-28,875,875,False
IRCTC,2023-07-27,875,875,False
IRCTC,2023-08-31,875,875,False
IRCTC,2023-09-28,875,875,False
IRCTC,2023-10-26,875,875,False
IRCTC,2023-11-30,875,875,False
IRCTC,2023-12-28,875,875,False
IRCTC,2024-01-25,875,875,False
IRCTC,2024-02-29,875,875,False
IRCTC,2024-03-28,875,875,False
IRCTC,2024-04-25,875,875,False
IRCTC,2024-05-30,875,875,False
IRCTC,2024-06-27,875,875,False
IRCTC,2024-07-25,875,875,False
IRCTC,2024-08-29,875,875,False
IRCTC,2024-09-26,875,875,False
IRCTC,2024-10-31,875,875,False
IRCTC,2024-11-28,875,875,False
IRCTC,2024-12-26,875,875,False
IRCTC,2025-01-30,875,875,False
IRCTC,2025-02-27,875,875,False
IRCTC,2025-03-27,875,875,False
IRCTC,2025-04-24,875,875,False
IRCTC,2025-05-29,875,875,False
IRCTC,2025-06-26,875,875,False
IRCTC,2025-07-31,875,875,False
IRCTC,2025-08-28,875,875,False
IRCTC,2025-09-30,875,875,False
IRCTC,2025-10-28,875,875,False
IRCTC,2025-11-25,875,875,False
IRCTC,2025-12-30,875,875,False
IRCTC,2026-01-27,875,875,False
IRCTC,2026-02-24,875,875,False
IREDA,2025-03-27,2900,2900,False
IREDA,2025-04-24,2900,2900,False
IREDA,2025-05-29,2900,2900,False
IREDA,2025-06-26,2900,2900,False
IREDA,2025-07-31,3450,3450,False
IREDA,2025-08-28,3450,3450,False
IREDA,2025-09-30,3450,3450,False
IREDA,2025-10-28,3450,3450,False
IREDA,2025-11-25,3450,3450,False
IREDA,2025-12-30,3450,3450,False
IREDA,2026-01-27,3450,3450,False
IREDA,2026-02-24,3450,3450,False
IREDA,2026-03-30,3450,3450,False
IREDA,2026-04-28,3450,3450,False
IREDA,2026-05-26,3450,3450,False
IREDA,2026-06-30,3450,3450,False
IREDA,2026-07-28,4525,4525,False
IREDA,2026-08-25,4525,4525,False
IRFC,2024-12-26,3525,3525,False
IRFC,2025-01-30,3525,3525,False
IRFC,2025-02-27,3525,3525,False
IRFC,2025-03-27,3525,3525,False
IRFC,2025-04-24,3525,3525,False
IRFC,2025-05-29,3525,3525,False
IRFC,2025-06-26,3525,3525,False
IRFC,2025-07-31,4250,4250,False
IRFC,2025-08-28,4250,4250,False
IRFC,2025-09-30,4250,4250,False
IRFC,2025-10-28,4250,4250,False
IRFC,2025-11-25,4250,4250,False
IRFC,2025-12-30,4250,4250,False
IRFC,2026-01-27,4250,4250,False
IRFC,2026-02-24,4250,4250,False
IRFC,2026-03-30,4250,4250,False
IRFC,2026-04-28,4250,4250,False
IRFC,2026-05-26,4250,4250,False
IRFC,2026-06-30,4250,4250,False
IRFC,2026-07-28,5425,5425,False
IRFC,2026-08-25,5425,5425,False
ITC,2019-10-31,2400,2400,False
ITC,2019-11-28,2400,2400,False
ITC,2019-12-26,2400,2400,False
ITC,2020-01-30,2400,2400,False
ITC,2020-02-27,2400,2400,False
ITC,2020-03-26,2400,2400,False
ITC,2020-04-30,2400,2400,False
ITC,2020-05-28,2400,2400,False
ITC,2020-06-25,2400,2400,False
ITC,2020-07-30,3200,3200,False
ITC,2020-08-27,3200,3200,False
ITC,2020-09-24,3200,3200,False
ITC,2020-10-29,3200,3200,False
ITC,2020-11-26,3200,3200,False
ITC,2020-12-31,3200,3200,False
ITC,2021-01-28,3200,3200,False
ITC,2021-02-25,3200,3200,False
ITC,2021-03-25,3200,3200,False
ITC,2021-04-29,3200,3200,False
ITC,2021-05-27,3200,3200,False
ITC,2021-06-24,3200,3200,False
ITC,2021-07-29,3200,3200,False
ITC,2021-08-26,3200,3200,False
ITC,2021-09-30,3200,3200,False
ITC,2021-10-28,3200,3200,False
ITC,2021-11-25,3200,3200,False
ITC,2021-12-30,3200,3200,False
ITC,2022-01-27,3200,3200,False
ITC,2022-02-24,3200,3200,False
ITC,2022-03-31,3200,3200,False
ITC,2022-04-28,3200,3200,False
ITC,2022-05-26,3200,3200,False
ITC,2022-06-30,3200,3200,False
ITC,2022-07-28,3200,3200,False
ITC,2022-08-25,3200,3200,False
ITC,2022-09-29,3200,3200,False
ITC,2022-10-27,3200,3200,False
ITC,2022-11-24,3200,1600,True
ITC,2022-12-29,3200,1600,True
ITC,2023-01-25,1600,1600,False
ITC,2023-02-23,1600,1600,False
ITC,2023-03-29,1600,1600,False
ITC,2023-04-27,1600,1600,False
ITC,2023-05-25,1600,1600,False
ITC,2023-06-28,1600,1600,False
ITC,2023-07-27,1600,1600,False
ITC,2023-08-31,1600,1600,False
ITC,2023-09-28,1600,1600,False
ITC,2023-10-26,1600,1600,False
ITC,2023-11-30,1600,1600,False
ITC,2023-12-28,1600,1600,False
ITC,2024-01-25,1600,1600,False
ITC,2024-02-29,1600,1600,False
ITC,2024-03-28,1600,1600,False
ITC,2024-04-25,1600,1600,False
ITC,2024-05-30,1600,1600,False
ITC,2024-06-27,1600,1600,False
ITC,2024-07-25,1600,1600,False
ITC,2024-08-29,1600,1600,False
ITC,2024-09-26,1600,1600,False
ITC,2024-10-31,1600,1600,False
ITC,2024-11-28,1600,1600,False
ITC,2024-12-26,1600,1600,False
ITC,2025-01-30,1600,1600,False
ITC,2025-02-27,1600,1600,False
ITC,2025-03-27,1600,1600,False
ITC,2025-04-24,1600,1600,False
ITC,2025-05-29,1600,1600,False
ITC,2025-06-26,1600,1600,False
ITC,2025-07-31,1600,1600,False
ITC,2025-08-28,1600,1600,False
ITC,2025-09-30,1600,1600,False
ITC,2025-10-28,1600,1600,False
ITC,2025-11-25,1600,1600,False
ITC,2025-12-30,1600,1600,False
ITC,2026-01-27,1600,1600,False
ITC,2026-02-24,1600,1600,False
ITC,2026-03-30,1600,1600,False
ITC,2026-04-28,1600,1600,False
ITC,2026-05-26,1600,1600,False
ITC,2026-06-30,1600,1600,False
ITC,2026-07-28,1725,1725,False
ITC,2026-08-25,1725,1725,False
JINDALSTEL,2019-10-31,3200,3200,False
JINDALSTEL,2019-11-28,3200,3200,False
JINDALSTEL,2019-12-26,3200,3200,False
JINDALSTEL,2020-01-30,5000,5000,False
JINDALSTEL,2020-02-27,5000,5000,False
JINDALSTEL,2020-03-26,5000,5000,False
JINDALSTEL,2020-04-30,5000,5000,False
JINDALSTEL,2020-05-28,5000,5000,False
JINDALSTEL,2020-06-25,5000,5000,False
JINDALSTEL,2020-07-30,5000,5000,False
JINDALSTEL,2020-08-27,5000,5000,False
JINDALSTEL,2020-09-24,5000,5000,False
JINDALSTEL,2020-10-29,5000,5000,False
JINDALSTEL,2020-11-26,5000,5000,False
JINDALSTEL,2020-12-31,5000,5000,False
JINDALSTEL,2021-01-28,5000,5000,False
JINDALSTEL,2021-02-25,5000,5000,False
JINDALSTEL,2021-03-25,5000,5000,False
JINDALSTEL,2021-04-29,5000,5000,False
JINDALSTEL,2021-05-27,5000,2500,True
JINDALSTEL,2021-06-24,5000,2500,True
JINDALSTEL,2021-07-29,2500,2500,False
JINDALSTEL,2021-08-26,2500,2500,False
JINDALSTEL,2021-09-30,2500,2500,False
JINDALSTEL,2021-10-28,2500,2500,False
JINDALSTEL,2021-11-25,2500,2500,False
JINDALSTEL,2021-12-30,2500,2500,False
JINDALSTEL,2022-01-27,2500,2500,False
JINDALSTEL,2022-02-24,2500,2500,False
JINDALSTEL,2022-03-31,2500,2500,False
JINDALSTEL,2022-04-28,2500,2500,False
JINDALSTEL,2022-05-26,2500,1250,True
JINDALSTEL,2022-06-30,2500,1250,True
JINDALSTEL,2022-07-28,1250,1250,False
JINDALSTEL,2022-08-25,1250,1250,False
JINDALSTEL,2022-09-29,1250,1250,False
JINDALSTEL,2022-10-27,1250,1250,False
JINDALSTEL,2022-11-24,1250,1250,False
JINDALSTEL,2022-12-29,1250,1250,False
JINDALSTEL,2023-01-25,1250,1250,False
JINDALSTEL,2023-02-23,1250,1250,False
JINDALSTEL,2023-03-29,1250,1250,False
JINDALSTEL,2023-04-27,1250,1250,False
JINDALSTEL,2023-05-25,1250,1250,False
JINDALSTEL,2023-06-28,1250,1250,False
JINDALSTEL,2023-07-27,1250,1250,False
JINDALSTEL,2023-08-31,1250,1250,False
JINDALSTEL,2023-09-28,1250,1250,False
JINDALSTEL,2023-10-26,1250,1250,False
JINDALSTEL,2023-11-30,1250,1250,False
JINDALSTEL,2023-12-28,1250,1250,False
JINDALSTEL,2024-01-25,1250,1250,False
JINDALSTEL,2024-02-29,1250,1250,False
JINDALSTEL,2024-03-28,1250,1250,False
JINDALSTEL,2024-04-25,1250,1250,False
JINDALSTEL,2024-05-30,1250,625,True
JINDALSTEL,2024-06-27,1250,625,True
JINDALSTEL,2024-07-25,625,625,False
JINDALSTEL,2024-08-29,625,625,False
JINDALSTEL,2024-09-26,625,625,False
JINDALSTEL,2024-10-31,625,625,False
JINDALSTEL,2024-11-28,625,625,False
JINDALSTEL,2024-12-26,625,625,False
JINDALSTEL,2025-01-30,625,625,False
JINDALSTEL,2025-02-27,625,625,False
JINDALSTEL,2025-03-27,625,625,False
JINDALSTEL,2025-04-24,625,625,False
JINDALSTEL,2025-05-29,625,625,False
JINDALSTEL,2025-06-26,625,625,False
JINDALSTEL,2025-07-31,625,625,False
JINDALSTEL,2025-08-28,625,625,False
JINDALSTEL,2025-09-30,625,625,False
JINDALSTEL,2025-10-28,625,625,False
JINDALSTEL,2025-11-25,625,625,False
JINDALSTEL,2025-12-30,625,625,False
JINDALSTEL,2026-01-27,625,625,False
JINDALSTEL,2026-02-24,625,625,False
JINDALSTEL,2026-03-30,625,625,False
JINDALSTEL,2026-04-28,625,625,False
JINDALSTEL,2026-05-26,625,625,False
JINDALSTEL,2026-06-30,625,625,False
JINDALSTEL,2026-07-28,625,625,False
JINDALSTEL,2026-08-25,625,625,False
JIOFIN,2024-12-26,1650,1650,False
JIOFIN,2025-01-30,1650,1650,False
JIOFIN,2025-02-27,1650,1650,False
JIOFIN,2025-03-27,1650,1650,False
JIOFIN,2025-04-24,1650,1650,False
JIOFIN,2025-05-29,1650,1650,False
JIOFIN,2025-06-26,1650,1650,False
JIOFIN,2025-07-31,2350,2350,False
JIOFIN,2025-08-28,2350,2350,False
JIOFIN,2025-09-30,2350,2350,False
JIOFIN,2025-10-28,2350,2350,False
JIOFIN,2025-11-25,2350,2350,False
JIOFIN,2025-12-30,2350,2350,False
JIOFIN,2026-01-27,2350,2350,False
JIOFIN,2026-02-24,2350,2350,False
JIOFIN,2026-03-30,2350,2350,False
JIOFIN,2026-04-28,2350,2350,False
JIOFIN,2026-05-26,2350,2350,False
JIOFIN,2026-06-30,2350,2350,False
JIOFIN,2026-07-28,2350,2350,False
JIOFIN,2026-08-25,2350,2350,False
JKCEMENT,2021-10-28,175,175,False
JKCEMENT,2021-11-25,175,175,False
JKCEMENT,2021-12-30,175,175,False
JKCEMENT,2022-01-27,175,175,False
JKCEMENT,2022-02-24,175,175,False
JKCEMENT,2022-03-31,175,175,False
JKCEMENT,2022-04-28,175,175,False
JKCEMENT,2022-05-26,175,175,False
JKCEMENT,2022-06-30,175,175,False
JKCEMENT,2022-07-28,250,250,False
JKCEMENT,2022-08-25,250,250,False
JKCEMENT,2022-09-29,250,250,False
JKCEMENT,2022-10-27,250,250,False
JKCEMENT,2022-11-24,250,250,False
JKCEMENT,2022-12-29,250,250,False
JKCEMENT,2023-01-25,250,250,False
JKCEMENT,2023-02-23,250,250,False
JKCEMENT,2023-03-29,250,250,False
JKCEMENT,2023-04-27,250,250,False
JKCEMENT,2023-05-25,250,250,False
JKCEMENT,2023-06-28,250,250,False
JKCEMENT,2023-07-27,250,250,False
JKCEMENT,2023-08-31,250,250,False
JKCEMENT,2023-09-28,250,250,False
JKCEMENT,2023-10-26,250,250,False
JKCEMENT,2023-11-30,250,250,False
JKCEMENT,2023-12-28,250,250,False
JKCEMENT,2024-01-25,250,250,False
JKCEMENT,2024-02-29,250,250,False
JKCEMENT,2024-03-28,250,250,False
JKCEMENT,2024-04-25,250,250,False
JKCEMENT,2024-05-30,250,125,True
JKCEMENT,2024-06-27,250,125,True
JKCEMENT,2024-07-25,125,125,False
JKCEMENT,2024-08-29,125,125,False
JKCEMENT,2024-09-26,125,125,False
JKCEMENT,2024-10-31,125,125,False
JKCEMENT,2024-11-28,125,125,False
JKCEMENT,2024-12-26,125,125,False
JKCEMENT,2025-01-30,125,125,False
JKCEMENT,2025-02-27,125,125,False
JKCEMENT,2025-03-27,125,125,False
JSL,2024-12-26,775,775,False
JSL,2025-01-30,775,775,False
JSL,2025-02-27,775,775,False
JSL,2025-03-27,775,775,False
JSL,2025-04-24,775,775,False
JSL,2025-05-29,775,775,False
JSL,2025-06-26,775,775,False
JSL,2025-07-31,850,850,False
JSL,2025-08-28,850,850,False
JSWENERGY,2024-12-26,750,750,False
JSWENERGY,2025-01-30,750,750,False
JSWENERGY,2025-02-27,750,750,False
JSWENERGY,2025-03-27,750,750,False
JSWENERGY,2025-04-24,750,750,False
JSWENERGY,2025-05-29,750,750,False
JSWENERGY,2025-06-26,750,750,False
JSWENERGY,2025-07-31,1000,1000,False
JSWENERGY,2025-08-28,1000,1000,False
JSWENERGY,2025-09-30,1000,1000,False
JSWENERGY,2025-10-28,1000,1000,False
JSWENERGY,2025-11-25,1000,1000,False
JSWENERGY,2025-12-30,1000,1000,False
JSWENERGY,2026-01-27,1000,1000,False
JSWENERGY,2026-02-24,1000,1000,False
JSWENERGY,2026-03-30,1000,1000,False
JSWENERGY,2026-04-28,1000,1000,False
JSWENERGY,2026-05-26,1000,1000,False
JSWENERGY,2026-06-30,1000,1000,False
JSWENERGY,2026-07-28,1075,1075,False
JSWENERGY,2026-08-25,1075,1075,False
JSWSTEEL,2019-10-31,2000,2000,False
JSWSTEEL,2019-11-28,2000,2000,False
JSWSTEEL,2019-12-26,2000,2000,False
JSWSTEEL,2020-01-30,2300,2300,False
JSWSTEEL,2020-02-27,2300,2300,False
JSWSTEEL,2020-03-26,2300,2300,False
JSWSTEEL,2020-04-30,2300,2300,False
JSWSTEEL,2020-05-28,2300,2300,False
JSWSTEEL,2020-06-25,2300,2300,False
JSWSTEEL,2020-07-30,2700,2700,False
JSWSTEEL,2020-08-27,2700,2700,False
JSWSTEEL,2020-09-24,2700,2700,False
JSWSTEEL,2020-10-29,2700,2700,False
JSWSTEEL,2020-11-26,2700,2700,False
JSWSTEEL,2020-12-31,2700,2700,False
JSWSTEEL,2021-01-28,2700,2700,False
JSWSTEEL,2021-02-25,2700,2700,False
JSWSTEEL,2021-03-25,2700,2700,False
JSWSTEEL,2021-04-29,2700,2700,False
JSWSTEEL,2021-05-27,2700,1350,True
JSWSTEEL,2021-06-24,2700,1350,True
JSWSTEEL,2021-07-29,1350,1350,False
JSWSTEEL,2021-08-26,1350,1350,False
JSWSTEEL,2021-09-30,1350,1350,False
JSWSTEEL,2021-10-28,1350,1350,False
JSWSTEEL,2021-11-25,1350,1350,False
JSWSTEEL,2021-12-30,1350,1350,False
JSWSTEEL,2022-01-27,1350,1350,False
JSWSTEEL,2022-02-24,1350,1350,False
JSWSTEEL,2022-03-31,1350,1350,False
JSWSTEEL,2022-04-28,1350,1350,False
JSWSTEEL,2022-05-26,1350,1350,False
JSWSTEEL,2022-06-30,1350,1350,False
JSWSTEEL,2022-07-28,1350,1350,False
JSWSTEEL,2022-08-25,1350,1350,False
JSWSTEEL,2022-09-29,1350,1350,False
JSWSTEEL,2022-10-27,1350,1350,False
JSWSTEEL,2022-11-24,1350,1350,False
JSWSTEEL,2022-12-29,1350,1350,False
JSWSTEEL,2023-01-25,1350,1350,False
JSWSTEEL,2023-02-23,1350,1350,False
JSWSTEEL,2023-03-29,1350,1350,False
JSWSTEEL,2023-04-27,1350,1350,False
JSWSTEEL,2023-05-25,1350,1350,False
JSWSTEEL,2023-06-28,1350,1350,False
JSWSTEEL,2023-07-27,1350,1350,False
JSWSTEEL,2023-08-31,1350,1350,False
JSWSTEEL,2023-09-28,1350,1350,False
JSWSTEEL,2023-10-26,1350,1350,False
JSWSTEEL,2023-11-30,1350,675,True
JSWSTEEL,2023-12-28,1350,675,True
JSWSTEEL,2024-01-25,675,675,False
JSWSTEEL,2024-02-29,675,675,False
JSWSTEEL,2024-03-28,675,675,False
JSWSTEEL,2024-04-25,675,675,False
JSWSTEEL,2024-05-30,675,675,False
JSWSTEEL,2024-06-27,675,675,False
JSWSTEEL,2024-07-25,675,675,False
JSWSTEEL,2024-08-29,675,675,False
JSWSTEEL,2024-09-26,675,675,False
JSWSTEEL,2024-10-31,675,675,False
JSWSTEEL,2024-11-28,675,675,False
JSWSTEEL,2024-12-26,675,675,False
JSWSTEEL,2025-01-30,675,675,False
JSWSTEEL,2025-02-27,675,675,False
JSWSTEEL,2025-03-27,675,675,False
JSWSTEEL,2025-04-24,675,675,False
JSWSTEEL,2025-05-29,675,675,False
JSWSTEEL,2025-06-26,675,675,False
JSWSTEEL,2025-07-31,675,675,False
JSWSTEEL,2025-08-28,675,675,False
JSWSTEEL,2025-09-30,675,675,False
JSWSTEEL,2025-10-28,675,675,False
JSWSTEEL,2025-11-25,675,675,False
JSWSTEEL,2025-12-30,675,675,False
JSWSTEEL,2026-01-27,675,675,False
JSWSTEEL,2026-02-24,675,675,False
JSWSTEEL,2026-03-30,675,675,False
JSWSTEEL,2026-04-28,675,675,False
JSWSTEEL,2026-05-26,675,675,False
JSWSTEEL,2026-06-30,675,675,False
JSWSTEEL,2026-07-28,675,675,False
JSWSTEEL,2026-08-25,675,675,False
JUBLFOOD,2019-10-31,500,500,False
JUBLFOOD,2019-11-28,500,500,False
JUBLFOOD,2019-12-26,500,500,False
JUBLFOOD,2020-01-30,500,500,False
JUBLFOOD,2020-02-27,500,500,False
JUBLFOOD,2020-03-26,500,500,False
JUBLFOOD,2020-04-30,500,500,False
JUBLFOOD,2020-05-28,500,500,False
JUBLFOOD,2020-06-25,500,500,False
JUBLFOOD,2020-07-30,500,500,False
JUBLFOOD,2020-08-27,500,500,False
JUBLFOOD,2020-09-24,500,500,False
JUBLFOOD,2020-10-29,500,500,False
JUBLFOOD,2020-11-26,500,250,True
JUBLFOOD,2020-12-31,500,250,True
JUBLFOOD,2021-01-28,250,250,False
JUBLFOOD,2021-02-25,250,250,False
JUBLFOOD,2021-03-25,250,250,False
JUBLFOOD,2021-04-29,250,250,False
JUBLFOOD,2021-05-27,250,250,False
JUBLFOOD,2021-06-24,250,250,False
JUBLFOOD,2021-07-29,250,250,False
JUBLFOOD,2021-08-26,250,250,False
JUBLFOOD,2021-09-30,250,250,False
JUBLFOOD,2021-10-28,250,250,False
JUBLFOOD,2021-11-25,250,125,True
JUBLFOOD,2021-12-30,250,125,True
JUBLFOOD,2022-01-27,125,125,False
JUBLFOOD,2022-02-24,125,125,False
JUBLFOOD,2022-03-31,125,125,False
JUBLFOOD,2022-04-28,125,625,True
JUBLFOOD,2022-05-26,125,625,True
JUBLFOOD,2022-06-30,125,625,True
JUBLFOOD,2022-07-28,1250,1250,False
JUBLFOOD,2022-08-25,1250,1250,False
JUBLFOOD,2022-09-29,1250,1250,False
JUBLFOOD,2022-10-27,1250,1250,False
JUBLFOOD,2022-11-24,1250,1250,False
JUBLFOOD,2022-12-29,1250,1250,False
JUBLFOOD,2023-01-25,1250,1250,False
JUBLFOOD,2023-02-23,1250,1250,False
JUBLFOOD,2023-03-29,1250,1250,False
JUBLFOOD,2023-04-27,1250,1250,False
JUBLFOOD,2023-05-25,1250,1250,False
JUBLFOOD,2023-06-28,1250,1250,False
JUBLFOOD,2023-07-27,1250,1250,False
JUBLFOOD,2023-08-31,1250,1250,False
JUBLFOOD,2023-09-28,1250,1250,False
JUBLFOOD,2023-10-26,1250,1250,False
JUBLFOOD,2023-11-30,1250,1250,False
JUBLFOOD,2023-12-28,1250,1250,False
JUBLFOOD,2024-01-25,1250,1250,False
JUBLFOOD,2024-02-29,1250,1250,False
JUBLFOOD,2024-03-28,1250,1250,False
JUBLFOOD,2024-04-25,1250,1250,False
JUBLFOOD,2024-05-30,1250,1250,False
JUBLFOOD,2024-06-27,1250,1250,False
JUBLFOOD,2024-07-25,1250,1250,False
JUBLFOOD,2024-08-29,1250,1250,False
JUBLFOOD,2024-09-26,1250,1250,False
JUBLFOOD,2024-10-31,1250,1250,False
JUBLFOOD,2024-11-28,1250,1250,False
JUBLFOOD,2024-12-26,1250,1250,False
JUBLFOOD,2025-01-30,1250,1250,False
JUBLFOOD,2025-02-27,1250,1250,False
JUBLFOOD,2025-03-27,1250,1250,False
JUBLFOOD,2025-04-24,1250,1250,False
JUBLFOOD,2025-05-29,1250,1250,False
JUBLFOOD,2025-06-26,1250,1250,False
JUBLFOOD,2025-07-31,1250,1250,False
JUBLFOOD,2025-08-28,1250,1250,False
JUBLFOOD,2025-09-30,1250,1250,False
JUBLFOOD,2025-10-28,1250,1250,False
JUBLFOOD,2025-11-25,1250,1250,False
JUBLFOOD,2025-12-30,1250,1250,False
JUBLFOOD,2026-01-27,1250,1250,False
JUBLFOOD,2026-02-24,1250,1250,False
JUBLFOOD,2026-03-30,1250,1250,False
JUBLFOOD,2026-04-28,1250,1250,False
JUBLFOOD,2026-05-26,1250,1250,False
JUBLFOOD,2026-06-30,1250,1250,False
JUBLFOOD,2026-07-28,1250,1250,False
JUBLFOOD,2026-08-25,1250,1250,False
JUSTDIAL,2019-10-31,1400,1400,False
JUSTDIAL,2019-11-28,1400,1400,False
JUSTDIAL,2019-12-26,1400,1400,False
JUSTDIAL,2020-01-30,1400,1400,False
JUSTDIAL,2020-02-27,1400,1400,False
JUSTDIAL,2020-03-26,1400,1400,False
JUSTDIAL,2020-04-30,1400,1400,False
JUSTDIAL,2020-05-28,1400,1400,False
JUSTDIAL,2020-06-25,1400,1400,False
JUSTDIAL,2020-07-30,1400,1400,False
KALYANKJIL,2024-12-26,775,775,False
KALYANKJIL,2025-01-30,775,775,False
KALYANKJIL,2025-02-27,775,775,False
KALYANKJIL,2025-03-27,775,775,False
KALYANKJIL,2025-04-24,775,775,False
KALYANKJIL,2025-05-29,775,775,False
KALYANKJIL,2025-06-26,775,775,False
KALYANKJIL,2025-07-31,1175,1175,False
KALYANKJIL,2025-08-28,1175,1175,False
KALYANKJIL,2025-09-30,1175,1175,False
KALYANKJIL,2025-10-28,1175,1175,False
KALYANKJIL,2025-11-25,1175,1175,False
KALYANKJIL,2025-12-30,1175,1175,False
KALYANKJIL,2026-01-27,1175,1175,False
KALYANKJIL,2026-02-24,1175,1175,False
KALYANKJIL,2026-03-30,1175,1175,False
KALYANKJIL,2026-04-28,1175,1175,False
KALYANKJIL,2026-05-26,1175,1175,False
KALYANKJIL,2026-06-30,1175,1175,False
KALYANKJIL,2026-07-28,1350,1350,False
KALYANKJIL,2026-08-25,1350,1350,False
KAYNES,2025-06-26,100,100,False
KAYNES,2025-07-31,100,100,False
KAYNES,2025-08-28,100,100,False
KAYNES,2025-09-30,100,100,False
KAYNES,2025-10-28,100,100,False
KAYNES,2025-11-25,100,100,False
KAYNES,2025-12-30,100,100,False
KAYNES,2026-01-27,100,100,False
KAYNES,2026-02-24,100,100,False
KAYNES,2026-03-30,100,100,False
KAYNES,2026-04-28,100,100,False
KAYNES,2026-05-26,100,100,False
KAYNES,2026-06-30,100,100,False
KAYNES,2026-07-28,150,150,False
KAYNES,2026-08-25,150,150,False
KEI,2024-12-26,150,150,False
KEI,2025-01-30,150,150,False
KEI,2025-02-27,150,150,False
KEI,2025-03-27,150,150,False
KEI,2025-04-24,150,150,False
KEI,2025-05-29,150,150,False
KEI,2025-06-26,150,150,False
KEI,2025-07-31,175,175,False
KEI,2025-08-28,175,175,False
KEI,2025-09-30,175,175,False
KEI,2025-10-28,175,175,False
KEI,2025-11-25,175,175,False
KEI,2025-12-30,175,175,False
KEI,2026-01-27,175,175,False
KEI,2026-02-24,175,175,False
KEI,2026-03-30,175,175,False
KEI,2026-04-28,175,175,False
KEI,2026-05-26,175,175,False
KEI,2026-06-30,175,175,False
KEI,2026-07-28,175,175,False
KEI,2026-08-25,175,175,False
KFINTECH,2025-07-31,450,450,False
KFINTECH,2025-08-28,450,450,False
KFINTECH,2025-09-30,450,450,False
KFINTECH,2025-10-28,450,450,False
KFINTECH,2025-11-25,450,450,False
KFINTECH,2025-12-30,450,450,False
KFINTECH,2026-01-27,500,500,False
KFINTECH,2026-02-24,500,500,False
KFINTECH,2026-03-30,500,500,False
KFINTECH,2026-04-28,500,500,False
KFINTECH,2026-05-26,500,500,False
KFINTECH,2026-06-30,500,500,False
KFINTECH,2026-07-28,575,575,False
KFINTECH,2026-08-25,575,575,False
KOTAKBANK,2019-10-31,400,400,False
KOTAKBANK,2019-11-28,400,400,False
KOTAKBANK,2019-12-26,400,400,False
KOTAKBANK,2020-01-30,400,400,False
KOTAKBANK,2020-02-27,400,400,False
KOTAKBANK,2020-03-26,400,400,False
KOTAKBANK,2020-04-30,400,400,False
KOTAKBANK,2020-05-28,400,400,False
KOTAKBANK,2020-06-25,400,400,False
KOTAKBANK,2020-07-30,400,400,False
KOTAKBANK,2020-08-27,400,400,False
KOTAKBANK,2020-09-24,400,400,False
KOTAKBANK,2020-10-29,400,400,False
KOTAKBANK,2020-11-26,400,400,False
KOTAKBANK,2020-12-31,400,400,False
KOTAKBANK,2021-01-28,400,400,False
KOTAKBANK,2021-02-25,400,400,False
KOTAKBANK,2021-03-25,400,400,False
KOTAKBANK,2021-04-29,400,400,False
KOTAKBANK,2021-05-27,400,400,False
KOTAKBANK,2021-06-24,400,400,False
KOTAKBANK,2021-07-29,400,400,False
KOTAKBANK,2021-08-26,400,400,False
KOTAKBANK,2021-09-30,400,400,False
KOTAKBANK,2021-10-28,400,400,False
KOTAKBANK,2021-11-25,400,400,False
KOTAKBANK,2021-12-30,400,400,False
KOTAKBANK,2022-01-27,400,400,False
KOTAKBANK,2022-02-24,400,400,False
KOTAKBANK,2022-03-31,400,400,False
KOTAKBANK,2022-04-28,400,400,False
KOTAKBANK,2022-05-26,400,400,False
KOTAKBANK,2022-06-30,400,400,False
KOTAKBANK,2022-07-28,400,400,False
KOTAKBANK,2022-08-25,400,400,False
KOTAKBANK,2022-09-29,400,400,False
KOTAKBANK,2022-10-27,400,400,False
KOTAKBANK,2022-11-24,400,400,False
KOTAKBANK,2022-12-29,400,400,False
KOTAKBANK,2023-01-25,400,400,False
KOTAKBANK,2023-02-23,400,400,False
KOTAKBANK,2023-03-29,400,400,False
KOTAKBANK,2023-04-27,400,400,False
KOTAKBANK,2023-05-25,400,400,False
KOTAKBANK,2023-06-28,400,400,False
KOTAKBANK,2023-07-27,400,400,False
KOTAKBANK,2023-08-31,400,400,False
KOTAKBANK,2023-09-28,400,400,False
KOTAKBANK,2023-10-26,400,400,False
KOTAKBANK,2023-11-30,400,400,False
KOTAKBANK,2023-12-28,400,400,False
KOTAKBANK,2024-01-25,400,400,False
KOTAKBANK,2024-02-29,400,400,False
KOTAKBANK,2024-03-28,400,400,False
KOTAKBANK,2024-04-25,400,400,False
KOTAKBANK,2024-05-30,400,400,False
KOTAKBANK,2024-06-27,400,400,False
KOTAKBANK,2024-07-25,400,400,False
KOTAKBANK,2024-08-29,400,400,False
KOTAKBANK,2024-09-26,400,400,False
KOTAKBANK,2024-10-31,400,400,False
KOTAKBANK,2024-11-28,400,400,False
KOTAKBANK,2024-12-26,400,400,False
KOTAKBANK,2025-01-30,400,400,False
KOTAKBANK,2025-02-27,400,400,False
KOTAKBANK,2025-03-27,400,400,False
KOTAKBANK,2025-04-24,400,400,False
KOTAKBANK,2025-05-29,400,400,False
KOTAKBANK,2025-06-26,400,400,False
KOTAKBANK,2025-07-31,400,400,False
KOTAKBANK,2025-08-28,400,400,False
KOTAKBANK,2025-09-30,400,400,False
KOTAKBANK,2025-10-28,400,400,False
KOTAKBANK,2025-11-25,400,400,False
KOTAKBANK,2025-12-30,400,400,False
KOTAKBANK,2026-01-27,400,2000,True
KOTAKBANK,2026-02-24,400,2000,True
KOTAKBANK,2026-03-30,400,2000,True
KOTAKBANK,2026-04-28,2000,2000,False
KOTAKBANK,2026-05-26,2000,2000,False
KOTAKBANK,2026-06-30,2000,2000,False
KOTAKBANK,2026-07-28,2000,2000,False
KOTAKBANK,2026-08-25,2000,2000,False
KPITTECH,2024-12-26,400,400,False
KPITTECH,2025-01-30,400,400,False
KPITTECH,2025-02-27,400,400,False
KPITTECH,2025-03-27,400,400,False
KPITTECH,2025-04-24,400,400,False
KPITTECH,2025-05-29,400,400,False
KPITTECH,2025-06-26,400,400,False
KPITTECH,2025-07-31,400,400,False
KPITTECH,2025-08-28,400,400,False
KPITTECH,2025-09-30,400,400,False
KPITTECH,2025-10-28,400,400,False
KPITTECH,2025-11-25,400,400,False
KPITTECH,2025-12-30,400,400,False
KPITTECH,2026-01-27,425,425,False
KPITTECH,2026-02-24,425,425,False
KPITTECH,2026-03-30,425,425,False
KPITTECH,2026-04-28,425,425,False
KPITTECH,2026-05-26,425,425,False
KPITTECH,2026-06-30,425,425,False
KPITTECH,2026-07-28,775,775,False
KPITTECH,2026-08-25,775,775,False
L&TFH,2019-10-31,4500,4500,False
L&TFH,2019-11-28,4500,4500,False
L&TFH,2019-12-26,4500,4500,False
L&TFH,2020-01-30,5600,5600,False
L&TFH,2020-02-27,5600,5600,False
L&TFH,2020-03-26,5600,5600,False
L&TFH,2020-04-30,5600,5600,False
L&TFH,2020-05-28,5600,5600,False
L&TFH,2020-06-25,5600,5600,False
L&TFH,2020-07-30,6800,6800,False
L&TFH,2020-08-27,6800,6800,False
L&TFH,2020-09-24,6800,6800,False
L&TFH,2020-10-29,6800,6800,False
L&TFH,2020-11-26,6800,6800,False
L&TFH,2020-12-31,6800,6800,False
L&TFH,2021-01-28,8300,8924,True
L&TFH,2021-02-25,8300,8924,True
L&TFH,2021-03-25,8300,8924,True
L&TFH,2021-04-29,8924,8924,False
L&TFH,2021-05-27,8924,8924,False
L&TFH,2021-06-24,8924,8924,False
L&TFH,2021-07-29,8924,8924,False
L&TFH,2021-08-26,8924,8924,False
L&TFH,2021-09-30,8924,8924,False
L&TFH,2021-10-28,8924,8924,False
L&TFH,2021-11-25,8924,8924,False
L&TFH,2021-12-30,8924,8924,False
L&TFH,2022-01-27,8924,8924,False
L&TFH,2022-02-24,8924,8924,False
L&TFH,2022-03-31,8924,8924,False
L&TFH,2022-04-28,8924,8924,False
L&TFH,2022-05-26,8924,8924,False
L&TFH,2022-06-30,8924,8924,False
L&TFH,2022-07-28,8924,8924,False
L&TFH,2022-08-25,8924,8924,False
L&TFH,2022-09-29,8924,8924,False
L&TFH,2022-10-27,8924,8924,False
L&TFH,2022-11-24,8924,8924,False
L&TFH,2022-12-29,8924,8924,False
L&TFH,2023-01-25,8924,8924,False
L&TFH,2023-02-23,8924,8924,False
L&TFH,2023-03-29,8924,8924,False
L&TFH,2023-04-27,8924,8924,False
L&TFH,2023-05-25,8924,8924,False
L&TFH,2023-06-28,8924,8924,False
L&TFH,2023-07-27,8924,8924,False
L&TFH,2023-08-31,8924,8924,False
L&TFH,2023-09-28,8924,8924,False
L&TFH,2023-10-26,8924,8924,False
L&TFH,2023-11-30,8924,4462,True
L&TFH,2023-12-28,8924,4462,True
L&TFH,2024-01-25,4462,4462,False
L&TFH,2024-02-29,4462,4462,False
L&TFH,2024-03-28,4462,4462,False
L&TFH,2024-04-25,4462,4462,False
L&TFH,2024-05-30,4462,4462,False
L&TFH,2024-06-27,4462,4462,False
LALPATHLAB,2021-01-28,250,250,False
LALPATHLAB,2021-02-25,250,250,False
LALPATHLAB,2021-03-25,250,250,False
LALPATHLAB,2021-04-29,250,250,False
LALPATHLAB,2021-05-27,250,250,False
LALPATHLAB,2021-06-24,250,250,False
LALPATHLAB,2021-07-29,250,250,False
LALPATHLAB,2021-08-26,250,250,False
LALPATHLAB,2021-09-30,250,250,False
LALPATHLAB,2021-10-28,250,250,False
LALPATHLAB,2021-11-25,250,125,True
LALPATHLAB,2021-12-30,250,125,True
LALPATHLAB,2022-01-27,125,125,False
LALPATHLAB,2022-02-24,125,125,False
LALPATHLAB,2022-03-31,125,125,False
LALPATHLAB,2022-04-28,125,125,False
LALPATHLAB,2022-05-26,125,125,False
LALPATHLAB,2022-06-30,125,125,False
LALPATHLAB,2022-07-28,250,250,False
LALPATHLAB,2022-08-25,250,250,False
LALPATHLAB,2022-09-29,250,250,False
LALPATHLAB,2022-10-27,250,250,False
LALPATHLAB,2022-11-24,250,250,False
LALPATHLAB,2022-12-29,250,250,False
LALPATHLAB,2023-01-25,250,250,False
LALPATHLAB,2023-02-23,250,250,False
LALPATHLAB,2023-03-29,250,250,False
LALPATHLAB,2023-04-27,250,250,False
LALPATHLAB,2023-05-25,250,250,False
LALPATHLAB,2023-06-28,250,250,False
LALPATHLAB,2023-07-27,300,300,False
LALPATHLAB,2023-08-31,300,300,False
LALPATHLAB,2023-09-28,300,300,False
LALPATHLAB,2023-10-26,300,300,False
LALPATHLAB,2023-11-30,300,300,False
LALPATHLAB,2023-12-28,300,300,False
LALPATHLAB,2024-01-25,300,300,False
LALPATHLAB,2024-02-29,300,300,False
LALPATHLAB,2024-03-28,300,300,False
LALPATHLAB,2024-04-25,300,300,False
LALPATHLAB,2024-05-30,300,300,False
LALPATHLAB,2024-06-27,300,300,False
LALPATHLAB,2024-07-25,300,300,False
LALPATHLAB,2024-08-29,300,300,False
LALPATHLAB,2024-09-26,300,300,False
LALPATHLAB,2024-10-31,300,300,False
LALPATHLAB,2024-11-28,300,150,True
LALPATHLAB,2024-12-26,300,150,True
LALPATHLAB,2025-01-30,150,150,False
LALPATHLAB,2025-02-27,150,150,False
LAURUSLABS,2021-11-25,900,900,False
LAURUSLABS,2021-12-30,900,900,False
LAURUSLABS,2022-01-27,900,900,False
LAURUSLABS,2022-02-24,900,900,False
LAURUSLABS,2022-03-31,900,900,False
LAURUSLABS,2022-04-28,900,900,False
LAURUSLABS,2022-05-26,900,900,False
LAURUSLABS,2022-06-30,900,900,False
LAURUSLABS,2022-07-28,900,900,False
LAURUSLABS,2022-08-25,900,900,False
LAURUSLABS,2022-09-29,900,900,False
LAURUSLABS,2022-10-27,900,900,False
LAURUSLABS,2022-11-24,900,900,False
LAURUSLABS,2022-12-29,900,900,False
LAURUSLABS,2023-01-25,1100,1100,False
LAURUSLABS,2023-02-23,1100,1100,False
LAURUSLABS,2023-03-29,1100,1100,False
LAURUSLABS,2023-04-27,1100,1100,False
LAURUSLABS,2023-05-25,1100,1100,False
LAURUSLABS,2023-06-28,1100,1100,False
LAURUSLABS,2023-07-27,1700,1700,False
LAURUSLABS,2023-08-31,1700,1700,False
LAURUSLABS,2023-09-28,1700,1700,False
LAURUSLABS,2023-10-26,1700,1700,False
LAURUSLABS,2023-11-30,1700,1700,False
LAURUSLABS,2023-12-28,1700,1700,False
LAURUSLABS,2024-01-25,1700,1700,False
LAURUSLABS,2024-02-29,1700,1700,False
LAURUSLABS,2024-03-28,1700,1700,False
LAURUSLABS,2024-04-25,1700,1700,False
LAURUSLABS,2024-05-30,1700,1700,False
LAURUSLABS,2024-06-27,1700,1700,False
LAURUSLABS,2024-07-25,1700,1700,False
LAURUSLABS,2024-08-29,1700,1700,False
LAURUSLABS,2024-09-26,1700,1700,False
LAURUSLABS,2024-10-31,1700,1700,False
LAURUSLABS,2024-11-28,1700,1700,False
LAURUSLABS,2024-12-26,1700,1700,False
LAURUSLABS,2025-01-30,1700,1700,False
LAURUSLABS,2025-02-27,1700,1700,False
LAURUSLABS,2025-03-27,1700,1700,False
LAURUSLABS,2025-04-24,1700,1700,False
LAURUSLABS,2025-05-29,1700,1700,False
LAURUSLABS,2025-06-26,1700,1700,False
LAURUSLABS,2025-07-31,1700,1700,False
LAURUSLABS,2025-08-28,1700,1700,False
LAURUSLABS,2025-09-30,1700,1700,False
LAURUSLABS,2025-10-28,1700,1700,False
LAURUSLABS,2025-11-25,1700,850,True
LAURUSLABS,2025-12-30,1700,850,True
LAURUSLABS,2026-01-27,850,850,False
LAURUSLABS,2026-02-24,850,850,False
LAURUSLABS,2026-03-30,850,850,False
LAURUSLABS,2026-04-28,850,850,False
LAURUSLABS,2026-05-26,850,850,False
LAURUSLABS,2026-06-30,850,850,False
LAURUSLABS,2026-07-28,850,850,False
LAURUSLABS,2026-08-25,850,850,False
LICHSGFIN,2019-10-31,1100,1100,False
LICHSGFIN,2019-11-28,1100,1100,False
LICHSGFIN,2019-12-26,1100,1100,False
LICHSGFIN,2020-01-30,1300,1300,False
LICHSGFIN,2020-02-27,1300,1300,False
LICHSGFIN,2020-03-26,1300,1300,False
LICHSGFIN,2020-04-30,1300,1300,False
LICHSGFIN,2020-05-28,1300,1300,False
LICHSGFIN,2020-06-25,1300,1300,False
LICHSGFIN,2020-07-30,2000,2000,False
LICHSGFIN,2020-08-27,2000,2000,False
LICHSGFIN,2020-09-24,2000,2000,False
LICHSGFIN,2020-10-29,2000,2000,False
LICHSGFIN,2020-11-26,2000,2000,False
LICHSGFIN,2020-12-31,2000,2000,False
LICHSGFIN,2021-01-28,2000,2000,False
LICHSGFIN,2021-02-25,2000,2000,False
LICHSGFIN,2021-03-25,2000,2000,False
LICHSGFIN,2021-04-29,2000,2000,False
LICHSGFIN,2021-05-27,2000,2000,False
LICHSGFIN,2021-06-24,2000,2000,False
LICHSGFIN,2021-07-29,2000,2000,False
LICHSGFIN,2021-08-26,2000,2000,False
LICHSGFIN,2021-09-30,2000,2000,False
LICHSGFIN,2021-10-28,2000,2000,False
LICHSGFIN,2021-11-25,2000,2000,False
LICHSGFIN,2021-12-30,2000,2000,False
LICHSGFIN,2022-01-27,2000,2000,False
LICHSGFIN,2022-02-24,2000,2000,False
LICHSGFIN,2022-03-31,2000,2000,False
LICHSGFIN,2022-04-28,2000,2000,False
LICHSGFIN,2022-05-26,2000,2000,False
LICHSGFIN,2022-06-30,2000,2000,False
LICHSGFIN,2022-07-28,2000,2000,False
LICHSGFIN,2022-08-25,2000,2000,False
LICHSGFIN,2022-09-29,2000,2000,False
LICHSGFIN,2022-10-27,2000,2000,False
LICHSGFIN,2022-11-24,2000,2000,False
LICHSGFIN,2022-12-29,2000,2000,False
LICHSGFIN,2023-01-25,2000,2000,False
LICHSGFIN,2023-02-23,2000,2000,False
LICHSGFIN,2023-03-29,2000,2000,False
LICHSGFIN,2023-04-27,2000,2000,False
LICHSGFIN,2023-05-25,2000,2000,False
LICHSGFIN,2023-06-28,2000,2000,False
LICHSGFIN,2023-07-27,2000,2000,False
LICHSGFIN,2023-08-31,2000,2000,False
LICHSGFIN,2023-09-28,2000,2000,False
LICHSGFIN,2023-10-26,2000,2000,False
LICHSGFIN,2023-11-30,2000,2000,False
LICHSGFIN,2023-12-28,2000,2000,False
LICHSGFIN,2024-01-25,2000,2000,False
LICHSGFIN,2024-02-29,2000,2000,False
LICHSGFIN,2024-03-28,2000,2000,False
LICHSGFIN,2024-04-25,2000,2000,False
LICHSGFIN,2024-05-30,2000,1000,True
LICHSGFIN,2024-06-27,2000,1000,True
LICHSGFIN,2024-07-25,1000,1000,False
LICHSGFIN,2024-08-29,1000,1000,False
LICHSGFIN,2024-09-26,1000,1000,False
LICHSGFIN,2024-10-31,1000,1000,False
LICHSGFIN,2024-11-28,1000,1000,False
LICHSGFIN,2024-12-26,1000,1000,False
LICHSGFIN,2025-01-30,1000,1000,False
LICHSGFIN,2025-02-27,1000,1000,False
LICHSGFIN,2025-03-27,1000,1000,False
LICHSGFIN,2025-04-24,1000,1000,False
LICHSGFIN,2025-05-29,1000,1000,False
LICHSGFIN,2025-06-26,1000,1000,False
LICHSGFIN,2025-07-31,1000,1000,False
LICHSGFIN,2025-08-28,1000,1000,False
LICHSGFIN,2025-09-30,1000,1000,False
LICHSGFIN,2025-10-28,1000,1000,False
LICHSGFIN,2025-11-25,1000,1000,False
LICHSGFIN,2025-12-30,1000,1000,False
LICHSGFIN,2026-01-27,1000,1000,False
LICHSGFIN,2026-02-24,1000,1000,False
LICHSGFIN,2026-03-30,1000,1000,False
LICHSGFIN,2026-04-28,1000,1000,False
LICHSGFIN,2026-05-26,1000,1000,False
LICHSGFIN,2026-06-30,1000,1000,False
LICHSGFIN,2026-07-28,1000,1000,False
LICHSGFIN,2026-08-25,1000,1000,False
LICI,2024-12-26,575,575,False
LICI,2025-01-30,575,575,False
LICI,2025-02-27,575,575,False
LICI,2025-03-27,575,575,False
LICI,2025-04-24,575,575,False
LICI,2025-05-29,575,575,False
LICI,2025-06-26,575,575,False
LICI,2025-07-31,700,700,False
LICI,2025-08-28,700,700,False
LICI,2025-09-30,700,700,False
LICI,2025-10-28,700,700,False
LICI,2025-11-25,700,700,False
LICI,2025-12-30,700,700,False
LICI,2026-01-27,700,700,False
LICI,2026-02-24,700,700,False
LICI,2026-03-30,700,700,False
LICI,2026-04-28,700,700,False
LICI,2026-05-26,700,700,False
LICI,2026-06-30,700,1400,True
LICI,2026-07-28,700,1400,True
LICI,2026-08-25,700,1400,True
LODHA,2024-12-26,450,450,False
LODHA,2025-01-30,450,450,False
LODHA,2025-02-27,450,450,False
LODHA,2025-03-27,450,450,False
LODHA,2025-04-24,450,450,False
LODHA,2025-05-29,450,450,False
LODHA,2025-06-26,450,450,False
LODHA,2025-07-31,450,450,False
LODHA,2025-08-28,450,450,False
LODHA,2025-09-30,450,450,False
LODHA,2025-10-28,450,450,False
LODHA,2025-11-25,450,450,False
LODHA,2025-12-30,450,450,False
LODHA,2026-01-27,450,450,False
LODHA,2026-02-24,450,450,False
LODHA,2026-03-30,450,450,False
LODHA,2026-04-28,450,450,False
LODHA,2026-05-26,450,450,False
LODHA,2026-06-30,450,450,False
LODHA,2026-07-28,625,625,False
LODHA,2026-08-25,625,625,False
LT,2019-10-31,375,375,False
LT,2019-11-28,375,375,False
LT,2019-12-26,375,375,False
LT,2020-01-30,375,375,False
LT,2020-02-27,375,375,False
LT,2020-03-26,375,375,False
LT,2020-04-30,375,375,False
LT,2020-05-28,375,375,False
LT,2020-06-25,375,375,False
LT,2020-07-30,550,550,False
LT,2020-08-27,550,550,False
LT,2020-09-24,550,550,False
LT,2020-10-29,550,550,False
LT,2020-11-26,550,550,False
LT,2020-12-31,550,550,False
LT,2021-01-28,575,575,False
LT,2021-02-25,575,575,False
LT,2021-03-25,575,575,False
LT,2021-04-29,575,575,False
LT,2021-05-27,575,575,False
LT,2021-06-24,575,575,False
LT,2021-07-29,575,575,False
LT,2021-08-26,575,575,False
LT,2021-09-30,575,575,False
LT,2021-10-28,575,575,False
LT,2021-11-25,575,575,False
LT,2021-12-30,575,575,False
LT,2022-01-27,575,575,False
LT,2022-02-24,575,575,False
LT,2022-03-31,575,575,False
LT,2022-04-28,575,575,False
LT,2022-05-26,575,575,False
LT,2022-06-30,575,575,False
LT,2022-07-28,300,300,False
LT,2022-08-25,300,300,False
LT,2022-09-29,300,300,False
LT,2022-10-27,300,300,False
LT,2022-11-24,300,300,False
LT,2022-12-29,300,300,False
LT,2023-01-25,300,300,False
LT,2023-02-23,300,300,False
LT,2023-03-29,300,300,False
LT,2023-04-27,300,300,False
LT,2023-05-25,300,300,False
LT,2023-06-28,300,300,False
LT,2023-07-27,300,300,False
LT,2023-08-31,300,300,False
LT,2023-09-28,300,300,False
LT,2023-10-26,300,300,False
LT,2023-11-30,300,300,False
LT,2023-12-28,300,300,False
LT,2024-01-25,300,300,False
LT,2024-02-29,300,300,False
LT,2024-03-28,300,300,False
LT,2024-04-25,300,300,False
LT,2024-05-30,300,150,True
LT,2024-06-27,300,150,True
LT,2024-07-25,150,150,False
LT,2024-08-29,150,150,False
LT,2024-09-26,150,150,False
LT,2024-10-31,150,150,False
LT,2024-11-28,150,150,False
LT,2024-12-26,150,150,False
LT,2025-01-30,150,150,False
LT,2025-02-27,150,150,False
LT,2025-03-27,150,150,False
LT,2025-04-24,150,150,False
LT,2025-05-29,150,150,False
LT,2025-06-26,150,150,False
LT,2025-07-31,175,175,False
LT,2025-08-28,175,175,False
LT,2025-09-30,175,175,False
LT,2025-10-28,175,175,False
LT,2025-11-25,175,175,False
LT,2025-12-30,175,175,False
LT,2026-01-27,175,175,False
LT,2026-02-24,175,175,False
LT,2026-03-30,175,175,False
LT,2026-04-28,175,175,False
LT,2026-05-26,175,175,False
LT,2026-06-30,175,175,False
LT,2026-07-28,175,175,False
LT,2026-08-25,175,175,False
LTF,2024-04-25,4462,4462,False
LTF,2024-05-30,4462,4462,False
LTF,2024-06-27,4462,4462,False
LTF,2024-07-25,4462,4462,False
LTF,2024-08-29,4462,4462,False
LTF,2024-09-26,4462,4462,False
LTF,2024-10-31,4462,4462,False
LTF,2024-11-28,4462,4462,False
LTF,2024-12-26,4462,4462,False
LTF,2025-01-30,4462,4462,False
LTF,2025-02-27,4462,4462,False
LTF,2025-03-27,4462,4462,False
LTF,2025-04-24,4462,4462,False
LTF,2025-05-29,4462,4462,False
LTF,2025-06-26,4462,4462,False
LTF,2025-07-31,4462,4462,False
LTF,2025-08-28,4462,4462,False
LTF,2025-09-30,4462,4462,False
LTF,2025-10-28,4462,4462,False
LTF,2025-11-25,4462,4462,False
LTF,2025-12-30,4462,4462,False
LTF,2026-01-27,2250,2250,False
LTF,2026-02-24,2250,2250,False
LTF,2026-03-30,2250,2250,False
LTF,2026-04-28,2250,2250,False
LTF,2026-05-26,2250,2250,False
LTF,2026-06-30,2250,2250,False
LTF,2026-07-28,2250,2250,False
LTF,2026-08-25,2250,2250,False
LTI,2021-03-25,150,150,False
LTI,2021-04-29,150,150,False
LTI,2021-05-27,150,150,False
LTI,2021-06-24,150,150,False
LTI,2021-07-29,150,150,False
LTI,2021-08-26,150,150,False
LTI,2021-09-30,150,150,False
LTI,2021-10-28,150,150,False
LTI,2021-11-25,150,150,False
LTI,2021-12-30,150,150,False
LTI,2022-01-27,150,150,False
LTI,2022-02-24,150,150,False
LTI,2022-03-31,150,150,False
LTI,2022-04-28,150,150,False
LTI,2022-05-26,150,150,False
LTI,2022-06-30,150,150,False
LTI,2022-07-28,150,150,False
LTI,2022-08-25,150,150,False
LTI,2022-09-29,150,150,False
LTI,2022-10-27,150,150,False
LTI,2022-11-24,150,150,False
LTI,2022-12-29,150,150,False
LTI,2023-01-25,150,150,False
LTI,2023-02-23,150,150,False
LTIM,2022-12-29,150,150,False
LTIM,2023-01-25,150,150,False
LTIM,2023-02-23,150,150,False
LTIM,2023-03-29,150,150,False
LTIM,2023-04-27,150,150,False
LTIM,2023-05-25,150,150,False
LTIM,2023-06-28,150,150,False
LTIM,2023-07-27,150,150,False
LTIM,2023-08-31,150,150,False
LTIM,2023-09-28,150,150,False
LTIM,2023-10-26,150,150,False
LTIM,2023-11-30,150,150,False
LTIM,2023-12-28,150,150,False
LTIM,2024-01-25,150,150,False
LTIM,2024-02-29,150,150,False
LTIM,2024-03-28,150,150,False
LTIM,2024-04-25,150,150,False
LTIM,2024-05-30,150,150,False
LTIM,2024-06-27,150,150,False
LTIM,2024-07-25,150,150,False
LTIM,2024-08-29,150,150,False
LTIM,2024-09-26,150,150,False
LTIM,2024-10-31,150,150,False
LTIM,2024-11-28,150,150,False
LTIM,2024-12-26,150,150,False
LTIM,2025-01-30,150,150,False
LTIM,2025-02-27,150,150,False
LTIM,2025-03-27,150,150,False
LTIM,2025-04-24,150,150,False
LTIM,2025-05-29,150,150,False
LTIM,2025-06-26,150,150,False
LTIM,2025-07-31,150,150,False
LTIM,2025-08-28,150,150,False
LTIM,2025-09-30,150,150,False
LTIM,2025-10-28,150,150,False
LTIM,2025-11-25,150,150,False
LTIM,2025-12-30,150,150,False
LTIM,2026-01-27,150,150,False
LTIM,2026-02-24,150,150,False
LTIM,2026-03-30,150,150,False
LTIM,2026-04-28,150,150,False
LTIM,2026-05-26,150,150,False
LTM,2026-03-30,150,150,False
LTM,2026-04-28,150,150,False
LTM,2026-05-26,150,150,False
LTM,2026-06-30,150,150,False
LTM,2026-07-28,150,150,False
LTM,2026-08-25,150,150,False
LTTS,2021-03-25,200,200,False
LTTS,2021-04-29,200,200,False
LTTS,2021-05-27,200,200,False
LTTS,2021-06-24,200,200,False
LTTS,2021-07-29,200,200,False
LTTS,2021-08-26,200,200,False
LTTS,2021-09-30,200,200,False
LTTS,2021-10-28,200,200,False
LTTS,2021-11-25,200,200,False
LTTS,2021-12-30,200,200,False
LTTS,2022-01-27,200,200,False
LTTS,2022-02-24,200,200,False
LTTS,2022-03-31,200,200,False
LTTS,2022-04-28,200,200,False
LTTS,2022-05-26,200,200,False
LTTS,2022-06-30,200,200,False
LTTS,2022-07-28,200,200,False
LTTS,2022-08-25,200,200,False
LTTS,2022-09-29,200,200,False
LTTS,2022-10-27,200,200,False
LTTS,2022-11-24,200,200,False
LTTS,2022-12-29,200,200,False
LTTS,2023-01-25,200,200,False
LTTS,2023-02-23,200,200,False
LTTS,2023-03-29,200,200,False
LTTS,2023-04-27,200,200,False
LTTS,2023-05-25,200,200,False
LTTS,2023-06-28,200,200,False
LTTS,2023-07-27,200,200,False
LTTS,2023-08-31,200,200,False
LTTS,2023-09-28,200,200,False
LTTS,2023-10-26,200,200,False
LTTS,2023-11-30,200,200,False
LTTS,2023-12-28,200,200,False
LTTS,2024-01-25,200,200,False
LTTS,2024-02-29,200,200,False
LTTS,2024-03-28,200,200,False
LTTS,2024-04-25,200,200,False
LTTS,2024-05-30,200,100,True
LTTS,2024-06-27,200,100,True
LTTS,2024-07-25,100,100,False
LTTS,2024-08-29,100,100,False
LTTS,2024-09-26,100,100,False
LTTS,2024-10-31,100,100,False
LTTS,2024-11-28,100,100,False
LTTS,2024-12-26,100,100,False
LTTS,2025-01-30,100,100,False
LTTS,2025-02-27,100,100,False
LTTS,2025-03-27,100,100,False
LUPIN,2019-10-31,700,700,False
LUPIN,2019-11-28,700,700,False
LUPIN,2019-12-26,700,700,False
LUPIN,2020-01-30,700,700,False
LUPIN,2020-02-27,700,700,False
LUPIN,2020-03-26,700,700,False
LUPIN,2020-04-30,700,700,False
LUPIN,2020-05-28,700,700,False
LUPIN,2020-06-25,700,700,False
LUPIN,2020-07-30,850,850,False
LUPIN,2020-08-27,850,850,False
LUPIN,2020-09-24,850,850,False
LUPIN,2020-10-29,850,850,False
LUPIN,2020-11-26,850,850,False
LUPIN,2020-12-31,850,850,False
LUPIN,2021-01-28,850,850,False
LUPIN,2021-02-25,850,850,False
LUPIN,2021-03-25,850,850,False
LUPIN,2021-04-29,850,850,False
LUPIN,2021-05-27,850,850,False
LUPIN,2021-06-24,850,850,False
LUPIN,2021-07-29,850,850,False
LUPIN,2021-08-26,850,850,False
LUPIN,2021-09-30,850,850,False
LUPIN,2021-10-28,850,850,False
LUPIN,2021-11-25,850,850,False
LUPIN,2021-12-30,850,850,False
LUPIN,2022-01-27,850,850,False
LUPIN,2022-02-24,850,850,False
LUPIN,2022-03-31,850,850,False
LUPIN,2022-04-28,850,850,False
LUPIN,2022-05-26,850,850,False
LUPIN,2022-06-30,850,850,False
LUPIN,2022-07-28,850,850,False
LUPIN,2022-08-25,850,850,False
LUPIN,2022-09-29,850,850,False
LUPIN,2022-10-27,850,850,False
LUPIN,2022-11-24,850,850,False
LUPIN,2022-12-29,850,850,False
LUPIN,2023-01-25,850,850,False
LUPIN,2023-02-23,850,850,False
LUPIN,2023-03-29,850,850,False
LUPIN,2023-04-27,850,850,False
LUPIN,2023-05-25,850,850,False
LUPIN,2023-06-28,850,850,False
LUPIN,2023-07-27,850,850,False
LUPIN,2023-08-31,850,850,False
LUPIN,2023-09-28,850,850,False
LUPIN,2023-10-26,850,850,False
LUPIN,2023-11-30,850,850,False
LUPIN,2023-12-28,850,850,False
LUPIN,2024-01-25,850,850,False
LUPIN,2024-02-29,850,850,False
LUPIN,2024-03-28,850,850,False
LUPIN,2024-04-25,850,850,False
LUPIN,2024-05-30,850,425,True
LUPIN,2024-06-27,850,425,True
LUPIN,2024-07-25,425,425,False
LUPIN,2024-08-29,425,425,False
LUPIN,2024-09-26,425,425,False
LUPIN,2024-10-31,425,425,False
LUPIN,2024-11-28,425,425,False
LUPIN,2024-12-26,425,425,False
LUPIN,2025-01-30,425,425,False
LUPIN,2025-02-27,425,425,False
LUPIN,2025-03-27,425,425,False
LUPIN,2025-04-24,425,425,False
LUPIN,2025-05-29,425,425,False
LUPIN,2025-06-26,425,425,False
LUPIN,2025-07-31,425,425,False
LUPIN,2025-08-28,425,425,False
LUPIN,2025-09-30,425,425,False
LUPIN,2025-10-28,425,425,False
LUPIN,2025-11-25,425,425,False
LUPIN,2025-12-30,425,425,False
LUPIN,2026-01-27,425,425,False
LUPIN,2026-02-24,425,425,False
LUPIN,2026-03-30,425,425,False
LUPIN,2026-04-28,425,425,False
LUPIN,2026-05-26,425,425,False
LUPIN,2026-06-30,425,425,False
LUPIN,2026-07-28,425,425,False
LUPIN,2026-08-25,425,425,False
M&M,2019-10-31,1000,1000,False
M&M,2019-11-28,1000,1000,False
M&M,2019-12-26,1000,1000,False
M&M,2020-01-30,1000,1000,False
M&M,2020-02-27,1000,1000,False
M&M,2020-03-26,1000,1000,False
M&M,2020-04-30,1000,1000,False
M&M,2020-05-28,1000,1000,False
M&M,2020-06-25,1000,1000,False
M&M,2020-07-30,1400,1400,False
M&M,2020-08-27,1400,1400,False
M&M,2020-09-24,1400,1400,False
M&M,2020-10-29,1400,1400,False
M&M,2020-11-26,1400,1400,False
M&M,2020-12-31,1400,1400,False
M&M,2021-01-28,1400,1400,False
M&M,2021-02-25,1400,1400,False
M&M,2021-03-25,1400,1400,False
M&M,2021-04-29,1400,1400,False
M&M,2021-05-27,1400,700,True
M&M,2021-06-24,1400,700,True
M&M,2021-07-29,700,700,False
M&M,2021-08-26,700,700,False
M&M,2021-09-30,700,700,False
M&M,2021-10-28,700,700,False
M&M,2021-11-25,700,700,False
M&M,2021-12-30,700,700,False
M&M,2022-01-27,700,700,False
M&M,2022-02-24,700,700,False
M&M,2022-03-31,700,700,False
M&M,2022-04-28,700,700,False
M&M,2022-05-26,700,700,False
M&M,2022-06-30,700,700,False
M&M,2022-07-28,700,700,False
M&M,2022-08-25,700,700,False
M&M,2022-09-29,700,700,False
M&M,2022-10-27,700,700,False
M&M,2022-11-24,700,700,False
M&M,2022-12-29,700,700,False
M&M,2023-01-25,700,700,False
M&M,2023-02-23,700,700,False
M&M,2023-03-29,700,700,False
M&M,2023-04-27,700,700,False
M&M,2023-05-25,700,700,False
M&M,2023-06-28,700,700,False
M&M,2023-07-27,700,700,False
M&M,2023-08-31,700,700,False
M&M,2023-09-28,700,700,False
M&M,2023-10-26,700,700,False
M&M,2023-11-30,700,350,True
M&M,2023-12-28,700,350,True
M&M,2024-01-25,350,350,False
M&M,2024-02-29,350,350,False
M&M,2024-03-28,350,350,False
M&M,2024-04-25,350,350,False
M&M,2024-05-30,350,350,False
M&M,2024-06-27,350,350,False
M&M,2024-07-25,350,350,False
M&M,2024-08-29,350,350,False
M&M,2024-09-26,350,350,False
M&M,2024-10-31,350,350,False
M&M,2024-11-28,350,175,True
M&M,2024-12-26,350,175,True
M&M,2025-01-30,175,175,False
M&M,2025-02-27,175,175,False
M&M,2025-03-27,175,175,False
M&M,2025-04-24,175,175,False
M&M,2025-05-29,175,175,False
M&M,2025-06-26,175,175,False
M&M,2025-07-31,200,200,False
M&M,2025-08-28,200,200,False
M&M,2025-09-30,200,200,False
M&M,2025-10-28,200,200,False
M&M,2025-11-25,200,200,False
M&M,2025-12-30,200,200,False
M&M,2026-01-27,200,200,False
M&M,2026-02-24,200,200,False
M&M,2026-03-30,200,200,False
M&M,2026-04-28,200,200,False
M&M,2026-05-26,200,200,False
M&M,2026-06-30,200,200,False
M&M,2026-07-28,200,200,False
M&M,2026-08-25,200,200,False
M&MFIN,2019-10-31,1250,1250,False
M&MFIN,2019-11-28,1250,1250,False
M&MFIN,2019-12-26,1250,1250,False
M&MFIN,2020-01-30,1600,1600,False
M&MFIN,2020-02-27,1600,1600,False
M&MFIN,2020-03-26,1600,1600,False
M&MFIN,2020-04-30,1600,1600,False
M&MFIN,2020-05-28,1600,1600,False
M&MFIN,2020-06-25,1600,1600,False
M&MFIN,2020-07-30,2100,3444,True
M&MFIN,2020-08-27,2100,3444,True
M&MFIN,2020-09-24,2100,3444,True
M&MFIN,2020-10-29,3444,3444,False
M&MFIN,2020-11-26,3444,3444,False
M&MFIN,2020-12-31,3444,3444,False
M&MFIN,2021-01-28,4000,4000,False
M&MFIN,2021-02-25,4000,4000,False
M&MFIN,2021-03-25,4000,4000,False
M&MFIN,2021-04-29,4000,4000,False
M&MFIN,2021-05-27,4000,4000,False
M&MFIN,2021-06-24,4000,4000,False
M&MFIN,2021-07-29,4000,4000,False
M&MFIN,2021-08-26,4000,4000,False
M&MFIN,2021-09-30,4000,4000,False
M&MFIN,2021-10-28,4000,4000,False
M&MFIN,2021-11-25,4000,4000,False
M&MFIN,2021-12-30,4000,4000,False
M&MFIN,2022-01-27,4000,4000,False
M&MFIN,2022-02-24,4000,4000,False
M&MFIN,2022-03-31,4000,4000,False
M&MFIN,2022-04-28,4000,4000,False
M&MFIN,2022-05-26,4000,4000,False
M&MFIN,2022-06-30,4000,4000,False
M&MFIN,2022-07-28,4000,4000,False
M&MFIN,2022-08-25,4000,4000,False
M&MFIN,2022-09-29,4000,4000,False
M&MFIN,2022-10-27,4000,4000,False
M&MFIN,2022-11-24,4000,4000,False
M&MFIN,2022-12-29,4000,4000,False
M&MFIN,2023-01-25,4000,4000,False
M&MFIN,2023-02-23,4000,4000,False
M&MFIN,2023-03-29,4000,4000,False
M&MFIN,2023-04-27,4000,4000,False
M&MFIN,2023-05-25,4000,4000,False
M&MFIN,2023-06-28,4000,4000,False
M&MFIN,2023-07-27,4000,4000,False
M&MFIN,2023-08-31,4000,4000,False
M&MFIN,2023-09-28,4000,4000,False
M&MFIN,2023-10-26,4000,4000,False
M&MFIN,2023-11-30,4000,2000,True
M&MFIN,2023-12-28,4000,2000,True
M&MFIN,2024-01-25,2000,2000,False
M&MFIN,2024-02-29,2000,2000,False
M&MFIN,2024-03-28,2000,2000,False
M&MFIN,2024-04-25,2000,2000,False
M&MFIN,2024-05-30,2000,2000,False
M&MFIN,2024-06-27,2000,2000,False
M&MFIN,2024-07-25,2000,2000,False
M&MFIN,2024-08-29,2000,2000,False
M&MFIN,2024-09-26,2000,2000,False
M&MFIN,2024-10-31,2000,2000,False
M&MFIN,2024-11-28,2000,2000,False
M&MFIN,2024-12-26,2000,2000,False
M&MFIN,2025-01-30,2000,2000,False
M&MFIN,2025-02-27,2000,2000,False
M&MFIN,2025-03-27,2000,2000,False
M&MFIN,2025-04-24,2000,2000,False
M&MFIN,2025-05-29,2000,2056,True
M&MFIN,2025-06-26,2000,2056,True
M&MFIN,2025-07-31,2000,2056,True
MANAPPURAM,2019-10-31,6000,6000,False
MANAPPURAM,2019-11-28,6000,6000,False
MANAPPURAM,2019-12-26,6000,6000,False
MANAPPURAM,2020-01-30,6000,6000,False
MANAPPURAM,2020-02-27,6000,6000,False
MANAPPURAM,2020-03-26,6000,6000,False
MANAPPURAM,2020-04-30,6000,6000,False
MANAPPURAM,2020-05-28,6000,6000,False
MANAPPURAM,2020-06-25,6000,6000,False
MANAPPURAM,2020-07-30,6000,6000,False
MANAPPURAM,2020-08-27,6000,6000,False
MANAPPURAM,2020-09-24,6000,6000,False
MANAPPURAM,2020-10-29,6000,6000,False
MANAPPURAM,2020-11-26,6000,6000,False
MANAPPURAM,2020-12-31,6000,6000,False
MANAPPURAM,2021-01-28,6000,6000,False
MANAPPURAM,2021-02-25,6000,6000,False
MANAPPURAM,2021-03-25,6000,6000,False
MANAPPURAM,2021-04-29,6000,6000,False
MANAPPURAM,2021-05-27,6000,6000,False
MANAPPURAM,2021-06-24,6000,6000,False
MANAPPURAM,2021-07-29,6000,6000,False
MANAPPURAM,2021-08-26,6000,6000,False
MANAPPURAM,2021-09-30,6000,6000,False
MANAPPURAM,2021-10-28,6000,6000,False
MANAPPURAM,2021-11-25,6000,3000,True
MANAPPURAM,2021-12-30,6000,3000,True
MANAPPURAM,2022-01-27,3000,3000,False
MANAPPURAM,2022-02-24,3000,3000,False
MANAPPURAM,2022-03-31,3000,3000,False
MANAPPURAM,2022-04-28,3000,3000,False
MANAPPURAM,2022-05-26,3000,3000,False
MANAPPURAM,2022-06-30,3000,3000,False
MANAPPURAM,2022-07-28,6000,6000,False
MANAPPURAM,2022-08-25,6000,6000,False
MANAPPURAM,2022-09-29,6000,6000,False
MANAPPURAM,2022-10-27,6000,6000,False
MANAPPURAM,2022-11-24,6000,6000,False
MANAPPURAM,2022-12-29,6000,6000,False
MANAPPURAM,2023-01-25,6000,6000,False
MANAPPURAM,2023-02-23,6000,6000,False
MANAPPURAM,2023-03-29,6000,6000,False
MANAPPURAM,2023-04-27,6000,6000,False
MANAPPURAM,2023-05-25,6000,6000,False
MANAPPURAM,2023-06-28,6000,6000,False
MANAPPURAM,2023-07-27,6000,6000,False
MANAPPURAM,2023-08-31,6000,6000,False
MANAPPURAM,2023-09-28,6000,6000,False
MANAPPURAM,2023-10-26,6000,6000,False
MANAPPURAM,2023-11-30,6000,6000,False
MANAPPURAM,2023-12-28,6000,6000,False
MANAPPURAM,2024-01-25,6000,6000,False
MANAPPURAM,2024-02-29,6000,6000,False
MANAPPURAM,2024-03-28,6000,6000,False
MANAPPURAM,2024-04-25,6000,6000,False
MANAPPURAM,2024-05-30,6000,3000,True
MANAPPURAM,2024-06-27,6000,3000,True
MANAPPURAM,2024-07-25,3000,3000,False
MANAPPURAM,2024-08-29,3000,3000,False
MANAPPURAM,2024-09-26,3000,3000,False
MANAPPURAM,2024-10-31,3000,3000,False
MANAPPURAM,2024-11-28,3000,3000,False
MANAPPURAM,2024-12-26,3000,3000,False
MANAPPURAM,2025-01-30,3000,3000,False
MANAPPURAM,2025-02-27,3000,3000,False
MANAPPURAM,2025-03-27,3000,3000,False
MANAPPURAM,2025-04-24,3000,3000,False
MANAPPURAM,2025-05-29,3000,3000,False
MANAPPURAM,2025-06-26,3000,3000,False
MANAPPURAM,2025-07-31,3000,3000,False
MANAPPURAM,2025-08-28,3000,3000,False
MANAPPURAM,2025-09-30,3000,3000,False
MANAPPURAM,2025-10-28,3000,3000,False
MANAPPURAM,2025-11-25,3000,3000,False
MANAPPURAM,2025-12-30,3000,3000,False
MANAPPURAM,2026-01-27,3000,3000,False
MANAPPURAM,2026-02-24,3000,3000,False
MANAPPURAM,2026-03-30,3000,3000,False
MANAPPURAM,2026-04-28,3000,3000,False
MANAPPURAM,2026-05-26,3000,3000,False
MANAPPURAM,2026-06-30,3000,3000,False
MANAPPURAM,2026-07-28,3000,3000,False
MANAPPURAM,2026-08-25,3000,3000,False
MANKIND,2025-06-26,225,225,False
MANKIND,2025-07-31,225,225,False
MANKIND,2025-08-28,225,225,False
MANKIND,2025-09-30,225,225,False
MANKIND,2025-10-28,225,225,False
MANKIND,2025-11-25,225,225,False
MANKIND,2025-12-30,225,225,False
MANKIND,2026-01-27,225,225,False
MANKIND,2026-02-24,225,225,False
MANKIND,2026-03-30,225,225,False
MANKIND,2026-04-28,225,225,False
MANKIND,2026-05-26,225,225,False
MANKIND,2026-06-30,225,225,False
MANKIND,2026-07-28,250,250,False
MANKIND,2026-08-25,250,250,False
MARICO,2019-10-31,2600,2600,False
MARICO,2019-11-28,2600,1300,True
MARICO,2019-12-26,2600,1300,True
MARICO,2020-01-30,1300,1300,False
MARICO,2020-02-27,1300,1300,False
MARICO,2020-03-26,1300,1300,False
MARICO,2020-04-30,1300,1300,False
MARICO,2020-05-28,1300,1300,False
MARICO,2020-06-25,1300,1300,False
MARICO,2020-07-30,2000,2000,False
MARICO,2020-08-27,2000,2000,False
MARICO,2020-09-24,2000,2000,False
MARICO,2020-10-29,2000,2000,False
MARICO,2020-11-26,2000,2000,False
MARICO,2020-12-31,2000,2000,False
MARICO,2021-01-28,2000,2000,False
MARICO,2021-02-25,2000,2000,False
MARICO,2021-03-25,2000,2000,False
MARICO,2021-04-29,2000,2000,False
MARICO,2021-05-27,2000,2000,False
MARICO,2021-06-24,2000,2000,False
MARICO,2021-07-29,2000,2000,False
MARICO,2021-08-26,2000,2000,False
MARICO,2021-09-30,2000,2000,False
MARICO,2021-10-28,2000,2000,False
MARICO,2021-11-25,2000,1000,True
MARICO,2021-12-30,2000,1000,True
MARICO,2022-01-27,1000,1000,False
MARICO,2022-02-24,1000,1000,False
MARICO,2022-03-31,1000,1000,False
MARICO,2022-04-28,1000,1000,False
MARICO,2022-05-26,1000,1000,False
MARICO,2022-06-30,1000,1000,False
MARICO,2022-07-28,1200,1200,False
MARICO,2022-08-25,1200,1200,False
MARICO,2022-09-29,1200,1200,False
MARICO,2022-10-27,1200,1200,False
MARICO,2022-11-24,1200,1200,False
MARICO,2022-12-29,1200,1200,False
MARICO,2023-01-25,1200,1200,False
MARICO,2023-02-23,1200,1200,False
MARICO,2023-03-29,1200,1200,False
MARICO,2023-04-27,1200,1200,False
MARICO,2023-05-25,1200,1200,False
MARICO,2023-06-28,1200,1200,False
MARICO,2023-07-27,1200,1200,False
MARICO,2023-08-31,1200,1200,False
MARICO,2023-09-28,1200,1200,False
MARICO,2023-10-26,1200,1200,False
MARICO,2023-11-30,1200,1200,False
MARICO,2023-12-28,1200,1200,False
MARICO,2024-01-25,1200,1200,False
MARICO,2024-02-29,1200,1200,False
MARICO,2024-03-28,1200,1200,False
MARICO,2024-04-25,1200,1200,False
MARICO,2024-05-30,1200,1200,False
MARICO,2024-06-27,1200,1200,False
MARICO,2024-07-25,1200,1200,False
MARICO,2024-08-29,1200,1200,False
MARICO,2024-09-26,1200,1200,False
MARICO,2024-10-31,1200,1200,False
MARICO,2024-11-28,1200,1200,False
MARICO,2024-12-26,1200,1200,False
MARICO,2025-01-30,1200,1200,False
MARICO,2025-02-27,1200,1200,False
MARICO,2025-03-27,1200,1200,False
MARICO,2025-04-24,1200,1200,False
MARICO,2025-05-29,1200,1200,False
MARICO,2025-06-26,1200,1200,False
MARICO,2025-07-31,1200,1200,False
MARICO,2025-08-28,1200,1200,False
MARICO,2025-09-30,1200,1200,False
MARICO,2025-10-28,1200,1200,False
MARICO,2025-11-25,1200,1200,False
MARICO,2025-12-30,1200,1200,False
MARICO,2026-01-27,1200,1200,False
MARICO,2026-02-24,1200,1200,False
MARICO,2026-03-30,1200,1200,False
MARICO,2026-04-28,1200,1200,False
MARICO,2026-05-26,1200,1200,False
MARICO,2026-06-30,1200,1200,False
MARICO,2026-07-28,1200,1200,False
MARICO,2026-08-25,1200,1200,False
MARUTI,2019-10-31,75,75,False
MARUTI,2019-11-28,75,75,False
MARUTI,2019-12-26,75,75,False
MARUTI,2020-01-30,100,100,False
MARUTI,2020-02-27,100,100,False
MARUTI,2020-03-26,100,100,False
MARUTI,2020-04-30,100,100,False
MARUTI,2020-05-28,100,100,False
MARUTI,2020-06-25,100,100,False
MARUTI,2020-07-30,100,100,False
MARUTI,2020-08-27,100,100,False
MARUTI,2020-09-24,100,100,False
MARUTI,2020-10-29,100,100,False
MARUTI,2020-11-26,100,100,False
MARUTI,2020-12-31,100,100,False
MARUTI,2021-01-28,100,100,False
MARUTI,2021-02-25,100,100,False
MARUTI,2021-03-25,100,100,False
MARUTI,2021-04-29,100,100,False
MARUTI,2021-05-27,100,100,False
MARUTI,2021-06-24,100,100,False
MARUTI,2021-07-29,100,100,False
MARUTI,2021-08-26,100,100,False
MARUTI,2021-09-30,100,100,False
MARUTI,2021-10-28,100,100,False
MARUTI,2021-11-25,100,100,False
MARUTI,2021-12-30,100,100,False
MARUTI,2022-01-27,100,100,False
MARUTI,2022-02-24,100,100,False
MARUTI,2022-03-31,100,100,False
MARUTI,2022-04-28,100,100,False
MARUTI,2022-05-26,100,100,False
MARUTI,2022-06-30,100,100,False
MARUTI,2022-07-28,100,100,False
MARUTI,2022-08-25,100,100,False
MARUTI,2022-09-29,100,100,False
MARUTI,2022-10-27,100,100,False
MARUTI,2022-11-24,100,100,False
MARUTI,2022-12-29,100,100,False
MARUTI,2023-01-25,100,100,False
MARUTI,2023-02-23,100,100,False
MARUTI,2023-03-29,100,100,False
MARUTI,2023-04-27,100,100,False
MARUTI,2023-05-25,100,100,False
MARUTI,2023-06-28,100,100,False
MARUTI,2023-07-27,100,100,False
MARUTI,2023-08-31,100,100,False
MARUTI,2023-09-28,100,100,False
MARUTI,2023-10-26,100,100,False
MARUTI,2023-11-30,100,50,True
MARUTI,2023-12-28,100,50,True
MARUTI,2024-01-25,50,50,False
MARUTI,2024-02-29,50,50,False
MARUTI,2024-03-28,50,50,False
MARUTI,2024-04-25,50,50,False
MARUTI,2024-05-30,50,50,False
MARUTI,2024-06-27,50,50,False
MARUTI,2024-07-25,50,50,False
MARUTI,2024-08-29,50,50,False
MARUTI,2024-09-26,50,50,False
MARUTI,2024-10-31,50,50,False
MARUTI,2024-11-28,50,50,False
MARUTI,2024-12-26,50,50,False
MARUTI,2025-01-30,50,50,False
MARUTI,2025-02-27,50,50,False
MARUTI,2025-03-27,50,50,False
MARUTI,2025-04-24,50,50,False
MARUTI,2025-05-29,50,50,False
MARUTI,2025-06-26,50,50,False
MARUTI,2025-07-31,50,50,False
MARUTI,2025-08-28,50,50,False
MARUTI,2025-09-30,50,50,False
MARUTI,2025-10-28,50,50,False
MARUTI,2025-11-25,50,50,False
MARUTI,2025-12-30,50,50,False
MARUTI,2026-01-27,50,50,False
MARUTI,2026-02-24,50,50,False
MARUTI,2026-03-30,50,50,False
MARUTI,2026-04-28,50,50,False
MARUTI,2026-05-26,50,50,False
MARUTI,2026-06-30,50,50,False
MARUTI,2026-07-28,50,50,False
MARUTI,2026-08-25,50,50,False
MAXHEALTH,2024-12-26,525,525,False
MAXHEALTH,2025-01-30,525,525,False
MAXHEALTH,2025-02-27,525,525,False
MAXHEALTH,2025-03-27,525,525,False
MAXHEALTH,2025-04-24,525,525,False
MAXHEALTH,2025-05-29,525,525,False
MAXHEALTH,2025-06-26,525,525,False
MAXHEALTH,2025-07-31,525,525,False
MAXHEALTH,2025-08-28,525,525,False
MAXHEALTH,2025-09-30,525,525,False
MAXHEALTH,2025-10-28,525,525,False
MAXHEALTH,2025-11-25,525,525,False
MAXHEALTH,2025-12-30,525,525,False
MAXHEALTH,2026-01-27,525,525,False
MAXHEALTH,2026-02-24,525,525,False
MAXHEALTH,2026-03-30,525,525,False
MAXHEALTH,2026-04-28,525,525,False
MAXHEALTH,2026-05-26,525,525,False
MAXHEALTH,2026-06-30,525,525,False
MAXHEALTH,2026-07-28,525,525,False
MAXHEALTH,2026-08-25,525,525,False
MAZDOCK,2025-06-26,175,175,False
MAZDOCK,2025-07-31,175,175,False
MAZDOCK,2025-08-28,175,175,False
MAZDOCK,2025-09-30,175,175,False
MAZDOCK,2025-10-28,175,175,False
MAZDOCK,2025-11-25,175,175,False
MAZDOCK,2025-12-30,175,175,False
MAZDOCK,2026-01-27,200,200,False
MAZDOCK,2026-02-24,200,200,False
MAZDOCK,2026-03-30,200,200,False
MAZDOCK,2026-04-28,200,200,False
MAZDOCK,2026-05-26,200,200,False
MAZDOCK,2026-06-30,200,200,False
MAZDOCK,2026-07-28,225,225,False
MAZDOCK,2026-08-25,225,225,False
MCDOWELL-N,2019-10-31,1250,1250,False
MCDOWELL-N,2019-11-28,1250,1250,False
MCDOWELL-N,2019-12-26,1250,1250,False
MCDOWELL-N,2020-01-30,1250,1250,False
MCDOWELL-N,2020-02-27,1250,1250,False
MCDOWELL-N,2020-03-26,1250,1250,False
MCDOWELL-N,2020-04-30,1250,1250,False
MCDOWELL-N,2020-05-28,1250,1250,False
MCDOWELL-N,2020-06-25,1250,1250,False
MCDOWELL-N,2020-07-30,1250,1250,False
MCDOWELL-N,2020-08-27,1250,1250,False
MCDOWELL-N,2020-09-24,1250,1250,False
MCDOWELL-N,2020-10-29,1250,1250,False
MCDOWELL-N,2020-11-26,1250,1250,False
MCDOWELL-N,2020-12-31,1250,1250,False
MCDOWELL-N,2021-01-28,1250,1250,False
MCDOWELL-N,2021-02-25,1250,1250,False
MCDOWELL-N,2021-03-25,1250,1250,False
MCDOWELL-N,2021-04-29,1250,1250,False
MCDOWELL-N,2021-05-27,1250,1250,False
MCDOWELL-N,2021-06-24,1250,1250,False
MCDOWELL-N,2021-07-29,1250,1250,False
MCDOWELL-N,2021-08-26,1250,1250,False
MCDOWELL-N,2021-09-30,1250,1250,False
MCDOWELL-N,2021-10-28,1250,1250,False
MCDOWELL-N,2021-11-25,1250,1250,False
MCDOWELL-N,2021-12-30,1250,1250,False
MCDOWELL-N,2022-01-27,1250,1250,False
MCDOWELL-N,2022-02-24,1250,1250,False
MCDOWELL-N,2022-03-31,1250,1250,False
MCDOWELL-N,2022-04-28,1250,1250,False
MCDOWELL-N,2022-05-26,1250,625,True
MCDOWELL-N,2022-06-30,1250,625,True
MCDOWELL-N,2022-07-28,625,625,False
MCDOWELL-N,2022-08-25,625,625,False
MCDOWELL-N,2022-09-29,625,625,False
MCDOWELL-N,2022-10-27,625,625,False
MCDOWELL-N,2022-11-24,625,625,False
MCDOWELL-N,2022-12-29,625,625,False
MCDOWELL-N,2023-01-25,625,625,False
MCDOWELL-N,2023-02-23,625,625,False
MCDOWELL-N,2023-03-29,625,625,False
MCDOWELL-N,2023-04-27,625,625,False
MCDOWELL-N,2023-05-25,625,625,False
MCDOWELL-N,2023-06-28,625,625,False
MCDOWELL-N,2023-07-27,700,700,False
MCDOWELL-N,2023-08-31,700,700,False
MCDOWELL-N,2023-09-28,700,700,False
MCDOWELL-N,2023-10-26,700,700,False
MCDOWELL-N,2023-11-30,700,700,False
MCDOWELL-N,2023-12-28,700,700,False
MCDOWELL-N,2024-01-25,700,700,False
MCDOWELL-N,2024-02-29,700,700,False
MCDOWELL-N,2024-03-28,700,700,False
MCDOWELL-N,2024-04-25,700,700,False
MCDOWELL-N,2024-05-30,700,700,False
MCDOWELL-N,2024-06-27,700,700,False
MCDOWELL-N,2024-07-25,700,700,False
MCDOWELL-N,2024-08-29,700,700,False
MCX,2021-09-30,350,350,False
MCX,2021-10-28,350,350,False
MCX,2021-11-25,350,350,False
MCX,2021-12-30,350,350,False
MCX,2022-01-27,350,350,False
MCX,2022-02-24,350,350,False
MCX,2022-03-31,350,350,False
MCX,2022-04-28,350,350,False
MCX,2022-05-26,350,350,False
MCX,2022-06-30,350,350,False
MCX,2022-07-28,400,400,False
MCX,2022-08-25,400,400,False
MCX,2022-09-29,400,400,False
MCX,2022-10-27,400,400,False
MCX,2022-11-24,400,400,False
MCX,2022-12-29,400,400,False
MCX,2023-01-25,400,400,False
MCX,2023-02-23,400,400,False
MCX,2023-03-29,400,400,False
MCX,2023-04-27,400,400,False
MCX,2023-05-25,400,400,False
MCX,2023-06-28,400,400,False
MCX,2023-07-27,400,400,False
MCX,2023-08-31,400,400,False
MCX,2023-09-28,400,400,False
MCX,2023-10-26,400,400,False
MCX,2023-11-30,400,400,False
MCX,2023-12-28,400,400,False
MCX,2024-01-25,400,400,False
MCX,2024-02-29,400,400,False
MCX,2024-03-28,400,400,False
MCX,2024-04-25,400,400,False
MCX,2024-05-30,400,200,True
MCX,2024-06-27,400,200,True
MCX,2024-07-25,200,200,False
MCX,2024-08-29,200,200,False
MCX,2024-09-26,200,200,False
MCX,2024-10-31,200,200,False
MCX,2024-11-28,200,100,True
MCX,2024-12-26,200,100,True
MCX,2025-01-30,100,100,False
MCX,2025-02-27,100,100,False
MCX,2025-03-27,100,100,False
MCX,2025-04-24,100,100,False
MCX,2025-05-29,100,100,False
MCX,2025-06-26,100,100,False
MCX,2025-07-31,125,125,False
MCX,2025-08-28,125,125,False
MCX,2025-09-30,125,125,False
MCX,2025-10-28,125,125,False
MCX,2025-11-25,125,125,False
MCX,2025-12-30,125,125,False
MCX,2026-01-27,125,625,True
MCX,2026-02-24,125,625,True
MCX,2026-03-30,125,625,True
MCX,2026-04-28,625,625,False
MCX,2026-05-26,625,625,False
MCX,2026-06-30,625,625,False
MCX,2026-07-28,225,225,False
MCX,2026-08-25,225,225,False
METROPOLIS,2021-07-29,200,200,False
METROPOLIS,2021-08-26,200,200,False
METROPOLIS,2021-09-30,200,200,False
METROPOLIS,2021-10-28,200,200,False
METROPOLIS,2021-11-25,200,200,False
METROPOLIS,2021-12-30,200,200,False
METROPOLIS,2022-01-27,200,200,False
METROPOLIS,2022-02-24,200,200,False
METROPOLIS,2022-03-31,200,200,False
METROPOLIS,2022-04-28,200,200,False
METROPOLIS,2022-05-26,200,200,False
METROPOLIS,2022-06-30,200,200,False
METROPOLIS,2022-07-28,300,300,False
METROPOLIS,2022-08-25,300,300,False
METROPOLIS,2022-09-29,300,300,False
METROPOLIS,2022-10-27,300,300,False
METROPOLIS,2022-11-24,300,300,False
METROPOLIS,2022-12-29,300,300,False
METROPOLIS,2023-01-25,400,400,False
METROPOLIS,2023-02-23,400,400,False
METROPOLIS,2023-03-29,400,400,False
METROPOLIS,2023-04-27,400,400,False
METROPOLIS,2023-05-25,400,400,False
METROPOLIS,2023-06-28,400,400,False
METROPOLIS,2023-07-27,400,400,False
METROPOLIS,2023-08-31,400,400,False
METROPOLIS,2023-09-28,400,400,False
METROPOLIS,2023-10-26,400,400,False
METROPOLIS,2023-11-30,400,400,False
METROPOLIS,2023-12-28,400,400,False
METROPOLIS,2024-01-25,400,400,False
METROPOLIS,2024-02-29,400,400,False
METROPOLIS,2024-03-28,400,400,False
METROPOLIS,2024-04-25,400,400,False
METROPOLIS,2024-05-30,400,400,False
METROPOLIS,2024-06-27,400,400,False
METROPOLIS,2024-07-25,400,400,False
METROPOLIS,2024-08-29,400,400,False
METROPOLIS,2024-09-26,400,400,False
METROPOLIS,2024-10-31,400,400,False
METROPOLIS,2024-11-28,400,400,False
METROPOLIS,2024-12-26,400,400,False
METROPOLIS,2025-01-30,400,400,False
METROPOLIS,2025-02-27,400,400,False
MFSL,2019-10-31,1200,1200,False
MFSL,2019-11-28,1200,1200,False
MFSL,2019-12-26,1200,1200,False
MFSL,2020-01-30,1300,1300,False
MFSL,2020-02-27,1300,1300,False
MFSL,2020-03-26,1300,1300,False
MFSL,2020-04-30,1300,1300,False
MFSL,2020-05-28,1300,1300,False
MFSL,2020-06-25,1300,1300,False
MFSL,2020-07-30,1300,1300,False
MFSL,2020-08-27,1300,1300,False
MFSL,2020-09-24,1300,1300,False
MFSL,2020-10-29,1300,1300,False
MFSL,2020-11-26,1300,1300,False
MFSL,2020-12-31,1300,1300,False
MFSL,2021-01-28,1300,1300,False
MFSL,2021-02-25,1300,1300,False
MFSL,2021-03-25,1300,1300,False
MFSL,2021-04-29,1300,1300,False
MFSL,2021-05-27,1300,650,True
MFSL,2021-06-24,1300,650,True
MFSL,2021-07-29,650,650,False
MFSL,2021-08-26,650,650,False
MFSL,2021-09-30,650,650,False
MFSL,2021-10-28,650,650,False
MFSL,2021-11-25,650,650,False
MFSL,2021-12-30,650,650,False
MFSL,2022-01-27,650,650,False
MFSL,2022-02-24,650,650,False
MFSL,2022-03-31,650,650,False
MFSL,2022-04-28,650,650,False
MFSL,2022-05-26,650,650,False
MFSL,2022-06-30,650,650,False
MFSL,2022-07-28,650,650,False
MFSL,2022-08-25,650,650,False
MFSL,2022-09-29,650,650,False
MFSL,2022-10-27,650,650,False
MFSL,2022-11-24,650,650,False
MFSL,2022-12-29,650,650,False
MFSL,2023-01-25,650,650,False
MFSL,2023-02-23,650,650,False
MFSL,2023-03-29,650,650,False
MFSL,2023-04-27,650,650,False
MFSL,2023-05-25,650,650,False
MFSL,2023-06-28,650,650,False
MFSL,2023-07-27,800,800,False
MFSL,2023-08-31,800,800,False
MFSL,2023-09-28,800,800,False
MFSL,2023-10-26,800,800,False
MFSL,2023-11-30,800,800,False
MFSL,2023-12-28,800,800,False
MFSL,2024-01-25,800,800,False
MFSL,2024-02-29,800,800,False
MFSL,2024-03-28,800,800,False
MFSL,2024-04-25,800,800,False
MFSL,2024-05-30,800,800,False
MFSL,2024-06-27,800,800,False
MFSL,2024-07-25,800,800,False
MFSL,2024-08-29,800,800,False
MFSL,2024-09-26,800,800,False
MFSL,2024-10-31,800,800,False
MFSL,2024-11-28,800,800,False
MFSL,2024-12-26,800,800,False
MFSL,2025-01-30,800,800,False
MFSL,2025-02-27,800,800,False
MFSL,2025-03-27,800,800,False
MFSL,2025-04-24,800,800,False
MFSL,2025-05-29,800,800,False
MFSL,2025-06-26,800,800,False
MFSL,2025-07-31,800,800,False
MFSL,2025-08-28,800,800,False
MFSL,2025-09-30,800,800,False
MFSL,2025-10-28,800,800,False
MFSL,2025-11-25,800,400,True
MFSL,2025-12-30,800,400,True
MFSL,2026-01-27,400,400,False
MFSL,2026-02-24,400,400,False
MFSL,2026-03-30,400,400,False
MFSL,2026-04-28,400,400,False
MFSL,2026-05-26,400,400,False
MFSL,2026-06-30,400,400,False
MFSL,2026-07-28,400,400,False
MFSL,2026-08-25,400,400,False
MGL,2019-10-31,600,600,False
MGL,2019-11-28,600,600,False
MGL,2019-12-26,600,600,False
MGL,2020-01-30,600,600,False
MGL,2020-02-27,600,600,False
MGL,2020-03-26,600,600,False
MGL,2020-04-30,600,600,False
MGL,2020-05-28,600,600,False
MGL,2020-06-25,600,600,False
MGL,2020-07-30,600,600,False
MGL,2020-08-27,600,600,False
MGL,2020-09-24,600,600,False
MGL,2020-10-29,600,600,False
MGL,2020-11-26,600,600,False
MGL,2020-12-31,600,600,False
MGL,2021-01-28,600,600,False
MGL,2021-02-25,600,600,False
MGL,2021-03-25,600,600,False
MGL,2021-04-29,600,600,False
MGL,2021-05-27,600,600,False
MGL,2021-06-24,600,600,False
MGL,2021-07-29,600,600,False
MGL,2021-08-26,600,600,False
MGL,2021-09-30,600,600,False
MGL,2021-10-28,600,600,False
MGL,2021-11-25,600,600,False
MGL,2021-12-30,600,600,False
MGL,2022-01-27,600,600,False
MGL,2022-02-24,600,600,False
MGL,2022-03-31,600,600,False
MGL,2022-04-28,600,600,False
MGL,2022-05-26,600,600,False
MGL,2022-06-30,600,600,False
MGL,2022-07-28,800,800,False
MGL,2022-08-25,800,800,False
MGL,2022-09-29,800,800,False
MGL,2022-10-27,800,800,False
MGL,2022-11-24,800,800,False
MGL,2022-12-29,800,800,False
MGL,2023-01-25,800,800,False
MGL,2023-02-23,800,800,False
MGL,2023-03-29,800,800,False
MGL,2023-04-27,800,800,False
MGL,2023-05-25,800,800,False
MGL,2023-06-28,800,800,False
MGL,2023-07-27,800,800,False
MGL,2023-08-31,800,800,False
MGL,2023-09-28,800,800,False
MGL,2023-10-26,800,800,False
MGL,2023-11-30,800,800,False
MGL,2023-12-28,800,800,False
MGL,2024-01-25,800,800,False
MGL,2024-02-29,800,800,False
MGL,2024-03-28,800,800,False
MGL,2024-04-25,800,800,False
MGL,2024-05-30,800,400,True
MGL,2024-06-27,800,400,True
MGL,2024-07-25,400,400,False
MGL,2024-08-29,400,400,False
MGL,2024-09-26,400,400,False
MGL,2024-10-31,400,400,False
MGL,2024-11-28,400,400,False
MGL,2024-12-26,400,400,False
MGL,2025-01-30,400,400,False
MGL,2025-02-27,400,400,False
MGL,2025-03-27,400,400,False
MGL,2025-04-24,400,400,False
MGL,2025-05-29,400,400,False
MGL,2025-06-26,400,400,False
MGL,2025-07-31,400,400,False
MINDTREE,2019-10-31,600,600,False
MINDTREE,2019-11-28,600,600,False
MINDTREE,2019-12-26,600,600,False
MINDTREE,2020-01-30,800,800,False
MINDTREE,2020-02-27,800,800,False
MINDTREE,2020-03-26,800,800,False
MINDTREE,2020-04-30,800,800,False
MINDTREE,2020-05-28,800,800,False
MINDTREE,2020-06-25,800,800,False
MINDTREE,2020-07-30,800,800,False
MINDTREE,2020-08-27,800,800,False
MINDTREE,2020-09-24,800,800,False
MINDTREE,2020-10-29,800,800,False
MINDTREE,2020-11-26,800,800,False
MINDTREE,2020-12-31,800,800,False
MINDTREE,2021-01-28,800,800,False
MINDTREE,2021-02-25,800,800,False
MINDTREE,2021-03-25,800,800,False
MINDTREE,2021-04-29,800,800,False
MINDTREE,2021-05-27,800,400,True
MINDTREE,2021-06-24,800,400,True
MINDTREE,2021-07-29,400,400,False
MINDTREE,2021-08-26,400,400,False
MINDTREE,2021-09-30,400,400,False
MINDTREE,2021-10-28,400,400,False
MINDTREE,2021-11-25,400,200,True
MINDTREE,2021-12-30,400,200,True
MINDTREE,2022-01-27,200,200,False
MINDTREE,2022-02-24,200,200,False
MINDTREE,2022-03-31,200,200,False
MINDTREE,2022-04-28,200,200,False
MINDTREE,2022-05-26,200,200,False
MINDTREE,2022-06-30,200,200,False
MINDTREE,2022-07-28,200,200,False
MINDTREE,2022-08-25,200,200,False
MINDTREE,2022-09-29,200,200,False
MINDTREE,2022-10-27,200,200,False
MINDTREE,2022-11-24,200,200,False
MINDTREE,2022-12-29,200,200,False
MINDTREE,2023-01-25,200,200,False
MOTHERSON,2022-06-30,3500,3500,False
MOTHERSON,2022-07-28,4500,4500,False
MOTHERSON,2022-08-25,4500,4500,False
MOTHERSON,2022-09-29,4500,4500,False
MOTHERSON,2022-10-27,4500,6750,True
MOTHERSON,2022-11-24,4500,6750,True
MOTHERSON,2022-12-29,4500,6750,True
MOTHERSON,2023-01-25,6750,6750,False
MOTHERSON,2023-02-23,6750,6750,False
MOTHERSON,2023-03-29,6750,6750,False
MOTHERSON,2023-04-27,6750,6750,False
MOTHERSON,2023-05-25,6750,6750,False
MOTHERSON,2023-06-28,6750,6750,False
MOTHERSON,2023-07-27,7100,7100,False
MOTHERSON,2023-08-31,7100,7100,False
MOTHERSON,2023-09-28,7100,7100,False
MOTHERSON,2023-10-26,7100,7100,False
MOTHERSON,2023-11-30,7100,7100,False
MOTHERSON,2023-12-28,7100,7100,False
MOTHERSON,2024-01-25,7100,7100,False
MOTHERSON,2024-02-29,7100,7100,False
MOTHERSON,2024-03-28,7100,7100,False
MOTHERSON,2024-04-25,7100,7100,False
MOTHERSON,2024-05-30,7100,7100,False
MOTHERSON,2024-06-27,7100,7100,False
MOTHERSON,2024-07-25,7100,7100,False
MOTHERSON,2024-08-29,7100,7100,False
MOTHERSON,2024-09-26,7100,7100,False
MOTHERSON,2024-10-31,7100,7100,False
MOTHERSON,2024-11-28,7100,3550,True
MOTHERSON,2024-12-26,7100,3550,True
MOTHERSON,2025-01-30,3550,3550,False
MOTHERSON,2025-02-27,3550,3550,False
MOTHERSON,2025-03-27,3550,3550,False
MOTHERSON,2025-04-24,3550,3550,False
MOTHERSON,2025-05-29,3550,3550,False
MOTHERSON,2025-06-26,3550,3550,False
MOTHERSON,2025-07-31,4100,6150,True
MOTHERSON,2025-08-28,4100,6150,True
MOTHERSON,2025-09-30,4100,6150,True
MOTHERSON,2025-10-28,6150,6150,False
MOTHERSON,2025-11-25,6150,6150,False
MOTHERSON,2025-12-30,6150,6150,False
MOTHERSON,2026-01-27,6150,6150,False
MOTHERSON,2026-02-24,6150,6150,False
MOTHERSON,2026-03-30,6150,6150,False
MOTHERSON,2026-04-28,6150,6150,False
MOTHERSON,2026-05-26,6150,6150,False
MOTHERSON,2026-06-30,6150,6150,False
MOTHERSON,2026-07-28,6150,6150,False
MOTHERSON,2026-08-25,6150,6150,False
MOTHERSUMI,2019-10-31,3300,3300,False
MOTHERSUMI,2019-11-28,3300,3300,False
MOTHERSUMI,2019-12-26,3300,3300,False
MOTHERSUMI,2020-01-30,5000,5000,False
MOTHERSUMI,2020-02-27,5000,5000,False
MOTHERSUMI,2020-03-26,5000,5000,False
MOTHERSUMI,2020-04-30,5000,5000,False
MOTHERSUMI,2020-05-28,5000,5000,False
MOTHERSUMI,2020-06-25,5000,5000,False
MOTHERSUMI,2020-07-30,7000,7000,False
MOTHERSUMI,2020-08-27,7000,7000,False
MOTHERSUMI,2020-09-24,7000,7000,False
MOTHERSUMI,2020-10-29,7000,7000,False
MOTHERSUMI,2020-11-26,7000,7000,False
MOTHERSUMI,2020-12-31,7000,7000,False
MOTHERSUMI,2021-01-28,7000,7000,False
MOTHERSUMI,2021-02-25,7000,7000,False
MOTHERSUMI,2021-03-25,7000,7000,False
MOTHERSUMI,2021-04-29,7000,7000,False
MOTHERSUMI,2021-05-27,7000,3500,True
MOTHERSUMI,2021-06-24,7000,3500,True
MOTHERSUMI,2021-07-29,3500,3500,False
MOTHERSUMI,2021-08-26,3500,3500,False
MOTHERSUMI,2021-09-30,3500,3500,False
MOTHERSUMI,2021-10-28,3500,3500,False
MOTHERSUMI,2021-11-25,3500,3500,False
MOTHERSUMI,2021-12-30,3500,3500,False
MOTHERSUMI,2022-01-27,3500,3500,False
MOTHERSUMI,2022-02-24,3500,3500,False
MOTHERSUMI,2022-03-31,3500,3500,False
MOTHERSUMI,2022-04-28,3500,3500,False
MOTHERSUMI,2022-05-26,3500,3500,False
MOTHERSUMI,2022-06-30,3500,3500,False
MOTHERSUMI,2022-07-28,4500,4500,False
MOTHERSUMI,2022-08-25,4500,4500,False
MOTILALOFS,2026-04-28,775,775,False
MOTILALOFS,2026-05-26,775,775,False
MOTILALOFS,2026-06-30,775,775,False
MOTILALOFS,2026-07-28,775,775,False
MOTILALOFS,2026-08-25,775,775,False
MPHASIS,2021-03-25,325,325,False
MPHASIS,2021-04-29,325,325,False
MPHASIS,2021-05-27,325,325,False
MPHASIS,2021-06-24,325,325,False
MPHASIS,2021-07-29,325,325,False
MPHASIS,2021-08-26,325,325,False
MPHASIS,2021-09-30,325,325,False
MPHASIS,2021-10-28,325,325,False
MPHASIS,2021-11-25,325,325,False
MPHASIS,2021-12-30,325,325,False
MPHASIS,2022-01-27,175,175,False
MPHASIS,2022-02-24,175,175,False
MPHASIS,2022-03-31,175,175,False
MPHASIS,2022-04-28,175,175,False
MPHASIS,2022-05-26,175,175,False
MPHASIS,2022-06-30,175,175,False
MPHASIS,2022-07-28,175,175,False
MPHASIS,2022-08-25,175,175,False
MPHASIS,2022-09-29,175,175,False
MPHASIS,2022-10-27,175,175,False
MPHASIS,2022-11-24,175,175,False
MPHASIS,2022-12-29,175,175,False
MPHASIS,2023-01-25,275,275,False
MPHASIS,2023-02-23,275,275,False
MPHASIS,2023-03-29,275,275,False
MPHASIS,2023-04-27,275,275,False
MPHASIS,2023-05-25,275,275,False
MPHASIS,2023-06-28,275,275,False
MPHASIS,2023-07-27,275,275,False
MPHASIS,2023-08-31,275,275,False
MPHASIS,2023-09-28,275,275,False
MPHASIS,2023-10-26,275,275,False
MPHASIS,2023-11-30,275,275,False
MPHASIS,2023-12-28,275,275,False
MPHASIS,2024-01-25,275,275,False
MPHASIS,2024-02-29,275,275,False
MPHASIS,2024-03-28,275,275,False
MPHASIS,2024-04-25,275,275,False
MPHASIS,2024-05-30,275,275,False
MPHASIS,2024-06-27,275,275,False
MPHASIS,2024-07-25,275,275,False
MPHASIS,2024-08-29,275,275,False
MPHASIS,2024-09-26,275,275,False
MPHASIS,2024-10-31,275,275,False
MPHASIS,2024-11-28,275,275,False
MPHASIS,2024-12-26,275,275,False
MPHASIS,2025-01-30,275,275,False
MPHASIS,2025-02-27,275,275,False
MPHASIS,2025-03-27,275,275,False
MPHASIS,2025-04-24,275,275,False
MPHASIS,2025-05-29,275,275,False
MPHASIS,2025-06-26,275,275,False
MPHASIS,2025-07-31,275,275,False
MPHASIS,2025-08-28,275,275,False
MPHASIS,2025-09-30,275,275,False
MPHASIS,2025-10-28,275,275,False
MPHASIS,2025-11-25,275,275,False
MPHASIS,2025-12-30,275,275,False
MPHASIS,2026-01-27,275,275,False
MPHASIS,2026-02-24,275,275,False
MPHASIS,2026-03-30,275,275,False
MPHASIS,2026-04-28,275,275,False
MPHASIS,2026-05-26,275,275,False
MPHASIS,2026-06-30,275,275,False
MPHASIS,2026-07-28,275,275,False
MPHASIS,2026-08-25,275,275,False
MRF,2019-10-31,10,10,False
MRF,2019-11-28,10,10,False
MRF,2019-12-26,10,10,False
MRF,2020-01-30,10,10,False
MRF,2020-02-27,10,10,False
MRF,2020-03-26,10,10,False
MRF,2020-04-30,10,10,False
MRF,2020-05-28,10,10,False
MRF,2020-06-25,10,10,False
MRF,2020-07-30,10,10,False
MRF,2020-08-27,10,10,False
MRF,2020-09-24,10,10,False
MRF,2020-10-29,10,10,False
MRF,2020-11-26,10,10,False
MRF,2020-12-31,10,10,False
MRF,2021-01-28,10,10,False
MRF,2021-02-25,10,10,False
MRF,2021-03-25,10,10,False
MRF,2021-04-29,10,10,False
MRF,2021-05-27,10,10,False
MRF,2021-06-24,10,10,False
MRF,2021-07-29,10,10,False
MRF,2021-08-26,10,10,False
MRF,2021-09-30,10,10,False
MRF,2021-10-28,10,10,False
MRF,2021-11-25,10,10,False
MRF,2021-12-30,10,10,False
MRF,2022-01-27,10,10,False
MRF,2022-02-24,10,10,False
MRF,2022-03-31,10,10,False
MRF,2022-04-28,10,10,False
MRF,2022-05-26,10,10,False
MRF,2022-06-30,10,10,False
MRF,2022-07-28,10,10,False
MRF,2022-08-25,10,10,False
MRF,2022-09-29,10,10,False
MRF,2022-10-27,10,10,False
MRF,2022-11-24,10,10,False
MRF,2022-12-29,10,10,False
MRF,2023-01-25,10,10,False
MRF,2023-02-23,10,10,False
MRF,2023-03-29,10,10,False
MRF,2023-04-27,10,10,False
MRF,2023-05-25,10,10,False
MRF,2023-06-28,10,10,False
MRF,2023-07-27,10,10,False
MRF,2023-08-31,10,10,False
MRF,2023-09-28,10,10,False
MRF,2023-10-26,10,10,False
MRF,2023-11-30,10,5,True
MRF,2023-12-28,10,5,True
MRF,2024-01-25,5,5,False
MRF,2024-02-29,5,5,False
MRF,2024-03-28,5,5,False
MRF,2024-04-25,5,5,False
MRF,2024-05-30,5,5,False
MRF,2024-06-27,5,5,False
MRF,2024-07-25,5,5,False
MRF,2024-08-29,5,5,False
MRF,2024-09-26,5,5,False
MRF,2024-10-31,5,5,False
MRF,2024-11-28,5,5,False
MRF,2024-12-26,5,5,False
MRF,2025-01-30,5,5,False
MRF,2025-02-27,5,5,False
MRF,2025-03-27,5,5,False
MRF,2025-04-24,5,5,False
MRF,2025-05-29,5,5,False
MUTHOOTFIN,2019-10-31,1500,1500,False
MUTHOOTFIN,2019-11-28,1500,1500,False
MUTHOOTFIN,2019-12-26,1500,1500,False
MUTHOOTFIN,2020-01-30,1500,1500,False
MUTHOOTFIN,2020-02-27,1500,1500,False
MUTHOOTFIN,2020-03-26,1500,1500,False
MUTHOOTFIN,2020-04-30,1500,1500,False
MUTHOOTFIN,2020-05-28,1500,750,True
MUTHOOTFIN,2020-06-25,1500,750,True
MUTHOOTFIN,2020-07-30,750,750,False
MUTHOOTFIN,2020-08-27,750,750,False
MUTHOOTFIN,2020-09-24,750,750,False
MUTHOOTFIN,2020-10-29,750,750,False
MUTHOOTFIN,2020-11-26,750,750,False
MUTHOOTFIN,2020-12-31,750,750,False
MUTHOOTFIN,2021-01-28,750,750,False
MUTHOOTFIN,2021-02-25,750,750,False
MUTHOOTFIN,2021-03-25,750,750,False
MUTHOOTFIN,2021-04-29,750,750,False
MUTHOOTFIN,2021-05-27,750,750,False
MUTHOOTFIN,2021-06-24,750,750,False
MUTHOOTFIN,2021-07-29,750,750,False
MUTHOOTFIN,2021-08-26,750,750,False
MUTHOOTFIN,2021-09-30,750,750,False
MUTHOOTFIN,2021-10-28,750,750,False
MUTHOOTFIN,2021-11-25,750,375,True
MUTHOOTFIN,2021-12-30,750,375,True
MUTHOOTFIN,2022-01-27,375,375,False
MUTHOOTFIN,2022-02-24,375,375,False
MUTHOOTFIN,2022-03-31,375,375,False
MUTHOOTFIN,2022-04-28,375,375,False
MUTHOOTFIN,2022-05-26,375,375,False
MUTHOOTFIN,2022-06-30,375,375,False
MUTHOOTFIN,2022-07-28,375,375,False
MUTHOOTFIN,2022-08-25,375,375,False
MUTHOOTFIN,2022-09-29,375,375,False
MUTHOOTFIN,2022-10-27,375,375,False
MUTHOOTFIN,2022-11-24,375,375,False
MUTHOOTFIN,2022-12-29,375,375,False
MUTHOOTFIN,2023-01-25,550,550,False
MUTHOOTFIN,2023-02-23,550,550,False
MUTHOOTFIN,2023-03-29,550,550,False
MUTHOOTFIN,2023-04-27,550,550,False
MUTHOOTFIN,2023-05-25,550,550,False
MUTHOOTFIN,2023-06-28,550,550,False
MUTHOOTFIN,2023-07-27,550,550,False
MUTHOOTFIN,2023-08-31,550,550,False
MUTHOOTFIN,2023-09-28,550,550,False
MUTHOOTFIN,2023-10-26,550,550,False
MUTHOOTFIN,2023-11-30,550,550,False
MUTHOOTFIN,2023-12-28,550,550,False
MUTHOOTFIN,2024-01-25,550,550,False
MUTHOOTFIN,2024-02-29,550,550,False
MUTHOOTFIN,2024-03-28,550,550,False
MUTHOOTFIN,2024-04-25,550,550,False
MUTHOOTFIN,2024-05-30,550,550,False
MUTHOOTFIN,2024-06-27,550,550,False
MUTHOOTFIN,2024-07-25,550,550,False
MUTHOOTFIN,2024-08-29,550,550,False
MUTHOOTFIN,2024-09-26,550,550,False
MUTHOOTFIN,2024-10-31,550,550,False
MUTHOOTFIN,2024-11-28,550,275,True
MUTHOOTFIN,2024-12-26,550,275,True
MUTHOOTFIN,2025-01-30,275,275,False
MUTHOOTFIN,2025-02-27,275,275,False
MUTHOOTFIN,2025-03-27,275,275,False
MUTHOOTFIN,2025-04-24,275,275,False
MUTHOOTFIN,2025-05-29,275,275,False
MUTHOOTFIN,2025-06-26,275,275,False
MUTHOOTFIN,2025-07-31,275,275,False
MUTHOOTFIN,2025-08-28,275,275,False
MUTHOOTFIN,2025-09-30,275,275,False
MUTHOOTFIN,2025-10-28,275,275,False
MUTHOOTFIN,2025-11-25,275,275,False
MUTHOOTFIN,2025-12-30,275,275,False
MUTHOOTFIN,2026-01-27,275,275,False
MUTHOOTFIN,2026-02-24,275,275,False
MUTHOOTFIN,2026-03-30,275,275,False
MUTHOOTFIN,2026-04-28,275,275,False
MUTHOOTFIN,2026-05-26,275,275,False
MUTHOOTFIN,2026-06-30,275,275,False
MUTHOOTFIN,2026-07-28,275,275,False
MUTHOOTFIN,2026-08-25,275,275,False
NAM-INDIA,2021-03-25,1600,1600,False
NAM-INDIA,2021-04-29,1600,1600,False
NAM-INDIA,2021-05-27,1600,1600,False
NAM-INDIA,2021-06-24,1600,1600,False
NAM-INDIA,2021-07-29,1600,1600,False
NAM-INDIA,2021-08-26,1600,1600,False
NAM-INDIA,2021-09-30,1600,1600,False
NAM-INDIA,2021-10-28,1600,1600,False
NAM-INDIA,2021-11-25,1600,1600,False
NAM-INDIA,2021-12-30,1600,1600,False
NAM-INDIA,2022-01-27,1600,1600,False
NAM-INDIA,2022-02-24,1600,1600,False
NAM-INDIA,2022-03-31,1600,1600,False
NAM-INDIA,2022-04-28,1600,1600,False
NAM-INDIA,2022-05-26,1600,1600,False
NAM-INDIA,2022-06-30,1600,1600,False
NAM-INDIA,2022-07-28,1600,1600,False
NAM-INDIA,2022-08-25,1600,1600,False
NAM-INDIA,2026-04-28,625,625,False
NAM-INDIA,2026-05-26,625,625,False
NAM-INDIA,2026-06-30,625,625,False
NAM-INDIA,2026-07-28,625,625,False
NAM-INDIA,2026-08-25,625,625,False
NATIONALUM,2019-10-31,10000,10000,False
NATIONALUM,2019-11-28,10000,10000,False
NATIONALUM,2019-12-26,10000,10000,False
NATIONALUM,2020-01-30,11700,11700,False
NATIONALUM,2020-02-27,11700,11700,False
NATIONALUM,2020-03-26,11700,11700,False
NATIONALUM,2020-04-30,11700,11700,False
NATIONALUM,2020-05-28,11700,11700,False
NATIONALUM,2020-06-25,11700,11700,False
NATIONALUM,2020-07-30,17000,17000,False
NATIONALUM,2020-08-27,17000,17000,False
NATIONALUM,2020-09-24,17000,17000,False
NATIONALUM,2020-10-29,17000,17000,False
NATIONALUM,2020-11-26,17000,17000,False
NATIONALUM,2020-12-31,17000,17000,False
NATIONALUM,2021-01-28,17000,17000,False
NATIONALUM,2021-02-25,17000,17000,False
NATIONALUM,2021-03-25,17000,17000,False
NATIONALUM,2021-04-29,17000,17000,False
NATIONALUM,2021-05-27,17000,17000,False
NATIONALUM,2021-06-24,17000,17000,False
NATIONALUM,2021-07-29,17000,17000,False
NATIONALUM,2021-08-26,17000,17000,False
NATIONALUM,2021-09-30,17000,17000,False
NATIONALUM,2021-10-28,17000,17000,False
NATIONALUM,2021-11-25,17000,8500,True
NATIONALUM,2021-12-30,17000,8500,True
NATIONALUM,2022-01-27,8500,8500,False
NATIONALUM,2022-02-24,8500,8500,False
NATIONALUM,2022-03-31,8500,8500,False
NATIONALUM,2022-04-28,8500,8500,False
NATIONALUM,2022-05-26,8500,4250,True
NATIONALUM,2022-06-30,8500,4250,True
NATIONALUM,2022-07-28,4250,4250,False
NATIONALUM,2022-08-25,4250,4250,False
NATIONALUM,2022-09-29,4250,4250,False
NATIONALUM,2022-10-27,4250,4250,False
NATIONALUM,2022-11-24,4250,4250,False
NATIONALUM,2022-12-29,4250,4250,False
NATIONALUM,2023-01-25,7500,7500,False
NATIONALUM,2023-02-23,7500,7500,False
NATIONALUM,2023-03-29,7500,7500,False
NATIONALUM,2023-04-27,7500,7500,False
NATIONALUM,2023-05-25,7500,7500,False
NATIONALUM,2023-06-28,7500,7500,False
NATIONALUM,2023-07-27,7500,7500,False
NATIONALUM,2023-08-31,7500,7500,False
NATIONALUM,2023-09-28,7500,7500,False
NATIONALUM,2023-10-26,7500,7500,False
NATIONALUM,2023-11-30,7500,7500,False
NATIONALUM,2023-12-28,7500,7500,False
NATIONALUM,2024-01-25,7500,7500,False
NATIONALUM,2024-02-29,7500,7500,False
NATIONALUM,2024-03-28,7500,7500,False
NATIONALUM,2024-04-25,7500,7500,False
NATIONALUM,2024-05-30,7500,3750,True
NATIONALUM,2024-06-27,7500,3750,True
NATIONALUM,2024-07-25,3750,3750,False
NATIONALUM,2024-08-29,3750,3750,False
NATIONALUM,2024-09-26,3750,3750,False
NATIONALUM,2024-10-31,3750,3750,False
NATIONALUM,2024-11-28,3750,3750,False
NATIONALUM,2024-12-26,3750,3750,False
NATIONALUM,2025-01-30,3750,3750,False
NATIONALUM,2025-02-27,3750,3750,False
NATIONALUM,2025-03-27,3750,3750,False
NATIONALUM,2025-04-24,3750,3750,False
NATIONALUM,2025-05-29,3750,3750,False
NATIONALUM,2025-06-26,3750,3750,False
NATIONALUM,2025-07-31,3750,3750,False
NATIONALUM,2025-08-28,3750,3750,False
NATIONALUM,2025-09-30,3750,3750,False
NATIONALUM,2025-10-28,3750,3750,False
NATIONALUM,2025-11-25,3750,3750,False
NATIONALUM,2025-12-30,3750,3750,False
NATIONALUM,2026-01-27,3750,3750,False
NATIONALUM,2026-02-24,3750,3750,False
NATIONALUM,2026-03-30,3750,3750,False
NATIONALUM,2026-04-28,3750,3750,False
NATIONALUM,2026-05-26,3750,1875,True
NATIONALUM,2026-06-30,3750,1875,True
NATIONALUM,2026-07-28,1875,1875,False
NATIONALUM,2026-08-25,1875,1875,False
NAUKRI,2020-03-26,200,200,False
NAUKRI,2020-04-30,200,200,False
NAUKRI,2020-05-28,200,200,False
NAUKRI,2020-06-25,200,200,False
NAUKRI,2020-07-30,250,250,False
NAUKRI,2020-08-27,250,250,False
NAUKRI,2020-09-24,250,250,False
NAUKRI,2020-10-29,250,250,False
NAUKRI,2020-11-26,250,250,False
NAUKRI,2020-12-31,250,250,False
NAUKRI,2021-01-28,250,250,False
NAUKRI,2021-02-25,250,250,False
NAUKRI,2021-03-25,250,250,False
NAUKRI,2021-04-29,250,250,False
NAUKRI,2021-05-27,250,125,True
NAUKRI,2021-06-24,250,125,True
NAUKRI,2021-07-29,125,125,False
NAUKRI,2021-08-26,125,125,False
NAUKRI,2021-09-30,125,125,False
NAUKRI,2021-10-28,125,125,False
NAUKRI,2021-11-25,125,125,False
NAUKRI,2021-12-30,125,125,False
NAUKRI,2022-01-27,125,125,False
NAUKRI,2022-02-24,125,125,False
NAUKRI,2022-03-31,125,125,False
NAUKRI,2022-04-28,125,125,False
NAUKRI,2022-05-26,125,125,False
NAUKRI,2022-06-30,125,125,False
NAUKRI,2022-07-28,125,125,False
NAUKRI,2022-08-25,125,125,False
NAUKRI,2022-09-29,125,125,False
NAUKRI,2022-10-27,125,125,False
NAUKRI,2022-11-24,125,125,False
NAUKRI,2022-12-29,125,125,False
NAUKRI,2023-01-25,125,125,False
NAUKRI,2023-02-23,125,125,False
NAUKRI,2023-03-29,125,125,False
NAUKRI,2023-04-27,125,125,False
NAUKRI,2023-05-25,125,125,False
NAUKRI,2023-06-28,125,125,False
NAUKRI,2023-07-27,150,150,False
NAUKRI,2023-08-31,150,150,False
NAUKRI,2023-09-28,150,150,False
NAUKRI,2023-10-26,150,150,False
NAUKRI,2023-11-30,150,150,False
NAUKRI,2023-12-28,150,150,False
NAUKRI,2024-01-25,150,150,False
NAUKRI,2024-02-29,150,150,False
NAUKRI,2024-03-28,150,150,False
NAUKRI,2024-04-25,150,150,False
NAUKRI,2024-05-30,150,150,False
NAUKRI,2024-06-27,150,150,False
NAUKRI,2024-07-25,150,150,False
NAUKRI,2024-08-29,150,150,False
NAUKRI,2024-09-26,150,150,False
NAUKRI,2024-10-31,150,150,False
NAUKRI,2024-11-28,150,75,True
NAUKRI,2024-12-26,150,75,True
NAUKRI,2025-01-30,75,75,False
NAUKRI,2025-02-27,75,75,False
NAUKRI,2025-03-27,75,75,False
NAUKRI,2025-04-24,75,75,False
NAUKRI,2025-05-29,75,375,True
NAUKRI,2025-06-26,75,375,True
NAUKRI,2025-07-31,75,375,True
NAUKRI,2025-08-28,375,375,False
NAUKRI,2025-09-30,375,375,False
NAUKRI,2025-10-28,375,375,False
NAUKRI,2025-11-25,375,375,False
NAUKRI,2025-12-30,375,375,False
NAUKRI,2026-01-27,375,375,False
NAUKRI,2026-02-24,375,375,False
NAUKRI,2026-03-30,375,375,False
NAUKRI,2026-04-28,375,375,False
NAUKRI,2026-05-26,375,375,False
NAUKRI,2026-06-30,375,375,False
NAUKRI,2026-07-28,550,550,False
NAUKRI,2026-08-25,550,550,False
NAVINFLUOR,2021-03-25,225,225,False
NAVINFLUOR,2021-04-29,225,225,False
NAVINFLUOR,2021-05-27,225,225,False
NAVINFLUOR,2021-06-24,225,225,False
NAVINFLUOR,2021-07-29,225,225,False
NAVINFLUOR,2021-08-26,225,225,False
NAVINFLUOR,2021-09-30,225,225,False
NAVINFLUOR,2021-10-28,225,225,False
NAVINFLUOR,2021-11-25,225,225,False
NAVINFLUOR,2021-12-30,225,225,False
NAVINFLUOR,2022-01-27,225,225,False
NAVINFLUOR,2022-02-24,225,225,False
NAVINFLUOR,2022-03-31,225,225,False
NAVINFLUOR,2022-04-28,225,225,False
NAVINFLUOR,2022-05-26,225,225,False
NAVINFLUOR,2022-06-30,225,225,False
NAVINFLUOR,2022-07-28,225,225,False
NAVINFLUOR,2022-08-25,225,225,False
NAVINFLUOR,2022-09-29,225,225,False
NAVINFLUOR,2022-10-27,225,225,False
NAVINFLUOR,2022-11-24,225,225,False
NAVINFLUOR,2022-12-29,225,225,False
NAVINFLUOR,2023-01-25,150,150,False
NAVINFLUOR,2023-02-23,150,150,False
NAVINFLUOR,2023-03-29,150,150,False
NAVINFLUOR,2023-04-27,150,150,False
NAVINFLUOR,2023-05-25,150,150,False
NAVINFLUOR,2023-06-28,150,150,False
NAVINFLUOR,2023-07-27,150,150,False
NAVINFLUOR,2023-08-31,150,150,False
NAVINFLUOR,2023-09-28,150,150,False
NAVINFLUOR,2023-10-26,150,150,False
NAVINFLUOR,2023-11-30,150,150,False
NAVINFLUOR,2023-12-28,150,150,False
NAVINFLUOR,2024-01-25,150,150,False
NAVINFLUOR,2024-02-29,150,150,False
NAVINFLUOR,2024-03-28,150,150,False
NAVINFLUOR,2024-04-25,150,150,False
NAVINFLUOR,2024-05-30,150,150,False
NAVINFLUOR,2024-06-27,150,150,False
NAVINFLUOR,2024-07-25,175,175,False
NAVINFLUOR,2024-08-29,175,175,False
NAVINFLUOR,2024-09-26,175,175,False
NAVINFLUOR,2024-10-31,175,175,False
NAVINFLUOR,2024-11-28,175,175,False
NAVINFLUOR,2024-12-26,175,175,False
NAVINFLUOR,2025-01-30,175,175,False
NAVINFLUOR,2025-02-27,175,175,False
NBCC,2019-10-31,8500,8500,False
NBCC,2019-11-28,8500,8500,False
NBCC,2019-12-26,8500,8500,False
NBCC,2020-01-30,14300,14300,False
NBCC,2022-01-27,12000,12000,False
NBCC,2022-02-24,12000,12000,False
NBCC,2022-03-31,12000,12000,False
NBCC,2022-04-28,12000,12000,False
NBCC,2022-05-26,12000,12000,False
NBCC,2022-06-30,12000,12000,False
NBCC,2022-07-28,15000,15000,False
NBCC,2025-02-27,5800,5800,False
NBCC,2025-03-27,5800,5800,False
NBCC,2025-04-24,5800,5800,False
NBCC,2025-05-29,5800,5800,False
NBCC,2025-06-26,5800,5800,False
NBCC,2025-07-31,6500,6500,False
NBCC,2025-08-28,6500,6500,False
NBCC,2025-09-30,6500,6500,False
NBCC,2025-10-28,6500,6500,False
NBCC,2025-11-25,6500,6500,False
NBCC,2025-12-30,6500,6500,False
NBCC,2026-01-27,6500,6500,False
NBCC,2026-02-24,6500,6500,False
NBCC,2026-03-30,6500,6500,False
NBCC,2026-04-28,6500,6500,False
NBCC,2026-05-26,6500,6500,False
NBCC,2026-06-30,6500,6500,False
NBCC,2026-07-28,6500,6500,False
NBCC,2026-08-25,6500,6500,False
NCC,2019-10-31,8000,8000,False
NCC,2019-11-28,8000,8000,False
NCC,2019-12-26,8000,8000,False
NCC,2020-01-30,9000,9000,False
NCC,2020-02-27,9000,9000,False
NCC,2020-03-26,9000,9000,False
NCC,2020-04-30,9000,9000,False
NCC,2020-05-28,9000,9000,False
NCC,2020-06-25,9000,9000,False
NCC,2020-07-30,21000,21000,False
NCC,2024-12-26,1775,1775,False
NCC,2025-01-30,1775,1775,False
NCC,2025-02-27,1775,1775,False
NCC,2025-03-27,1775,1775,False
NCC,2025-04-24,1775,1775,False
NCC,2025-05-29,1775,1775,False
NCC,2025-06-26,1775,1775,False
NCC,2025-07-31,2700,2700,False
NCC,2025-08-28,2700,2700,False
NCC,2025-09-30,2700,2700,False
NCC,2025-10-28,2700,2700,False
NCC,2025-11-25,2700,2700,False
NCC,2025-12-30,2700,2700,False
NESTLEIND,2019-10-31,50,50,False
NESTLEIND,2019-11-28,50,50,False
NESTLEIND,2019-12-26,50,50,False
NESTLEIND,2020-01-30,50,50,False
NESTLEIND,2020-02-27,50,50,False
NESTLEIND,2020-03-26,50,50,False
NESTLEIND,2020-04-30,50,50,False
NESTLEIND,2020-05-28,50,50,False
NESTLEIND,2020-06-25,50,50,False
NESTLEIND,2020-07-30,50,50,False
NESTLEIND,2020-08-27,50,50,False
NESTLEIND,2020-09-24,50,50,False
NESTLEIND,2020-10-29,50,50,False
NESTLEIND,2020-11-26,50,50,False
NESTLEIND,2020-12-31,50,50,False
NESTLEIND,2021-01-28,50,50,False
NESTLEIND,2021-02-25,50,50,False
NESTLEIND,2021-03-25,50,50,False
NESTLEIND,2021-04-29,50,50,False
NESTLEIND,2021-05-27,50,50,False
NESTLEIND,2021-06-24,50,50,False
NESTLEIND,2021-07-29,50,50,False
NESTLEIND,2021-08-26,50,50,False
NESTLEIND,2021-09-30,50,50,False
NESTLEIND,2021-10-28,50,50,False
NESTLEIND,2021-11-25,50,25,True
NESTLEIND,2021-12-30,50,25,True
NESTLEIND,2022-01-27,25,25,False
NESTLEIND,2022-02-24,25,25,False
NESTLEIND,2022-03-31,25,25,False
NESTLEIND,2022-04-28,25,25,False
NESTLEIND,2022-05-26,25,25,False
NESTLEIND,2022-06-30,25,25,False
NESTLEIND,2022-07-28,40,40,False
NESTLEIND,2022-08-25,40,40,False
NESTLEIND,2022-09-29,40,40,False
NESTLEIND,2022-10-27,40,40,False
NESTLEIND,2022-11-24,40,40,False
NESTLEIND,2022-12-29,40,40,False
NESTLEIND,2023-01-25,40,40,False
NESTLEIND,2023-02-23,40,40,False
NESTLEIND,2023-03-29,40,40,False
NESTLEIND,2023-04-27,40,40,False
NESTLEIND,2023-05-25,40,40,False
NESTLEIND,2023-06-28,40,40,False
NESTLEIND,2023-07-27,40,40,False
NESTLEIND,2023-08-31,40,40,False
NESTLEIND,2023-09-28,40,40,False
NESTLEIND,2023-10-26,40,40,False
NESTLEIND,2023-11-30,40,40,False
NESTLEIND,2023-12-28,40,40,False
NESTLEIND,2024-01-25,40,400,True
NESTLEIND,2024-02-29,40,400,True
NESTLEIND,2024-03-28,40,400,True
NESTLEIND,2024-04-25,400,400,False
NESTLEIND,2024-05-30,400,200,True
NESTLEIND,2024-06-27,400,200,True
NESTLEIND,2024-07-25,200,200,False
NESTLEIND,2024-08-29,200,200,False
NESTLEIND,2024-09-26,200,200,False
NESTLEIND,2024-10-31,200,200,False
NESTLEIND,2024-11-28,200,200,False
NESTLEIND,2024-12-26,200,200,False
NESTLEIND,2025-01-30,200,200,False
NESTLEIND,2025-02-27,200,200,False
NESTLEIND,2025-03-27,200,200,False
NESTLEIND,2025-04-24,200,200,False
NESTLEIND,2025-05-29,200,200,False
NESTLEIND,2025-06-26,200,200,False
NESTLEIND,2025-07-31,250,250,False
NESTLEIND,2025-08-28,250,500,True
NESTLEIND,2025-09-30,250,500,True
NESTLEIND,2025-10-28,250,500,True
NESTLEIND,2025-11-25,500,500,False
NESTLEIND,2025-12-30,500,500,False
NESTLEIND,2026-01-27,500,500,False
NESTLEIND,2026-02-24,500,500,False
NESTLEIND,2026-03-30,500,500,False
NESTLEIND,2026-04-28,500,500,False
NESTLEIND,2026-05-26,500,500,False
NESTLEIND,2026-06-30,500,500,False
NESTLEIND,2026-07-28,500,500,False
NESTLEIND,2026-08-25,500,500,False
NHPC,2024-12-26,6400,6400,False
NHPC,2025-01-30,6400,6400,False
NHPC,2025-02-27,6400,6400,False
NHPC,2025-03-27,6400,6400,False
NHPC,2025-04-24,6400,6400,False
NHPC,2025-05-29,6400,6400,False
NHPC,2025-06-26,6400,6400,False
NHPC,2025-07-31,6400,6400,False
NHPC,2025-08-28,6400,6400,False
NHPC,2025-09-30,6400,6400,False
NHPC,2025-10-28,6400,6400,False
NHPC,2025-11-25,6400,6400,False
NHPC,2025-12-30,6400,6400,False
NHPC,2026-01-27,6400,6400,False
NHPC,2026-02-24,6400,6400,False
NHPC,2026-03-30,6400,6400,False
NHPC,2026-04-28,6400,6400,False
NHPC,2026-05-26,6400,6400,False
NHPC,2026-06-30,6400,6400,False
NHPC,2026-07-28,6950,6950,False
NHPC,2026-08-25,6950,6950,False
NIITTECH,2019-10-31,750,750,False
NIITTECH,2019-11-28,750,375,True
NIITTECH,2019-12-26,750,375,True
NIITTECH,2020-01-30,375,375,False
NIITTECH,2020-02-27,375,375,False
NIITTECH,2020-03-26,375,375,False
NIITTECH,2020-04-30,375,375,False
NIITTECH,2020-05-28,375,375,False
NIITTECH,2020-06-25,375,375,False
NIITTECH,2020-07-30,375,375,False
NIITTECH,2020-08-27,375,375,False
NIITTECH,2020-09-24,375,375,False
NIITTECH,2020-10-29,375,375,False
NMDC,2019-10-31,6000,6000,False
NMDC,2019-11-28,6000,6000,False
NMDC,2019-12-26,6000,6000,False
NMDC,2020-01-30,6000,6000,False
NMDC,2020-02-27,6000,6000,False
NMDC,2020-03-26,6000,6000,False
NMDC,2020-04-30,6000,6000,False
NMDC,2020-05-28,6000,6000,False
NMDC,2020-06-25,6000,6000,False
NMDC,2020-07-30,6700,6700,False
NMDC,2020-08-27,6700,6700,False
NMDC,2020-09-24,6700,6700,False
NMDC,2020-10-29,6700,6700,False
NMDC,2020-11-26,6700,6700,False
NMDC,2020-12-31,6700,6700,False
NMDC,2021-01-28,6700,6700,False
NMDC,2021-02-25,6700,6700,False
NMDC,2021-03-25,6700,6700,False
NMDC,2021-04-29,6700,6700,False
NMDC,2021-05-27,6700,6700,False
NMDC,2021-06-24,6700,6700,False
NMDC,2021-07-29,6700,6700,False
NMDC,2021-08-26,6700,6700,False
NMDC,2021-09-30,6700,6700,False
NMDC,2021-10-28,6700,6700,False
NMDC,2021-11-25,6700,6700,False
NMDC,2021-12-30,6700,6700,False
NMDC,2022-01-27,6700,6700,False
NMDC,2022-02-24,6700,6700,False
NMDC,2022-03-31,6700,6700,False
NMDC,2022-04-28,6700,6700,False
NMDC,2022-05-26,6700,3350,True
NMDC,2022-06-30,6700,3350,True
NMDC,2022-07-28,3350,3350,False
NMDC,2022-08-25,3350,3350,False
NMDC,2022-09-29,3350,3350,False
NMDC,2022-10-27,3350,3350,False
NMDC,2022-11-24,3350,3350,False
NMDC,2022-12-29,3350,3350,False
NMDC,2023-01-25,4500,4500,False
NMDC,2023-02-23,4500,4500,False
NMDC,2023-03-29,4500,4500,False
NMDC,2023-04-27,4500,4500,False
NMDC,2023-05-25,4500,4500,False
NMDC,2023-06-28,4500,4500,False
NMDC,2023-07-27,4500,4500,False
NMDC,2023-08-31,4500,4500,False
NMDC,2023-09-28,4500,4500,False
NMDC,2023-10-26,4500,4500,False
NMDC,2023-11-30,4500,4500,False
NMDC,2023-12-28,4500,4500,False
NMDC,2024-01-25,4500,4500,False
NMDC,2024-02-29,4500,4500,False
NMDC,2024-03-28,4500,4500,False
NMDC,2024-04-25,4500,4500,False
NMDC,2024-05-30,4500,4500,False
NMDC,2024-06-27,4500,4500,False
NMDC,2024-07-25,4500,4500,False
NMDC,2024-08-29,4500,4500,False
NMDC,2024-09-26,4500,4500,False
NMDC,2024-10-31,4500,4500,False
NMDC,2024-11-28,4500,4500,False
NMDC,2024-12-26,4500,4500,False
NMDC,2025-01-30,4500,13500,True
NMDC,2025-02-27,4500,13500,True
NMDC,2025-03-27,13500,13500,False
NMDC,2025-04-24,13500,13500,False
NMDC,2025-05-29,13500,13500,False
NMDC,2025-06-26,13500,13500,False
NMDC,2025-07-31,13500,13500,False
NMDC,2025-08-28,13500,13500,False
NMDC,2025-09-30,13500,13500,False
NMDC,2025-10-28,13500,13500,False
NMDC,2025-11-25,13500,6750,True
NMDC,2025-12-30,13500,6750,True
NMDC,2026-01-27,6750,6750,False
NMDC,2026-02-24,6750,6750,False
NMDC,2026-03-30,6750,6750,False
NMDC,2026-04-28,6750,6750,False
NMDC,2026-05-26,6750,6750,False
NMDC,2026-06-30,6750,6750,False
NMDC,2026-07-28,6750,6750,False
NMDC,2026-08-25,6750,6750,False
NTPC,2019-10-31,4800,4800,False
NTPC,2019-11-28,4800,4800,False
NTPC,2019-12-26,4800,4800,False
NTPC,2020-01-30,4800,4800,False
NTPC,2020-02-27,4800,4800,False
NTPC,2020-03-26,4800,4800,False
NTPC,2020-04-30,4800,4800,False
NTPC,2020-05-28,4800,4800,False
NTPC,2020-06-25,4800,4800,False
NTPC,2020-07-30,5700,5700,False
NTPC,2020-08-27,5700,5700,False
NTPC,2020-09-24,5700,5700,False
NTPC,2020-10-29,5700,5700,False
NTPC,2020-11-26,5700,5700,False
NTPC,2020-12-31,5700,5700,False
NTPC,2021-01-28,5700,5700,False
NTPC,2021-02-25,5700,5700,False
NTPC,2021-03-25,5700,5700,False
NTPC,2021-04-29,5700,5700,False
NTPC,2021-05-27,5700,5700,False
NTPC,2021-06-24,5700,5700,False
NTPC,2021-07-29,5700,5700,False
NTPC,2021-08-26,5700,5700,False
NTPC,2021-09-30,5700,5700,False
NTPC,2021-10-28,5700,5700,False
NTPC,2021-11-25,5700,5700,False
NTPC,2021-12-30,5700,5700,False
NTPC,2022-01-27,5700,5700,False
NTPC,2022-02-24,5700,5700,False
NTPC,2022-03-31,5700,5700,False
NTPC,2022-04-28,5700,5700,False
NTPC,2022-05-26,5700,5700,False
NTPC,2022-06-30,5700,5700,False
NTPC,2022-07-28,5700,5700,False
NTPC,2022-08-25,5700,5700,False
NTPC,2022-09-29,5700,5700,False
NTPC,2022-10-27,5700,5700,False
NTPC,2022-11-24,5700,5700,False
NTPC,2022-12-29,5700,5700,False
NTPC,2023-01-25,5700,5700,False
NTPC,2023-02-23,5700,5700,False
NTPC,2023-03-29,5700,5700,False
NTPC,2023-04-27,5700,5700,False
NTPC,2023-05-25,5700,5700,False
NTPC,2023-06-28,5700,5700,False
NTPC,2023-07-27,3000,3000,False
NTPC,2023-08-31,3000,3000,False
NTPC,2023-09-28,3000,3000,False
NTPC,2023-10-26,3000,3000,False
NTPC,2023-11-30,3000,3000,False
NTPC,2023-12-28,3000,3000,False
NTPC,2024-01-25,3000,3000,False
NTPC,2024-02-29,3000,3000,False
NTPC,2024-03-28,3000,3000,False
NTPC,2024-04-25,3000,3000,False
NTPC,2024-05-30,3000,1500,True
NTPC,2024-06-27,3000,1500,True
NTPC,2024-07-25,1500,1500,False
NTPC,2024-08-29,1500,1500,False
NTPC,2024-09-26,1500,1500,False
NTPC,2024-10-31,1500,1500,False
NTPC,2024-11-28,1500,1500,False
NTPC,2024-12-26,1500,1500,False
NTPC,2025-01-30,1500,1500,False
NTPC,2025-02-27,1500,1500,False
NTPC,2025-03-27,1500,1500,False
NTPC,2025-04-24,1500,1500,False
NTPC,2025-05-29,1500,1500,False
NTPC,2025-06-26,1500,1500,False
NTPC,2025-07-31,1500,1500,False
NTPC,2025-08-28,1500,1500,False
NTPC,2025-09-30,1500,1500,False
NTPC,2025-10-28,1500,1500,False
NTPC,2025-11-25,1500,1500,False
NTPC,2025-12-30,1500,1500,False
NTPC,2026-01-27,1500,1500,False
NTPC,2026-02-24,1500,1500,False
NTPC,2026-03-30,1500,1500,False
NTPC,2026-04-28,1500,1500,False
NTPC,2026-05-26,1500,1500,False
NTPC,2026-06-30,1500,1500,False
NTPC,2026-07-28,1500,1500,False
NTPC,2026-08-25,1500,1500,False
NUVAMA,2025-08-28,75,75,False
NUVAMA,2025-09-30,75,75,False
NUVAMA,2025-10-28,75,75,False
NUVAMA,2025-11-25,75,75,False
NUVAMA,2025-12-30,75,375,True
NUVAMA,2026-01-27,100,500,True
NUVAMA,2026-02-24,100,500,True
NUVAMA,2026-03-30,500,500,False
NUVAMA,2026-04-28,500,500,False
NUVAMA,2026-05-26,500,500,False
NUVAMA,2026-06-30,500,500,False
NUVAMA,2026-07-28,500,500,False
NYKAA,2024-12-26,2950,2950,False
NYKAA,2025-01-30,2950,2950,False
NYKAA,2025-02-27,2950,2950,False
NYKAA,2025-03-27,2950,2950,False
NYKAA,2025-04-24,2950,2950,False
NYKAA,2025-05-29,2950,2950,False
NYKAA,2025-06-26,2950,2950,False
NYKAA,2025-07-31,3125,3125,False
NYKAA,2025-08-28,3125,3125,False
NYKAA,2025-09-30,3125,3125,False
NYKAA,2025-10-28,3125,3125,False
NYKAA,2025-11-25,3125,3125,False
NYKAA,2025-12-30,3125,3125,False
NYKAA,2026-01-27,3125,3125,False
NYKAA,2026-02-24,3125,3125,False
NYKAA,2026-03-30,3125,3125,False
NYKAA,2026-04-28,3125,3125,False
NYKAA,2026-05-26,3125,3125,False
NYKAA,2026-06-30,3125,3125,False
NYKAA,2026-07-28,3125,3125,False
NYKAA,2026-08-25,3125,3125,False
OBEROIRLTY,2021-10-28,700,700,False
OBEROIRLTY,2021-11-25,700,700,False
OBEROIRLTY,2021-12-30,700,700,False
OBEROIRLTY,2022-01-27,700,700,False
OBEROIRLTY,2022-02-24,700,700,False
OBEROIRLTY,2022-03-31,700,700,False
OBEROIRLTY,2022-04-28,700,700,False
OBEROIRLTY,2022-05-26,700,700,False
OBEROIRLTY,2022-06-30,700,700,False
OBEROIRLTY,2022-07-28,700,700,False
OBEROIRLTY,2022-08-25,700,700,False
OBEROIRLTY,2022-09-29,700,700,False
OBEROIRLTY,2022-10-27,700,700,False
OBEROIRLTY,2022-11-24,700,700,False
OBEROIRLTY,2022-12-29,700,700,False
OBEROIRLTY,2023-01-25,700,700,False
OBEROIRLTY,2023-02-23,700,700,False
OBEROIRLTY,2023-03-29,700,700,False
OBEROIRLTY,2023-04-27,700,700,False
OBEROIRLTY,2023-05-25,700,700,False
OBEROIRLTY,2023-06-28,700,700,False
OBEROIRLTY,2023-07-27,700,700,False
OBEROIRLTY,2023-08-31,700,700,False
OBEROIRLTY,2023-09-28,700,700,False
OBEROIRLTY,2023-10-26,700,700,False
OBEROIRLTY,2023-11-30,700,700,False
OBEROIRLTY,2023-12-28,700,700,False
OBEROIRLTY,2024-01-25,700,700,False
OBEROIRLTY,2024-02-29,700,700,False
OBEROIRLTY,2024-03-28,700,700,False
OBEROIRLTY,2024-04-25,700,700,False
OBEROIRLTY,2024-05-30,700,700,False
OBEROIRLTY,2024-06-27,700,700,False
OBEROIRLTY,2024-07-25,700,700,False
OBEROIRLTY,2024-08-29,700,700,False
OBEROIRLTY,2024-09-26,700,700,False
OBEROIRLTY,2024-10-31,700,700,False
OBEROIRLTY,2024-11-28,700,350,True
OBEROIRLTY,2024-12-26,700,350,True
OBEROIRLTY,2025-01-30,350,350,False
OBEROIRLTY,2025-02-27,350,350,False
OBEROIRLTY,2025-03-27,350,350,False
OBEROIRLTY,2025-04-24,350,350,False
OBEROIRLTY,2025-05-29,350,350,False
OBEROIRLTY,2025-06-26,350,350,False
OBEROIRLTY,2025-07-31,350,350,False
OBEROIRLTY,2025-08-28,350,350,False
OBEROIRLTY,2025-09-30,350,350,False
OBEROIRLTY,2025-10-28,350,350,False
OBEROIRLTY,2025-11-25,350,350,False
OBEROIRLTY,2025-12-30,350,350,False
OBEROIRLTY,2026-01-27,350,350,False
OBEROIRLTY,2026-02-24,350,350,False
OBEROIRLTY,2026-03-30,350,350,False
OBEROIRLTY,2026-04-28,350,350,False
OBEROIRLTY,2026-05-26,350,350,False
OBEROIRLTY,2026-06-30,350,350,False
OBEROIRLTY,2026-07-28,350,350,False
OBEROIRLTY,2026-08-25,350,350,False
OFSS,2021-09-30,125,125,False
OFSS,2021-10-28,125,125,False
OFSS,2021-11-25,125,125,False
OFSS,2021-12-30,125,125,False
OFSS,2022-01-27,125,125,False
OFSS,2022-02-24,125,125,False
OFSS,2022-03-31,125,125,False
OFSS,2022-04-28,125,125,False
OFSS,2022-05-26,125,125,False
OFSS,2022-06-30,125,125,False
OFSS,2022-07-28,200,200,False
OFSS,2022-08-25,200,200,False
OFSS,2022-09-29,200,200,False
OFSS,2022-10-27,200,200,False
OFSS,2022-11-24,200,200,False
OFSS,2022-12-29,200,200,False
OFSS,2023-01-25,200,200,False
OFSS,2023-02-23,200,200,False
OFSS,2023-03-29,200,200,False
OFSS,2023-04-27,200,200,False
OFSS,2023-05-25,200,200,False
OFSS,2023-06-28,200,200,False
OFSS,2023-07-27,200,200,False
OFSS,2023-08-31,200,200,False
OFSS,2023-09-28,200,200,False
OFSS,2023-10-26,200,200,False
OFSS,2023-11-30,200,200,False
OFSS,2023-12-28,200,200,False
OFSS,2024-01-25,200,200,False
OFSS,2024-02-29,200,200,False
OFSS,2024-03-28,200,200,False
OFSS,2024-04-25,200,200,False
OFSS,2024-05-30,200,100,True
OFSS,2024-06-27,200,100,True
OFSS,2024-07-25,100,100,False
OFSS,2024-08-29,100,100,False
OFSS,2024-09-26,100,100,False
OFSS,2024-10-31,100,100,False
OFSS,2024-11-28,100,50,True
OFSS,2024-12-26,100,50,True
OFSS,2025-01-30,50,50,False
OFSS,2025-02-27,50,50,False
OFSS,2025-03-27,50,50,False
OFSS,2025-04-24,50,50,False
OFSS,2025-05-29,50,50,False
OFSS,2025-06-26,50,50,False
OFSS,2025-07-31,75,75,False
OFSS,2025-08-28,75,75,False
OFSS,2025-09-30,75,75,False
OFSS,2025-10-28,75,75,False
OFSS,2025-11-25,75,75,False
OFSS,2025-12-30,75,75,False
OFSS,2026-01-27,75,75,False
OFSS,2026-02-24,75,75,False
OFSS,2026-03-30,75,75,False
OFSS,2026-04-28,75,75,False
OFSS,2026-05-26,75,75,False
OFSS,2026-06-30,75,75,False
OFSS,2026-07-28,100,100,False
OFSS,2026-08-25,100,100,False
OIL,2019-10-31,3399,3399,False
OIL,2019-11-28,3399,3399,False
OIL,2019-12-26,3399,3399,False
OIL,2020-01-30,3399,3399,False
OIL,2020-02-27,3399,3399,False
OIL,2020-03-26,3399,3399,False
OIL,2020-04-30,3399,3399,False
OIL,2024-12-26,1075,1075,False
OIL,2025-01-30,1075,1075,False
OIL,2025-02-27,1075,1075,False
OIL,2025-03-27,1075,1075,False
OIL,2025-04-24,1075,1075,False
OIL,2025-05-29,1075,1075,False
OIL,2025-06-26,1075,1075,False
OIL,2025-07-31,1400,1400,False
OIL,2025-08-28,1400,1400,False
OIL,2025-09-30,1400,1400,False
OIL,2025-10-28,1400,1400,False
OIL,2025-11-25,1400,1400,False
OIL,2025-12-30,1400,1400,False
OIL,2026-01-27,1400,1400,False
OIL,2026-02-24,1400,1400,False
OIL,2026-03-30,1400,1400,False
OIL,2026-04-28,1400,1400,False
OIL,2026-05-26,1400,1400,False
OIL,2026-06-30,1400,1400,False
OIL,2026-07-28,1400,1400,False
OIL,2026-08-25,1400,1400,False
ONGC,2019-10-31,3750,3750,False
ONGC,2019-11-28,3750,3750,False
ONGC,2019-12-26,3750,3750,False
ONGC,2020-01-30,4100,4100,False
ONGC,2020-02-27,4100,4100,False
ONGC,2020-03-26,4100,4100,False
ONGC,2020-04-30,4100,4100,False
ONGC,2020-05-28,4100,4100,False
ONGC,2020-06-25,4100,4100,False
ONGC,2020-07-30,7700,7700,False
ONGC,2020-08-27,7700,7700,False
ONGC,2020-09-24,7700,7700,False
ONGC,2020-10-29,7700,7700,False
ONGC,2020-11-26,7700,7700,False
ONGC,2020-12-31,7700,7700,False
ONGC,2021-01-28,7700,7700,False
ONGC,2021-02-25,7700,7700,False
ONGC,2021-03-25,7700,7700,False
ONGC,2021-04-29,7700,7700,False
ONGC,2021-05-27,7700,7700,False
ONGC,2021-06-24,7700,7700,False
ONGC,2021-07-29,7700,7700,False
ONGC,2021-08-26,7700,7700,False
ONGC,2021-09-30,7700,7700,False
ONGC,2021-10-28,7700,7700,False
ONGC,2021-11-25,7700,7700,False
ONGC,2021-12-30,7700,7700,False
ONGC,2022-01-27,7700,7700,False
ONGC,2022-02-24,7700,7700,False
ONGC,2022-03-31,7700,7700,False
ONGC,2022-04-28,7700,7700,False
ONGC,2022-05-26,7700,3850,True
ONGC,2022-06-30,7700,3850,True
ONGC,2022-07-28,3850,3850,False
ONGC,2022-08-25,3850,3850,False
ONGC,2022-09-29,3850,3850,False
ONGC,2022-10-27,3850,3850,False
ONGC,2022-11-24,3850,3850,False
ONGC,2022-12-29,3850,3850,False
ONGC,2023-01-25,3850,3850,False
ONGC,2023-02-23,3850,3850,False
ONGC,2023-03-29,3850,3850,False
ONGC,2023-04-27,3850,3850,False
ONGC,2023-05-25,3850,3850,False
ONGC,2023-06-28,3850,3850,False
ONGC,2023-07-27,3850,3850,False
ONGC,2023-08-31,3850,3850,False
ONGC,2023-09-28,3850,3850,False
ONGC,2023-10-26,3850,3850,False
ONGC,2023-11-30,3850,3850,False
ONGC,2023-12-28,3850,3850,False
ONGC,2024-01-25,3850,3850,False
ONGC,2024-02-29,3850,3850,False
ONGC,2024-03-28,3850,3850,False
ONGC,2024-04-25,3850,3850,False
ONGC,2024-05-30,3850,1925,True
ONGC,2024-06-27,3850,1925,True
ONGC,2024-07-25,1925,1925,False
ONGC,2024-08-29,1925,1925,False
ONGC,2024-09-26,1925,1925,False
ONGC,2024-10-31,1925,1925,False
ONGC,2024-11-28,1925,1925,False
ONGC,2024-12-26,1925,1925,False
ONGC,2025-01-30,1925,1925,False
ONGC,2025-02-27,1925,1925,False
ONGC,2025-03-27,1925,1925,False
ONGC,2025-04-24,1925,1925,False
ONGC,2025-05-29,1925,1925,False
ONGC,2025-06-26,1925,1925,False
ONGC,2025-07-31,2250,2250,False
ONGC,2025-08-28,2250,2250,False
ONGC,2025-09-30,2250,2250,False
ONGC,2025-10-28,2250,2250,False
ONGC,2025-11-25,2250,2250,False
ONGC,2025-12-30,2250,2250,False
ONGC,2026-01-27,2250,2250,False
ONGC,2026-02-24,2250,2250,False
ONGC,2026-03-30,2250,2250,False
ONGC,2026-04-28,2250,2250,False
ONGC,2026-05-26,2250,2250,False
ONGC,2026-06-30,2250,2250,False
ONGC,2026-07-28,2250,2250,False
ONGC,2026-08-25,2250,2250,False
PAGEIND,2019-10-31,25,25,False
PAGEIND,2019-11-28,25,25,False
PAGEIND,2019-12-26,25,25,False
PAGEIND,2020-01-30,25,25,False
PAGEIND,2020-02-27,25,25,False
PAGEIND,2020-03-26,25,25,False
PAGEIND,2020-04-30,25,25,False
PAGEIND,2020-05-28,25,25,False
PAGEIND,2020-06-25,25,25,False
PAGEIND,2020-07-30,30,30,False
PAGEIND,2020-08-27,30,30,False
PAGEIND,2020-09-24,30,30,False
PAGEIND,2020-10-29,30,30,False
PAGEIND,2020-11-26,30,30,False
PAGEIND,2020-12-31,30,30,False
PAGEIND,2021-01-28,30,30,False
PAGEIND,2021-02-25,30,30,False
PAGEIND,2021-03-25,30,30,False
PAGEIND,2021-04-29,30,30,False
PAGEIND,2021-05-27,30,30,False
PAGEIND,2021-06-24,30,30,False
PAGEIND,2021-07-29,30,30,False
PAGEIND,2021-08-26,30,30,False
PAGEIND,2021-09-30,30,30,False
PAGEIND,2021-10-28,30,30,False
PAGEIND,2021-11-25,30,30,False
PAGEIND,2021-12-30,30,30,False
PAGEIND,2022-01-27,30,30,False
PAGEIND,2022-02-24,30,30,False
PAGEIND,2022-03-31,30,30,False
PAGEIND,2022-04-28,30,30,False
PAGEIND,2022-05-26,30,15,True
PAGEIND,2022-06-30,30,15,True
PAGEIND,2022-07-28,15,15,False
PAGEIND,2022-08-25,15,15,False
PAGEIND,2022-09-29,15,15,False
PAGEIND,2022-10-27,15,15,False
PAGEIND,2022-11-24,15,15,False
PAGEIND,2022-12-29,15,15,False
PAGEIND,2023-01-25,15,15,False
PAGEIND,2023-02-23,15,15,False
PAGEIND,2023-03-29,15,15,False
PAGEIND,2023-04-27,15,15,False
PAGEIND,2023-05-25,15,15,False
PAGEIND,2023-06-28,15,15,False
PAGEIND,2023-07-27,15,15,False
PAGEIND,2023-08-31,15,15,False
PAGEIND,2023-09-28,15,15,False
PAGEIND,2023-10-26,15,15,False
PAGEIND,2023-11-30,15,15,False
PAGEIND,2023-12-28,15,15,False
PAGEIND,2024-01-25,15,15,False
PAGEIND,2024-02-29,15,15,False
PAGEIND,2024-03-28,15,15,False
PAGEIND,2024-04-25,15,15,False
PAGEIND,2024-05-30,15,15,False
PAGEIND,2024-06-27,15,15,False
PAGEIND,2024-07-25,15,15,False
PAGEIND,2024-08-29,15,15,False
PAGEIND,2024-09-26,15,15,False
PAGEIND,2024-10-31,15,15,False
PAGEIND,2024-11-28,15,15,False
PAGEIND,2024-12-26,15,15,False
PAGEIND,2025-01-30,15,15,False
PAGEIND,2025-02-27,15,15,False
PAGEIND,2025-03-27,15,15,False
PAGEIND,2025-04-24,15,15,False
PAGEIND,2025-05-29,15,15,False
PAGEIND,2025-06-26,15,15,False
PAGEIND,2025-07-31,15,15,False
PAGEIND,2025-08-28,15,15,False
PAGEIND,2025-09-30,15,15,False
PAGEIND,2025-10-28,15,15,False
PAGEIND,2025-11-25,15,15,False
PAGEIND,2025-12-30,15,15,False
PAGEIND,2026-01-27,15,15,False
PAGEIND,2026-02-24,15,15,False
PAGEIND,2026-03-30,15,15,False
PAGEIND,2026-04-28,15,15,False
PAGEIND,2026-05-26,15,15,False
PAGEIND,2026-06-30,15,15,False
PAGEIND,2026-07-28,20,20,False
PAGEIND,2026-08-25,20,20,False
PATANJALI,2025-03-27,300,300,False
PATANJALI,2025-04-24,300,300,False
PATANJALI,2025-05-29,300,300,False
PATANJALI,2025-06-26,300,300,False
PATANJALI,2025-07-31,300,300,False
PATANJALI,2025-08-28,300,300,False
PATANJALI,2025-09-30,300,900,True
PATANJALI,2025-10-28,300,900,True
PATANJALI,2025-11-25,300,900,True
PATANJALI,2025-12-30,900,900,False
PATANJALI,2026-01-27,900,900,False
PATANJALI,2026-02-24,900,900,False
PATANJALI,2026-03-30,900,900,False
PATANJALI,2026-04-28,900,900,False
PATANJALI,2026-05-26,900,900,False
PATANJALI,2026-06-30,900,900,False
PATANJALI,2026-07-28,1075,1075,False
PATANJALI,2026-08-25,1075,1075,False
PAYTM,2024-12-26,650,650,False
PAYTM,2025-01-30,650,650,False
PAYTM,2025-02-27,650,650,False
PAYTM,2025-03-27,650,650,False
PAYTM,2025-04-24,650,650,False
PAYTM,2025-05-29,650,650,False
PAYTM,2025-06-26,650,650,False
PAYTM,2025-07-31,725,725,False
PAYTM,2025-08-28,725,725,False
PAYTM,2025-09-30,725,725,False
PAYTM,2025-10-28,725,725,False
PAYTM,2025-11-25,725,725,False
PAYTM,2025-12-30,725,725,False
PAYTM,2026-01-27,725,725,False
PAYTM,2026-02-24,725,725,False
PAYTM,2026-03-30,725,725,False
PAYTM,2026-04-28,725,725,False
PAYTM,2026-05-26,725,725,False
PAYTM,2026-06-30,725,725,False
PAYTM,2026-07-28,725,725,False
PAYTM,2026-08-25,725,725,False
PEL,2019-10-31,302,302,False
PEL,2019-11-28,302,302,False
PEL,2019-12-26,302,302,False
PEL,2020-01-30,302,309,True
PEL,2020-02-27,302,309,True
PEL,2020-03-26,309,309,False
PEL,2020-04-30,309,309,False
PEL,2020-05-28,309,309,False
PEL,2020-06-25,309,309,False
PEL,2020-07-30,550,550,False
PEL,2020-08-27,550,550,False
PEL,2020-09-24,550,550,False
PEL,2020-10-29,550,550,False
PEL,2020-11-26,550,550,False
PEL,2020-12-31,550,550,False
PEL,2021-01-28,550,550,False
PEL,2021-02-25,550,550,False
PEL,2021-03-25,550,550,False
PEL,2021-04-29,550,550,False
PEL,2021-05-27,550,275,True
PEL,2021-06-24,550,275,True
PEL,2021-07-29,275,275,False
PEL,2021-08-26,275,275,False
PEL,2021-09-30,275,275,False
PEL,2021-10-28,275,275,False
PEL,2021-11-25,275,275,False
PEL,2021-12-30,275,275,False
PEL,2022-01-27,275,275,False
PEL,2022-02-24,275,275,False
PEL,2022-03-31,275,275,False
PEL,2022-04-28,275,275,False
PEL,2022-05-26,275,275,False
PEL,2022-06-30,275,275,False
PEL,2022-07-28,275,275,False
PEL,2022-08-25,275,275,False
PEL,2022-09-29,275,275,False
PEL,2022-10-27,275,275,False
PEL,2022-11-24,275,275,False
PEL,2022-12-29,275,275,False
PEL,2023-01-25,550,550,False
PEL,2023-02-23,550,550,False
PEL,2023-03-29,550,550,False
PEL,2023-04-27,550,550,False
PEL,2023-05-25,550,550,False
PEL,2023-06-28,550,550,False
PEL,2023-07-27,750,750,False
PEL,2023-08-31,750,750,False
PEL,2023-09-28,750,750,False
PEL,2023-10-26,750,750,False
PEL,2023-11-30,750,750,False
PEL,2023-12-28,750,750,False
PEL,2024-01-25,750,750,False
PEL,2024-02-29,750,750,False
PEL,2024-03-28,750,750,False
PEL,2024-04-25,750,750,False
PEL,2024-05-30,750,750,False
PEL,2024-06-27,750,750,False
PEL,2024-07-25,750,750,False
PEL,2024-08-29,750,750,False
PEL,2024-09-26,750,750,False
PEL,2024-10-31,750,750,False
PEL,2024-11-28,750,750,False
PEL,2024-12-26,750,750,False
PEL,2025-01-30,750,750,False
PEL,2025-02-27,750,750,False
PEL,2025-03-27,750,750,False
PEL,2025-04-24,750,750,False
PEL,2025-05-29,750,750,False
PEL,2025-06-26,750,750,False
PEL,2025-07-31,750,750,False
PERSISTENT,2021-10-28,150,150,False
PERSISTENT,2021-11-25,150,150,False
PERSISTENT,2021-12-30,150,150,False
PERSISTENT,2022-01-27,150,150,False
PERSISTENT,2022-02-24,150,150,False
PERSISTENT,2022-03-31,150,150,False
PERSISTENT,2022-04-28,150,150,False
PERSISTENT,2022-05-26,150,150,False
PERSISTENT,2022-06-30,150,150,False
PERSISTENT,2022-07-28,150,150,False
PERSISTENT,2022-08-25,150,150,False
PERSISTENT,2022-09-29,150,150,False
PERSISTENT,2022-10-27,150,150,False
PERSISTENT,2022-11-24,150,150,False
PERSISTENT,2022-12-29,150,150,False
PERSISTENT,2023-01-25,175,175,False
PERSISTENT,2023-02-23,175,175,False
PERSISTENT,2023-03-29,175,175,False
PERSISTENT,2023-04-27,175,175,False
PERSISTENT,2023-05-25,175,175,False
PERSISTENT,2023-06-28,175,175,False
PERSISTENT,2023-07-27,175,175,False
PERSISTENT,2023-08-31,175,175,False
PERSISTENT,2023-09-28,175,175,False
PERSISTENT,2023-10-26,175,175,False
PERSISTENT,2023-11-30,175,175,False
PERSISTENT,2023-12-28,175,175,False
PERSISTENT,2024-01-25,100,100,False
PERSISTENT,2024-02-29,100,100,False
PERSISTENT,2024-03-28,100,200,True
PERSISTENT,2024-04-25,100,200,True
PERSISTENT,2024-05-30,100,200,True
PERSISTENT,2024-06-27,200,200,False
PERSISTENT,2024-07-25,200,200,False
PERSISTENT,2024-08-29,200,200,False
PERSISTENT,2024-09-26,200,200,False
PERSISTENT,2024-10-31,200,200,False
PERSISTENT,2024-11-28,200,100,True
PERSISTENT,2024-12-26,200,100,True
PERSISTENT,2025-01-30,100,100,False
PERSISTENT,2025-02-27,100,100,False
PERSISTENT,2025-03-27,100,100,False
PERSISTENT,2025-04-24,100,100,False
PERSISTENT,2025-05-29,100,100,False
PERSISTENT,2025-06-26,100,100,False
PERSISTENT,2025-07-31,100,100,False
PERSISTENT,2025-08-28,100,100,False
PERSISTENT,2025-09-30,100,100,False
PERSISTENT,2025-10-28,100,100,False
PERSISTENT,2025-11-25,100,100,False
PERSISTENT,2025-12-30,100,100,False
PERSISTENT,2026-01-27,100,100,False
PERSISTENT,2026-02-24,100,100,False
PERSISTENT,2026-03-30,100,100,False
PERSISTENT,2026-04-28,100,100,False
PERSISTENT,2026-05-26,100,100,False
PERSISTENT,2026-06-30,100,100,False
PERSISTENT,2026-07-28,125,125,False
PERSISTENT,2026-08-25,125,125,False
PETRONET,2019-10-31,3000,3000,False
PETRONET,2019-11-28,3000,3000,False
PETRONET,2019-12-26,3000,3000,False
PETRONET,2020-01-30,3000,3000,False
PETRONET,2020-02-27,3000,3000,False
PETRONET,2020-03-26,3000,3000,False
PETRONET,2020-04-30,3000,3000,False
PETRONET,2020-05-28,3000,3000,False
PETRONET,2020-06-25,3000,3000,False
PETRONET,2020-07-30,3000,3000,False
PETRONET,2020-08-27,3000,3000,False
PETRONET,2020-09-24,3000,3000,False
PETRONET,2020-10-29,3000,3000,False
PETRONET,2020-11-26,3000,3000,False
PETRONET,2020-12-31,3000,3000,False
PETRONET,2021-01-28,3000,3000,False
PETRONET,2021-02-25,3000,3000,False
PETRONET,2021-03-25,3000,3000,False
PETRONET,2021-04-29,3000,3000,False
PETRONET,2021-05-27,3000,3000,False
PETRONET,2021-06-24,3000,3000,False
PETRONET,2021-07-29,3000,3000,False
PETRONET,2021-08-26,3000,3000,False
PETRONET,2021-09-30,3000,3000,False
PETRONET,2021-10-28,3000,3000,False
PETRONET,2021-11-25,3000,3000,False
PETRONET,2021-12-30,3000,3000,False
PETRONET,2022-01-27,3000,3000,False
PETRONET,2022-02-24,3000,3000,False
PETRONET,2022-03-31,3000,3000,False
PETRONET,2022-04-28,3000,3000,False
PETRONET,2022-05-26,3000,3000,False
PETRONET,2022-06-30,3000,3000,False
PETRONET,2022-07-28,3000,3000,False
PETRONET,2022-08-25,3000,3000,False
PETRONET,2022-09-29,3000,3000,False
PETRONET,2022-10-27,3000,3000,False
PETRONET,2022-11-24,3000,3000,False
PETRONET,2022-12-29,3000,3000,False
PETRONET,2023-01-25,3000,3000,False
PETRONET,2023-02-23,3000,3000,False
PETRONET,2023-03-29,3000,3000,False
PETRONET,2023-04-27,3000,3000,False
PETRONET,2023-05-25,3000,3000,False
PETRONET,2023-06-28,3000,3000,False
PETRONET,2023-07-27,3000,3000,False
PETRONET,2023-08-31,3000,3000,False
PETRONET,2023-09-28,3000,3000,False
PETRONET,2023-10-26,3000,3000,False
PETRONET,2023-11-30,3000,3000,False
PETRONET,2023-12-28,3000,3000,False
PETRONET,2024-01-25,3000,3000,False
PETRONET,2024-02-29,3000,3000,False
PETRONET,2024-03-28,3000,3000,False
PETRONET,2024-04-25,3000,3000,False
PETRONET,2024-05-30,3000,3000,False
PETRONET,2024-06-27,3000,3000,False
PETRONET,2024-07-25,3000,3000,False
PETRONET,2024-08-29,3000,3000,False
PETRONET,2024-09-26,3000,3000,False
PETRONET,2024-10-31,3000,3000,False
PETRONET,2024-11-28,3000,1500,True
PETRONET,2024-12-26,3000,1500,True
PETRONET,2025-01-30,1500,1500,False
PETRONET,2025-02-27,1500,1500,False
PETRONET,2025-03-27,1500,1500,False
PETRONET,2025-04-24,1500,1500,False
PETRONET,2025-05-29,1500,1500,False
PETRONET,2025-06-26,1500,1500,False
PETRONET,2025-07-31,1800,1800,False
PETRONET,2025-08-28,1800,1800,False
PETRONET,2025-09-30,1800,1800,False
PETRONET,2025-10-28,1800,1800,False
PETRONET,2025-11-25,1800,1800,False
PETRONET,2025-12-30,1800,1800,False
PETRONET,2026-01-27,1900,1900,False
PETRONET,2026-02-24,1900,1900,False
PETRONET,2026-03-30,1900,1900,False
PETRONET,2026-04-28,1900,1900,False
PETRONET,2026-05-26,1900,1900,False
PETRONET,2026-06-30,1900,1900,False
PETRONET,2026-07-28,1900,1900,False
PETRONET,2026-08-25,1900,1900,False
PFC,2019-10-31,6200,6200,False
PFC,2019-11-28,6200,6200,False
PFC,2019-12-26,6200,6200,False
PFC,2020-01-30,6200,6200,False
PFC,2020-02-27,6200,6200,False
PFC,2020-03-26,6200,6200,False
PFC,2020-04-30,6200,6200,False
PFC,2020-05-28,6200,6200,False
PFC,2020-06-25,6200,6200,False
PFC,2020-07-30,6200,6200,False
PFC,2020-08-27,6200,6200,False
PFC,2020-09-24,6200,6200,False
PFC,2020-10-29,6200,6200,False
PFC,2020-11-26,6200,6200,False
PFC,2020-12-31,6200,6200,False
PFC,2021-01-28,6200,6200,False
PFC,2021-02-25,6200,6200,False
PFC,2021-03-25,6200,6200,False
PFC,2021-04-29,6200,6200,False
PFC,2021-05-27,6200,6200,False
PFC,2021-06-24,6200,6200,False
PFC,2021-07-29,6200,6200,False
PFC,2021-08-26,6200,6200,False
PFC,2021-09-30,6200,6200,False
PFC,2021-10-28,6200,6200,False
PFC,2021-11-25,6200,6200,False
PFC,2021-12-30,6200,6200,False
PFC,2022-01-27,6200,6200,False
PFC,2022-02-24,6200,6200,False
PFC,2022-03-31,6200,6200,False
PFC,2022-04-28,6200,6200,False
PFC,2022-05-26,6200,6200,False
PFC,2022-06-30,6200,6200,False
PFC,2022-07-28,6200,6200,False
PFC,2022-08-25,6200,6200,False
PFC,2022-09-29,6200,6200,False
PFC,2022-10-27,6200,6200,False
PFC,2022-11-24,6200,6200,False
PFC,2022-12-29,6200,6200,False
PFC,2023-01-25,6200,6200,False
PFC,2023-02-23,6200,6200,False
PFC,2023-03-29,6200,6200,False
PFC,2023-04-27,6200,6200,False
PFC,2023-05-25,6200,6200,False
PFC,2023-06-28,6200,6200,False
PFC,2023-07-27,6200,6200,False
PFC,2023-08-31,6200,6200,False
PFC,2023-09-28,6200,7750,True
PFC,2023-10-26,6200,7750,True
PFC,2023-11-30,6200,3875,True
PFC,2023-12-28,7750,3875,True
PFC,2024-01-25,3875,3875,False
PFC,2024-02-29,3875,3875,False
PFC,2024-03-28,3875,3875,False
PFC,2024-04-25,3875,3875,False
PFC,2024-05-30,3875,3875,False
PFC,2024-06-27,3875,3875,False
PFC,2024-07-25,1300,1300,False
PFC,2024-08-29,1300,1300,False
PFC,2024-09-26,1300,1300,False
PFC,2024-10-31,1300,1300,False
PFC,2024-11-28,1300,1300,False
PFC,2024-12-26,1300,1300,False
PFC,2025-01-30,1300,1300,False
PFC,2025-02-27,1300,1300,False
PFC,2025-03-27,1300,1300,False
PFC,2025-04-24,1300,1300,False
PFC,2025-05-29,1300,1300,False
PFC,2025-06-26,1300,1300,False
PFC,2025-07-31,1300,1300,False
PFC,2025-08-28,1300,1300,False
PFC,2025-09-30,1300,1300,False
PFC,2025-10-28,1300,1300,False
PFC,2025-11-25,1300,1300,False
PFC,2025-12-30,1300,1300,False
PFC,2026-01-27,1300,1300,False
PFC,2026-02-24,1300,1300,False
PFC,2026-03-30,1300,1300,False
PFC,2026-04-28,1300,1300,False
PFC,2026-05-26,1300,1300,False
PFC,2026-06-30,1300,1300,False
PFC,2026-07-28,1300,1300,False
PFC,2026-08-25,1300,1300,False
PFIZER,2021-03-25,125,125,False
PFIZER,2021-04-29,125,125,False
PFIZER,2021-05-27,125,125,False
PFIZER,2021-06-24,125,125,False
PFIZER,2021-07-29,125,125,False
PFIZER,2021-08-26,125,125,False
PFIZER,2021-09-30,125,125,False
PFIZER,2021-10-28,125,125,False
PFIZER,2021-11-25,125,125,False
PFIZER,2021-12-30,125,125,False
PFIZER,2022-01-27,125,125,False
PFIZER,2022-02-24,125,125,False
PFIZER,2022-03-31,125,125,False
PFIZER,2022-04-28,125,125,False
PGEL,2025-07-31,700,700,False
PGEL,2025-08-28,700,700,False
PGEL,2025-09-30,700,700,False
PGEL,2025-10-28,700,700,False
PGEL,2025-11-25,700,700,False
PGEL,2025-12-30,700,700,False
PGEL,2026-01-27,950,950,False
PGEL,2026-02-24,950,950,False
PGEL,2026-03-30,950,950,False
PGEL,2026-04-28,950,950,False
PGEL,2026-05-26,950,950,False
PGEL,2026-06-30,950,950,False
PGEL,2026-07-28,950,950,False
PGEL,2026-08-25,950,950,False
PHOENIXLTD,2025-02-27,350,350,False
PHOENIXLTD,2025-03-27,350,350,False
PHOENIXLTD,2025-04-24,350,350,False
PHOENIXLTD,2025-05-29,350,350,False
PHOENIXLTD,2025-06-26,350,350,False
PHOENIXLTD,2025-07-31,350,350,False
PHOENIXLTD,2025-08-28,350,350,False
PHOENIXLTD,2025-09-30,350,350,False
PHOENIXLTD,2025-10-28,350,350,False
PHOENIXLTD,2025-11-25,350,350,False
PHOENIXLTD,2025-12-30,350,350,False
PHOENIXLTD,2026-01-27,350,350,False
PHOENIXLTD,2026-02-24,350,350,False
PHOENIXLTD,2026-03-30,350,350,False
PHOENIXLTD,2026-04-28,350,350,False
PHOENIXLTD,2026-05-26,350,350,False
PHOENIXLTD,2026-06-30,350,350,False
PHOENIXLTD,2026-07-28,350,350,False
PHOENIXLTD,2026-08-25,350,350,False
PIDILITIND,2019-10-31,500,500,False
PIDILITIND,2019-11-28,500,500,False
PIDILITIND,2019-12-26,500,500,False
PIDILITIND,2020-01-30,500,500,False
PIDILITIND,2020-02-27,500,500,False
PIDILITIND,2020-03-26,500,500,False
PIDILITIND,2020-04-30,500,500,False
PIDILITIND,2020-05-28,500,500,False
PIDILITIND,2020-06-25,500,500,False
PIDILITIND,2020-07-30,500,500,False
PIDILITIND,2020-08-27,500,500,False
PIDILITIND,2020-09-24,500,500,False
PIDILITIND,2020-10-29,500,500,False
PIDILITIND,2020-11-26,500,500,False
PIDILITIND,2020-12-31,500,500,False
PIDILITIND,2021-01-28,500,500,False
PIDILITIND,2021-02-25,500,500,False
PIDILITIND,2021-03-25,500,500,False
PIDILITIND,2021-04-29,500,500,False
PIDILITIND,2021-05-27,500,500,False
PIDILITIND,2021-06-24,500,500,False
PIDILITIND,2021-07-29,500,500,False
PIDILITIND,2021-08-26,500,500,False
PIDILITIND,2021-09-30,500,500,False
PIDILITIND,2021-10-28,500,500,False
PIDILITIND,2021-11-25,500,250,True
PIDILITIND,2021-12-30,500,250,True
PIDILITIND,2022-01-27,250,250,False
PIDILITIND,2022-02-24,250,250,False
PIDILITIND,2022-03-31,250,250,False
PIDILITIND,2022-04-28,250,250,False
PIDILITIND,2022-05-26,250,250,False
PIDILITIND,2022-06-30,250,250,False
PIDILITIND,2022-07-28,250,250,False
PIDILITIND,2022-08-25,250,250,False
PIDILITIND,2022-09-29,250,250,False
PIDILITIND,2022-10-27,250,250,False
PIDILITIND,2022-11-24,250,250,False
PIDILITIND,2022-12-29,250,250,False
PIDILITIND,2023-01-25,250,250,False
PIDILITIND,2023-02-23,250,250,False
PIDILITIND,2023-03-29,250,250,False
PIDILITIND,2023-04-27,250,250,False
PIDILITIND,2023-05-25,250,250,False
PIDILITIND,2023-06-28,250,250,False
PIDILITIND,2023-07-27,250,250,False
PIDILITIND,2023-08-31,250,250,False
PIDILITIND,2023-09-28,250,250,False
PIDILITIND,2023-10-26,250,250,False
PIDILITIND,2023-11-30,250,250,False
PIDILITIND,2023-12-28,250,250,False
PIDILITIND,2024-01-25,250,250,False
PIDILITIND,2024-02-29,250,250,False
PIDILITIND,2024-03-28,250,250,False
PIDILITIND,2024-04-25,250,250,False
PIDILITIND,2024-05-30,250,250,False
PIDILITIND,2024-06-27,250,250,False
PIDILITIND,2024-07-25,250,250,False
PIDILITIND,2024-08-29,250,250,False
PIDILITIND,2024-09-26,250,250,False
PIDILITIND,2024-10-31,250,250,False
PIDILITIND,2024-11-28,250,250,False
PIDILITIND,2024-12-26,250,250,False
PIDILITIND,2025-01-30,250,250,False
PIDILITIND,2025-02-27,250,250,False
PIDILITIND,2025-03-27,250,250,False
PIDILITIND,2025-04-24,250,250,False
PIDILITIND,2025-05-29,250,250,False
PIDILITIND,2025-06-26,250,250,False
PIDILITIND,2025-07-31,250,250,False
PIDILITIND,2025-08-28,250,250,False
PIDILITIND,2025-09-30,250,500,True
PIDILITIND,2025-10-28,250,500,True
PIDILITIND,2025-11-25,250,500,True
PIDILITIND,2025-12-30,500,500,False
PIDILITIND,2026-01-27,500,500,False
PIDILITIND,2026-02-24,500,500,False
PIDILITIND,2026-03-30,500,500,False
PIDILITIND,2026-04-28,500,500,False
PIDILITIND,2026-05-26,500,500,False
PIDILITIND,2026-06-30,500,500,False
PIDILITIND,2026-07-28,500,500,False
PIDILITIND,2026-08-25,500,500,False
PIIND,2021-03-25,250,250,False
PIIND,2021-04-29,250,250,False
PIIND,2021-05-27,250,250,False
PIIND,2021-06-24,250,250,False
PIIND,2021-07-29,250,250,False
PIIND,2021-08-26,250,250,False
PIIND,2021-09-30,250,250,False
PIIND,2021-10-28,250,250,False
PIIND,2021-11-25,250,250,False
PIIND,2021-12-30,250,250,False
PIIND,2022-01-27,250,250,False
PIIND,2022-02-24,250,250,False
PIIND,2022-03-31,250,250,False
PIIND,2022-04-28,250,250,False
PIIND,2022-05-26,250,250,False
PIIND,2022-06-30,250,250,False
PIIND,2022-07-28,250,250,False
PIIND,2022-08-25,250,250,False
PIIND,2022-09-29,250,250,False
PIIND,2022-10-27,250,250,False
PIIND,2022-11-24,250,250,False
PIIND,2022-12-29,250,250,False
PIIND,2023-01-25,250,250,False
PIIND,2023-02-23,250,250,False
PIIND,2023-03-29,250,250,False
PIIND,2023-04-27,250,250,False
PIIND,2023-05-25,250,250,False
PIIND,2023-06-28,250,250,False
PIIND,2023-07-27,250,250,False
PIIND,2023-08-31,250,250,False
PIIND,2023-09-28,250,250,False
PIIND,2023-10-26,250,250,False
PIIND,2023-11-30,250,250,False
PIIND,2023-12-28,250,250,False
PIIND,2024-01-25,250,250,False
PIIND,2024-02-29,250,250,False
PIIND,2024-03-28,250,250,False
PIIND,2024-04-25,250,250,False
PIIND,2024-05-30,250,250,False
PIIND,2024-06-27,250,250,False
PIIND,2024-07-25,250,250,False
PIIND,2024-08-29,250,250,False
PIIND,2024-09-26,250,250,False
PIIND,2024-10-31,250,250,False
PIIND,2024-11-28,250,125,True
PIIND,2024-12-26,250,125,True
PIIND,2025-01-30,125,125,False
PIIND,2025-02-27,125,125,False
PIIND,2025-03-27,125,125,False
PIIND,2025-04-24,125,125,False
PIIND,2025-05-29,125,125,False
PIIND,2025-06-26,125,125,False
PIIND,2025-07-31,175,175,False
PIIND,2025-08-28,175,175,False
PIIND,2025-09-30,175,175,False
PIIND,2025-10-28,175,175,False
PIIND,2025-11-25,175,175,False
PIIND,2025-12-30,175,175,False
PIIND,2026-01-27,175,175,False
PIIND,2026-02-24,175,175,False
PIIND,2026-03-30,175,175,False
PIIND,2026-04-28,175,175,False
PIIND,2026-05-26,175,175,False
PIIND,2026-06-30,175,175,False
PIIND,2026-07-28,175,175,False
PIIND,2026-08-25,175,175,False
PNB,2019-10-31,7000,7000,False
PNB,2019-11-28,7000,7000,False
PNB,2019-12-26,7000,7000,False
PNB,2020-01-30,8300,8300,False
PNB,2020-02-27,8300,8300,False
PNB,2020-03-26,8300,8300,False
PNB,2020-04-30,8300,8300,False
PNB,2020-05-28,8300,8300,False
PNB,2020-06-25,8300,8300,False
PNB,2020-07-30,14000,14000,False
PNB,2020-08-27,14000,14000,False
PNB,2020-09-24,14000,14000,False
PNB,2020-10-29,14000,14000,False
PNB,2020-11-26,14000,14000,False
PNB,2020-12-31,14000,14000,False
PNB,2021-01-28,16000,16000,False
PNB,2021-02-25,16000,16000,False
PNB,2021-03-25,16000,16000,False
PNB,2021-04-29,16000,16000,False
PNB,2021-05-27,16000,16000,False
PNB,2021-06-24,16000,16000,False
PNB,2021-07-29,16000,16000,False
PNB,2021-08-26,16000,16000,False
PNB,2021-09-30,16000,16000,False
PNB,2021-10-28,16000,16000,False
PNB,2021-11-25,16000,16000,False
PNB,2021-12-30,16000,16000,False
PNB,2022-01-27,16000,16000,False
PNB,2022-02-24,16000,16000,False
PNB,2022-03-31,16000,16000,False
PNB,2022-04-28,16000,16000,False
PNB,2022-05-26,16000,16000,False
PNB,2022-06-30,16000,16000,False
PNB,2022-07-28,16000,16000,False
PNB,2022-08-25,16000,16000,False
PNB,2022-09-29,16000,16000,False
PNB,2022-10-27,16000,16000,False
PNB,2022-11-24,16000,16000,False
PNB,2022-12-29,16000,16000,False
PNB,2023-01-25,16000,16000,False
PNB,2023-02-23,16000,16000,False
PNB,2023-03-29,16000,16000,False
PNB,2023-04-27,16000,16000,False
PNB,2023-05-25,16000,16000,False
PNB,2023-06-28,16000,16000,False
PNB,2023-07-27,16000,16000,False
PNB,2023-08-31,16000,16000,False
PNB,2023-09-28,16000,16000,False
PNB,2023-10-26,16000,16000,False
PNB,2023-11-30,16000,8000,True
PNB,2023-12-28,16000,8000,True
PNB,2024-01-25,8000,8000,False
PNB,2024-02-29,8000,8000,False
PNB,2024-03-28,8000,8000,False
PNB,2024-04-25,8000,8000,False
PNB,2024-05-30,8000,8000,False
PNB,2024-06-27,8000,8000,False
PNB,2024-07-25,8000,8000,False
PNB,2024-08-29,8000,8000,False
PNB,2024-09-26,8000,8000,False
PNB,2024-10-31,8000,8000,False
PNB,2024-11-28,8000,8000,False
PNB,2024-12-26,8000,8000,False
PNB,2025-01-30,8000,8000,False
PNB,2025-02-27,8000,8000,False
PNB,2025-03-27,8000,8000,False
PNB,2025-04-24,8000,8000,False
PNB,2025-05-29,8000,8000,False
PNB,2025-06-26,8000,8000,False
PNB,2025-07-31,8000,8000,False
PNB,2025-08-28,8000,8000,False
PNB,2025-09-30,8000,8000,False
PNB,2025-10-28,8000,8000,False
PNB,2025-11-25,8000,8000,False
PNB,2025-12-30,8000,8000,False
PNB,2026-01-27,8000,8000,False
PNB,2026-02-24,8000,8000,False
PNB,2026-03-30,8000,8000,False
PNB,2026-04-28,8000,8000,False
PNB,2026-05-26,8000,8000,False
PNB,2026-06-30,8000,8000,False
PNB,2026-07-28,8000,8000,False
PNB,2026-08-25,8000,8000,False
PNBHOUSING,2025-04-24,650,650,False
PNBHOUSING,2025-05-29,650,650,False
PNBHOUSING,2025-06-26,650,650,False
PNBHOUSING,2025-07-31,650,650,False
PNBHOUSING,2025-08-28,650,650,False
PNBHOUSING,2025-09-30,650,650,False
PNBHOUSING,2025-10-28,650,650,False
PNBHOUSING,2025-11-25,650,650,False
PNBHOUSING,2025-12-30,650,650,False
PNBHOUSING,2026-01-27,650,650,False
PNBHOUSING,2026-02-24,650,650,False
PNBHOUSING,2026-03-30,650,650,False
PNBHOUSING,2026-04-28,650,650,False
PNBHOUSING,2026-05-26,650,650,False
PNBHOUSING,2026-06-30,650,650,False
PNBHOUSING,2026-07-28,650,650,False
PNBHOUSING,2026-08-25,650,650,False
POLICYBZR,2024-12-26,325,325,False
POLICYBZR,2025-01-30,325,325,False
POLICYBZR,2025-02-27,325,325,False
POLICYBZR,2025-03-27,325,325,False
POLICYBZR,2025-04-24,325,325,False
POLICYBZR,2025-05-29,325,325,False
POLICYBZR,2025-06-26,325,325,False
POLICYBZR,2025-07-31,350,350,False
POLICYBZR,2025-08-28,350,350,False
POLICYBZR,2025-09-30,350,350,False
POLICYBZR,2025-10-28,350,350,False
POLICYBZR,2025-11-25,350,350,False
POLICYBZR,2025-12-30,350,350,False
POLICYBZR,2026-01-27,350,350,False
POLICYBZR,2026-02-24,350,350,False
POLICYBZR,2026-03-30,350,350,False
POLICYBZR,2026-04-28,350,350,False
POLICYBZR,2026-05-26,350,350,False
POLICYBZR,2026-06-30,350,350,False
POLICYBZR,2026-07-28,350,350,False
POLICYBZR,2026-08-25,350,350,False
POLYCAB,2021-09-30,300,300,False
POLYCAB,2021-10-28,300,300,False
POLYCAB,2021-11-25,300,300,False
POLYCAB,2021-12-30,300,300,False
POLYCAB,2022-01-27,300,300,False
POLYCAB,2022-02-24,300,300,False
POLYCAB,2022-03-31,300,300,False
POLYCAB,2022-04-28,300,300,False
POLYCAB,2022-05-26,300,300,False
POLYCAB,2022-06-30,300,300,False
POLYCAB,2022-07-28,300,300,False
POLYCAB,2022-08-25,300,300,False
POLYCAB,2022-09-29,300,300,False
POLYCAB,2022-10-27,300,300,False
POLYCAB,2022-11-24,300,300,False
POLYCAB,2022-12-29,300,300,False
POLYCAB,2023-01-25,300,300,False
POLYCAB,2023-02-23,300,300,False
POLYCAB,2023-03-29,300,300,False
POLYCAB,2023-04-27,300,300,False
POLYCAB,2023-05-25,300,300,False
POLYCAB,2023-06-28,300,300,False
POLYCAB,2023-07-27,300,300,False
POLYCAB,2023-08-31,300,300,False
POLYCAB,2023-09-28,300,300,False
POLYCAB,2023-10-26,300,300,False
POLYCAB,2023-11-30,300,100,True
POLYCAB,2023-12-28,300,100,True
POLYCAB,2024-01-25,100,100,False
POLYCAB,2024-02-29,100,100,False
POLYCAB,2024-03-28,100,100,False
POLYCAB,2024-04-25,100,100,False
POLYCAB,2024-05-30,100,100,False
POLYCAB,2024-06-27,100,100,False
POLYCAB,2024-07-25,125,125,False
POLYCAB,2024-08-29,125,125,False
POLYCAB,2024-09-26,125,125,False
POLYCAB,2024-10-31,125,125,False
POLYCAB,2024-11-28,125,125,False
POLYCAB,2024-12-26,125,125,False
POLYCAB,2025-01-30,125,125,False
POLYCAB,2025-02-27,125,125,False
POLYCAB,2025-03-27,125,125,False
POLYCAB,2025-04-24,125,125,False
POLYCAB,2025-05-29,125,125,False
POLYCAB,2025-06-26,125,125,False
POLYCAB,2025-07-31,125,125,False
POLYCAB,2025-08-28,125,125,False
POLYCAB,2025-09-30,125,125,False
POLYCAB,2025-10-28,125,125,False
POLYCAB,2025-11-25,125,125,False
POLYCAB,2025-12-30,125,125,False
POLYCAB,2026-01-27,125,125,False
POLYCAB,2026-02-24,125,125,False
POLYCAB,2026-03-30,125,125,False
POLYCAB,2026-04-28,125,125,False
POLYCAB,2026-05-26,125,125,False
POLYCAB,2026-06-30,125,125,False
POLYCAB,2026-07-28,125,125,False
POLYCAB,2026-08-25,125,125,False
POONAWALLA,2024-12-26,1450,1450,False
POONAWALLA,2025-01-30,1450,1450,False
POONAWALLA,2025-02-27,1450,1450,False
POONAWALLA,2025-03-27,1450,1450,False
POONAWALLA,2025-04-24,1450,1450,False
POONAWALLA,2025-05-29,1450,1450,False
POONAWALLA,2025-06-26,1450,1450,False
POONAWALLA,2025-07-31,1700,1700,False
POONAWALLA,2025-08-28,1700,1700,False
POWERGRID,2019-10-31,4000,4000,False
POWERGRID,2019-11-28,4000,4000,False
POWERGRID,2019-12-26,4000,4000,False
POWERGRID,2020-01-30,4000,4000,False
POWERGRID,2020-02-27,4000,4000,False
POWERGRID,2020-03-26,4000,4000,False
POWERGRID,2020-04-30,4000,4000,False
POWERGRID,2020-05-28,4000,4000,False
POWERGRID,2020-06-25,4000,4000,False
POWERGRID,2020-07-30,4000,4000,False
POWERGRID,2020-08-27,4000,4000,False
POWERGRID,2020-09-24,4000,4000,False
POWERGRID,2020-10-29,4000,4000,False
POWERGRID,2020-11-26,4000,4000,False
POWERGRID,2020-12-31,4000,4000,False
POWERGRID,2021-01-28,4000,4000,False
POWERGRID,2021-02-25,4000,4000,False
POWERGRID,2021-03-25,4000,4000,False
POWERGRID,2021-04-29,4000,4000,False
POWERGRID,2021-05-27,4000,4000,False
POWERGRID,2021-06-24,4000,4000,False
POWERGRID,2021-07-29,4000,5333,True
POWERGRID,2021-08-26,4000,5333,True
POWERGRID,2021-09-30,4000,5333,True
POWERGRID,2021-10-28,5333,5333,False
POWERGRID,2021-11-25,5333,5333,False
POWERGRID,2021-12-30,5333,5333,False
POWERGRID,2022-01-27,5333,5333,False
POWERGRID,2022-02-24,5333,5333,False
POWERGRID,2022-03-31,5333,5333,False
POWERGRID,2022-04-28,5333,5333,False
POWERGRID,2022-05-26,5333,5333,False
POWERGRID,2022-06-30,5333,5333,False
POWERGRID,2022-07-28,2700,2700,False
POWERGRID,2022-08-25,2700,2700,False
POWERGRID,2022-09-29,2700,2700,False
POWERGRID,2022-10-27,2700,2700,False
POWERGRID,2022-11-24,2700,2700,False
POWERGRID,2022-12-29,2700,2700,False
POWERGRID,2023-01-25,2700,2700,False
POWERGRID,2023-02-23,2700,2700,False
POWERGRID,2023-03-29,2700,2700,False
POWERGRID,2023-04-27,2700,2700,False
POWERGRID,2023-05-25,2700,2700,False
POWERGRID,2023-06-28,2700,2700,False
POWERGRID,2023-07-27,2700,2700,False
POWERGRID,2023-08-31,2700,2700,False
POWERGRID,2023-09-28,2700,3600,True
POWERGRID,2023-10-26,2700,3600,True
POWERGRID,2023-11-30,2700,3600,True
POWERGRID,2023-12-28,3600,3600,False
POWERGRID,2024-01-25,3600,3600,False
POWERGRID,2024-02-29,3600,3600,False
POWERGRID,2024-03-28,3600,3600,False
POWERGRID,2024-04-25,3600,3600,False
POWERGRID,2024-05-30,3600,3600,False
POWERGRID,2024-06-27,3600,3600,False
POWERGRID,2024-07-25,3600,3600,False
POWERGRID,2024-08-29,3600,3600,False
POWERGRID,2024-09-26,3600,3600,False
POWERGRID,2024-10-31,3600,3600,False
POWERGRID,2024-11-28,3600,1800,True
POWERGRID,2024-12-26,3600,1800,True
POWERGRID,2025-01-30,1800,1800,False
POWERGRID,2025-02-27,1800,1800,False
POWERGRID,2025-03-27,1800,1800,False
POWERGRID,2025-04-24,1800,1800,False
POWERGRID,2025-05-29,1800,1800,False
POWERGRID,2025-06-26,1800,1800,False
POWERGRID,2025-07-31,1900,1900,False
POWERGRID,2025-08-28,1900,1900,False
POWERGRID,2025-09-30,1900,1900,False
POWERGRID,2025-10-28,1900,1900,False
POWERGRID,2025-11-25,1900,1900,False
POWERGRID,2025-12-30,1900,1900,False
POWERGRID,2026-01-27,1900,1900,False
POWERGRID,2026-02-24,1900,1900,False
POWERGRID,2026-03-30,1900,1900,False
POWERGRID,2026-04-28,1900,1900,False
POWERGRID,2026-05-26,1900,1900,False
POWERGRID,2026-06-30,1900,1900,False
POWERGRID,2026-07-28,1900,1900,False
POWERGRID,2026-08-25,1900,1900,False
POWERINDIA,2025-10-28,50,50,False
POWERINDIA,2025-11-25,50,50,False
POWERINDIA,2025-12-30,50,50,False
POWERINDIA,2026-01-27,50,50,False
POWERINDIA,2026-02-24,50,50,False
POWERINDIA,2026-03-30,50,50,False
POWERINDIA,2026-04-28,50,50,False
POWERINDIA,2026-05-26,50,25,True
POWERINDIA,2026-06-30,50,25,True
POWERINDIA,2026-07-28,25,25,False
POWERINDIA,2026-08-25,25,25,False
PPLPHARMA,2025-06-26,2500,2500,False
PPLPHARMA,2025-07-31,2500,2500,False
PPLPHARMA,2025-08-28,2500,2500,False
PPLPHARMA,2025-09-30,2500,2500,False
PPLPHARMA,2025-10-28,2500,2500,False
PPLPHARMA,2025-11-25,2500,2500,False
PPLPHARMA,2025-12-30,2500,2500,False
PPLPHARMA,2026-01-27,2625,2625,False
PPLPHARMA,2026-02-24,2625,2625,False
PPLPHARMA,2026-03-30,2625,2625,False
PPLPHARMA,2026-04-28,2625,2625,False
PREMIERENE,2026-01-27,575,575,False
PREMIERENE,2026-02-24,575,575,False
PREMIERENE,2026-03-30,575,575,False
PREMIERENE,2026-04-28,575,575,False
PREMIERENE,2026-05-26,575,575,False
PREMIERENE,2026-06-30,575,575,False
PREMIERENE,2026-07-28,650,650,False
PREMIERENE,2026-08-25,650,650,False
PRESTIGE,2024-12-26,325,325,False
PRESTIGE,2025-01-30,325,325,False
PRESTIGE,2025-02-27,325,325,False
PRESTIGE,2025-03-27,325,325,False
PRESTIGE,2025-04-24,325,325,False
PRESTIGE,2025-05-29,325,325,False
PRESTIGE,2025-06-26,325,325,False
PRESTIGE,2025-07-31,450,450,False
PRESTIGE,2025-08-28,450,450,False
PRESTIGE,2025-09-30,450,450,False
PRESTIGE,2025-10-28,450,450,False
PRESTIGE,2025-11-25,450,450,False
PRESTIGE,2025-12-30,450,450,False
PRESTIGE,2026-01-27,450,450,False
PRESTIGE,2026-02-24,450,450,False
PRESTIGE,2026-03-30,450,450,False
PRESTIGE,2026-04-28,450,450,False
PRESTIGE,2026-05-26,450,450,False
PRESTIGE,2026-06-30,450,450,False
PRESTIGE,2026-07-28,450,450,False
PRESTIGE,2026-08-25,450,450,False
PVR,2019-10-31,400,400,False
PVR,2019-11-28,400,400,False
PVR,2019-12-26,400,400,False
PVR,2020-01-30,400,400,False
PVR,2020-02-27,400,400,False
PVR,2020-03-26,400,400,False
PVR,2020-04-30,400,400,False
PVR,2020-05-28,400,400,False
PVR,2020-06-25,400,400,False
PVR,2020-07-30,400,407,True
PVR,2020-08-27,400,407,True
PVR,2020-09-24,400,407,True
PVR,2020-10-29,407,407,False
PVR,2020-11-26,407,407,False
PVR,2020-12-31,407,407,False
PVR,2021-01-28,407,407,False
PVR,2021-02-25,407,407,False
PVR,2021-03-25,407,407,False
PVR,2021-04-29,407,407,False
PVR,2021-05-27,407,407,False
PVR,2021-06-24,407,407,False
PVR,2021-07-29,407,407,False
PVR,2021-08-26,407,407,False
PVR,2021-09-30,407,407,False
PVR,2021-10-28,407,407,False
PVR,2021-11-25,407,407,False
PVR,2021-12-30,407,407,False
PVR,2022-01-27,407,407,False
PVR,2022-02-24,407,407,False
PVR,2022-03-31,407,407,False
PVR,2022-04-28,407,407,False
PVR,2022-05-26,407,407,False
PVR,2022-06-30,407,407,False
PVR,2022-07-28,407,407,False
PVR,2022-08-25,407,407,False
PVR,2022-09-29,407,407,False
PVR,2022-10-27,407,407,False
PVR,2022-11-24,407,407,False
PVR,2022-12-29,407,407,False
PVR,2023-01-25,407,407,False
PVR,2023-02-23,407,407,False
PVR,2023-03-29,407,407,False
PVR,2023-04-27,407,407,False
PVR,2023-05-25,407,407,False
PVR,2023-06-29,407,407,False
PVR,2023-07-27,407,407,False
PVRINOX,2023-05-25,407,407,False
PVRINOX,2023-06-28,407,407,False
PVRINOX,2023-07-27,407,407,False
PVRINOX,2023-08-31,407,407,False
PVRINOX,2023-09-28,407,407,False
PVRINOX,2023-10-26,407,407,False
PVRINOX,2023-11-30,407,407,False
PVRINOX,2023-12-28,407,407,False
PVRINOX,2024-01-25,407,407,False
PVRINOX,2024-02-29,407,407,False
PVRINOX,2024-03-28,407,407,False
PVRINOX,2024-04-25,407,407,False
PVRINOX,2024-05-30,407,407,False
PVRINOX,2024-06-27,407,407,False
PVRINOX,2024-07-25,407,407,False
PVRINOX,2024-08-29,407,407,False
PVRINOX,2024-09-26,407,407,False
PVRINOX,2024-10-31,407,407,False
PVRINOX,2024-11-28,407,407,False
PVRINOX,2024-12-26,407,407,False
PVRINOX,2025-01-30,407,407,False
PVRINOX,2025-02-27,407,407,False
RADICO,2026-06-30,150,150,False
RADICO,2026-07-28,150,150,False
RADICO,2026-08-25,150,150,False
RAIN,2022-01-27,2500,2500,False
RAIN,2022-02-24,2500,2500,False
RAIN,2022-03-31,2500,2500,False
RAIN,2022-04-28,2500,2500,False
RAIN,2022-05-26,2500,2500,False
RAIN,2022-06-30,2500,2500,False
RAIN,2022-07-28,3500,3500,False
RAIN,2022-08-25,3500,3500,False
RAIN,2022-09-29,3500,3500,False
RAIN,2022-10-27,3500,3500,False
RAIN,2022-11-24,3500,3500,False
RAIN,2022-12-29,3500,3500,False
RAIN,2023-01-25,3500,3500,False
RAIN,2023-02-23,3500,3500,False
RAIN,2023-03-29,3500,3500,False
RAIN,2023-04-27,3500,3500,False
RAIN,2023-05-25,3500,3500,False
RAIN,2023-06-28,3500,3500,False
RAMCOCEM,2019-10-31,800,800,False
RAMCOCEM,2019-11-28,800,800,False
RAMCOCEM,2019-12-26,800,800,False
RAMCOCEM,2020-01-30,800,800,False
RAMCOCEM,2020-02-27,800,800,False
RAMCOCEM,2020-03-26,800,800,False
RAMCOCEM,2020-04-30,800,800,False
RAMCOCEM,2020-05-28,800,800,False
RAMCOCEM,2020-06-25,800,800,False
RAMCOCEM,2020-07-30,850,850,False
RAMCOCEM,2020-08-27,850,850,False
RAMCOCEM,2020-09-24,850,850,False
RAMCOCEM,2020-10-29,850,850,False
RAMCOCEM,2020-11-26,850,850,False
RAMCOCEM,2020-12-31,850,850,False
RAMCOCEM,2021-01-28,850,850,False
RAMCOCEM,2021-02-25,850,850,False
RAMCOCEM,2021-03-25,850,850,False
RAMCOCEM,2021-04-29,850,850,False
RAMCOCEM,2021-05-27,850,850,False
RAMCOCEM,2021-06-24,850,850,False
RAMCOCEM,2021-07-29,850,850,False
RAMCOCEM,2021-08-26,850,850,False
RAMCOCEM,2021-09-30,850,850,False
RAMCOCEM,2021-10-28,850,850,False
RAMCOCEM,2021-11-25,850,850,False
RAMCOCEM,2021-12-30,850,850,False
RAMCOCEM,2022-01-27,850,850,False
RAMCOCEM,2022-02-24,850,850,False
RAMCOCEM,2022-03-31,850,850,False
RAMCOCEM,2022-04-28,850,850,False
RAMCOCEM,2022-05-26,850,850,False
RAMCOCEM,2022-06-30,850,850,False
RAMCOCEM,2022-07-28,850,850,False
RAMCOCEM,2022-08-25,850,850,False
RAMCOCEM,2022-09-29,850,850,False
RAMCOCEM,2022-10-27,850,850,False
RAMCOCEM,2022-11-24,850,850,False
RAMCOCEM,2022-12-29,850,850,False
RAMCOCEM,2023-01-25,850,850,False
RAMCOCEM,2023-02-23,850,850,False
RAMCOCEM,2023-03-29,850,850,False
RAMCOCEM,2023-04-27,850,850,False
RAMCOCEM,2023-05-25,850,850,False
RAMCOCEM,2023-06-28,850,850,False
RAMCOCEM,2023-07-27,850,850,False
RAMCOCEM,2023-08-31,850,850,False
RAMCOCEM,2023-09-28,850,850,False
RAMCOCEM,2023-10-26,850,850,False
RAMCOCEM,2023-11-30,850,850,False
RAMCOCEM,2023-12-28,850,850,False
RAMCOCEM,2024-01-25,850,850,False
RAMCOCEM,2024-02-29,850,850,False
RAMCOCEM,2024-03-28,850,850,False
RAMCOCEM,2024-04-25,850,850,False
RAMCOCEM,2024-05-30,850,850,False
RAMCOCEM,2024-06-27,850,850,False
RAMCOCEM,2024-07-25,850,850,False
RAMCOCEM,2024-08-29,850,850,False
RAMCOCEM,2024-09-26,850,850,False
RAMCOCEM,2024-10-31,850,850,False
RAMCOCEM,2024-11-28,850,850,False
RAMCOCEM,2024-12-26,850,850,False
RAMCOCEM,2025-01-30,850,850,False
RAMCOCEM,2025-02-27,850,850,False
RAMCOCEM,2025-03-27,850,850,False
RAMCOCEM,2025-04-24,850,850,False
RAMCOCEM,2025-05-29,850,850,False
RBLBANK,2019-10-31,1200,1200,False
RBLBANK,2019-11-28,1200,1200,False
RBLBANK,2019-12-26,1200,1200,False
RBLBANK,2020-01-30,1500,1500,False
RBLBANK,2020-02-27,1500,1500,False
RBLBANK,2020-03-26,1500,1500,False
RBLBANK,2020-04-30,1500,1500,False
RBLBANK,2020-05-28,1500,1500,False
RBLBANK,2020-06-25,1500,1500,False
RBLBANK,2020-07-30,2600,2600,False
RBLBANK,2020-08-27,2600,2600,False
RBLBANK,2020-09-24,2600,2600,False
RBLBANK,2020-10-29,2600,2600,False
RBLBANK,2020-11-26,2600,2600,False
RBLBANK,2020-12-31,2600,2600,False
RBLBANK,2021-01-28,2900,2900,False
RBLBANK,2021-02-25,2900,2900,False
RBLBANK,2021-03-25,2900,2900,False
RBLBANK,2021-04-29,2900,2900,False
RBLBANK,2021-05-27,2900,2900,False
RBLBANK,2021-06-24,2900,2900,False
RBLBANK,2021-07-29,2900,2900,False
RBLBANK,2021-08-26,2900,2900,False
RBLBANK,2021-09-30,2900,2900,False
RBLBANK,2021-10-28,2900,2900,False
RBLBANK,2021-11-25,2900,2900,False
RBLBANK,2021-12-30,2900,2900,False
RBLBANK,2022-01-27,2900,2900,False
RBLBANK,2022-02-24,2900,2900,False
RBLBANK,2022-03-31,2900,2900,False
RBLBANK,2022-04-28,2900,2900,False
RBLBANK,2022-05-26,2900,2900,False
RBLBANK,2022-06-30,2900,2900,False
RBLBANK,2022-07-28,5000,5000,False
RBLBANK,2022-08-25,5000,5000,False
RBLBANK,2022-09-29,5000,5000,False
RBLBANK,2022-10-27,5000,5000,False
RBLBANK,2022-11-24,5000,5000,False
RBLBANK,2022-12-29,5000,5000,False
RBLBANK,2023-01-25,5000,5000,False
RBLBANK,2023-02-23,5000,5000,False
RBLBANK,2023-03-29,5000,5000,False
RBLBANK,2023-04-27,5000,5000,False
RBLBANK,2023-05-25,5000,5000,False
RBLBANK,2023-06-28,5000,5000,False
RBLBANK,2023-07-27,5000,5000,False
RBLBANK,2023-08-31,5000,5000,False
RBLBANK,2023-09-28,5000,5000,False
RBLBANK,2023-10-26,5000,5000,False
RBLBANK,2023-11-30,5000,2500,True
RBLBANK,2023-12-28,5000,2500,True
RBLBANK,2024-01-25,2500,2500,False
RBLBANK,2024-02-29,2500,2500,False
RBLBANK,2024-03-28,2500,2500,False
RBLBANK,2024-04-25,2500,2500,False
RBLBANK,2024-05-30,2500,2500,False
RBLBANK,2024-06-27,2500,2500,False
RBLBANK,2024-07-25,2500,2500,False
RBLBANK,2024-08-29,2500,2500,False
RBLBANK,2024-09-26,2500,2500,False
RBLBANK,2024-10-31,2500,2500,False
RBLBANK,2024-11-28,2500,2500,False
RBLBANK,2024-12-26,2500,2500,False
RBLBANK,2025-01-30,2500,2500,False
RBLBANK,2025-02-27,2500,2500,False
RBLBANK,2025-03-27,2500,2500,False
RBLBANK,2025-04-24,2500,2500,False
RBLBANK,2025-05-29,2500,2500,False
RBLBANK,2025-06-26,2500,2500,False
RBLBANK,2025-07-31,3175,3175,False
RBLBANK,2025-08-28,3175,3175,False
RBLBANK,2025-09-30,3175,3175,False
RBLBANK,2025-10-28,3175,3175,False
RBLBANK,2025-11-25,3175,3175,False
RBLBANK,2025-12-30,3175,3175,False
RBLBANK,2026-01-27,3175,3175,False
RBLBANK,2026-02-24,3175,3175,False
RBLBANK,2026-03-30,3175,3175,False
RBLBANK,2026-04-28,3175,3175,False
RBLBANK,2026-05-26,3175,3175,False
RBLBANK,2026-06-30,3175,3175,False
RBLBANK,2026-07-28,3175,3175,False
RBLBANK,2026-08-25,3175,3175,False
RECLTD,2019-10-31,6000,6000,False
RECLTD,2019-11-28,6000,6000,False
RECLTD,2019-12-26,6000,6000,False
RECLTD,2020-01-30,6000,6000,False
RECLTD,2020-02-27,6000,6000,False
RECLTD,2020-03-26,6000,6000,False
RECLTD,2020-04-30,6000,6000,False
RECLTD,2020-05-28,6000,6000,False
RECLTD,2020-06-25,6000,6000,False
RECLTD,2020-07-30,6000,6000,False
RECLTD,2020-08-27,6000,6000,False
RECLTD,2020-09-24,6000,6000,False
RECLTD,2020-10-29,6000,6000,False
RECLTD,2020-11-26,6000,6000,False
RECLTD,2020-12-31,6000,6000,False
RECLTD,2021-01-28,6000,6000,False
RECLTD,2021-02-25,6000,6000,False
RECLTD,2021-03-25,6000,6000,False
RECLTD,2021-04-29,6000,6000,False
RECLTD,2021-05-27,6000,6000,False
RECLTD,2021-06-24,6000,6000,False
RECLTD,2021-07-29,6000,6000,False
RECLTD,2021-08-26,6000,6000,False
RECLTD,2021-09-30,6000,6000,False
RECLTD,2021-10-28,6000,6000,False
RECLTD,2021-11-25,6000,6000,False
RECLTD,2021-12-30,6000,6000,False
RECLTD,2022-01-27,6000,6000,False
RECLTD,2022-02-24,6000,6000,False
RECLTD,2022-03-31,6000,6000,False
RECLTD,2022-04-28,6000,6000,False
RECLTD,2022-05-26,6000,6000,False
RECLTD,2022-06-30,6000,6000,False
RECLTD,2022-07-28,6000,6000,False
RECLTD,2022-08-25,6000,8000,True
RECLTD,2022-09-29,6000,8000,True
RECLTD,2022-10-27,6000,8000,True
RECLTD,2022-11-24,8000,8000,False
RECLTD,2022-12-29,8000,8000,False
RECLTD,2023-01-25,8000,8000,False
RECLTD,2023-02-23,8000,8000,False
RECLTD,2023-03-29,8000,8000,False
RECLTD,2023-04-27,8000,8000,False
RECLTD,2023-05-25,8000,8000,False
RECLTD,2023-06-28,8000,8000,False
RECLTD,2023-07-27,8000,8000,False
RECLTD,2023-08-31,8000,8000,False
RECLTD,2023-09-28,8000,8000,False
RECLTD,2023-10-26,8000,8000,False
RECLTD,2023-11-30,8000,2000,True
RECLTD,2023-12-28,8000,2000,True
RECLTD,2024-01-25,2000,2000,False
RECLTD,2024-02-29,2000,2000,False
RECLTD,2024-03-28,2000,2000,False
RECLTD,2024-04-25,2000,2000,False
RECLTD,2024-05-30,2000,2000,False
RECLTD,2024-06-27,2000,2000,False
RECLTD,2024-07-25,2000,2000,False
RECLTD,2024-08-29,2000,2000,False
RECLTD,2024-09-26,2000,2000,False
RECLTD,2024-10-31,2000,2000,False
RECLTD,2024-11-28,2000,1000,True
RECLTD,2024-12-26,2000,1000,True
RECLTD,2025-01-30,1000,1000,False
RECLTD,2025-02-27,1000,1000,False
RECLTD,2025-03-27,1000,1000,False
RECLTD,2025-04-24,1000,1000,False
RECLTD,2025-05-29,1000,1000,False
RECLTD,2025-06-26,1000,1000,False
RECLTD,2025-07-31,1275,1275,False
RECLTD,2025-08-28,1275,1275,False
RECLTD,2025-09-30,1275,1275,False
RECLTD,2025-10-28,1275,1275,False
RECLTD,2025-11-25,1275,1275,False
RECLTD,2025-12-30,1275,1275,False
RECLTD,2026-01-27,1400,1400,False
RECLTD,2026-02-24,1400,1400,False
RECLTD,2026-03-30,1400,1400,False
RECLTD,2026-04-28,1400,1400,False
RECLTD,2026-05-26,1400,1400,False
RECLTD,2026-06-30,1400,1400,False
RECLTD,2026-07-28,1575,1575,False
RECLTD,2026-08-25,1575,1575,False
RELIANCE,2019-10-31,500,500,False
RELIANCE,2019-11-28,500,500,False
RELIANCE,2019-12-26,500,500,False
RELIANCE,2020-01-30,500,500,False
RELIANCE,2020-02-27,500,500,False
RELIANCE,2020-03-26,500,500,False
RELIANCE,2020-04-30,500,500,False
RELIANCE,2020-05-28,500,505,True
RELIANCE,2020-06-25,500,505,True
RELIANCE,2020-07-30,500,505,True
RELIANCE,2020-08-27,505,505,False
RELIANCE,2020-09-24,505,505,False
RELIANCE,2020-10-29,505,505,False
RELIANCE,2020-11-26,505,505,False
RELIANCE,2020-12-31,505,505,False
RELIANCE,2021-01-28,250,250,False
RELIANCE,2021-02-25,250,250,False
RELIANCE,2021-03-25,250,250,False
RELIANCE,2021-04-29,250,250,False
RELIANCE,2021-05-27,250,250,False
RELIANCE,2021-06-24,250,250,False
RELIANCE,2021-07-29,250,250,False
RELIANCE,2021-08-26,250,250,False
RELIANCE,2021-09-30,250,250,False
RELIANCE,2021-10-28,250,250,False
RELIANCE,2021-11-25,250,250,False
RELIANCE,2021-12-30,250,250,False
RELIANCE,2022-01-27,250,250,False
RELIANCE,2022-02-24,250,250,False
RELIANCE,2022-03-31,250,250,False
RELIANCE,2022-04-28,250,250,False
RELIANCE,2022-05-26,250,250,False
RELIANCE,2022-06-30,250,250,False
RELIANCE,2022-07-28,250,250,False
RELIANCE,2022-08-25,250,250,False
RELIANCE,2022-09-29,250,250,False
RELIANCE,2022-10-27,250,250,False
RELIANCE,2022-11-24,250,250,False
RELIANCE,2022-12-29,250,250,False
RELIANCE,2023-01-25,250,250,False
RELIANCE,2023-02-23,250,250,False
RELIANCE,2023-03-29,250,250,False
RELIANCE,2023-04-27,250,250,False
RELIANCE,2023-05-25,250,250,False
RELIANCE,2023-06-28,250,250,False
RELIANCE,2023-07-27,250,250,False
RELIANCE,2023-08-31,250,250,False
RELIANCE,2023-09-28,250,250,False
RELIANCE,2023-10-26,250,250,False
RELIANCE,2023-11-30,250,250,False
RELIANCE,2023-12-28,250,250,False
RELIANCE,2024-01-25,250,250,False
RELIANCE,2024-02-29,250,250,False
RELIANCE,2024-03-28,250,250,False
RELIANCE,2024-04-25,250,250,False
RELIANCE,2024-05-30,250,250,False
RELIANCE,2024-06-27,250,250,False
RELIANCE,2024-07-25,250,250,False
RELIANCE,2024-08-29,250,250,False
RELIANCE,2024-09-26,250,250,False
RELIANCE,2024-10-31,250,500,True
RELIANCE,2024-11-28,250,500,True
RELIANCE,2024-12-26,250,500,True
RELIANCE,2025-01-30,500,500,False
RELIANCE,2025-02-27,500,500,False
RELIANCE,2025-03-27,500,500,False
RELIANCE,2025-04-24,500,500,False
RELIANCE,2025-05-29,500,500,False
RELIANCE,2025-06-26,500,500,False
RELIANCE,2025-07-31,500,500,False
RELIANCE,2025-08-28,500,500,False
RELIANCE,2025-09-30,500,500,False
RELIANCE,2025-10-28,500,500,False
RELIANCE,2025-11-25,500,500,False
RELIANCE,2025-12-30,500,500,False
RELIANCE,2026-01-27,500,500,False
RELIANCE,2026-02-24,500,500,False
RELIANCE,2026-03-30,500,500,False
RELIANCE,2026-04-28,500,500,False
RELIANCE,2026-05-26,500,500,False
RELIANCE,2026-06-30,500,500,False
RELIANCE,2026-07-28,500,500,False
RELIANCE,2026-08-25,500,500,False
RVNL,2025-06-26,1375,1375,False
RVNL,2025-07-31,1375,1375,False
RVNL,2025-08-28,1375,1375,False
RVNL,2025-09-30,1375,1375,False
RVNL,2025-10-28,1375,1375,False
RVNL,2025-11-25,1375,1375,False
RVNL,2025-12-30,1375,1375,False
RVNL,2026-01-27,1525,1525,False
RVNL,2026-02-24,1525,1525,False
RVNL,2026-03-30,1525,1525,False
RVNL,2026-04-28,1525,1525,False
RVNL,2026-05-26,1525,1525,False
RVNL,2026-06-30,1525,1525,False
RVNL,2026-07-28,1925,1925,False
RVNL,2026-08-25,1925,1925,False
SAIL,2019-10-31,12000,12000,False
SAIL,2019-11-28,12000,12000,False
SAIL,2019-12-26,12000,12000,False
SAIL,2020-01-30,15700,15700,False
SAIL,2020-02-27,15700,15700,False
SAIL,2020-03-26,15700,15700,False
SAIL,2020-04-30,15700,15700,False
SAIL,2020-05-28,15700,15700,False
SAIL,2020-06-25,15700,15700,False
SAIL,2020-07-30,19000,19000,False
SAIL,2020-08-27,19000,19000,False
SAIL,2020-09-24,19000,19000,False
SAIL,2020-10-29,19000,19000,False
SAIL,2020-11-26,19000,19000,False
SAIL,2020-12-31,19000,19000,False
SAIL,2021-01-28,19000,19000,False
SAIL,2021-02-25,19000,19000,False
SAIL,2021-03-25,19000,19000,False
SAIL,2021-04-29,19000,19000,False
SAIL,2021-05-27,19000,9500,True
SAIL,2021-06-24,19000,9500,True
SAIL,2021-07-29,9500,9500,False
SAIL,2021-08-26,9500,9500,False
SAIL,2021-09-30,9500,9500,False
SAIL,2021-10-28,9500,9500,False
SAIL,2021-11-25,9500,4750,True
SAIL,2021-12-30,9500,4750,True
SAIL,2022-01-27,4750,4750,False
SAIL,2022-02-24,4750,4750,False
SAIL,2022-03-31,4750,4750,False
SAIL,2022-04-28,4750,4750,False
SAIL,2022-05-26,4750,4750,False
SAIL,2022-06-30,4750,4750,False
SAIL,2022-07-28,6000,6000,False
SAIL,2022-08-25,6000,6000,False
SAIL,2022-09-29,6000,6000,False
SAIL,2022-10-27,6000,6000,False
SAIL,2022-11-24,6000,6000,False
SAIL,2022-12-29,6000,6000,False
SAIL,2023-01-25,8000,8000,False
SAIL,2023-02-23,8000,8000,False
SAIL,2023-03-29,8000,8000,False
SAIL,2023-04-27,8000,8000,False
SAIL,2023-05-25,8000,8000,False
SAIL,2023-06-28,8000,8000,False
SAIL,2023-07-27,8000,8000,False
SAIL,2023-08-31,8000,8000,False
SAIL,2023-09-28,8000,8000,False
SAIL,2023-10-26,8000,8000,False
SAIL,2023-11-30,8000,8000,False
SAIL,2023-12-28,8000,8000,False
SAIL,2024-01-25,8000,8000,False
SAIL,2024-02-29,8000,8000,False
SAIL,2024-03-28,8000,8000,False
SAIL,2024-04-25,8000,8000,False
SAIL,2024-05-30,8000,4000,True
SAIL,2024-06-27,8000,4000,True
SAIL,2024-07-25,4000,4000,False
SAIL,2024-08-29,4000,4000,False
SAIL,2024-09-26,4000,4000,False
SAIL,2024-10-31,4000,4000,False
SAIL,2024-11-28,4000,4000,False
SAIL,2024-12-26,4000,4000,False
SAIL,2025-01-30,4000,4000,False
SAIL,2025-02-27,4000,4000,False
SAIL,2025-03-27,4000,4000,False
SAIL,2025-04-24,4000,4000,False
SAIL,2025-05-29,4000,4000,False
SAIL,2025-06-26,4000,4000,False
SAIL,2025-07-31,4700,4700,False
SAIL,2025-08-28,4700,4700,False
SAIL,2025-09-30,4700,4700,False
SAIL,2025-10-28,4700,4700,False
SAIL,2025-11-25,4700,4700,False
SAIL,2025-12-30,4700,4700,False
SAIL,2026-01-27,4700,4700,False
SAIL,2026-02-24,4700,4700,False
SAIL,2026-03-30,4700,4700,False
SAIL,2026-04-28,4700,4700,False
SAIL,2026-05-26,4700,4700,False
SAIL,2026-06-30,4700,4700,False
SAIL,2026-07-28,4700,4700,False
SAIL,2026-08-25,4700,4700,False
SAMMAANCAP,2025-09-30,4300,4300,False
SAMMAANCAP,2025-10-28,4300,4300,False
SAMMAANCAP,2025-11-25,4300,4300,False
SAMMAANCAP,2025-12-30,4300,4300,False
SAMMAANCAP,2026-01-27,4300,4300,False
SAMMAANCAP,2026-02-24,4300,4300,False
SAMMAANCAP,2026-03-30,4300,4300,False
SAMMAANCAP,2026-04-28,4300,4300,False
SAMMAANCAP,2026-05-26,4300,4300,False
SAMMAANCAP,2026-06-30,4300,4300,False
SBICARD,2021-11-25,500,500,False
SBICARD,2021-12-30,500,500,False
SBICARD,2022-01-27,500,500,False
SBICARD,2022-02-24,500,500,False
SBICARD,2022-03-31,500,500,False
SBICARD,2022-04-28,500,500,False
SBICARD,2022-05-26,500,500,False
SBICARD,2022-06-30,500,500,False
SBICARD,2022-07-28,800,800,False
SBICARD,2022-08-25,800,800,False
SBICARD,2022-09-29,800,800,False
SBICARD,2022-10-27,800,800,False
SBICARD,2022-11-24,800,800,False
SBICARD,2022-12-29,800,800,False
SBICARD,2023-01-25,800,800,False
SBICARD,2023-02-23,800,800,False
SBICARD,2023-03-29,800,800,False
SBICARD,2023-04-27,800,800,False
SBICARD,2023-05-25,800,800,False
SBICARD,2023-06-28,800,800,False
SBICARD,2023-07-27,800,800,False
SBICARD,2023-08-31,800,800,False
SBICARD,2023-09-28,800,800,False
SBICARD,2023-10-26,800,800,False
SBICARD,2023-11-30,800,800,False
SBICARD,2023-12-28,800,800,False
SBICARD,2024-01-25,800,800,False
SBICARD,2024-02-29,800,800,False
SBICARD,2024-03-28,800,800,False
SBICARD,2024-04-25,800,800,False
SBICARD,2024-05-30,800,800,False
SBICARD,2024-06-27,800,800,False
SBICARD,2024-07-25,800,800,False
SBICARD,2024-08-29,800,800,False
SBICARD,2024-09-26,800,800,False
SBICARD,2024-10-31,800,800,False
SBICARD,2024-11-28,800,800,False
SBICARD,2024-12-26,800,800,False
SBICARD,2025-01-30,800,800,False
SBICARD,2025-02-27,800,800,False
SBICARD,2025-03-27,800,800,False
SBICARD,2025-04-24,800,800,False
SBICARD,2025-05-29,800,800,False
SBICARD,2025-06-26,800,800,False
SBICARD,2025-07-31,800,800,False
SBICARD,2025-08-28,800,800,False
SBICARD,2025-09-30,800,800,False
SBICARD,2025-10-28,800,800,False
SBICARD,2025-11-25,800,800,False
SBICARD,2025-12-30,800,800,False
SBICARD,2026-01-27,800,800,False
SBICARD,2026-02-24,800,800,False
SBICARD,2026-03-30,800,800,False
SBICARD,2026-04-28,800,800,False
SBICARD,2026-05-26,800,800,False
SBICARD,2026-06-30,800,800,False
SBICARD,2026-07-28,800,800,False
SBICARD,2026-08-25,800,800,False
SBILIFE,2020-05-28,750,750,False
SBILIFE,2020-06-25,750,750,False
SBILIFE,2020-07-30,750,750,False
SBILIFE,2020-08-27,750,750,False
SBILIFE,2020-09-24,750,750,False
SBILIFE,2020-10-29,750,750,False
SBILIFE,2020-11-26,750,750,False
SBILIFE,2020-12-31,750,750,False
SBILIFE,2021-01-28,750,750,False
SBILIFE,2021-02-25,750,750,False
SBILIFE,2021-03-25,750,750,False
SBILIFE,2021-04-29,750,750,False
SBILIFE,2021-05-27,750,750,False
SBILIFE,2021-06-24,750,750,False
SBILIFE,2021-07-29,750,750,False
SBILIFE,2021-08-26,750,750,False
SBILIFE,2021-09-30,750,750,False
SBILIFE,2021-10-28,750,750,False
SBILIFE,2021-11-25,750,750,False
SBILIFE,2021-12-30,750,750,False
SBILIFE,2022-01-27,750,750,False
SBILIFE,2022-02-24,750,750,False
SBILIFE,2022-03-31,750,750,False
SBILIFE,2022-04-28,750,750,False
SBILIFE,2022-05-26,750,750,False
SBILIFE,2022-06-30,750,750,False
SBILIFE,2022-07-28,750,750,False
SBILIFE,2022-08-25,750,750,False
SBILIFE,2022-09-29,750,750,False
SBILIFE,2022-10-27,750,750,False
SBILIFE,2022-11-24,750,750,False
SBILIFE,2022-12-29,750,750,False
SBILIFE,2023-01-25,750,750,False
SBILIFE,2023-02-23,750,750,False
SBILIFE,2023-03-29,750,750,False
SBILIFE,2023-04-27,750,750,False
SBILIFE,2023-05-25,750,750,False
SBILIFE,2023-06-28,750,750,False
SBILIFE,2023-07-27,750,750,False
SBILIFE,2023-08-31,750,750,False
SBILIFE,2023-09-28,750,750,False
SBILIFE,2023-10-26,750,750,False
SBILIFE,2023-11-30,750,750,False
SBILIFE,2023-12-28,750,750,False
SBILIFE,2024-01-25,750,750,False
SBILIFE,2024-02-29,750,750,False
SBILIFE,2024-03-28,750,750,False
SBILIFE,2024-04-25,750,750,False
SBILIFE,2024-05-30,750,375,True
SBILIFE,2024-06-27,750,375,True
SBILIFE,2024-07-25,375,375,False
SBILIFE,2024-08-29,375,375,False
SBILIFE,2024-09-26,375,375,False
SBILIFE,2024-10-31,375,375,False
SBILIFE,2024-11-28,375,375,False
SBILIFE,2024-12-26,375,375,False
SBILIFE,2025-01-30,375,375,False
SBILIFE,2025-02-27,375,375,False
SBILIFE,2025-03-27,375,375,False
SBILIFE,2025-04-24,375,375,False
SBILIFE,2025-05-29,375,375,False
SBILIFE,2025-06-26,375,375,False
SBILIFE,2025-07-31,375,375,False
SBILIFE,2025-08-28,375,375,False
SBILIFE,2025-09-30,375,375,False
SBILIFE,2025-10-28,375,375,False
SBILIFE,2025-11-25,375,375,False
SBILIFE,2025-12-30,375,375,False
SBILIFE,2026-01-27,375,375,False
SBILIFE,2026-02-24,375,375,False
SBILIFE,2026-03-30,375,375,False
SBILIFE,2026-04-28,375,375,False
SBILIFE,2026-05-26,375,375,False
SBILIFE,2026-06-30,375,375,False
SBILIFE,2026-07-28,375,375,False
SBILIFE,2026-08-25,375,375,False
SBIN,2019-10-31,3000,3000,False
SBIN,2019-11-28,3000,3000,False
SBIN,2019-12-26,3000,3000,False
SBIN,2020-01-30,3000,3000,False
SBIN,2020-02-27,3000,3000,False
SBIN,2020-03-26,3000,3000,False
SBIN,2020-04-30,3000,3000,False
SBIN,2020-05-28,3000,3000,False
SBIN,2020-06-25,3000,3000,False
SBIN,2020-07-30,3000,3000,False
SBIN,2020-08-27,3000,3000,False
SBIN,2020-09-24,3000,3000,False
SBIN,2020-10-29,3000,3000,False
SBIN,2020-11-26,3000,3000,False
SBIN,2020-12-31,3000,3000,False
SBIN,2021-01-28,3000,3000,False
SBIN,2021-02-25,3000,3000,False
SBIN,2021-03-25,3000,3000,False
SBIN,2021-04-29,3000,3000,False
SBIN,2021-05-27,3000,1500,True
SBIN,2021-06-24,3000,1500,True
SBIN,2021-07-29,1500,1500,False
SBIN,2021-08-26,1500,1500,False
SBIN,2021-09-30,1500,1500,False
SBIN,2021-10-28,1500,1500,False
SBIN,2021-11-25,1500,1500,False
SBIN,2021-12-30,1500,1500,False
SBIN,2022-01-27,1500,1500,False
SBIN,2022-02-24,1500,1500,False
SBIN,2022-03-31,1500,1500,False
SBIN,2022-04-28,1500,1500,False
SBIN,2022-05-26,1500,1500,False
SBIN,2022-06-30,1500,1500,False
SBIN,2022-07-28,1500,1500,False
SBIN,2022-08-25,1500,1500,False
SBIN,2022-09-29,1500,1500,False
SBIN,2022-10-27,1500,1500,False
SBIN,2022-11-24,1500,1500,False
SBIN,2022-12-29,1500,1500,False
SBIN,2023-01-25,1500,1500,False
SBIN,2023-02-23,1500,1500,False
SBIN,2023-03-29,1500,1500,False
SBIN,2023-04-27,1500,1500,False
SBIN,2023-05-25,1500,1500,False
SBIN,2023-06-28,1500,1500,False
SBIN,2023-07-27,1500,1500,False
SBIN,2023-08-31,1500,1500,False
SBIN,2023-09-28,1500,1500,False
SBIN,2023-10-26,1500,1500,False
SBIN,2023-11-30,1500,1500,False
SBIN,2023-12-28,1500,1500,False
SBIN,2024-01-25,1500,1500,False
SBIN,2024-02-29,1500,1500,False
SBIN,2024-03-28,1500,1500,False
SBIN,2024-04-25,1500,1500,False
SBIN,2024-05-30,1500,750,True
SBIN,2024-06-27,1500,750,True
SBIN,2024-07-25,750,750,False
SBIN,2024-08-29,750,750,False
SBIN,2024-09-26,750,750,False
SBIN,2024-10-31,750,750,False
SBIN,2024-11-28,750,750,False
SBIN,2024-12-26,750,750,False
SBIN,2025-01-30,750,750,False
SBIN,2025-02-27,750,750,False
SBIN,2025-03-27,750,750,False
SBIN,2025-04-24,750,750,False
SBIN,2025-05-29,750,750,False
SBIN,2025-06-26,750,750,False
SBIN,2025-07-31,750,750,False
SBIN,2025-08-28,750,750,False
SBIN,2025-09-30,750,750,False
SBIN,2025-10-28,750,750,False
SBIN,2025-11-25,750,750,False
SBIN,2025-12-30,750,750,False
SBIN,2026-01-27,750,750,False
SBIN,2026-02-24,750,750,False
SBIN,2026-03-30,750,750,False
SBIN,2026-04-28,750,750,False
SBIN,2026-05-26,750,750,False
SBIN,2026-06-30,750,750,False
SBIN,2026-07-28,750,750,False
SBIN,2026-08-25,750,750,False
SHREECEM,2019-10-31,50,50,False
SHREECEM,2019-11-28,50,50,False
SHREECEM,2019-12-26,50,50,False
SHREECEM,2020-01-30,50,50,False
SHREECEM,2020-02-27,50,50,False
SHREECEM,2020-03-26,50,50,False
SHREECEM,2020-04-30,50,50,False
SHREECEM,2020-05-28,50,50,False
SHREECEM,2020-06-25,50,50,False
SHREECEM,2020-07-30,50,50,False
SHREECEM,2020-08-27,50,50,False
SHREECEM,2020-09-24,50,50,False
SHREECEM,2020-10-29,50,50,False
SHREECEM,2020-11-26,50,50,False
SHREECEM,2020-12-31,50,50,False
SHREECEM,2021-01-28,50,50,False
SHREECEM,2021-02-25,50,50,False
SHREECEM,2021-03-25,50,50,False
SHREECEM,2021-04-29,50,50,False
SHREECEM,2021-05-27,50,25,True
SHREECEM,2021-06-24,50,25,True
SHREECEM,2021-07-29,25,25,False
SHREECEM,2021-08-26,25,25,False
SHREECEM,2021-09-30,25,25,False
SHREECEM,2021-10-28,25,25,False
SHREECEM,2021-11-25,25,25,False
SHREECEM,2021-12-30,25,25,False
SHREECEM,2022-01-27,25,25,False
SHREECEM,2022-02-24,25,25,False
SHREECEM,2022-03-31,25,25,False
SHREECEM,2022-04-28,25,25,False
SHREECEM,2022-05-26,25,25,False
SHREECEM,2022-06-30,25,25,False
SHREECEM,2022-07-28,25,25,False
SHREECEM,2022-08-25,25,25,False
SHREECEM,2022-09-29,25,25,False
SHREECEM,2022-10-27,25,25,False
SHREECEM,2022-11-24,25,25,False
SHREECEM,2022-12-29,25,25,False
SHREECEM,2023-01-25,25,25,False
SHREECEM,2023-02-23,25,25,False
SHREECEM,2023-03-29,25,25,False
SHREECEM,2023-04-27,25,25,False
SHREECEM,2023-05-25,25,25,False
SHREECEM,2023-06-28,25,25,False
SHREECEM,2023-07-27,25,25,False
SHREECEM,2023-08-31,25,25,False
SHREECEM,2023-09-28,25,25,False
SHREECEM,2023-10-26,25,25,False
SHREECEM,2023-11-30,25,25,False
SHREECEM,2023-12-28,25,25,False
SHREECEM,2024-01-25,25,25,False
SHREECEM,2024-02-29,25,25,False
SHREECEM,2024-03-28,25,25,False
SHREECEM,2024-04-25,25,25,False
SHREECEM,2024-05-30,25,25,False
SHREECEM,2024-06-27,25,25,False
SHREECEM,2024-07-25,25,25,False
SHREECEM,2024-08-29,25,25,False
SHREECEM,2024-09-26,25,25,False
SHREECEM,2024-10-31,25,25,False
SHREECEM,2024-11-28,25,25,False
SHREECEM,2024-12-26,25,25,False
SHREECEM,2025-01-30,25,25,False
SHREECEM,2025-02-27,25,25,False
SHREECEM,2025-03-27,25,25,False
SHREECEM,2025-04-24,25,25,False
SHREECEM,2025-05-29,25,25,False
SHREECEM,2025-06-26,25,25,False
SHREECEM,2025-07-31,25,25,False
SHREECEM,2025-08-28,25,25,False
SHREECEM,2025-09-30,25,25,False
SHREECEM,2025-10-28,25,25,False
SHREECEM,2025-11-25,25,25,False
SHREECEM,2025-12-30,25,25,False
SHREECEM,2026-01-27,25,25,False
SHREECEM,2026-02-24,25,25,False
SHREECEM,2026-03-30,25,25,False
SHREECEM,2026-04-28,25,25,False
SHREECEM,2026-05-26,25,25,False
SHREECEM,2026-06-30,25,25,False
SHREECEM,2026-07-28,25,25,False
SHREECEM,2026-08-25,25,25,False
SHRIRAMFIN,2022-12-29,600,600,False
SHRIRAMFIN,2023-01-25,600,600,False
SHRIRAMFIN,2023-02-23,600,600,False
SHRIRAMFIN,2023-03-29,600,600,False
SHRIRAMFIN,2023-04-27,600,600,False
SHRIRAMFIN,2023-05-25,600,600,False
SHRIRAMFIN,2023-06-28,600,600,False
SHRIRAMFIN,2023-07-27,600,600,False
SHRIRAMFIN,2023-08-31,600,600,False
SHRIRAMFIN,2023-09-28,600,600,False
SHRIRAMFIN,2023-10-26,600,600,False
SHRIRAMFIN,2023-11-30,600,300,True
SHRIRAMFIN,2023-12-28,600,300,True
SHRIRAMFIN,2024-01-25,300,300,False
SHRIRAMFIN,2024-02-29,300,300,False
SHRIRAMFIN,2024-03-28,300,300,False
SHRIRAMFIN,2024-04-25,300,300,False
SHRIRAMFIN,2024-05-30,300,300,False
SHRIRAMFIN,2024-06-27,300,300,False
SHRIRAMFIN,2024-07-25,300,300,False
SHRIRAMFIN,2024-08-29,300,300,False
SHRIRAMFIN,2024-09-26,300,300,False
SHRIRAMFIN,2024-10-31,300,300,False
SHRIRAMFIN,2024-11-28,300,150,True
SHRIRAMFIN,2024-12-26,300,150,True
SHRIRAMFIN,2025-01-30,150,750,True
SHRIRAMFIN,2025-02-27,150,750,True
SHRIRAMFIN,2025-03-27,150,750,True
SHRIRAMFIN,2025-04-24,750,750,False
SHRIRAMFIN,2025-05-29,750,750,False
SHRIRAMFIN,2025-06-26,750,750,False
SHRIRAMFIN,2025-07-31,825,825,False
SHRIRAMFIN,2025-08-28,825,825,False
SHRIRAMFIN,2025-09-30,825,825,False
SHRIRAMFIN,2025-10-28,825,825,False
SHRIRAMFIN,2025-11-25,825,825,False
SHRIRAMFIN,2025-12-30,825,825,False
SHRIRAMFIN,2026-01-27,825,825,False
SHRIRAMFIN,2026-02-24,825,825,False
SHRIRAMFIN,2026-03-30,825,825,False
SHRIRAMFIN,2026-04-28,825,825,False
SHRIRAMFIN,2026-05-26,825,825,False
SHRIRAMFIN,2026-06-30,825,825,False
SHRIRAMFIN,2026-07-28,825,825,False
SHRIRAMFIN,2026-08-25,825,825,False
SIEMENS,2019-10-31,550,550,False
SIEMENS,2019-11-28,550,550,False
SIEMENS,2019-12-26,550,550,False
SIEMENS,2020-01-30,550,550,False
SIEMENS,2020-02-27,550,550,False
SIEMENS,2020-03-26,550,550,False
SIEMENS,2020-04-30,550,550,False
SIEMENS,2020-05-28,550,550,False
SIEMENS,2020-06-25,550,550,False
SIEMENS,2020-07-30,550,550,False
SIEMENS,2020-08-27,550,550,False
SIEMENS,2020-09-24,550,550,False
SIEMENS,2020-10-29,550,550,False
SIEMENS,2020-11-26,550,550,False
SIEMENS,2020-12-31,550,550,False
SIEMENS,2021-01-28,550,550,False
SIEMENS,2021-02-25,550,550,False
SIEMENS,2021-03-25,550,550,False
SIEMENS,2021-04-29,550,550,False
SIEMENS,2021-05-27,550,275,True
SIEMENS,2021-06-24,550,275,True
SIEMENS,2021-07-29,275,275,False
SIEMENS,2021-08-26,275,275,False
SIEMENS,2021-09-30,275,275,False
SIEMENS,2021-10-28,275,275,False
SIEMENS,2021-11-25,275,275,False
SIEMENS,2021-12-30,275,275,False
SIEMENS,2022-01-27,275,275,False
SIEMENS,2022-02-24,275,275,False
SIEMENS,2022-03-31,275,275,False
SIEMENS,2022-04-28,275,275,False
SIEMENS,2022-05-26,275,275,False
SIEMENS,2022-06-30,275,275,False
SIEMENS,2022-07-28,275,275,False
SIEMENS,2022-08-25,275,275,False
SIEMENS,2022-09-29,275,275,False
SIEMENS,2022-10-27,275,275,False
SIEMENS,2022-11-24,275,275,False
SIEMENS,2022-12-29,275,275,False
SIEMENS,2023-01-25,275,275,False
SIEMENS,2023-02-23,275,275,False
SIEMENS,2023-03-29,275,275,False
SIEMENS,2023-04-27,275,275,False
SIEMENS,2023-05-25,275,275,False
SIEMENS,2023-06-28,275,275,False
SIEMENS,2023-07-27,275,275,False
SIEMENS,2023-08-31,275,275,False
SIEMENS,2023-09-28,275,275,False
SIEMENS,2023-10-26,275,275,False
SIEMENS,2023-11-30,275,275,False
SIEMENS,2023-12-28,275,275,False
SIEMENS,2024-01-25,150,150,False
SIEMENS,2024-02-29,150,150,False
SIEMENS,2024-03-28,150,150,False
SIEMENS,2024-04-25,150,150,False
SIEMENS,2024-05-30,150,150,False
SIEMENS,2024-06-27,150,150,False
SIEMENS,2024-07-25,150,150,False
SIEMENS,2024-08-29,150,150,False
SIEMENS,2024-09-26,150,150,False
SIEMENS,2024-10-31,150,150,False
SIEMENS,2024-11-28,150,75,True
SIEMENS,2024-12-26,150,75,True
SIEMENS,2025-01-30,75,75,False
SIEMENS,2025-02-27,75,75,False
SIEMENS,2025-03-27,75,75,False
SIEMENS,2025-04-24,75,75,False
SIEMENS,2025-05-29,75,75,False
SIEMENS,2025-06-26,75,75,False
SIEMENS,2025-07-31,125,125,False
SIEMENS,2025-08-28,125,125,False
SIEMENS,2025-09-30,125,125,False
SIEMENS,2025-10-28,125,125,False
SIEMENS,2025-11-25,125,125,False
SIEMENS,2025-12-30,125,125,False
SIEMENS,2026-01-27,175,175,False
SIEMENS,2026-02-24,175,175,False
SIEMENS,2026-03-30,175,175,False
SIEMENS,2026-04-28,175,175,False
SIEMENS,2026-05-26,175,175,False
SIEMENS,2026-06-30,175,175,False
SIEMENS,2026-07-28,175,175,False
SIEMENS,2026-08-25,175,175,False
SJVN,2024-12-26,4725,4725,False
SJVN,2025-01-30,4725,4725,False
SJVN,2025-02-27,4725,4725,False
SJVN,2025-03-27,4725,4725,False
SJVN,2025-04-24,4725,4725,False
SJVN,2025-05-29,4725,4725,False
SJVN,2025-06-26,4725,4725,False
SJVN,2025-07-31,5875,5875,False
SJVN,2025-08-28,5875,5875,False
SOLARINDS,2025-02-27,75,75,False
SOLARINDS,2025-03-27,75,75,False
SOLARINDS,2025-04-24,75,75,False
SOLARINDS,2025-05-29,75,75,False
SOLARINDS,2025-06-26,75,75,False
SOLARINDS,2025-07-31,75,75,False
SOLARINDS,2025-08-28,75,75,False
SOLARINDS,2025-09-30,75,75,False
SOLARINDS,2025-10-28,75,75,False
SOLARINDS,2025-11-25,75,75,False
SOLARINDS,2025-12-30,75,75,False
SOLARINDS,2026-01-27,50,50,False
SOLARINDS,2026-02-24,50,50,False
SOLARINDS,2026-03-30,50,50,False
SOLARINDS,2026-04-28,50,50,False
SOLARINDS,2026-05-26,50,50,False
SOLARINDS,2026-06-30,50,50,False
SOLARINDS,2026-07-28,50,50,False
SOLARINDS,2026-08-25,50,50,False
SONACOMS,2024-12-26,775,775,False
SONACOMS,2025-01-30,775,775,False
SONACOMS,2025-02-27,775,775,False
SONACOMS,2025-03-27,775,775,False
SONACOMS,2025-04-24,775,775,False
SONACOMS,2025-05-29,775,775,False
SONACOMS,2025-06-26,775,775,False
SONACOMS,2025-07-31,1050,1050,False
SONACOMS,2025-08-28,1050,1050,False
SONACOMS,2025-09-30,1050,1050,False
SONACOMS,2025-10-28,1050,1050,False
SONACOMS,2025-11-25,1050,1050,False
SONACOMS,2025-12-30,1050,1050,False
SONACOMS,2026-01-27,1225,1225,False
SONACOMS,2026-02-24,1225,1225,False
SONACOMS,2026-03-30,1225,1225,False
SONACOMS,2026-04-28,1225,1225,False
SONACOMS,2026-05-26,1225,1225,False
SONACOMS,2026-06-30,1225,1225,False
SONACOMS,2026-07-28,1225,1225,False
SONACOMS,2026-08-25,1225,1225,False
SRF,2019-10-31,250,250,False
SRF,2019-11-28,250,250,False
SRF,2019-12-26,250,250,False
SRF,2020-01-30,250,250,False
SRF,2020-02-27,250,250,False
SRF,2020-03-26,250,250,False
SRF,2020-04-30,250,250,False
SRF,2020-05-28,250,250,False
SRF,2020-06-25,250,250,False
SRF,2020-07-30,250,250,False
SRF,2020-08-27,250,250,False
SRF,2020-09-24,250,250,False
SRF,2020-10-29,250,250,False
SRF,2020-11-26,250,125,True
SRF,2020-12-31,250,125,True
SRF,2021-01-28,125,125,False
SRF,2021-02-25,125,125,False
SRF,2021-03-25,125,125,False
SRF,2021-04-29,125,125,False
SRF,2021-05-27,125,125,False
SRF,2021-06-24,125,125,False
SRF,2021-07-29,125,125,False
SRF,2021-08-26,125,125,False
SRF,2021-09-30,125,125,False
SRF,2021-10-28,125,625,True
SRF,2021-11-25,125,625,True
SRF,2021-12-30,125,625,True
SRF,2022-01-27,375,375,False
SRF,2022-02-24,375,375,False
SRF,2022-03-31,375,375,False
SRF,2022-04-28,375,375,False
SRF,2022-05-26,375,375,False
SRF,2022-06-30,375,375,False
SRF,2022-07-28,375,375,False
SRF,2022-08-25,375,375,False
SRF,2022-09-29,375,375,False
SRF,2022-10-27,375,375,False
SRF,2022-11-24,375,375,False
SRF,2022-12-29,375,375,False
SRF,2023-01-25,375,375,False
SRF,2023-02-23,375,375,False
SRF,2023-03-29,375,375,False
SRF,2023-04-27,375,375,False
SRF,2023-05-25,375,375,False
SRF,2023-06-28,375,375,False
SRF,2023-07-27,375,375,False
SRF,2023-08-31,375,375,False
SRF,2023-09-28,375,375,False
SRF,2023-10-26,375,375,False
SRF,2023-11-30,375,375,False
SRF,2023-12-28,375,375,False
SRF,2024-01-25,375,375,False
SRF,2024-02-29,375,375,False
SRF,2024-03-28,375,375,False
SRF,2024-04-25,375,375,False
SRF,2024-05-30,375,375,False
SRF,2024-06-27,375,375,False
SRF,2024-07-25,375,375,False
SRF,2024-08-29,375,375,False
SRF,2024-09-26,375,375,False
SRF,2024-10-31,375,375,False
SRF,2024-11-28,375,375,False
SRF,2024-12-26,375,375,False
SRF,2025-01-30,375,375,False
SRF,2025-02-27,375,375,False
SRF,2025-03-27,375,375,False
SRF,2025-04-24,375,375,False
SRF,2025-05-29,375,375,False
SRF,2025-06-26,375,375,False
SRF,2025-07-31,200,200,False
SRF,2025-08-28,200,200,False
SRF,2025-09-30,200,200,False
SRF,2025-10-28,200,200,False
SRF,2025-11-25,200,200,False
SRF,2025-12-30,200,200,False
SRF,2026-01-27,200,200,False
SRF,2026-02-24,200,200,False
SRF,2026-03-30,200,200,False
SRF,2026-04-28,200,200,False
SRF,2026-05-26,200,200,False
SRF,2026-06-30,200,200,False
SRF,2026-07-28,200,200,False
SRF,2026-08-25,200,200,False
SRTRANSFIN,2019-10-31,600,600,False
SRTRANSFIN,2019-11-28,600,600,False
SRTRANSFIN,2019-12-26,600,600,False
SRTRANSFIN,2020-01-30,600,600,False
SRTRANSFIN,2020-02-27,600,600,False
SRTRANSFIN,2020-03-26,600,600,False
SRTRANSFIN,2020-04-30,600,600,False
SRTRANSFIN,2020-05-28,600,600,False
SRTRANSFIN,2020-06-25,600,600,False
SRTRANSFIN,2020-07-30,650,667,True
SRTRANSFIN,2020-08-27,650,667,True
SRTRANSFIN,2020-09-24,650,667,True
SRTRANSFIN,2020-10-29,667,667,False
SRTRANSFIN,2020-11-26,667,667,False
SRTRANSFIN,2020-12-31,667,667,False
SRTRANSFIN,2021-01-28,800,800,False
SRTRANSFIN,2021-02-25,800,800,False
SRTRANSFIN,2021-03-25,800,800,False
SRTRANSFIN,2021-04-29,800,800,False
SRTRANSFIN,2021-05-27,800,400,True
SRTRANSFIN,2021-06-24,800,400,True
SRTRANSFIN,2021-07-29,400,400,False
SRTRANSFIN,2021-08-26,400,400,False
SRTRANSFIN,2021-09-30,400,400,False
SRTRANSFIN,2021-10-28,400,400,False
SRTRANSFIN,2021-11-25,400,400,False
SRTRANSFIN,2021-12-30,400,400,False
SRTRANSFIN,2022-01-27,400,400,False
SRTRANSFIN,2022-02-24,400,400,False
SRTRANSFIN,2022-03-31,400,400,False
SRTRANSFIN,2022-04-28,400,400,False
SRTRANSFIN,2022-05-26,400,400,False
SRTRANSFIN,2022-06-30,400,400,False
SRTRANSFIN,2022-07-28,600,600,False
SRTRANSFIN,2022-08-25,600,600,False
SRTRANSFIN,2022-09-29,600,600,False
SRTRANSFIN,2022-10-27,600,600,False
SRTRANSFIN,2022-11-24,600,600,False
SRTRANSFIN,2022-12-29,600,600,False
SRTRANSFIN,2023-01-25,600,600,False
SRTRANSFIN,2023-02-23,600,600,False
STAR,2019-10-31,1200,1200,False
STAR,2021-08-26,675,675,False
STAR,2021-09-30,675,675,False
STAR,2021-10-28,675,675,False
STAR,2021-11-25,675,675,False
STAR,2021-12-30,675,675,False
STAR,2022-01-27,900,900,False
STAR,2022-02-24,900,900,False
STAR,2022-03-31,900,900,False
STAR,2022-04-28,900,900,False
STAR,2022-05-26,900,900,False
STAR,2022-06-30,900,900,False
SUNPHARMA,2019-10-31,1100,1100,False
SUNPHARMA,2019-11-28,1100,1100,False
SUNPHARMA,2019-12-26,1100,1100,False
SUNPHARMA,2020-01-30,1250,1250,False
SUNPHARMA,2020-02-27,1250,1250,False
SUNPHARMA,2020-03-26,1250,1250,False
SUNPHARMA,2020-04-30,1250,1250,False
SUNPHARMA,2020-05-28,1250,1250,False
SUNPHARMA,2020-06-25,1250,1250,False
SUNPHARMA,2020-07-30,1400,1400,False
SUNPHARMA,2020-08-27,1400,1400,False
SUNPHARMA,2020-09-24,1400,1400,False
SUNPHARMA,2020-10-29,1400,1400,False
SUNPHARMA,2020-11-26,1400,1400,False
SUNPHARMA,2020-12-31,1400,1400,False
SUNPHARMA,2021-01-28,1400,1400,False
SUNPHARMA,2021-02-25,1400,1400,False
SUNPHARMA,2021-03-25,1400,1400,False
SUNPHARMA,2021-04-29,1400,1400,False
SUNPHARMA,2021-05-27,1400,1400,False
SUNPHARMA,2021-06-24,1400,1400,False
SUNPHARMA,2021-07-29,1400,1400,False
SUNPHARMA,2021-08-26,1400,1400,False
SUNPHARMA,2021-09-30,1400,1400,False
SUNPHARMA,2021-10-28,1400,1400,False
SUNPHARMA,2021-11-25,1400,700,True
SUNPHARMA,2021-12-30,1400,700,True
SUNPHARMA,2022-01-27,700,700,False
SUNPHARMA,2022-02-24,700,700,False
SUNPHARMA,2022-03-31,700,700,False
SUNPHARMA,2022-04-28,700,700,False
SUNPHARMA,2022-05-26,700,700,False
SUNPHARMA,2022-06-30,700,700,False
SUNPHARMA,2022-07-28,700,700,False
SUNPHARMA,2022-08-25,700,700,False
SUNPHARMA,2022-09-29,700,700,False
SUNPHARMA,2022-10-27,700,700,False
SUNPHARMA,2022-11-24,700,700,False
SUNPHARMA,2022-12-29,700,700,False
SUNPHARMA,2023-01-25,700,700,False
SUNPHARMA,2023-02-23,700,700,False
SUNPHARMA,2023-03-29,700,700,False
SUNPHARMA,2023-04-27,700,700,False
SUNPHARMA,2023-05-25,700,700,False
SUNPHARMA,2023-06-28,700,700,False
SUNPHARMA,2023-07-27,700,700,False
SUNPHARMA,2023-08-31,700,700,False
SUNPHARMA,2023-09-28,700,700,False
SUNPHARMA,2023-10-26,700,700,False
SUNPHARMA,2023-11-30,700,700,False
SUNPHARMA,2023-12-28,700,700,False
SUNPHARMA,2024-01-25,700,700,False
SUNPHARMA,2024-02-29,700,700,False
SUNPHARMA,2024-03-28,700,700,False
SUNPHARMA,2024-04-25,700,700,False
SUNPHARMA,2024-05-30,700,350,True
SUNPHARMA,2024-06-27,700,350,True
SUNPHARMA,2024-07-25,350,350,False
SUNPHARMA,2024-08-29,350,350,False
SUNPHARMA,2024-09-26,350,350,False
SUNPHARMA,2024-10-31,350,350,False
SUNPHARMA,2024-11-28,350,350,False
SUNPHARMA,2024-12-26,350,350,False
SUNPHARMA,2025-01-30,350,350,False
SUNPHARMA,2025-02-27,350,350,False
SUNPHARMA,2025-03-27,350,350,False
SUNPHARMA,2025-04-24,350,350,False
SUNPHARMA,2025-05-29,350,350,False
SUNPHARMA,2025-06-26,350,350,False
SUNPHARMA,2025-07-31,350,350,False
SUNPHARMA,2025-08-28,350,350,False
SUNPHARMA,2025-09-30,350,350,False
SUNPHARMA,2025-10-28,350,350,False
SUNPHARMA,2025-11-25,350,350,False
SUNPHARMA,2025-12-30,350,350,False
SUNPHARMA,2026-01-27,350,350,False
SUNPHARMA,2026-02-24,350,350,False
SUNPHARMA,2026-03-30,350,350,False
SUNPHARMA,2026-04-28,350,350,False
SUNPHARMA,2026-05-26,350,350,False
SUNPHARMA,2026-06-30,350,350,False
SUNPHARMA,2026-07-28,350,350,False
SUNPHARMA,2026-08-25,350,350,False
SUNTV,2019-10-31,1000,1000,False
SUNTV,2019-11-28,1000,1000,False
SUNTV,2019-12-26,1000,1000,False
SUNTV,2020-01-30,1200,1200,False
SUNTV,2020-02-27,1200,1200,False
SUNTV,2020-03-26,1200,1200,False
SUNTV,2020-04-30,1200,1200,False
SUNTV,2020-05-28,1200,1200,False
SUNTV,2020-06-25,1200,1200,False
SUNTV,2020-07-30,1500,1500,False
SUNTV,2020-08-27,1500,1500,False
SUNTV,2020-09-24,1500,1500,False
SUNTV,2020-10-29,1500,1500,False
SUNTV,2020-11-26,1500,1500,False
SUNTV,2020-12-31,1500,1500,False
SUNTV,2021-01-28,1500,1500,False
SUNTV,2021-02-25,1500,1500,False
SUNTV,2021-03-25,1500,1500,False
SUNTV,2021-04-29,1500,1500,False
SUNTV,2021-05-27,1500,1500,False
SUNTV,2021-06-24,1500,1500,False
SUNTV,2021-07-29,1500,1500,False
SUNTV,2021-08-26,1500,1500,False
SUNTV,2021-09-30,1500,1500,False
SUNTV,2021-10-28,1500,1500,False
SUNTV,2021-11-25,1500,1500,False
SUNTV,2021-12-30,1500,1500,False
SUNTV,2022-01-27,1500,1500,False
SUNTV,2022-02-24,1500,1500,False
SUNTV,2022-03-31,1500,1500,False
SUNTV,2022-04-28,1500,1500,False
SUNTV,2022-05-26,1500,1500,False
SUNTV,2022-06-30,1500,1500,False
SUNTV,2022-07-28,1500,1500,False
SUNTV,2022-08-25,1500,1500,False
SUNTV,2022-09-29,1500,1500,False
SUNTV,2022-10-27,1500,1500,False
SUNTV,2022-11-24,1500,1500,False
SUNTV,2022-12-29,1500,1500,False
SUNTV,2023-01-25,1500,1500,False
SUNTV,2023-02-23,1500,1500,False
SUNTV,2023-03-29,1500,1500,False
SUNTV,2023-04-27,1500,1500,False
SUNTV,2023-05-25,1500,1500,False
SUNTV,2023-06-28,1500,1500,False
SUNTV,2023-07-27,1500,1500,False
SUNTV,2023-08-31,1500,1500,False
SUNTV,2023-09-28,1500,1500,False
SUNTV,2023-10-26,1500,1500,False
SUNTV,2023-11-30,1500,1500,False
SUNTV,2023-12-28,1500,1500,False
SUNTV,2024-01-25,1500,1500,False
SUNTV,2024-02-29,1500,1500,False
SUNTV,2024-03-28,1500,1500,False
SUNTV,2024-04-25,1500,1500,False
SUNTV,2024-05-30,1500,1500,False
SUNTV,2024-06-27,1500,1500,False
SUNTV,2024-07-25,1500,1500,False
SUNTV,2024-08-29,1500,1500,False
SUNTV,2024-09-26,1500,1500,False
SUNTV,2024-10-31,1500,1500,False
SUNTV,2024-11-28,1500,750,True
SUNTV,2024-12-26,1500,750,True
SUNTV,2025-01-30,750,750,False
SUNTV,2025-02-27,750,750,False
SUPREMEIND,2024-12-26,125,125,False
SUPREMEIND,2025-01-30,125,125,False
SUPREMEIND,2025-02-27,125,125,False
SUPREMEIND,2025-03-27,125,125,False
SUPREMEIND,2025-04-24,125,125,False
SUPREMEIND,2025-05-29,125,125,False
SUPREMEIND,2025-06-26,125,125,False
SUPREMEIND,2025-07-31,175,175,False
SUPREMEIND,2025-08-28,175,175,False
SUPREMEIND,2025-09-30,175,175,False
SUPREMEIND,2025-10-28,175,175,False
SUPREMEIND,2025-11-25,175,175,False
SUPREMEIND,2025-12-30,175,175,False
SUPREMEIND,2026-01-27,175,175,False
SUPREMEIND,2026-02-24,175,175,False
SUPREMEIND,2026-03-30,175,175,False
SUPREMEIND,2026-04-28,175,175,False
SUPREMEIND,2026-05-26,175,175,False
SUPREMEIND,2026-06-30,175,175,False
SUPREMEIND,2026-07-28,175,175,False
SUPREMEIND,2026-08-25,175,175,False
SUZLON,2025-08-28,8000,8000,False
SUZLON,2025-09-30,8000,8000,False
SUZLON,2025-10-28,8000,8000,False
SUZLON,2025-11-25,8000,8000,False
SUZLON,2025-12-30,8000,8000,False
SUZLON,2026-01-27,9025,9025,False
SUZLON,2026-02-24,9025,9025,False
SUZLON,2026-03-30,9025,9025,False
SUZLON,2026-04-28,9025,9025,False
SUZLON,2026-05-26,9025,9025,False
SUZLON,2026-06-30,9025,9025,False
SUZLON,2026-07-28,12700,12700,False
SUZLON,2026-08-25,12700,12700,False
SWIGGY,2026-01-27,1300,1300,False
SWIGGY,2026-02-24,1300,1300,False
SWIGGY,2026-03-30,1300,1300,False
SWIGGY,2026-04-28,1300,1300,False
SWIGGY,2026-05-26,1300,1300,False
SWIGGY,2026-06-30,1300,1300,False
SWIGGY,2026-07-28,1825,1825,False
SWIGGY,2026-08-25,1825,1825,False
SYNGENE,2021-09-30,850,850,False
SYNGENE,2021-10-28,850,850,False
SYNGENE,2021-11-25,850,850,False
SYNGENE,2021-12-30,850,850,False
SYNGENE,2022-01-27,850,850,False
SYNGENE,2022-02-24,850,850,False
SYNGENE,2022-03-31,850,850,False
SYNGENE,2022-04-28,850,850,False
SYNGENE,2022-05-26,850,850,False
SYNGENE,2022-06-30,850,850,False
SYNGENE,2022-07-28,1000,1000,False
SYNGENE,2022-08-25,1000,1000,False
SYNGENE,2022-09-29,1000,1000,False
SYNGENE,2022-10-27,1000,1000,False
SYNGENE,2022-11-24,1000,1000,False
SYNGENE,2022-12-29,1000,1000,False
SYNGENE,2023-01-25,1000,1000,False
SYNGENE,2023-02-23,1000,1000,False
SYNGENE,2023-03-29,1000,1000,False
SYNGENE,2023-04-27,1000,1000,False
SYNGENE,2023-05-25,1000,1000,False
SYNGENE,2023-06-28,1000,1000,False
SYNGENE,2023-07-27,1000,1000,False
SYNGENE,2023-08-31,1000,1000,False
SYNGENE,2023-09-28,1000,1000,False
SYNGENE,2023-10-26,1000,1000,False
SYNGENE,2023-11-30,1000,1000,False
SYNGENE,2023-12-28,1000,1000,False
SYNGENE,2024-01-25,1000,1000,False
SYNGENE,2024-02-29,1000,1000,False
SYNGENE,2024-03-28,1000,1000,False
SYNGENE,2024-04-25,1000,1000,False
SYNGENE,2024-05-30,1000,1000,False
SYNGENE,2024-06-27,1000,1000,False
SYNGENE,2024-07-25,1000,1000,False
SYNGENE,2024-08-29,1000,1000,False
SYNGENE,2024-09-26,1000,1000,False
SYNGENE,2024-10-31,1000,1000,False
SYNGENE,2024-11-28,1000,1000,False
SYNGENE,2024-12-26,1000,1000,False
SYNGENE,2025-01-30,1000,1000,False
SYNGENE,2025-02-27,1000,1000,False
SYNGENE,2025-03-27,1000,1000,False
SYNGENE,2025-04-24,1000,1000,False
SYNGENE,2025-05-29,1000,1000,False
SYNGENE,2025-06-26,1000,1000,False
SYNGENE,2025-07-31,1000,1000,False
SYNGENE,2025-08-28,1000,1000,False
SYNGENE,2025-09-30,1000,1000,False
SYNGENE,2025-10-28,1000,1000,False
SYNGENE,2025-11-25,1000,1000,False
SYNGENE,2025-12-30,1000,1000,False
SYNGENE,2026-01-27,1000,1000,False
SYNGENE,2026-02-24,1000,1000,False
SYNGENE,2026-03-30,1000,1000,False
TATACHEM,2019-10-31,900,900,False
TATACHEM,2019-11-28,900,900,False
TATACHEM,2019-12-26,900,900,False
TATACHEM,2020-01-30,900,900,False
TATACHEM,2020-02-27,900,900,False
TATACHEM,2020-03-26,900,900,False
TATACHEM,2020-04-30,900,900,False
TATACHEM,2020-05-28,900,900,False
TATACHEM,2020-06-25,900,900,False
TATACHEM,2020-07-30,2000,2000,False
TATACHEM,2020-08-27,2000,2000,False
TATACHEM,2020-09-24,2000,2000,False
TATACHEM,2020-10-29,2000,2000,False
TATACHEM,2020-11-26,2000,2000,False
TATACHEM,2020-12-31,2000,2000,False
TATACHEM,2021-01-28,2000,2000,False
TATACHEM,2021-02-25,2000,2000,False
TATACHEM,2021-03-25,2000,2000,False
TATACHEM,2021-04-29,2000,2000,False
TATACHEM,2021-05-27,2000,1000,True
TATACHEM,2021-06-24,2000,1000,True
TATACHEM,2021-07-29,1000,1000,False
TATACHEM,2021-08-26,1000,1000,False
TATACHEM,2021-09-30,1000,1000,False
TATACHEM,2021-10-28,1000,1000,False
TATACHEM,2021-11-25,1000,1000,False
TATACHEM,2021-12-30,1000,1000,False
TATACHEM,2022-01-27,1000,1000,False
TATACHEM,2022-02-24,1000,1000,False
TATACHEM,2022-03-31,1000,1000,False
TATACHEM,2022-04-28,1000,1000,False
TATACHEM,2022-05-26,1000,1000,False
TATACHEM,2022-06-30,1000,1000,False
TATACHEM,2022-07-28,1000,1000,False
TATACHEM,2022-08-25,1000,1000,False
TATACHEM,2022-09-29,1000,1000,False
TATACHEM,2022-10-27,1000,1000,False
TATACHEM,2022-11-24,1000,500,True
TATACHEM,2022-12-29,1000,500,True
TATACHEM,2023-01-25,500,500,False
TATACHEM,2023-02-23,500,500,False
TATACHEM,2023-03-29,500,500,False
TATACHEM,2023-04-27,500,500,False
TATACHEM,2023-05-25,500,500,False
TATACHEM,2023-06-28,500,500,False
TATACHEM,2023-07-27,550,550,False
TATACHEM,2023-08-31,550,550,False
TATACHEM,2023-09-28,550,550,False
TATACHEM,2023-10-26,550,550,False
TATACHEM,2023-11-30,550,550,False
TATACHEM,2023-12-28,550,550,False
TATACHEM,2024-01-25,550,550,False
TATACHEM,2024-02-29,550,550,False
TATACHEM,2024-03-28,550,550,False
TATACHEM,2024-04-25,550,550,False
TATACHEM,2024-05-30,550,550,False
TATACHEM,2024-06-27,550,550,False
TATACHEM,2024-07-25,550,550,False
TATACHEM,2024-08-29,550,550,False
TATACHEM,2024-09-26,550,550,False
TATACHEM,2024-10-31,550,550,False
TATACHEM,2024-11-28,550,550,False
TATACHEM,2024-12-26,550,550,False
TATACHEM,2025-01-30,550,550,False
TATACHEM,2025-02-27,550,550,False
TATACHEM,2025-03-27,550,550,False
TATACHEM,2025-04-24,550,550,False
TATACHEM,2025-05-29,550,550,False
TATACHEM,2025-06-26,550,550,False
TATACHEM,2025-07-31,650,650,False
TATACHEM,2025-08-28,650,650,False
TATACHEM,2025-09-30,650,650,False
TATACOMM,2022-01-27,400,400,False
TATACOMM,2022-02-24,400,400,False
TATACOMM,2022-03-31,400,400,False
TATACOMM,2022-04-28,400,400,False
TATACOMM,2022-05-26,400,400,False
TATACOMM,2022-06-30,400,400,False
TATACOMM,2022-07-28,500,500,False
TATACOMM,2022-08-25,500,500,False
TATACOMM,2022-09-29,500,500,False
TATACOMM,2022-10-27,500,500,False
TATACOMM,2022-11-24,500,500,False
TATACOMM,2022-12-29,500,500,False
TATACOMM,2023-01-25,500,500,False
TATACOMM,2023-02-23,500,500,False
TATACOMM,2023-03-29,500,500,False
TATACOMM,2023-04-27,500,500,False
TATACOMM,2023-05-25,500,500,False
TATACOMM,2023-06-28,500,500,False
TATACOMM,2023-07-27,500,500,False
TATACOMM,2023-08-31,500,500,False
TATACOMM,2023-09-28,500,500,False
TATACOMM,2023-10-26,500,500,False
TATACOMM,2023-11-30,500,500,False
TATACOMM,2023-12-28,500,500,False
TATACOMM,2024-01-25,500,500,False
TATACOMM,2024-02-29,500,500,False
TATACOMM,2024-03-28,500,500,False
TATACOMM,2024-04-25,500,500,False
TATACOMM,2024-05-30,500,500,False
TATACOMM,2024-06-27,500,500,False
TATACOMM,2024-07-25,500,500,False
TATACOMM,2024-08-29,500,500,False
TATACOMM,2024-09-26,500,500,False
TATACOMM,2024-10-31,500,500,False
TATACOMM,2024-11-28,500,250,True
TATACOMM,2024-12-26,500,250,True
TATACOMM,2025-01-30,250,250,False
TATACOMM,2025-02-27,250,250,False
TATACOMM,2025-03-27,250,250,False
TATACOMM,2025-04-24,250,250,False
TATACOMM,2025-05-29,250,250,False
TATACOMM,2025-06-26,250,250,False
TATACOMM,2025-07-31,350,350,False
TATACONSUM,2020-02-27,2700,2700,False
TATACONSUM,2020-03-26,2700,2700,False
TATACONSUM,2020-04-30,2700,2700,False
TATACONSUM,2020-05-28,2700,2700,False
TATACONSUM,2020-06-25,2700,2700,False
TATACONSUM,2020-07-30,2700,2700,False
TATACONSUM,2020-08-27,2700,2700,False
TATACONSUM,2020-09-24,2700,2700,False
TATACONSUM,2020-10-29,2700,2700,False
TATACONSUM,2020-11-26,2700,1350,True
TATACONSUM,2020-12-31,2700,1350,True
TATACONSUM,2021-01-28,1350,1350,False
TATACONSUM,2021-02-25,1350,1350,False
TATACONSUM,2021-03-25,1350,1350,False
TATACONSUM,2021-04-29,1350,1350,False
TATACONSUM,2021-05-27,1350,1350,False
TATACONSUM,2021-06-24,1350,1350,False
TATACONSUM,2021-07-29,1350,1350,False
TATACONSUM,2021-08-26,1350,1350,False
TATACONSUM,2021-09-30,1350,1350,False
TATACONSUM,2021-10-28,1350,1350,False
TATACONSUM,2021-11-25,1350,675,True
TATACONSUM,2021-12-30,1350,675,True
TATACONSUM,2022-01-27,675,675,False
TATACONSUM,2022-02-24,675,675,False
TATACONSUM,2022-03-31,675,675,False
TATACONSUM,2022-04-28,675,675,False
TATACONSUM,2022-05-26,675,675,False
TATACONSUM,2022-06-30,675,675,False
TATACONSUM,2022-07-28,900,900,False
TATACONSUM,2022-08-25,900,900,False
TATACONSUM,2022-09-29,900,900,False
TATACONSUM,2022-10-27,900,900,False
TATACONSUM,2022-11-24,900,900,False
TATACONSUM,2022-12-29,900,900,False
TATACONSUM,2023-01-25,900,900,False
TATACONSUM,2023-02-23,900,900,False
TATACONSUM,2023-03-29,900,900,False
TATACONSUM,2023-04-27,900,900,False
TATACONSUM,2023-05-25,900,900,False
TATACONSUM,2023-06-28,900,900,False
TATACONSUM,2023-07-27,900,900,False
TATACONSUM,2023-08-31,900,900,False
TATACONSUM,2023-09-28,900,900,False
TATACONSUM,2023-10-26,900,900,False
TATACONSUM,2023-11-30,900,900,False
TATACONSUM,2023-12-28,900,900,False
TATACONSUM,2024-01-25,900,900,False
TATACONSUM,2024-02-29,900,900,False
TATACONSUM,2024-03-28,900,900,False
TATACONSUM,2024-04-25,900,900,False
TATACONSUM,2024-05-30,900,450,True
TATACONSUM,2024-06-27,900,450,True
TATACONSUM,2024-07-25,450,450,False
TATACONSUM,2024-08-29,450,456,True
TATACONSUM,2024-09-26,450,456,True
TATACONSUM,2024-10-31,456,456,False
TATACONSUM,2024-11-28,456,456,False
TATACONSUM,2024-12-26,456,456,False
TATACONSUM,2025-01-30,456,456,False
TATACONSUM,2025-02-27,456,456,False
TATACONSUM,2025-03-27,456,456,False
TATACONSUM,2025-04-24,456,456,False
TATACONSUM,2025-05-29,456,456,False
TATACONSUM,2025-06-26,456,456,False
TATACONSUM,2025-07-31,550,550,False
TATACONSUM,2025-08-28,550,550,False
TATACONSUM,2025-09-30,550,550,False
TATACONSUM,2025-10-28,550,550,False
TATACONSUM,2025-11-25,550,550,False
TATACONSUM,2025-12-30,550,550,False
TATACONSUM,2026-01-27,550,550,False
TATACONSUM,2026-02-24,550,550,False
TATACONSUM,2026-03-30,550,550,False
TATACONSUM,2026-04-28,550,550,False
TATACONSUM,2026-05-26,550,550,False
TATACONSUM,2026-06-30,550,550,False
TATACONSUM,2026-07-28,550,550,False
TATACONSUM,2026-08-25,550,550,False
TATAELXSI,2019-10-31,600,600,False
TATAELXSI,2019-11-28,600,600,False
TATAELXSI,2019-12-26,600,600,False
TATAELXSI,2024-12-26,100,100,False
TATAELXSI,2025-01-30,100,100,False
TATAELXSI,2025-02-27,100,100,False
TATAELXSI,2025-03-27,100,100,False
TATAELXSI,2025-04-24,100,100,False
TATAELXSI,2025-05-29,100,100,False
TATAELXSI,2025-06-26,100,100,False
TATAELXSI,2025-07-31,100,100,False
TATAELXSI,2025-08-28,100,100,False
TATAELXSI,2025-09-30,100,100,False
TATAELXSI,2025-10-28,100,100,False
TATAELXSI,2025-11-25,100,100,False
TATAELXSI,2025-12-30,100,100,False
TATAELXSI,2026-01-27,100,100,False
TATAELXSI,2026-02-24,100,100,False
TATAELXSI,2026-03-30,100,100,False
TATAELXSI,2026-04-28,100,100,False
TATAELXSI,2026-05-26,100,100,False
TATAELXSI,2026-06-30,100,100,False
TATAELXSI,2026-07-28,125,125,False
TATAELXSI,2026-08-25,125,125,False
TATAGLOBAL,2019-10-31,2700,2700,False
TATAGLOBAL,2019-11-28,2700,2700,False
TATAGLOBAL,2019-12-26,2700,2700,False
TATAGLOBAL,2020-01-30,2700,2700,False
TATAGLOBAL,2020-02-27,2700,2700,False
TATAGLOBAL,2020-03-26,2700,2700,False
TATAGLOBAL,2020-04-30,2700,2700,False
TATAMOTORS,2019-10-31,3000,3000,False
TATAMOTORS,2019-11-28,3000,3000,False
TATAMOTORS,2019-12-26,3000,3000,False
TATAMOTORS,2020-01-30,4300,4300,False
TATAMOTORS,2020-02-27,4300,4300,False
TATAMOTORS,2020-03-26,4300,4300,False
TATAMOTORS,2020-04-30,4300,4300,False
TATAMOTORS,2020-05-28,4300,4300,False
TATAMOTORS,2020-06-25,4300,4300,False
TATAMOTORS,2020-07-30,5700,5700,False
TATAMOTORS,2020-08-27,5700,5700,False
TATAMOTORS,2020-09-24,5700,5700,False
TATAMOTORS,2020-10-29,5700,5700,False
TATAMOTORS,2020-11-26,5700,5700,False
TATAMOTORS,2020-12-31,5700,5700,False
TATAMOTORS,2021-01-28,5700,5700,False
TATAMOTORS,2021-02-25,5700,5700,False
TATAMOTORS,2021-03-25,5700,5700,False
TATAMOTORS,2021-04-29,5700,5700,False
TATAMOTORS,2021-05-27,5700,2850,True
TATAMOTORS,2021-06-24,5700,2850,True
TATAMOTORS,2021-07-29,2850,2850,False
TATAMOTORS,2021-08-26,2850,2850,False
TATAMOTORS,2021-09-30,2850,2850,False
TATAMOTORS,2021-10-28,2850,2850,False
TATAMOTORS,2021-11-25,2850,2850,False
TATAMOTORS,2021-12-30,2850,2850,False
TATAMOTORS,2022-01-27,2850,2850,False
TATAMOTORS,2022-02-24,2850,2850,False
TATAMOTORS,2022-03-31,2850,2850,False
TATAMOTORS,2022-04-28,2850,2850,False
TATAMOTORS,2022-05-26,2850,1425,True
TATAMOTORS,2022-06-30,2850,1425,True
TATAMOTORS,2022-07-28,1425,1425,False
TATAMOTORS,2022-08-25,1425,1425,False
TATAMOTORS,2022-09-29,1425,1425,False
TATAMOTORS,2022-10-27,1425,1425,False
TATAMOTORS,2022-11-24,1425,1425,False
TATAMOTORS,2022-12-29,1425,1425,False
TATAMOTORS,2023-01-25,1425,1425,False
TATAMOTORS,2023-02-23,1425,1425,False
TATAMOTORS,2023-03-29,1425,1425,False
TATAMOTORS,2023-04-27,1425,1425,False
TATAMOTORS,2023-05-25,1425,1425,False
TATAMOTORS,2023-06-28,1425,1425,False
TATAMOTORS,2023-07-27,1425,1425,False
TATAMOTORS,2023-08-31,1425,1425,False
TATAMOTORS,2023-09-28,1425,1425,False
TATAMOTORS,2023-10-26,1425,1425,False
TATAMOTORS,2023-11-30,1425,1425,False
TATAMOTORS,2023-12-28,1425,1425,False
TATAMOTORS,2024-01-25,1425,1425,False
TATAMOTORS,2024-02-29,1425,1425,False
TATAMOTORS,2024-03-28,1425,1425,False
TATAMOTORS,2024-04-25,1425,1425,False
TATAMOTORS,2024-05-30,1425,1425,False
TATAMOTORS,2024-06-27,1425,1425,False
TATAMOTORS,2024-07-25,550,550,False
TATAMOTORS,2024-08-29,550,550,False
TATAMOTORS,2024-09-26,550,550,False
TATAMOTORS,2024-10-31,550,550,False
TATAMOTORS,2024-11-28,550,550,False
TATAMOTORS,2024-12-26,550,550,False
TATAMOTORS,2025-01-30,550,550,False
TATAMOTORS,2025-02-27,550,550,False
TATAMOTORS,2025-03-27,550,550,False
TATAMOTORS,2025-04-24,550,550,False
TATAMOTORS,2025-05-29,550,550,False
TATAMOTORS,2025-06-26,550,550,False
TATAMOTORS,2025-07-31,800,800,False
TATAMOTORS,2025-08-28,800,800,False
TATAMOTORS,2025-09-30,800,800,False
TATAMOTORS,2025-10-28,800,800,False
TATAMOTORS,2025-11-25,800,800,False
TATAMOTORS,2025-12-30,800,800,False
TATAMTRDVR,2019-10-31,6000,6000,False
TATAMTRDVR,2019-11-28,6000,6000,False
TATAMTRDVR,2019-12-26,6000,6000,False
TATAMTRDVR,2020-01-30,9200,9200,False
TATAPOWER,2019-10-31,9000,9000,False
TATAPOWER,2019-11-28,9000,9000,False
TATAPOWER,2019-12-26,9000,9000,False
TATAPOWER,2020-01-30,9000,9000,False
TATAPOWER,2020-02-27,9000,9000,False
TATAPOWER,2020-03-26,9000,9000,False
TATAPOWER,2020-04-30,9000,9000,False
TATAPOWER,2020-05-28,9000,9000,False
TATAPOWER,2020-06-25,9000,9000,False
TATAPOWER,2020-07-30,13500,13500,False
TATAPOWER,2020-08-27,13500,13500,False
TATAPOWER,2020-09-24,13500,13500,False
TATAPOWER,2020-10-29,13500,13500,False
TATAPOWER,2020-11-26,13500,13500,False
TATAPOWER,2020-12-31,13500,13500,False
TATAPOWER,2021-01-28,13500,13500,False
TATAPOWER,2021-02-25,13500,13500,False
TATAPOWER,2021-03-25,13500,13500,False
TATAPOWER,2021-04-29,13500,13500,False
TATAPOWER,2021-05-27,13500,6750,True
TATAPOWER,2021-06-24,13500,6750,True
TATAPOWER,2021-07-29,6750,6750,False
TATAPOWER,2021-08-26,6750,6750,False
TATAPOWER,2021-09-30,6750,6750,False
TATAPOWER,2021-10-28,6750,6750,False
TATAPOWER,2021-11-25,6750,6750,False
TATAPOWER,2021-12-30,6750,6750,False
TATAPOWER,2022-01-27,6750,6750,False
TATAPOWER,2022-02-24,6750,6750,False
TATAPOWER,2022-03-31,6750,6750,False
TATAPOWER,2022-04-28,6750,6750,False
TATAPOWER,2022-05-26,6750,3375,True
TATAPOWER,2022-06-30,6750,3375,True
TATAPOWER,2022-07-28,3375,3375,False
TATAPOWER,2022-08-25,3375,3375,False
TATAPOWER,2022-09-29,3375,3375,False
TATAPOWER,2022-10-27,3375,3375,False
TATAPOWER,2022-11-24,3375,3375,False
TATAPOWER,2022-12-29,3375,3375,False
TATAPOWER,2023-01-25,3375,3375,False
TATAPOWER,2023-02-23,3375,3375,False
TATAPOWER,2023-03-29,3375,3375,False
TATAPOWER,2023-04-27,3375,3375,False
TATAPOWER,2023-05-25,3375,3375,False
TATAPOWER,2023-06-28,3375,3375,False
TATAPOWER,2023-07-27,3375,3375,False
TATAPOWER,2023-08-31,3375,3375,False
TATAPOWER,2023-09-28,3375,3375,False
TATAPOWER,2023-10-26,3375,3375,False
TATAPOWER,2023-11-30,3375,3375,False
TATAPOWER,2023-12-28,3375,3375,False
TATAPOWER,2024-01-25,3375,3375,False
TATAPOWER,2024-02-29,3375,3375,False
TATAPOWER,2024-03-28,3375,3375,False
TATAPOWER,2024-04-25,3375,3375,False
TATAPOWER,2024-05-30,3375,3375,False
TATAPOWER,2024-06-27,3375,3375,False
TATAPOWER,2024-07-25,1350,1350,False
TATAPOWER,2024-08-29,1350,1350,False
TATAPOWER,2024-09-26,1350,1350,False
TATAPOWER,2024-10-31,1350,1350,False
TATAPOWER,2024-11-28,1350,1350,False
TATAPOWER,2024-12-26,1350,1350,False
TATAPOWER,2025-01-30,1350,1350,False
TATAPOWER,2025-02-27,1350,1350,False
TATAPOWER,2025-03-27,1350,1350,False
TATAPOWER,2025-04-24,1350,1350,False
TATAPOWER,2025-05-29,1350,1350,False
TATAPOWER,2025-06-26,1350,1350,False
TATAPOWER,2025-07-31,1450,1450,False
TATAPOWER,2025-08-28,1450,1450,False
TATAPOWER,2025-09-30,1450,1450,False
TATAPOWER,2025-10-28,1450,1450,False
TATAPOWER,2025-11-25,1450,1450,False
TATAPOWER,2025-12-30,1450,1450,False
TATAPOWER,2026-01-27,1450,1450,False
TATAPOWER,2026-02-24,1450,1450,False
TATAPOWER,2026-03-30,1450,1450,False
TATAPOWER,2026-04-28,1450,1450,False
TATAPOWER,2026-05-26,1450,1450,False
TATAPOWER,2026-06-30,1450,1450,False
TATAPOWER,2026-07-28,1450,1450,False
TATAPOWER,2026-08-25,1450,1450,False
TATASTEEL,2019-10-31,1061,1061,False
TATASTEEL,2019-11-28,1061,1061,False
TATASTEEL,2019-12-26,1061,1061,False
TATASTEEL,2020-01-30,1500,1500,False
TATASTEEL,2020-02-27,1500,1500,False
TATASTEEL,2020-03-26,1500,1500,False
TATASTEEL,2020-04-30,1500,1500,False
TATASTEEL,2020-05-28,1500,1500,False
TATASTEEL,2020-06-25,1500,1500,False
TATASTEEL,2020-07-30,1700,1700,False
TATASTEEL,2020-08-27,1700,1700,False
TATASTEEL,2020-09-24,1700,1700,False
TATASTEEL,2020-10-29,1700,1700,False
TATASTEEL,2020-11-26,1700,1700,False
TATASTEEL,2020-12-31,1700,1700,False
TATASTEEL,2021-01-28,1700,1700,False
TATASTEEL,2021-02-25,1700,1700,False
TATASTEEL,2021-03-25,1700,1700,False
TATASTEEL,2021-04-29,1700,1700,False
TATASTEEL,2021-05-27,1700,850,True
TATASTEEL,2021-06-24,1700,850,True
TATASTEEL,2021-07-29,850,850,False
TATASTEEL,2021-08-26,850,850,False
TATASTEEL,2021-09-30,850,850,False
TATASTEEL,2021-10-28,850,850,False
TATASTEEL,2021-11-25,850,425,True
TATASTEEL,2021-12-30,850,425,True
TATASTEEL,2022-01-27,425,425,False
TATASTEEL,2022-02-24,425,425,False
TATASTEEL,2022-03-31,425,425,False
TATASTEEL,2022-04-28,425,425,False
TATASTEEL,2022-05-26,425,425,False
TATASTEEL,2022-06-30,425,425,False
TATASTEEL,2022-07-28,425,4250,True
TATASTEEL,2022-08-25,425,4250,True
TATASTEEL,2022-09-29,425,4250,True
TATASTEEL,2022-10-27,4250,4250,False
TATASTEEL,2022-11-24,4250,4250,False
TATASTEEL,2022-12-29,4250,4250,False
TATASTEEL,2023-01-25,5500,5500,False
TATASTEEL,2023-02-23,5500,5500,False
TATASTEEL,2023-03-29,5500,5500,False
TATASTEEL,2023-04-27,5500,5500,False
TATASTEEL,2023-05-25,5500,5500,False
TATASTEEL,2023-06-28,5500,5500,False
TATASTEEL,2023-07-27,5500,5500,False
TATASTEEL,2023-08-31,5500,5500,False
TATASTEEL,2023-09-28,5500,5500,False
TATASTEEL,2023-10-26,5500,5500,False
TATASTEEL,2023-11-30,5500,5500,False
TATASTEEL,2023-12-28,5500,5500,False
TATASTEEL,2024-01-25,5500,5500,False
TATASTEEL,2024-02-29,5500,5500,False
TATASTEEL,2024-03-28,5500,5500,False
TATASTEEL,2024-04-25,5500,5500,False
TATASTEEL,2024-05-30,5500,5500,False
TATASTEEL,2024-06-27,5500,5500,False
TATASTEEL,2024-07-25,5500,5500,False
TATASTEEL,2024-08-29,5500,5500,False
TATASTEEL,2024-09-26,5500,5500,False
TATASTEEL,2024-10-31,5500,5500,False
TATASTEEL,2024-11-28,5500,5500,False
TATASTEEL,2024-12-26,5500,5500,False
TATASTEEL,2025-01-30,5500,5500,False
TATASTEEL,2025-02-27,5500,5500,False
TATASTEEL,2025-03-27,5500,5500,False
TATASTEEL,2025-04-24,5500,5500,False
TATASTEEL,2025-05-29,5500,5500,False
TATASTEEL,2025-06-26,5500,5500,False
TATASTEEL,2025-07-31,5500,5500,False
TATASTEEL,2025-08-28,5500,5500,False
TATASTEEL,2025-09-30,5500,5500,False
TATASTEEL,2025-10-28,5500,5500,False
TATASTEEL,2025-11-25,5500,5500,False
TATASTEEL,2025-12-30,5500,5500,False
TATASTEEL,2026-01-27,5500,5500,False
TATASTEEL,2026-02-24,5500,5500,False
TATASTEEL,2026-03-30,5500,5500,False
TATASTEEL,2026-04-28,5500,5500,False
TATASTEEL,2026-05-26,5500,2750,True
TATASTEEL,2026-06-30,5500,2750,True
TATASTEEL,2026-07-28,2750,2750,False
TATASTEEL,2026-08-25,2750,2750,False
TATATECH,2025-03-27,700,700,False
TATATECH,2025-04-24,700,700,False
TATATECH,2025-05-29,700,700,False
TATATECH,2025-06-26,700,700,False
TATATECH,2025-07-31,800,800,False
TATATECH,2025-08-28,800,800,False
TATATECH,2025-09-30,800,800,False
TATATECH,2025-10-28,800,800,False
TATATECH,2025-11-25,800,800,False
TATATECH,2025-12-30,800,800,False
TATATECH,2026-01-27,800,800,False
TATATECH,2026-02-24,800,800,False
TATATECH,2026-03-30,800,800,False
TATATECH,2026-04-28,800,800,False
TCS,2019-10-31,250,250,False
TCS,2019-11-28,250,250,False
TCS,2019-12-26,250,250,False
TCS,2020-01-30,250,250,False
TCS,2020-02-27,250,250,False
TCS,2020-03-26,250,250,False
TCS,2020-04-30,250,250,False
TCS,2020-05-28,250,250,False
TCS,2020-06-25,250,250,False
TCS,2020-07-30,300,300,False
TCS,2020-08-27,300,300,False
TCS,2020-09-24,300,300,False
TCS,2020-10-29,300,300,False
TCS,2020-11-26,300,300,False
TCS,2020-12-31,300,300,False
TCS,2021-01-28,300,300,False
TCS,2021-02-25,300,300,False
TCS,2021-03-25,300,300,False
TCS,2021-04-29,300,300,False
TCS,2021-05-27,300,300,False
TCS,2021-06-24,300,300,False
TCS,2021-07-29,300,300,False
TCS,2021-08-26,300,300,False
TCS,2021-09-30,300,300,False
TCS,2021-10-28,300,300,False
TCS,2021-11-25,300,150,True
TCS,2021-12-30,300,150,True
TCS,2022-01-27,150,150,False
TCS,2022-02-24,150,150,False
TCS,2022-03-31,150,150,False
TCS,2022-04-28,150,150,False
TCS,2022-05-26,150,150,False
TCS,2022-06-30,150,150,False
TCS,2022-07-28,150,150,False
TCS,2022-08-25,150,150,False
TCS,2022-09-29,150,150,False
TCS,2022-10-27,150,150,False
TCS,2022-11-24,150,150,False
TCS,2022-12-29,150,150,False
TCS,2023-01-25,175,175,False
TCS,2023-02-23,175,175,False
TCS,2023-03-29,175,175,False
TCS,2023-04-27,175,175,False
TCS,2023-05-25,175,175,False
TCS,2023-06-28,175,175,False
TCS,2023-07-27,175,175,False
TCS,2023-08-31,175,175,False
TCS,2023-09-28,175,175,False
TCS,2023-10-26,175,175,False
TCS,2023-11-30,175,175,False
TCS,2023-12-28,175,175,False
TCS,2024-01-25,175,175,False
TCS,2024-02-29,175,175,False
TCS,2024-03-28,175,175,False
TCS,2024-04-25,175,175,False
TCS,2024-05-30,175,175,False
TCS,2024-06-27,175,175,False
TCS,2024-07-25,175,175,False
TCS,2024-08-29,175,175,False
TCS,2024-09-26,175,175,False
TCS,2024-10-31,175,175,False
TCS,2024-11-28,175,175,False
TCS,2024-12-26,175,175,False
TCS,2025-01-30,175,175,False
TCS,2025-02-27,175,175,False
TCS,2025-03-27,175,175,False
TCS,2025-04-24,175,175,False
TCS,2025-05-29,175,175,False
TCS,2025-06-26,175,175,False
TCS,2025-07-31,175,175,False
TCS,2025-08-28,175,175,False
TCS,2025-09-30,175,175,False
TCS,2025-10-28,175,175,False
TCS,2025-11-25,175,175,False
TCS,2025-12-30,175,175,False
TCS,2026-01-27,175,175,False
TCS,2026-02-24,175,175,False
TCS,2026-03-30,175,175,False
TCS,2026-04-28,175,175,False
TCS,2026-05-26,175,175,False
TCS,2026-06-30,175,175,False
TCS,2026-07-28,225,225,False
TCS,2026-08-25,225,225,False
TECHM,2019-10-31,1200,1200,False
TECHM,2019-11-28,1200,1200,False
TECHM,2019-12-26,1200,1200,False
TECHM,2020-01-30,1200,1200,False
TECHM,2020-02-27,1200,1200,False
TECHM,2020-03-26,1200,1200,False
TECHM,2020-04-30,1200,1200,False
TECHM,2020-05-28,1200,1200,False
TECHM,2020-06-25,1200,1200,False
TECHM,2020-07-30,1200,1200,False
TECHM,2020-08-27,1200,1200,False
TECHM,2020-09-24,1200,1200,False
TECHM,2020-10-29,1200,1200,False
TECHM,2020-11-26,1200,1200,False
TECHM,2020-12-31,1200,1200,False
TECHM,2021-01-28,1200,1200,False
TECHM,2021-02-25,1200,1200,False
TECHM,2021-03-25,1200,1200,False
TECHM,2021-04-29,1200,1200,False
TECHM,2021-05-27,1200,600,True
TECHM,2021-06-24,1200,600,True
TECHM,2021-07-29,600,600,False
TECHM,2021-08-26,600,600,False
TECHM,2021-09-30,600,600,False
TECHM,2021-10-28,600,600,False
TECHM,2021-11-25,600,600,False
TECHM,2021-12-30,600,600,False
TECHM,2022-01-27,600,600,False
TECHM,2022-02-24,600,600,False
TECHM,2022-03-31,600,600,False
TECHM,2022-04-28,600,600,False
TECHM,2022-05-26,600,600,False
TECHM,2022-06-30,600,600,False
TECHM,2022-07-28,600,600,False
TECHM,2022-08-25,600,600,False
TECHM,2022-09-29,600,600,False
TECHM,2022-10-27,600,600,False
TECHM,2022-11-24,600,600,False
TECHM,2022-12-29,600,600,False
TECHM,2023-01-25,600,600,False
TECHM,2023-02-23,600,600,False
TECHM,2023-03-29,600,600,False
TECHM,2023-04-27,600,600,False
TECHM,2023-05-25,600,600,False
TECHM,2023-06-28,600,600,False
TECHM,2023-07-27,600,600,False
TECHM,2023-08-31,600,600,False
TECHM,2023-09-28,600,600,False
TECHM,2023-10-26,600,600,False
TECHM,2023-11-30,600,600,False
TECHM,2023-12-28,600,600,False
TECHM,2024-01-25,600,600,False
TECHM,2024-02-29,600,600,False
TECHM,2024-03-28,600,600,False
TECHM,2024-04-25,600,600,False
TECHM,2024-05-30,600,600,False
TECHM,2024-06-27,600,600,False
TECHM,2024-07-25,600,600,False
TECHM,2024-08-29,600,600,False
TECHM,2024-09-26,600,600,False
TECHM,2024-10-31,600,600,False
TECHM,2024-11-28,600,600,False
TECHM,2024-12-26,600,600,False
TECHM,2025-01-30,600,600,False
TECHM,2025-02-27,600,600,False
TECHM,2025-03-27,600,600,False
TECHM,2025-04-24,600,600,False
TECHM,2025-05-29,600,600,False
TECHM,2025-06-26,600,600,False
TECHM,2025-07-31,600,600,False
TECHM,2025-08-28,600,600,False
TECHM,2025-09-30,600,600,False
TECHM,2025-10-28,600,600,False
TECHM,2025-11-25,600,600,False
TECHM,2025-12-30,600,600,False
TECHM,2026-01-27,600,600,False
TECHM,2026-02-24,600,600,False
TECHM,2026-03-30,600,600,False
TECHM,2026-04-28,600,600,False
TECHM,2026-05-26,600,600,False
TECHM,2026-06-30,600,600,False
TECHM,2026-07-28,600,600,False
TECHM,2026-08-25,600,600,False
TIINDIA,2024-12-26,150,150,False
TIINDIA,2025-01-30,150,150,False
TIINDIA,2025-02-27,150,150,False
TIINDIA,2025-03-27,150,150,False
TIINDIA,2025-04-24,150,150,False
TIINDIA,2025-05-29,150,150,False
TIINDIA,2025-06-26,150,150,False
TIINDIA,2025-07-31,200,200,False
TIINDIA,2025-08-28,200,200,False
TIINDIA,2025-09-30,200,200,False
TIINDIA,2025-10-28,200,200,False
TIINDIA,2025-11-25,200,200,False
TIINDIA,2025-12-30,200,200,False
TIINDIA,2026-01-27,200,200,False
TIINDIA,2026-02-24,200,200,False
TIINDIA,2026-03-30,200,200,False
TIINDIA,2026-04-28,200,200,False
TIINDIA,2026-05-26,200,200,False
TIINDIA,2026-06-30,200,200,False
TIINDIA,2026-07-28,200,200,False
TIINDIA,2026-08-25,200,200,False
TITAGARH,2025-03-27,625,625,False
TITAGARH,2025-04-24,625,625,False
TITAGARH,2025-05-29,625,625,False
TITAGARH,2025-06-26,625,625,False
TITAGARH,2025-07-31,725,725,False
TITAGARH,2025-08-28,725,725,False
TITAGARH,2025-09-30,725,725,False
TITAGARH,2025-10-28,725,725,False
TITAGARH,2025-11-25,725,725,False
TITAGARH,2025-12-30,725,725,False
TITAN,2019-10-31,750,750,False
TITAN,2019-11-28,750,750,False
TITAN,2019-12-26,750,750,False
TITAN,2020-01-30,750,750,False
TITAN,2020-02-27,750,750,False
TITAN,2020-03-26,750,750,False
TITAN,2020-04-30,750,750,False
TITAN,2020-05-28,750,750,False
TITAN,2020-06-25,750,750,False
TITAN,2020-07-30,750,750,False
TITAN,2020-08-27,750,750,False
TITAN,2020-09-24,750,750,False
TITAN,2020-10-29,750,750,False
TITAN,2020-11-26,750,750,False
TITAN,2020-12-31,750,750,False
TITAN,2021-01-28,750,750,False
TITAN,2021-02-25,750,750,False
TITAN,2021-03-25,750,750,False
TITAN,2021-04-29,750,750,False
TITAN,2021-05-27,750,375,True
TITAN,2021-06-24,750,375,True
TITAN,2021-07-29,375,375,False
TITAN,2021-08-26,375,375,False
TITAN,2021-09-30,375,375,False
TITAN,2021-10-28,375,375,False
TITAN,2021-11-25,375,375,False
TITAN,2021-12-30,375,375,False
TITAN,2022-01-27,375,375,False
TITAN,2022-02-24,375,375,False
TITAN,2022-03-31,375,375,False
TITAN,2022-04-28,375,375,False
TITAN,2022-05-26,375,375,False
TITAN,2022-06-30,375,375,False
TITAN,2022-07-28,375,375,False
TITAN,2022-08-25,375,375,False
TITAN,2022-09-29,375,375,False
TITAN,2022-10-27,375,375,False
TITAN,2022-11-24,375,375,False
TITAN,2022-12-29,375,375,False
TITAN,2023-01-25,375,375,False
TITAN,2023-02-23,375,375,False
TITAN,2023-03-29,375,375,False
TITAN,2023-04-27,375,375,False
TITAN,2023-05-25,375,375,False
TITAN,2023-06-28,375,375,False
TITAN,2023-07-27,375,375,False
TITAN,2023-08-31,375,375,False
TITAN,2023-09-28,375,375,False
TITAN,2023-10-26,375,375,False
TITAN,2023-11-30,375,375,False
TITAN,2023-12-28,375,375,False
TITAN,2024-01-25,175,175,False
TITAN,2024-02-29,175,175,False
TITAN,2024-03-28,175,175,False
TITAN,2024-04-25,175,175,False
TITAN,2024-05-30,175,175,False
TITAN,2024-06-27,175,175,False
TITAN,2024-07-25,175,175,False
TITAN,2024-08-29,175,175,False
TITAN,2024-09-26,175,175,False
TITAN,2024-10-31,175,175,False
TITAN,2024-11-28,175,175,False
TITAN,2024-12-26,175,175,False
TITAN,2025-01-30,175,175,False
TITAN,2025-02-27,175,175,False
TITAN,2025-03-27,175,175,False
TITAN,2025-04-24,175,175,False
TITAN,2025-05-29,175,175,False
TITAN,2025-06-26,175,175,False
TITAN,2025-07-31,175,175,False
TITAN,2025-08-28,175,175,False
TITAN,2025-09-30,175,175,False
TITAN,2025-10-28,175,175,False
TITAN,2025-11-25,175,175,False
TITAN,2025-12-30,175,175,False
TITAN,2026-01-27,175,175,False
TITAN,2026-02-24,175,175,False
TITAN,2026-03-30,175,175,False
TITAN,2026-04-28,175,175,False
TITAN,2026-05-26,175,175,False
TITAN,2026-06-30,175,175,False
TITAN,2026-07-28,175,175,False
TITAN,2026-08-25,175,175,False
TMPV,2025-10-28,800,800,False
TMPV,2025-11-25,800,800,False
TMPV,2025-12-30,800,800,False
TMPV,2026-01-27,800,800,False
TMPV,2026-02-24,800,800,False
TMPV,2026-03-30,800,800,False
TMPV,2026-04-28,800,800,False
TMPV,2026-05-26,800,800,False
TMPV,2026-06-30,800,800,False
TMPV,2026-07-28,1600,1600,False
TMPV,2026-08-25,1600,1600,False
TORNTPHARM,2019-10-31,500,500,False
TORNTPHARM,2019-11-28,500,500,False
TORNTPHARM,2019-12-26,500,500,False
TORNTPHARM,2020-01-30,500,500,False
TORNTPHARM,2020-02-27,500,500,False
TORNTPHARM,2020-03-26,500,500,False
TORNTPHARM,2020-04-30,500,500,False
TORNTPHARM,2020-05-28,500,500,False
TORNTPHARM,2020-06-25,500,500,False
TORNTPHARM,2020-07-30,500,500,False
TORNTPHARM,2020-08-27,500,500,False
TORNTPHARM,2020-09-24,500,500,False
TORNTPHARM,2020-10-29,500,500,False
TORNTPHARM,2020-11-26,500,250,True
TORNTPHARM,2020-12-31,500,250,True
TORNTPHARM,2021-01-28,250,250,False
TORNTPHARM,2021-02-25,250,250,False
TORNTPHARM,2021-03-25,250,250,False
TORNTPHARM,2021-04-29,250,250,False
TORNTPHARM,2021-05-27,250,250,False
TORNTPHARM,2021-06-24,250,250,False
TORNTPHARM,2021-07-29,250,250,False
TORNTPHARM,2021-08-26,250,250,False
TORNTPHARM,2021-09-30,250,250,False
TORNTPHARM,2021-10-28,250,250,False
TORNTPHARM,2021-11-25,250,250,False
TORNTPHARM,2021-12-30,250,250,False
TORNTPHARM,2022-01-27,250,250,False
TORNTPHARM,2022-02-24,250,250,False
TORNTPHARM,2022-03-31,250,250,False
TORNTPHARM,2022-04-28,250,250,False
TORNTPHARM,2022-05-26,250,250,False
TORNTPHARM,2022-06-30,250,250,False
TORNTPHARM,2022-07-28,250,500,True
TORNTPHARM,2022-08-25,250,500,True
TORNTPHARM,2022-09-29,500,500,False
TORNTPHARM,2022-10-27,500,500,False
TORNTPHARM,2022-11-24,500,500,False
TORNTPHARM,2022-12-29,500,500,False
TORNTPHARM,2023-01-25,500,500,False
TORNTPHARM,2023-02-23,500,500,False
TORNTPHARM,2023-03-29,500,500,False
TORNTPHARM,2023-04-27,500,500,False
TORNTPHARM,2023-05-25,500,500,False
TORNTPHARM,2023-06-28,500,500,False
TORNTPHARM,2023-07-27,500,500,False
TORNTPHARM,2023-08-31,500,500,False
TORNTPHARM,2023-09-28,500,500,False
TORNTPHARM,2023-10-26,500,500,False
TORNTPHARM,2023-11-30,500,500,False
TORNTPHARM,2023-12-28,500,500,False
TORNTPHARM,2024-01-25,500,500,False
TORNTPHARM,2024-02-29,500,500,False
TORNTPHARM,2024-03-28,500,500,False
TORNTPHARM,2024-04-25,500,500,False
TORNTPHARM,2024-05-30,500,250,True
TORNTPHARM,2024-06-27,500,250,True
TORNTPHARM,2024-07-25,250,250,False
TORNTPHARM,2024-08-29,250,250,False
TORNTPHARM,2024-09-26,250,250,False
TORNTPHARM,2024-10-31,250,250,False
TORNTPHARM,2024-11-28,250,250,False
TORNTPHARM,2024-12-26,250,250,False
TORNTPHARM,2025-01-30,250,250,False
TORNTPHARM,2025-02-27,250,250,False
TORNTPHARM,2025-03-27,250,250,False
TORNTPHARM,2025-04-24,250,250,False
TORNTPHARM,2025-05-29,250,250,False
TORNTPHARM,2025-06-26,250,250,False
TORNTPHARM,2025-07-31,250,250,False
TORNTPHARM,2025-08-28,250,250,False
TORNTPHARM,2025-09-30,250,250,False
TORNTPHARM,2025-10-28,250,250,False
TORNTPHARM,2025-11-25,250,250,False
TORNTPHARM,2025-12-30,250,250,False
TORNTPHARM,2026-01-27,250,250,False
TORNTPHARM,2026-02-24,250,250,False
TORNTPHARM,2026-03-30,250,250,False
TORNTPHARM,2026-04-28,250,250,False
TORNTPHARM,2026-05-26,250,125,True
TORNTPHARM,2026-06-30,250,125,True
TORNTPHARM,2026-07-28,125,125,False
TORNTPHARM,2026-08-25,125,125,False
TORNTPOWER,2019-10-31,3000,3000,False
TORNTPOWER,2019-11-28,3000,3000,False
TORNTPOWER,2019-12-26,3000,3000,False
TORNTPOWER,2020-01-30,3000,3000,False
TORNTPOWER,2020-02-27,3000,3000,False
TORNTPOWER,2020-03-26,3000,3000,False
TORNTPOWER,2020-04-30,3000,3000,False
TORNTPOWER,2020-05-28,3000,3000,False
TORNTPOWER,2020-06-25,3000,3000,False
TORNTPOWER,2020-07-30,3000,3000,False
TORNTPOWER,2020-08-27,3000,3000,False
TORNTPOWER,2020-09-24,3000,3000,False
TORNTPOWER,2020-10-29,3000,3000,False
TORNTPOWER,2020-11-26,3000,3000,False
TORNTPOWER,2020-12-31,3000,3000,False
TORNTPOWER,2021-01-28,3000,3000,False
TORNTPOWER,2021-02-25,3000,3000,False
TORNTPOWER,2021-03-25,3000,3000,False
TORNTPOWER,2021-04-29,3000,3000,False
TORNTPOWER,2021-05-27,3000,1500,True
TORNTPOWER,2021-06-24,3000,1500,True
TORNTPOWER,2021-07-29,1500,1500,False
TORNTPOWER,2021-08-26,1500,1500,False
TORNTPOWER,2021-09-30,1500,1500,False
TORNTPOWER,2021-10-28,1500,1500,False
TORNTPOWER,2021-11-25,1500,1500,False
TORNTPOWER,2021-12-30,1500,1500,False
TORNTPOWER,2022-01-27,1500,1500,False
TORNTPOWER,2022-02-24,1500,1500,False
TORNTPOWER,2022-03-31,1500,1500,False
TORNTPOWER,2022-04-28,1500,1500,False
TORNTPOWER,2022-05-26,1500,1500,False
TORNTPOWER,2022-06-30,1500,1500,False
TORNTPOWER,2022-07-28,1500,1500,False
TORNTPOWER,2022-08-25,1500,1500,False
TORNTPOWER,2022-09-29,1500,1500,False
TORNTPOWER,2022-10-27,1500,1500,False
TORNTPOWER,2022-11-24,1500,1500,False
TORNTPOWER,2022-12-29,1500,1500,False
TORNTPOWER,2023-01-25,1500,1500,False
TORNTPOWER,2023-02-23,1500,1500,False
TORNTPOWER,2023-03-29,1500,1500,False
TORNTPOWER,2025-02-27,375,375,False
TORNTPOWER,2025-03-27,375,375,False
TORNTPOWER,2025-04-24,375,375,False
TORNTPOWER,2025-05-29,375,375,False
TORNTPOWER,2025-06-26,375,375,False
TORNTPOWER,2025-07-31,375,375,False
TORNTPOWER,2025-08-28,375,375,False
TORNTPOWER,2025-09-30,375,375,False
TORNTPOWER,2025-10-28,375,375,False
TORNTPOWER,2025-11-25,375,375,False
TORNTPOWER,2025-12-30,375,375,False
TORNTPOWER,2026-01-27,425,425,False
TORNTPOWER,2026-02-24,425,425,False
TORNTPOWER,2026-03-30,425,425,False
TORNTPOWER,2026-04-28,425,425,False
TRENT,2021-03-25,725,725,False
TRENT,2021-04-29,725,725,False
TRENT,2021-05-27,725,725,False
TRENT,2021-06-24,725,725,False
TRENT,2021-07-29,725,725,False
TRENT,2021-08-26,725,725,False
TRENT,2021-09-30,725,725,False
TRENT,2021-10-28,725,725,False
TRENT,2021-11-25,725,725,False
TRENT,2021-12-30,725,725,False
TRENT,2022-01-27,725,725,False
TRENT,2022-02-24,725,725,False
TRENT,2022-03-31,725,725,False
TRENT,2022-04-28,725,725,False
TRENT,2022-05-26,725,725,False
TRENT,2022-06-30,725,725,False
TRENT,2022-07-28,725,725,False
TRENT,2022-08-25,725,725,False
TRENT,2022-09-29,725,725,False
TRENT,2022-10-27,725,725,False
TRENT,2022-11-24,725,725,False
TRENT,2022-12-29,725,725,False
TRENT,2023-01-25,400,400,False
TRENT,2023-02-23,400,400,False
TRENT,2023-03-29,400,400,False
TRENT,2023-04-27,400,400,False
TRENT,2023-05-25,400,400,False
TRENT,2023-06-28,400,400,False
TRENT,2023-07-27,400,400,False
TRENT,2023-08-31,400,400,False
TRENT,2023-09-28,400,400,False
TRENT,2023-10-26,400,400,False
TRENT,2023-11-30,400,400,False
TRENT,2023-12-28,400,400,False
TRENT,2024-01-25,400,400,False
TRENT,2024-02-29,400,400,False
TRENT,2024-03-28,400,400,False
TRENT,2024-04-25,400,400,False
TRENT,2024-05-30,400,200,True
TRENT,2024-06-27,400,200,True
TRENT,2024-07-25,200,200,False
TRENT,2024-08-29,200,200,False
TRENT,2024-09-26,200,200,False
TRENT,2024-10-31,200,200,False
TRENT,2024-11-28,200,100,True
TRENT,2024-12-26,200,100,True
TRENT,2025-01-30,100,100,False
TRENT,2025-02-27,100,100,False
TRENT,2025-03-27,100,100,False
TRENT,2025-04-24,100,100,False
TRENT,2025-05-29,100,100,False
TRENT,2025-06-26,100,100,False
TRENT,2025-07-31,100,100,False
TRENT,2025-08-28,100,100,False
TRENT,2025-09-30,100,100,False
TRENT,2025-10-28,100,100,False
TRENT,2025-11-25,100,100,False
TRENT,2025-12-30,100,100,False
TRENT,2026-01-27,100,100,False
TRENT,2026-02-24,100,100,False
TRENT,2026-03-30,100,100,False
TRENT,2026-04-28,100,100,False
TRENT,2026-05-26,100,100,False
TRENT,2026-06-30,100,150,True
TRENT,2026-07-28,150,225,True
TRENT,2026-08-25,150,225,True
TVSMOTOR,2019-10-31,1100,1100,False
TVSMOTOR,2019-11-28,1100,1100,False
TVSMOTOR,2019-12-26,1100,1100,False
TVSMOTOR,2020-01-30,1350,1350,False
TVSMOTOR,2020-02-27,1350,1350,False
TVSMOTOR,2020-03-26,1350,1350,False
TVSMOTOR,2020-04-30,1350,1350,False
TVSMOTOR,2020-05-28,1350,1350,False
TVSMOTOR,2020-06-25,1350,1350,False
TVSMOTOR,2020-07-30,1400,1400,False
TVSMOTOR,2020-08-27,1400,1400,False
TVSMOTOR,2020-09-24,1400,1400,False
TVSMOTOR,2020-10-29,1400,1400,False
TVSMOTOR,2020-11-26,1400,1400,False
TVSMOTOR,2020-12-31,1400,1400,False
TVSMOTOR,2021-01-28,1400,1400,False
TVSMOTOR,2021-02-25,1400,1400,False
TVSMOTOR,2021-03-25,1400,1400,False
TVSMOTOR,2021-04-29,1400,1400,False
TVSMOTOR,2021-05-27,1400,1400,False
TVSMOTOR,2021-06-24,1400,1400,False
TVSMOTOR,2021-07-29,1400,1400,False
TVSMOTOR,2021-08-26,1400,1400,False
TVSMOTOR,2021-09-30,1400,1400,False
TVSMOTOR,2021-10-28,1400,1400,False
TVSMOTOR,2021-11-25,1400,1400,False
TVSMOTOR,2021-12-30,1400,1400,False
TVSMOTOR,2022-01-27,1400,1400,False
TVSMOTOR,2022-02-24,1400,1400,False
TVSMOTOR,2022-03-31,1400,1400,False
TVSMOTOR,2022-04-28,1400,1400,False
TVSMOTOR,2022-05-26,1400,1400,False
TVSMOTOR,2022-06-30,1400,1400,False
TVSMOTOR,2022-07-28,1400,1400,False
TVSMOTOR,2022-08-25,1400,1400,False
TVSMOTOR,2022-09-29,1400,1400,False
TVSMOTOR,2022-10-27,1400,1400,False
TVSMOTOR,2022-11-24,1400,700,True
TVSMOTOR,2022-12-29,1400,700,True
TVSMOTOR,2023-01-25,700,700,False
TVSMOTOR,2023-02-23,700,700,False
TVSMOTOR,2023-03-29,700,700,False
TVSMOTOR,2023-04-27,700,700,False
TVSMOTOR,2023-05-25,700,700,False
TVSMOTOR,2023-06-28,700,700,False
TVSMOTOR,2023-07-27,700,700,False
TVSMOTOR,2023-08-31,700,700,False
TVSMOTOR,2023-09-28,700,700,False
TVSMOTOR,2023-10-26,700,700,False
TVSMOTOR,2023-11-30,700,350,True
TVSMOTOR,2023-12-28,700,350,True
TVSMOTOR,2024-01-25,350,350,False
TVSMOTOR,2024-02-29,350,350,False
TVSMOTOR,2024-03-28,350,350,False
TVSMOTOR,2024-04-25,350,350,False
TVSMOTOR,2024-05-30,350,350,False
TVSMOTOR,2024-06-27,350,350,False
TVSMOTOR,2024-07-25,350,350,False
TVSMOTOR,2024-08-29,350,350,False
TVSMOTOR,2024-09-26,350,350,False
TVSMOTOR,2024-10-31,350,350,False
TVSMOTOR,2024-11-28,350,350,False
TVSMOTOR,2024-12-26,350,350,False
TVSMOTOR,2025-01-30,350,350,False
TVSMOTOR,2025-02-27,350,350,False
TVSMOTOR,2025-03-27,350,350,False
TVSMOTOR,2025-04-24,350,350,False
TVSMOTOR,2025-05-29,350,350,False
TVSMOTOR,2025-06-26,350,350,False
TVSMOTOR,2025-07-31,350,350,False
TVSMOTOR,2025-08-28,350,350,False
TVSMOTOR,2025-09-30,350,350,False
TVSMOTOR,2025-10-28,350,350,False
TVSMOTOR,2025-11-25,350,175,True
TVSMOTOR,2025-12-30,350,175,True
TVSMOTOR,2026-01-27,175,175,False
TVSMOTOR,2026-02-24,175,175,False
TVSMOTOR,2026-03-30,175,175,False
TVSMOTOR,2026-04-28,175,175,False
TVSMOTOR,2026-05-26,175,175,False
TVSMOTOR,2026-06-30,175,175,False
TVSMOTOR,2026-07-28,175,175,False
TVSMOTOR,2026-08-25,175,175,False
UBL,2019-10-31,700,700,False
UBL,2019-11-28,700,700,False
UBL,2019-12-26,700,700,False
UBL,2020-01-30,700,700,False
UBL,2020-02-27,700,700,False
UBL,2020-03-26,700,700,False
UBL,2020-04-30,700,700,False
UBL,2020-05-28,700,700,False
UBL,2020-06-25,700,700,False
UBL,2020-07-30,700,700,False
UBL,2020-08-27,700,700,False
UBL,2020-09-24,700,700,False
UBL,2020-10-29,700,700,False
UBL,2020-11-26,700,700,False
UBL,2020-12-31,700,700,False
UBL,2021-01-28,700,700,False
UBL,2021-02-25,700,700,False
UBL,2021-03-25,700,700,False
UBL,2021-04-29,700,700,False
UBL,2021-05-27,700,700,False
UBL,2021-06-24,700,700,False
UBL,2021-07-29,700,700,False
UBL,2021-08-26,700,700,False
UBL,2021-09-30,700,700,False
UBL,2021-10-28,700,700,False
UBL,2021-11-25,700,350,True
UBL,2021-12-30,700,350,True
UBL,2022-01-27,350,350,False
UBL,2022-02-24,350,350,False
UBL,2022-03-31,350,350,False
UBL,2022-04-28,350,350,False
UBL,2022-05-26,350,350,False
UBL,2022-06-30,350,350,False
UBL,2022-07-28,400,400,False
UBL,2022-08-25,400,400,False
UBL,2022-09-29,400,400,False
UBL,2022-10-27,400,400,False
UBL,2022-11-24,400,400,False
UBL,2022-12-29,400,400,False
UBL,2023-01-25,400,400,False
UBL,2023-02-23,400,400,False
UBL,2023-03-29,400,400,False
UBL,2023-04-27,400,400,False
UBL,2023-05-25,400,400,False
UBL,2023-06-28,400,400,False
UBL,2023-07-27,400,400,False
UBL,2023-08-31,400,400,False
UBL,2023-09-28,400,400,False
UBL,2023-10-26,400,400,False
UBL,2023-11-30,400,400,False
UBL,2023-12-28,400,400,False
UBL,2024-01-25,400,400,False
UBL,2024-02-29,400,400,False
UBL,2024-03-28,400,400,False
UBL,2024-04-25,400,400,False
UBL,2024-05-30,400,400,False
UBL,2024-06-27,400,400,False
UBL,2024-07-25,400,400,False
UBL,2024-08-29,400,400,False
UBL,2024-09-26,400,400,False
UBL,2024-10-31,400,400,False
UBL,2024-11-28,400,400,False
UBL,2024-12-26,400,400,False
UBL,2025-01-30,400,400,False
UBL,2025-02-27,400,400,False
UJJIVAN,2019-10-31,1600,1600,False
UJJIVAN,2019-11-28,1600,1600,False
UJJIVAN,2019-12-26,1600,1600,False
UJJIVAN,2020-01-30,1700,1700,False
UJJIVAN,2020-02-27,1700,1700,False
UJJIVAN,2020-03-26,1700,1700,False
UJJIVAN,2020-04-30,1700,1700,False
UJJIVAN,2020-05-28,1700,1700,False
UJJIVAN,2020-06-25,1700,1700,False
UJJIVAN,2020-07-30,2200,2200,False
UJJIVAN,2020-08-27,2200,2200,False
ULTRACEMCO,2019-10-31,200,200,False
ULTRACEMCO,2019-11-28,200,200,False
ULTRACEMCO,2019-12-26,200,200,False
ULTRACEMCO,2020-01-30,200,200,False
ULTRACEMCO,2020-02-27,200,200,False
ULTRACEMCO,2020-03-26,200,200,False
ULTRACEMCO,2020-04-30,200,200,False
ULTRACEMCO,2020-05-28,200,200,False
ULTRACEMCO,2020-06-25,200,200,False
ULTRACEMCO,2020-07-30,200,200,False
ULTRACEMCO,2020-08-27,200,200,False
ULTRACEMCO,2020-09-24,200,200,False
ULTRACEMCO,2020-10-29,200,200,False
ULTRACEMCO,2020-11-26,200,200,False
ULTRACEMCO,2020-12-31,200,200,False
ULTRACEMCO,2021-01-28,200,200,False
ULTRACEMCO,2021-02-25,200,200,False
ULTRACEMCO,2021-03-25,200,200,False
ULTRACEMCO,2021-04-29,200,200,False
ULTRACEMCO,2021-05-27,200,100,True
ULTRACEMCO,2021-06-24,200,100,True
ULTRACEMCO,2021-07-29,100,100,False
ULTRACEMCO,2021-08-26,100,100,False
ULTRACEMCO,2021-09-30,100,100,False
ULTRACEMCO,2021-10-28,100,100,False
ULTRACEMCO,2021-11-25,100,100,False
ULTRACEMCO,2021-12-30,100,100,False
ULTRACEMCO,2022-01-27,100,100,False
ULTRACEMCO,2022-02-24,100,100,False
ULTRACEMCO,2022-03-31,100,100,False
ULTRACEMCO,2022-04-28,100,100,False
ULTRACEMCO,2022-05-26,100,100,False
ULTRACEMCO,2022-06-30,100,100,False
ULTRACEMCO,2022-07-28,100,100,False
ULTRACEMCO,2022-08-25,100,100,False
ULTRACEMCO,2022-09-29,100,100,False
ULTRACEMCO,2022-10-27,100,100,False
ULTRACEMCO,2022-11-24,100,100,False
ULTRACEMCO,2022-12-29,100,100,False
ULTRACEMCO,2023-01-25,100,100,False
ULTRACEMCO,2023-02-23,100,100,False
ULTRACEMCO,2023-03-29,100,100,False
ULTRACEMCO,2023-04-27,100,100,False
ULTRACEMCO,2023-05-25,100,100,False
ULTRACEMCO,2023-06-28,100,100,False
ULTRACEMCO,2023-07-27,100,100,False
ULTRACEMCO,2023-08-31,100,100,False
ULTRACEMCO,2023-09-28,100,100,False
ULTRACEMCO,2023-10-26,100,100,False
ULTRACEMCO,2023-11-30,100,100,False
ULTRACEMCO,2023-12-28,100,100,False
ULTRACEMCO,2024-01-25,100,100,False
ULTRACEMCO,2024-02-29,100,100,False
ULTRACEMCO,2024-03-28,100,100,False
ULTRACEMCO,2024-04-25,100,100,False
ULTRACEMCO,2024-05-30,100,100,False
ULTRACEMCO,2024-06-27,100,100,False
ULTRACEMCO,2024-07-25,100,100,False
ULTRACEMCO,2024-08-29,100,100,False
ULTRACEMCO,2024-09-26,100,100,False
ULTRACEMCO,2024-10-31,100,100,False
ULTRACEMCO,2024-11-28,100,50,True
ULTRACEMCO,2024-12-26,100,50,True
ULTRACEMCO,2025-01-30,50,50,False
ULTRACEMCO,2025-02-27,50,50,False
ULTRACEMCO,2025-03-27,50,50,False
ULTRACEMCO,2025-04-24,50,50,False
ULTRACEMCO,2025-05-29,50,50,False
ULTRACEMCO,2025-06-26,50,50,False
ULTRACEMCO,2025-07-31,50,50,False
ULTRACEMCO,2025-08-28,50,50,False
ULTRACEMCO,2025-09-30,50,50,False
ULTRACEMCO,2025-10-28,50,50,False
ULTRACEMCO,2025-11-25,50,50,False
ULTRACEMCO,2025-12-30,50,50,False
ULTRACEMCO,2026-01-27,50,50,False
ULTRACEMCO,2026-02-24,50,50,False
ULTRACEMCO,2026-03-30,50,50,False
ULTRACEMCO,2026-04-28,50,50,False
ULTRACEMCO,2026-05-26,50,50,False
ULTRACEMCO,2026-06-30,50,50,False
ULTRACEMCO,2026-07-28,50,50,False
ULTRACEMCO,2026-08-25,50,50,False
UNIONBANK,2019-10-31,7000,7000,False
UNIONBANK,2019-11-28,7000,7000,False
UNIONBANK,2019-12-26,7000,7000,False
UNIONBANK,2024-12-26,4425,4425,False
UNIONBANK,2025-01-30,4425,4425,False
UNIONBANK,2025-02-27,4425,4425,False
UNIONBANK,2025-03-27,4425,4425,False
UNIONBANK,2025-04-24,4425,4425,False
UNIONBANK,2025-05-29,4425,4425,False
UNIONBANK,2025-06-26,4425,4425,False
UNIONBANK,2025-07-31,4425,4425,False
UNIONBANK,2025-08-28,4425,4425,False
UNIONBANK,2025-09-30,4425,4425,False
UNIONBANK,2025-10-28,4425,4425,False
UNIONBANK,2025-11-25,4425,4425,False
UNIONBANK,2025-12-30,4425,4425,False
UNIONBANK,2026-01-27,4425,4425,False
UNIONBANK,2026-02-24,4425,4425,False
UNIONBANK,2026-03-30,4425,4425,False
UNIONBANK,2026-04-28,4425,4425,False
UNIONBANK,2026-05-26,4425,4425,False
UNIONBANK,2026-06-30,4425,4425,False
UNIONBANK,2026-07-28,4425,4425,False
UNIONBANK,2026-08-25,4425,4425,False
UNITDSPR,2024-06-27,700,700,False
UNITDSPR,2024-07-25,700,700,False
UNITDSPR,2024-08-29,700,700,False
UNITDSPR,2024-09-26,700,700,False
UNITDSPR,2024-10-31,700,700,False
UNITDSPR,2024-11-28,700,350,True
UNITDSPR,2024-12-26,700,350,True
UNITDSPR,2025-01-30,350,350,False
UNITDSPR,2025-02-27,350,350,False
UNITDSPR,2025-03-27,350,350,False
UNITDSPR,2025-04-24,350,350,False
UNITDSPR,2025-05-29,350,350,False
UNITDSPR,2025-06-26,350,350,False
UNITDSPR,2025-07-31,400,400,False
UNITDSPR,2025-08-28,400,400,False
UNITDSPR,2025-09-30,400,400,False
UNITDSPR,2025-10-28,400,400,False
UNITDSPR,2025-11-25,400,400,False
UNITDSPR,2025-12-30,400,400,False
UNITDSPR,2026-01-27,400,400,False
UNITDSPR,2026-02-24,400,400,False
UNITDSPR,2026-03-30,400,400,False
UNITDSPR,2026-04-28,400,400,False
UNITDSPR,2026-05-26,400,400,False
UNITDSPR,2026-06-30,400,400,False
UNITDSPR,2026-07-28,400,400,False
UNITDSPR,2026-08-25,400,400,False
UNOMINDA,2025-06-26,550,550,False
UNOMINDA,2025-07-31,550,550,False
UNOMINDA,2025-08-28,550,550,False
UNOMINDA,2025-09-30,550,550,False
UNOMINDA,2025-10-28,550,550,False
UNOMINDA,2025-11-25,550,550,False
UNOMINDA,2025-12-30,550,550,False
UNOMINDA,2026-01-27,550,550,False
UNOMINDA,2026-02-24,550,550,False
UNOMINDA,2026-03-30,550,550,False
UNOMINDA,2026-04-28,550,550,False
UNOMINDA,2026-05-26,550,550,False
UNOMINDA,2026-06-30,550,550,False
UNOMINDA,2026-07-28,550,550,False
UNOMINDA,2026-08-25,550,550,False
UPL,2019-10-31,900,900,False
UPL,2019-11-28,900,900,False
UPL,2019-12-26,900,900,False
UPL,2020-01-30,900,900,False
UPL,2020-02-27,900,900,False
UPL,2020-03-26,900,900,False
UPL,2020-04-30,900,900,False
UPL,2020-05-28,900,900,False
UPL,2020-06-25,900,900,False
UPL,2020-07-30,1300,1300,False
UPL,2020-08-27,1300,1300,False
UPL,2020-09-24,1300,1300,False
UPL,2020-10-29,1300,1300,False
UPL,2020-11-26,1300,1300,False
UPL,2020-12-31,1300,1300,False
UPL,2021-01-28,1300,1300,False
UPL,2021-02-25,1300,1300,False
UPL,2021-03-25,1300,1300,False
UPL,2021-04-29,1300,1300,False
UPL,2021-05-27,1300,1300,False
UPL,2021-06-24,1300,1300,False
UPL,2021-07-29,1300,1300,False
UPL,2021-08-26,1300,1300,False
UPL,2021-09-30,1300,1300,False
UPL,2021-10-28,1300,1300,False
UPL,2021-11-25,1300,1300,False
UPL,2021-12-30,1300,1300,False
UPL,2022-01-27,1300,1300,False
UPL,2022-02-24,1300,1300,False
UPL,2022-03-31,1300,1300,False
UPL,2022-04-28,1300,1300,False
UPL,2022-05-26,1300,1300,False
UPL,2022-06-30,1300,1300,False
UPL,2022-07-28,1300,1300,False
UPL,2022-08-25,1300,1300,False
UPL,2022-09-29,1300,1300,False
UPL,2022-10-27,1300,1300,False
UPL,2022-11-24,1300,1300,False
UPL,2022-12-29,1300,1300,False
UPL,2023-01-25,1300,1300,False
UPL,2023-02-23,1300,1300,False
UPL,2023-03-29,1300,1300,False
UPL,2023-04-27,1300,1300,False
UPL,2023-05-25,1300,1300,False
UPL,2023-06-28,1300,1300,False
UPL,2023-07-27,1300,1300,False
UPL,2023-08-31,1300,1300,False
UPL,2023-09-28,1300,1300,False
UPL,2023-10-26,1300,1300,False
UPL,2023-11-30,1300,1300,False
UPL,2023-12-28,1300,1300,False
UPL,2024-01-25,1300,1300,False
UPL,2024-02-29,1300,1300,False
UPL,2024-03-28,1300,1300,False
UPL,2024-04-25,1300,1300,False
UPL,2024-05-30,1300,1300,False
UPL,2024-06-27,1300,1300,False
UPL,2024-07-25,1300,1300,False
UPL,2024-08-29,1300,1300,False
UPL,2024-09-26,1300,1300,False
UPL,2024-10-31,1300,1300,False
UPL,2024-11-28,1300,1355,True
UPL,2024-12-26,1300,1355,True
UPL,2025-01-30,1300,1355,True
UPL,2025-02-27,1355,1355,False
UPL,2025-03-27,1355,1355,False
UPL,2025-04-24,1355,1355,False
UPL,2025-05-29,1355,1355,False
UPL,2025-06-26,1355,1355,False
UPL,2025-07-31,1355,1355,False
UPL,2025-08-28,1355,1355,False
UPL,2025-09-30,1355,1355,False
UPL,2025-10-28,1355,1355,False
UPL,2025-11-25,1355,1355,False
UPL,2025-12-30,1355,1355,False
UPL,2026-01-27,1355,1355,False
UPL,2026-02-24,1355,1355,False
UPL,2026-03-30,1355,1355,False
UPL,2026-04-28,1355,1355,False
UPL,2026-05-26,1355,1355,False
UPL,2026-06-30,1355,1355,False
UPL,2026-07-28,1355,1355,False
UPL,2026-08-25,1355,1355,False
VBL,2024-12-26,875,875,False
VBL,2025-01-30,875,875,False
VBL,2025-02-27,875,875,False
VBL,2025-03-27,875,875,False
VBL,2025-04-24,875,875,False
VBL,2025-05-29,875,875,False
VBL,2025-06-26,875,875,False
VBL,2025-07-31,1025,1025,False
VBL,2025-08-28,1025,1025,False
VBL,2025-09-30,1025,1025,False
VBL,2025-10-28,1025,1025,False
VBL,2025-11-25,1025,1025,False
VBL,2025-12-30,1025,1025,False
VBL,2026-01-27,1125,1125,False
VBL,2026-02-24,1125,1125,False
VBL,2026-03-30,1125,1125,False
VBL,2026-04-28,1125,1125,False
VBL,2026-05-26,1125,1125,False
VBL,2026-06-30,1125,1125,False
VBL,2026-07-28,1275,1275,False
VBL,2026-08-25,1275,1275,False
VEDL,2019-10-31,3000,3000,False
VEDL,2019-11-28,3000,3000,False
VEDL,2019-12-26,3000,3000,False
VEDL,2020-01-30,3500,3500,False
VEDL,2020-02-27,3500,3500,False
VEDL,2020-03-26,3500,3500,False
VEDL,2020-04-30,3500,3500,False
VEDL,2020-05-28,3500,3500,False
VEDL,2020-06-25,3500,3500,False
VEDL,2020-07-30,6200,6200,False
VEDL,2020-08-27,6200,6200,False
VEDL,2020-09-24,6200,6200,False
VEDL,2020-10-29,6200,6200,False
VEDL,2020-11-26,6200,6200,False
VEDL,2020-12-31,6200,6200,False
VEDL,2021-01-28,6200,6200,False
VEDL,2021-02-25,6200,6200,False
VEDL,2021-03-25,6200,6200,False
VEDL,2021-04-29,6200,6200,False
VEDL,2021-05-27,6200,3100,True
VEDL,2021-06-24,6200,3100,True
VEDL,2021-07-29,3100,3100,False
VEDL,2021-08-26,3100,3100,False
VEDL,2021-09-30,3100,3100,False
VEDL,2021-10-28,3100,3100,False
VEDL,2021-11-25,3100,3100,False
VEDL,2021-12-30,3100,3100,False
VEDL,2022-01-27,3100,3100,False
VEDL,2022-02-24,3100,3100,False
VEDL,2022-03-31,3100,3100,False
VEDL,2022-04-28,3100,3100,False
VEDL,2022-05-26,3100,1550,True
VEDL,2022-06-30,3100,1550,True
VEDL,2022-07-28,1550,1550,False
VEDL,2022-08-25,1550,1550,False
VEDL,2022-09-29,1550,1550,False
VEDL,2022-10-27,1550,1550,False
VEDL,2022-11-24,1550,1550,False
VEDL,2022-12-29,1550,1550,False
VEDL,2023-01-25,2000,2000,False
VEDL,2023-02-23,2000,2000,False
VEDL,2023-03-29,2000,2000,False
VEDL,2023-04-27,2000,2000,False
VEDL,2023-05-25,2000,2000,False
VEDL,2023-06-28,2000,2000,False
VEDL,2023-07-27,2000,2000,False
VEDL,2023-08-31,2000,2000,False
VEDL,2023-09-28,2000,2000,False
VEDL,2023-10-26,2000,2000,False
VEDL,2023-11-30,2000,2000,False
VEDL,2023-12-28,2000,2000,False
VEDL,2024-01-25,2300,2300,False
VEDL,2024-02-29,2300,2300,False
VEDL,2024-03-28,2300,2300,False
VEDL,2024-04-25,2300,2300,False
VEDL,2024-05-30,2300,2300,False
VEDL,2024-06-27,2300,2300,False
VEDL,2024-07-25,2300,2300,False
VEDL,2024-08-29,2300,2300,False
VEDL,2024-09-26,2300,2300,False
VEDL,2024-10-31,2300,2300,False
VEDL,2024-11-28,2300,1150,True
VEDL,2024-12-26,2300,1150,True
VEDL,2025-01-30,1150,1150,False
VEDL,2025-02-27,1150,1150,False
VEDL,2025-03-27,1150,1150,False
VEDL,2025-04-24,1150,1150,False
VEDL,2025-05-29,1150,1150,False
VEDL,2025-06-26,1150,1150,False
VEDL,2025-07-31,1150,1150,False
VEDL,2025-08-28,1150,1150,False
VEDL,2025-09-30,1150,1150,False
VEDL,2025-10-28,1150,1150,False
VEDL,2025-11-25,1150,1150,False
VEDL,2025-12-30,1150,1150,False
VEDL,2026-01-27,1150,1150,False
VEDL,2026-02-24,1150,1150,False
VEDL,2026-03-30,1150,1150,False
VEDL,2026-04-29,1150,1150,False
VEDL,2026-05-26,1150,1150,False
VEDL,2026-06-30,1150,1150,False
VEDL,2026-07-28,1150,1150,False
VEDL,2026-08-25,1150,1150,False
VMM,2026-04-28,4850,4850,False
VMM,2026-05-26,4850,4850,False
VMM,2026-06-30,4850,4850,False
VMM,2026-07-28,4850,4850,False
VMM,2026-08-25,4850,4850,False
VOLTAS,2019-10-31,1000,1000,False
VOLTAS,2019-11-28,1000,1000,False
VOLTAS,2019-12-26,1000,1000,False
VOLTAS,2020-01-30,1000,1000,False
VOLTAS,2020-02-27,1000,1000,False
VOLTAS,2020-03-26,1000,1000,False
VOLTAS,2020-04-30,1000,1000,False
VOLTAS,2020-05-28,1000,1000,False
VOLTAS,2020-06-25,1000,1000,False
VOLTAS,2020-07-30,1000,1000,False
VOLTAS,2020-08-27,1000,1000,False
VOLTAS,2020-09-24,1000,1000,False
VOLTAS,2020-10-29,1000,1000,False
VOLTAS,2020-11-26,1000,1000,False
VOLTAS,2020-12-31,1000,1000,False
VOLTAS,2021-01-28,1000,1000,False
VOLTAS,2021-02-25,1000,1000,False
VOLTAS,2021-03-25,1000,1000,False
VOLTAS,2021-04-29,1000,1000,False
VOLTAS,2021-05-27,1000,500,True
VOLTAS,2021-06-24,1000,500,True
VOLTAS,2021-07-29,500,500,False
VOLTAS,2021-08-26,500,500,False
VOLTAS,2021-09-30,500,500,False
VOLTAS,2021-10-28,500,500,False
VOLTAS,2021-11-25,500,500,False
VOLTAS,2021-12-30,500,500,False
VOLTAS,2022-01-27,500,500,False
VOLTAS,2022-02-24,500,500,False
VOLTAS,2022-03-31,500,500,False
VOLTAS,2022-04-28,500,500,False
VOLTAS,2022-05-26,500,500,False
VOLTAS,2022-06-30,500,500,False
VOLTAS,2022-07-28,500,500,False
VOLTAS,2022-08-25,500,500,False
VOLTAS,2022-09-29,500,500,False
VOLTAS,2022-10-27,500,500,False
VOLTAS,2022-11-24,500,500,False
VOLTAS,2022-12-29,500,500,False
VOLTAS,2023-01-25,600,600,False
VOLTAS,2023-02-23,600,600,False
VOLTAS,2023-03-29,600,600,False
VOLTAS,2023-04-27,600,600,False
VOLTAS,2023-05-25,600,600,False
VOLTAS,2023-06-28,600,600,False
VOLTAS,2023-07-27,600,600,False
VOLTAS,2023-08-31,600,600,False
VOLTAS,2023-09-28,600,600,False
VOLTAS,2023-10-26,600,600,False
VOLTAS,2023-11-30,600,600,False
VOLTAS,2023-12-28,600,600,False
VOLTAS,2024-01-25,600,600,False
VOLTAS,2024-02-29,600,600,False
VOLTAS,2024-03-28,600,600,False
VOLTAS,2024-04-25,600,600,False
VOLTAS,2024-05-30,600,600,False
VOLTAS,2024-06-27,600,600,False
VOLTAS,2024-07-25,600,600,False
VOLTAS,2024-08-29,600,600,False
VOLTAS,2024-09-26,600,600,False
VOLTAS,2024-10-31,600,600,False
VOLTAS,2024-11-28,600,300,True
VOLTAS,2024-12-26,600,300,True
VOLTAS,2025-01-30,300,300,False
VOLTAS,2025-02-27,300,300,False
VOLTAS,2025-03-27,300,300,False
VOLTAS,2025-04-24,300,300,False
VOLTAS,2025-05-29,300,300,False
VOLTAS,2025-06-26,300,300,False
VOLTAS,2025-07-31,375,375,False
VOLTAS,2025-08-28,375,375,False
VOLTAS,2025-09-30,375,375,False
VOLTAS,2025-10-28,375,375,False
VOLTAS,2025-11-25,375,375,False
VOLTAS,2025-12-30,375,375,False
VOLTAS,2026-01-27,375,375,False
VOLTAS,2026-02-24,375,375,False
VOLTAS,2026-03-30,375,375,False
VOLTAS,2026-04-28,375,375,False
VOLTAS,2026-05-26,375,375,False
VOLTAS,2026-06-30,375,375,False
VOLTAS,2026-07-28,375,375,False
VOLTAS,2026-08-25,375,375,False
WAAREEENER,2026-01-27,175,175,False
WAAREEENER,2026-02-24,175,175,False
WAAREEENER,2026-03-30,175,175,False
WAAREEENER,2026-04-28,175,175,False
WAAREEENER,2026-05-26,175,175,False
WAAREEENER,2026-06-30,175,175,False
WAAREEENER,2026-07-28,175,175,False
WAAREEENER,2026-08-25,175,175,False
WHIRLPOOL,2021-11-25,250,250,False
WHIRLPOOL,2021-12-30,250,250,False
WHIRLPOOL,2022-01-27,250,250,False
WHIRLPOOL,2022-02-24,250,250,False
WHIRLPOOL,2022-03-31,250,250,False
WHIRLPOOL,2022-04-28,250,250,False
WHIRLPOOL,2022-05-26,250,250,False
WHIRLPOOL,2022-06-30,250,250,False
WHIRLPOOL,2022-07-28,350,350,False
WHIRLPOOL,2022-08-25,350,350,False
WHIRLPOOL,2022-09-29,350,350,False
WHIRLPOOL,2022-10-27,350,350,False
WHIRLPOOL,2022-11-24,350,350,False
WHIRLPOOL,2022-12-29,350,350,False
WHIRLPOOL,2023-01-25,350,350,False
WHIRLPOOL,2023-02-23,350,350,False
WHIRLPOOL,2023-03-29,350,350,False
WHIRLPOOL,2023-04-27,350,350,False
WHIRLPOOL,2023-05-25,350,350,False
WIPRO,2019-10-31,3200,3200,False
WIPRO,2019-11-28,3200,3200,False
WIPRO,2019-12-26,3200,3200,False
WIPRO,2020-01-30,3200,3200,False
WIPRO,2020-02-27,3200,3200,False
WIPRO,2020-03-26,3200,3200,False
WIPRO,2020-04-30,3200,3200,False
WIPRO,2020-05-28,3200,3200,False
WIPRO,2020-06-25,3200,3200,False
WIPRO,2020-07-30,3200,3200,False
WIPRO,2020-08-27,3200,3200,False
WIPRO,2020-09-24,3200,3200,False
WIPRO,2020-10-29,3200,3200,False
WIPRO,2020-11-26,3200,3200,False
WIPRO,2020-12-31,3200,3200,False
WIPRO,2021-01-28,3200,3200,False
WIPRO,2021-02-25,3200,3200,False
WIPRO,2021-03-25,3200,3200,False
WIPRO,2021-04-29,3200,3200,False
WIPRO,2021-05-27,3200,1600,True
WIPRO,2021-06-24,3200,1600,True
WIPRO,2021-07-29,1600,1600,False
WIPRO,2021-08-26,1600,1600,False
WIPRO,2021-09-30,1600,1600,False
WIPRO,2021-10-28,1600,1600,False
WIPRO,2021-11-25,1600,800,True
WIPRO,2021-12-30,1600,800,True
WIPRO,2022-01-27,800,800,False
WIPRO,2022-02-24,800,800,False
WIPRO,2022-03-31,800,800,False
WIPRO,2022-04-28,800,800,False
WIPRO,2022-05-26,800,800,False
WIPRO,2022-06-30,800,800,False
WIPRO,2022-07-28,1000,1000,False
WIPRO,2022-08-25,1000,1000,False
WIPRO,2022-09-29,1000,1000,False
WIPRO,2022-10-27,1000,1000,False
WIPRO,2022-11-24,1000,1000,False
WIPRO,2022-12-29,1000,1000,False
WIPRO,2023-01-25,1500,1500,False
WIPRO,2023-02-23,1500,1500,False
WIPRO,2023-03-29,1500,1500,False
WIPRO,2023-04-27,1500,1500,False
WIPRO,2023-05-25,1500,1500,False
WIPRO,2023-06-28,1500,1500,False
WIPRO,2023-07-27,1500,1500,False
WIPRO,2023-08-31,1500,1500,False
WIPRO,2023-09-28,1500,1500,False
WIPRO,2023-10-26,1500,1500,False
WIPRO,2023-11-30,1500,1500,False
WIPRO,2023-12-28,1500,1500,False
WIPRO,2024-01-25,1500,1500,False
WIPRO,2024-02-29,1500,1500,False
WIPRO,2024-03-28,1500,1500,False
WIPRO,2024-04-25,1500,1500,False
WIPRO,2024-05-30,1500,1500,False
WIPRO,2024-06-27,1500,1500,False
WIPRO,2024-07-25,1500,1500,False
WIPRO,2024-08-29,1500,1500,False
WIPRO,2024-09-26,1500,1500,False
WIPRO,2024-10-31,1500,1500,False
WIPRO,2024-11-28,1500,1500,False
WIPRO,2024-12-26,1500,3000,True
WIPRO,2025-01-30,1500,3000,True
WIPRO,2025-02-27,1500,3000,True
WIPRO,2025-03-27,3000,3000,False
WIPRO,2025-04-24,3000,3000,False
WIPRO,2025-05-29,3000,3000,False
WIPRO,2025-06-26,3000,3000,False
WIPRO,2025-07-31,3000,3000,False
WIPRO,2025-08-28,3000,3000,False
WIPRO,2025-09-30,3000,3000,False
WIPRO,2025-10-28,3000,3000,False
WIPRO,2025-11-25,3000,3000,False
WIPRO,2025-12-30,3000,3000,False
WIPRO,2026-01-27,3000,3000,False
WIPRO,2026-02-24,3000,3000,False
WIPRO,2026-03-30,3000,3000,False
WIPRO,2026-04-28,3000,3000,False
WIPRO,2026-05-26,3000,3000,False
WIPRO,2026-06-30,3000,3000,False
WIPRO,2026-07-28,3000,3000,False
WIPRO,2026-08-25,3000,3000,False
YESBANK,2019-10-31,2200,2200,False
YESBANK,2019-11-28,2200,2200,False
YESBANK,2019-12-26,2200,2200,False
YESBANK,2020-01-30,8800,8800,False
YESBANK,2020-02-27,8800,8800,False
YESBANK,2020-03-26,8800,8800,False
YESBANK,2020-04-30,8800,8800,False
YESBANK,2020-05-28,8800,8800,False
YESBANK,2024-12-26,26000,26000,False
YESBANK,2025-01-30,26000,26000,False
YESBANK,2025-02-27,26000,26000,False
YESBANK,2025-03-27,26000,26000,False
YESBANK,2025-04-24,26000,26000,False
YESBANK,2025-05-29,26000,26000,False
YESBANK,2025-06-26,26000,26000,False
YESBANK,2025-07-31,31100,31100,False
YESBANK,2025-08-28,31100,31100,False
YESBANK,2025-09-30,31100,31100,False
YESBANK,2025-10-28,31100,31100,False
YESBANK,2025-11-25,31100,31100,False
YESBANK,2025-12-30,31100,31100,False
YESBANK,2026-01-27,31100,31100,False
YESBANK,2026-02-24,31100,31100,False
YESBANK,2026-03-30,31100,31100,False
YESBANK,2026-04-28,31100,31100,False
YESBANK,2026-05-26,31100,31100,False
YESBANK,2026-06-30,31100,31100,False
YESBANK,2026-07-28,31100,31100,False
YESBANK,2026-08-25,31100,31100,False
ZEEL,2019-10-31,1300,1300,False
ZEEL,2019-11-28,1300,1300,False
ZEEL,2019-12-26,1300,1300,False
ZEEL,2020-01-30,1700,1700,False
ZEEL,2020-02-27,1700,1700,False
ZEEL,2020-03-26,1700,1700,False
ZEEL,2020-04-30,1700,1700,False
ZEEL,2020-05-28,1700,1700,False
ZEEL,2020-06-25,1700,1700,False
ZEEL,2020-07-30,3000,3000,False
ZEEL,2020-08-27,3000,3000,False
ZEEL,2020-09-24,3000,3000,False
ZEEL,2020-10-29,3000,3000,False
ZEEL,2020-11-26,3000,3000,False
ZEEL,2020-12-31,3000,3000,False
ZEEL,2021-01-28,3000,3000,False
ZEEL,2021-02-25,3000,3000,False
ZEEL,2021-03-25,3000,3000,False
ZEEL,2021-04-29,3000,3000,False
ZEEL,2021-05-27,3000,3000,False
ZEEL,2021-06-24,3000,3000,False
ZEEL,2021-07-29,3000,3000,False
ZEEL,2021-08-26,3000,3000,False
ZEEL,2021-09-30,3000,3000,False
ZEEL,2021-10-28,3000,3000,False
ZEEL,2021-11-25,3000,3000,False
ZEEL,2021-12-30,3000,3000,False
ZEEL,2022-01-27,3000,3000,False
ZEEL,2022-02-24,3000,3000,False
ZEEL,2022-03-31,3000,3000,False
ZEEL,2022-04-28,3000,3000,False
ZEEL,2022-05-26,3000,3000,False
ZEEL,2022-06-30,3000,3000,False
ZEEL,2022-07-28,3000,3000,False
ZEEL,2022-08-25,3000,3000,False
ZEEL,2022-09-29,3000,3000,False
ZEEL,2022-10-27,3000,3000,False
ZEEL,2022-11-24,3000,3000,False
ZEEL,2022-12-29,3000,3000,False
ZEEL,2023-01-25,3000,3000,False
ZEEL,2023-02-23,3000,3000,False
ZEEL,2023-03-29,3000,3000,False
ZEEL,2023-04-27,3000,3000,False
ZEEL,2023-05-25,3000,3000,False
ZEEL,2023-06-28,3000,3000,False
ZEEL,2023-07-27,3000,3000,False
ZEEL,2023-08-31,3000,3000,False
ZEEL,2023-09-28,3000,3000,False
ZEEL,2023-10-26,3000,3000,False
ZEEL,2023-11-30,3000,3000,False
ZEEL,2023-12-28,3000,3000,False
ZEEL,2024-01-25,3000,3000,False
ZEEL,2024-02-29,3000,3000,False
ZEEL,2024-03-28,3000,3000,False
ZEEL,2024-04-25,3000,3000,False
ZEEL,2024-05-30,3000,3000,False
ZEEL,2024-06-27,3000,3000,False
ZOMATO,2024-12-26,2000,2000,False
ZOMATO,2025-01-30,2000,2000,False
ZOMATO,2025-02-27,2000,2000,False
ZOMATO,2025-03-27,2000,2000,False
ZOMATO,2025-04-24,2000,2000,False
ZOMATO,2025-05-29,2000,2000,False
ZOMATO,2025-06-26,2000,2000,False
ZYDUSLIFE,2022-03-31,1100,1100,False
ZYDUSLIFE,2022-04-28,1100,1100,False
ZYDUSLIFE,2022-05-26,1100,1100,False
ZYDUSLIFE,2022-06-30,1100,1100,False
ZYDUSLIFE,2022-07-28,1800,1800,False
ZYDUSLIFE,2022-08-25,1800,1800,False
ZYDUSLIFE,2022-09-29,1800,1800,False
ZYDUSLIFE,2022-10-27,1800,1800,False
ZYDUSLIFE,2022-11-24,1800,1800,False
ZYDUSLIFE,2022-12-29,1800,1800,False
ZYDUSLIFE,2023-01-25,1800,1800,False
ZYDUSLIFE,2023-02-23,1800,1800,False
ZYDUSLIFE,2023-03-29,1800,1800,False
ZYDUSLIFE,2023-04-27,1800,1800,False
ZYDUSLIFE,2023-05-25,1800,1800,False
ZYDUSLIFE,2023-06-28,1800,1800,False
ZYDUSLIFE,2023-07-27,1800,1800,False
ZYDUSLIFE,2023-08-31,1800,1800,False
ZYDUSLIFE,2023-09-28,1800,1800,False
ZYDUSLIFE,2023-10-26,1800,1800,False
ZYDUSLIFE,2023-11-30,1800,900,True
ZYDUSLIFE,2023-12-28,1800,900,True
ZYDUSLIFE,2024-01-25,900,900,False
ZYDUSLIFE,2024-02-29,900,900,False
ZYDUSLIFE,2024-03-28,900,900,False
ZYDUSLIFE,2024-04-25,900,900,False
ZYDUSLIFE,2024-05-30,900,900,False
ZYDUSLIFE,2024-06-27,900,900,False
ZYDUSLIFE,2024-07-25,900,900,False
ZYDUSLIFE,2024-08-29,900,900,False
ZYDUSLIFE,2024-09-26,900,900,False
ZYDUSLIFE,2024-10-31,900,900,False
ZYDUSLIFE,2024-11-28,900,900,False
ZYDUSLIFE,2024-12-26,900,900,False
ZYDUSLIFE,2025-01-30,900,900,False
ZYDUSLIFE,2025-02-27,900,900,False
ZYDUSLIFE,2025-03-27,900,900,False
ZYDUSLIFE,2025-04-24,900,900,False
ZYDUSLIFE,2025-05-29,900,900,False
ZYDUSLIFE,2025-06-26,900,900,False
ZYDUSLIFE,2025-07-31,900,900,False
ZYDUSLIFE,2025-08-28,900,900,False
ZYDUSLIFE,2025-09-30,900,900,False
ZYDUSLIFE,2025-10-28,900,900,False
ZYDUSLIFE,2025-11-25,900,900,False
ZYDUSLIFE,2025-12-30,900,900,False
ZYDUSLIFE,2026-01-27,900,900,False
ZYDUSLIFE,2026-02-24,900,900,False
ZYDUSLIFE,2026-03-30,900,900,False
ZYDUSLIFE,2026-04-28,900,900,False
ZYDUSLIFE,2026-05-26,900,900,False
ZYDUSLIFE,2026-06-30,900,900,False
ZYDUSLIFE,2026-07-28,900,900,False
ZYDUSLIFE,2026-08-25,900,900,False
