symbol,effective_date,kind,old_lot,new_lot,ratio,price_ratio,series_affected,series_unchanged,on_revision_day
AARTIIND,2021-06-22,corporate_action,425,850,2.0,0.492,"2021-06-24, 2021-07-29, 2021-08-26",,False
AARTIIND,2023-04-28,revision_new_series,850,1000,1.176471,,2023-07-27,"2023-05-25, 2023-06-29",True
AARTIIND,2025-04-25,revision_new_series,1000,1325,1.325,,2025-07-31,"2025-05-29, 2025-06-26",True
ABB,2023-10-27,revision_live_series,250,125,0.5,1.021,"2023-11-30, 2023-12-28",,True
ABBOTINDIA,2022-04-29,revision_new_series,25,40,1.6,,2022-07-28,"2022-05-26, 2022-06-30",True
ABBOTINDIA,2024-04-26,revision_live_series,40,20,0.5,1.0125,"2024-05-30, 2024-06-27",,True
ABCAPITAL,2022-04-29,revision_new_series,4400,5400,1.227273,,2022-07-28,"2022-05-26, 2022-06-30",True
ABCAPITAL,2024-11-01,revision_live_series,5400,2700,0.5,1.0148,"2024-11-28, 2024-12-26",,True
ABCAPITAL,2025-04-25,revision_new_series,2700,3100,1.148148,,2025-07-31,"2025-05-29, 2025-06-26",True
ABIRLANUVO,2016-04-29,revision_new_series,250,750,3.0,,2016-07-28,"2016-05-26, 2016-06-30",True
ABIRLANUVO,2016-10-28,revision_new_series,750,400,0.533333,,2017-01-25,"2016-11-24, 2016-12-29",True
ACC,2016-04-29,revision_new_series,375,400,1.066667,,2016-07-28,"2016-05-26, 2016-06-30",True
ACC,2020-05-04,revision_new_series,400,500,1.25,,2020-07-30,"2020-05-28, 2020-06-25",True
ACC,2021-10-29,revision_live_series,500,250,0.5,1.024,"2021-11-25, 2021-12-30",,True
ACC,2023-04-28,revision_new_series,250,300,1.2,,2023-07-27,"2023-05-25, 2023-06-29",True
ADANIENSOL,2025-04-25,revision_new_series,625,675,1.08,,2025-07-31,"2025-05-29, 2025-06-26",True
ADANIENT,2016-04-29,revision_new_series,6000,8000,1.333333,,2016-07-28,"2016-05-26, 2016-06-30",True
ADANIENT,2017-10-27,revision_live_series,8000,4000,0.5,0.9992,"2017-11-30, 2017-12-28",,True
ADANIENT,2020-10-30,revision_live_series,4000,2000,0.5,1.0334,"2020-11-26, 2020-12-31",,True
ADANIENT,2021-04-30,revision_live_series,2000,1000,0.5,0.9858,"2021-05-27, 2021-06-24",,True
ADANIENT,2021-10-29,revision_live_series,1000,500,0.5,1.0219,"2021-11-25, 2021-12-30",,True
ADANIENT,2022-10-28,revision_live_series,500,250,0.5,1.0057,"2022-11-24, 2022-12-29",,True
ADANIENT,2023-04-28,revision_new_series,250,300,1.2,,2023-07-27,"2023-05-25, 2023-06-29",True
ADANIENT,2025-11-17,corporate_action,300,309,1.03,0.9813,"2025-11-25, 2025-12-30, 2026-01-27",,False
ADANIGREEN,2025-04-25,revision_new_series,375,600,1.6,,2025-07-31,"2025-05-29, 2025-06-26",True
ADANIPORTS,2016-04-29,revision_new_series,1600,2500,1.5625,,2016-07-28,"2016-05-26, 2016-06-30",True
ADANIPORTS,2021-04-30,revision_live_series,2500,1250,0.5,0.985,"2021-05-27, 2021-06-24",,True
ADANIPORTS,2022-10-28,revision_live_series,1250,625,0.5,1.0026,"2022-11-24, 2022-12-29",,True
ADANIPORTS,2023-04-28,revision_new_series,625,800,1.28,,2023-07-27,"2023-05-25, 2023-06-29",True
ADANIPORTS,2024-04-26,revision_live_series,800,400,0.5,1.004,"2024-05-30, 2024-06-27",,True
ADANIPORTS,2025-04-25,revision_new_series,400,475,1.1875,,2025-07-31,"2025-05-29, 2025-06-26",True
ADANIPOWER,2019-11-01,revision_live_series,20000,10000,0.5,1.0302,"2019-11-28, 2019-12-26",,True
ADANIPOWER,2026-04-01,revision_new_series,10000,3550,0.355,,2026-04-28,,True
AJANTPHARM,2017-10-27,revision_new_series,400,500,1.25,,2018-01-25,"2017-11-30, 2017-12-28",True
ALBK,2016-04-29,revision_new_series,6000,10000,1.666667,,2016-07-28,"2016-05-26, 2016-06-30",True
ALBK,2018-04-27,revision_new_series,10000,11000,1.1,,2018-07-26,"2018-05-31, 2018-06-28",True
ALBK,2018-10-26,revision_new_series,11000,13000,1.181818,,2019-01-31,"2018-11-29, 2018-12-27",True
ALKEM,2024-04-26,revision_live_series,200,100,0.5,1.017,"2024-05-30, 2024-06-27",,True
ALKEM,2025-04-25,revision_new_series,100,125,1.25,,2025-07-31,"2025-05-29, 2025-06-26",True
AMARAJABAT,2017-10-27,revision_new_series,600,700,1.166667,,2018-01-25,"2017-11-30, 2017-12-28",True
AMARAJABAT,2019-11-01,revision_new_series,700,800,1.142857,,2020-01-30,"2019-11-28, 2019-12-26",True
AMARAJABAT,2020-05-04,revision_new_series,800,1000,1.25,,2020-07-30,"2020-05-28, 2020-06-25",True
AMBUJACEM,2016-04-29,revision_new_series,2100,2500,1.190476,,2016-07-28,"2016-05-26, 2016-06-30",True
AMBUJACEM,2020-05-04,revision_new_series,2500,3000,1.2,,2020-07-30,"2020-05-28, 2020-06-25",True
AMBUJACEM,2021-10-29,revision_live_series,3000,1500,0.5,1.0411,"2021-11-25, 2021-12-30",,True
AMBUJACEM,2022-04-29,revision_new_series,1500,1800,1.2,,2022-07-28,"2022-05-26, 2022-06-30",True
AMBUJACEM,2024-04-26,revision_live_series,1800,900,0.5,1.0003,"2024-05-30, 2024-06-27",,True
AMBUJACEM,2025-04-25,revision_new_series,900,1050,1.166667,,2025-07-31,"2025-05-29, 2025-06-26",True
AMBUJACEM,2026-04-29,revision_new_series,1050,1200,1.142857,,2026-07-28,"2026-05-26, 2026-06-30",True
ANDHRABANK,2016-04-29,revision_new_series,8000,10000,1.25,,2016-07-28,"2016-05-26, 2016-06-30",True
ANDHRABANK,2018-04-27,revision_new_series,10000,13000,1.3,,2018-07-26,"2018-05-31, 2018-06-28",True
ANGELONE,2025-04-25,revision_new_series,200,250,1.25,,2025-07-31,"2025-05-29, 2025-06-26",True
ANGELONE,2026-02-26,corporate_action,250,2500,10.0,0.0985,"2026-03-30, 2026-04-28, 2026-05-26",,False
APLLTD,2021-10-29,revision_new_series,550,700,1.272727,,2022-01-27,"2021-11-25, 2021-12-30",True
APOLLOHOSP,2017-04-28,revision_new_series,400,500,1.25,,2017-07-27,"2017-05-25, 2017-06-29",True
APOLLOHOSP,2021-04-30,revision_live_series,500,250,0.5,0.9941,"2021-05-27, 2021-06-24",,True
APOLLOHOSP,2021-10-29,revision_live_series,250,125,0.5,0.9959,"2021-11-25, 2021-12-30",,True
APOLLOTYRE,2020-05-04,revision_new_series,3000,5000,1.666667,,2020-07-30,"2020-05-28, 2020-06-25",True
APOLLOTYRE,2021-04-30,revision_live_series,5000,2500,0.5,1.0469,"2021-05-27, 2021-06-24",,True
APOLLOTYRE,2022-04-29,revision_new_series,2500,3500,1.4,,2022-07-28,"2022-05-26, 2022-06-30",True
APOLLOTYRE,2023-04-28,revision_new_series,3500,1700,0.485714,,2023-07-27,"2023-05-25, 2023-06-29",True
ARVIND,2016-04-29,revision_new_series,1700,2000,1.176471,,2016-07-28,"2016-05-26, 2016-06-30",True
ARVIND,2019-04-26,revision_new_series,2000,6000,3.0,,2019-07-25,"2019-05-30, 2019-06-27",True
ASHOKLEY,2018-04-27,revision_new_series,7000,4000,0.571429,,2018-07-26,"2018-05-31, 2018-06-28",True
ASHOKLEY,2019-04-26,revision_new_series,4000,6000,1.5,,2019-07-25,"2019-05-30, 2019-06-27",True
ASHOKLEY,2019-11-01,revision_new_series,6000,8000,1.333333,,2020-01-30,"2019-11-28, 2019-12-26",True
ASHOKLEY,2020-05-04,revision_new_series,8000,9000,1.125,,2020-07-30,"2020-05-28, 2020-06-25",True
ASHOKLEY,2021-04-30,revision_live_series,9000,4500,0.5,0.9809,"2021-05-27, 2021-06-24",,True
ASHOKLEY,2022-04-29,revision_new_series,4500,5000,1.111111,,2022-07-28,"2022-05-26, 2022-06-30",True
ASHOKLEY,2024-11-01,revision_live_series,5000,2500,0.5,0.9985,"2024-11-28, 2024-12-26",,True
ASHOKLEY,2025-07-16,corporate_action,2500,5000,2.0,0.495,"2025-07-31, 2025-08-28, 2025-09-30",,False
ASIANPAINT,2020-05-04,revision_live_series,600,300,0.5,0.9528,"2020-05-28, 2020-06-25",,True
ASIANPAINT,2021-10-29,revision_live_series,300,150,0.5,0.9978,"2021-11-25, 2021-12-30",,True
ASIANPAINT,2022-04-29,revision_new_series,150,200,1.333333,,2022-07-28,"2022-05-26, 2022-06-30",True
ASIANPAINT,2025-04-25,revision_new_series,200,250,1.25,,2025-07-31,"2025-05-29, 2025-06-26",True
ASTRAL,2023-03-14,corporate_action,275,367,1.334545,0.7427,"2023-03-29, 2023-04-27, 2023-05-25",,False
ASTRAL,2025-04-25,revision_new_series,367,425,1.158038,,2025-07-31,"2025-05-29, 2025-06-26",True
ATGL,2025-04-25,revision_new_series,775,875,1.129032,,2025-07-31,"2025-05-29, 2025-06-26",True
ATUL,2024-04-26,revision_new_series,75,100,1.333333,,2024-07-25,"2024-05-30, 2024-06-27",True
AUBANK,2022-06-09,corporate_action,500,1000,2.0,0.4892,"2022-06-30, 2022-07-28, 2022-08-25",,False
AUROPHARMA,2017-04-28,revision_new_series,700,800,1.142857,,2017-07-27,"2017-05-25, 2017-06-29",True
AUROPHARMA,2018-04-27,revision_new_series,800,1000,1.25,,2018-07-26,"2018-05-31, 2018-06-28",True
AUROPHARMA,2020-05-04,revision_new_series,1000,1300,1.3,,2020-07-30,"2020-05-28, 2020-06-25",True
AUROPHARMA,2020-10-30,revision_live_series,1300,650,0.5,1.0094,"2020-11-26, 2020-12-31",,True
AUROPHARMA,2021-10-29,revision_new_series,650,750,1.153846,,2022-01-27,"2021-11-25, 2021-12-30",True
AUROPHARMA,2022-04-29,revision_new_series,750,1000,1.333333,,2022-07-28,"2022-05-26, 2022-06-30",True
AUROPHARMA,2023-04-28,revision_new_series,1000,1100,1.1,,2023-07-27,"2023-05-25, 2023-06-29",True
AUROPHARMA,2024-04-26,revision_live_series,1100,550,0.5,1.0301,"2024-05-30, 2024-06-27",,True
AXISBANK,2016-04-29,revision_new_series,1000,1200,1.2,,2016-07-28,"2016-05-26, 2016-06-30",True
AXISBANK,2023-04-28,revision_new_series,1200,625,0.520833,,2023-07-27,"2023-05-25, 2023-06-29",True
BAJAJ-AUTO,2016-04-29,revision_new_series,200,250,1.25,,2016-07-28,"2016-05-26, 2016-06-30",True
BAJAJ-AUTO,2023-10-27,revision_live_series,250,125,0.5,1.0263,"2023-11-30, 2023-12-28",,True
BAJAJ-AUTO,2024-04-26,revision_new_series,125,75,0.6,,2024-07-25,"2024-05-30, 2024-06-27",True
BAJAJFINSV,2021-04-30,revision_new_series,125,75,0.6,,2021-07-29,"2021-05-27, 2021-06-24",True
BAJAJFINSV,2021-10-29,revision_new_series,75,50,0.666667,,2022-01-27,"2021-11-25, 2021-12-30",True
BAJAJFINSV,2022-09-13,corporate_action,50,500,10.0,0.1017,"2022-09-29, 2022-10-27, 2022-11-24",,False
BAJAJFINSV,2025-10-29,revision_live_series,500,250,0.5,1.005,"2025-11-25, 2025-12-30",,True
BAJAJFINSV,2026-04-29,revision_new_series,250,300,1.2,,2026-07-28,"2026-05-26, 2026-06-30",True
BAJAJHLDNG,2026-04-29,revision_new_series,50,75,1.5,,2026-07-28,"2026-05-26, 2026-06-30",True
BAJFINANCE,2016-08-26,revision_new_series,125,1250,10.0,,2016-11-24,"2016-09-29, 2016-10-27",True
BAJFINANCE,2016-09-08,corporate_action,125,1250,10.0,0.102,"2016-09-29, 2016-10-27",2016-11-24,False
BAJFINANCE,2016-10-28,revision_new_series,1250,500,0.4,,2017-01-25,"2016-11-24, 2016-12-29",True
BAJFINANCE,2018-10-26,revision_live_series,500,250,0.5,1.0017,"2018-11-29, 2018-12-27",,True
BAJFINANCE,2021-04-30,revision_live_series,250,125,0.5,0.9965,"2021-05-27, 2021-06-24",,True
BAJFINANCE,2025-04-25,revision_new_series,125,75,0.6,,2025-07-31,"2025-05-29, 2025-06-26",True
BAJFINANCE,2025-06-16,corporate_action,125,1250,10.0,0.1005,"2025-06-26, 2025-07-31, 2025-08-28",,False
BALKRISIND,2017-12-21,corporate_action,400,800,2.0,0.4921,"2017-12-28, 2018-01-25",2018-02-22,False
BALKRISIND,2017-12-29,revision_new_series,400,800,2.0,,2018-03-28,"2018-01-25, 2018-02-22",True
BALKRISIND,2018-01-02,revision_live_series,400,800,2.0,0.978,2018-02-22,"2018-01-25, 2018-03-28",False
BALKRISIND,2020-10-30,revision_live_series,800,400,0.5,1.0029,"2020-11-26, 2020-12-31",,True
BALKRISIND,2021-10-29,revision_live_series,400,200,0.5,0.9933,"2021-11-25, 2021-12-30",,True
BALKRISIND,2022-04-29,revision_new_series,200,300,1.5,,2022-07-28,"2022-05-26, 2022-06-30",True
BALRAMCHIN,2018-04-27,revision_new_series,3500,7000,2.0,,2018-07-26,"2018-05-31, 2018-06-28",True
BALRAMCHIN,2021-12-31,revision_new_series,7000,1600,0.228571,,2022-01-27,,True
BANDHANBNK,2020-05-04,revision_new_series,1200,1800,1.5,,2020-07-30,"2020-05-28, 2020-06-25",True
BANDHANBNK,2023-04-28,revision_new_series,1800,2500,1.388889,,2023-07-27,"2023-05-25, 2023-06-29",True
BANDHANBNK,2024-04-26,revision_new_series,2500,2800,1.12,,2024-07-25,"2024-05-30, 2024-06-27",True
BANDHANBNK,2025-04-25,revision_new_series,2800,3600,1.285714,,2025-07-31,"2025-05-29, 2025-06-26",True
BANKBARODA,2016-04-29,revision_new_series,3100,3500,1.129032,,2016-07-28,"2016-05-26, 2016-06-30",True
BANKBARODA,2017-10-27,revision_new_series,3500,4000,1.142857,,2018-01-25,"2017-11-30, 2017-12-28",True
BANKBARODA,2019-04-26,revision_new_series,4000,4500,1.125,,2019-07-25,"2019-05-30, 2019-06-27",True
BANKBARODA,2019-11-01,revision_new_series,4500,5400,1.2,,2020-01-30,"2019-11-28, 2019-12-26",True
BANKBARODA,2020-05-04,revision_new_series,5400,8200,1.518519,,2020-07-30,"2020-05-28, 2020-06-25",True
BANKBARODA,2020-10-30,revision_new_series,8200,11700,1.426829,,2021-01-28,"2020-11-26, 2020-12-31",True
BANKBARODA,2022-04-29,revision_live_series,11700,5850,0.5,0.9784,"2022-05-26, 2022-06-30",,True
BANKBARODA,2023-10-27,revision_live_series,5850,2925,0.5,1.0438,"2023-11-30, 2023-12-28",,True
BANKINDIA,2016-04-29,revision_new_series,3000,6000,2.0,,2016-07-28,"2016-05-26, 2016-06-30",True
BANKINDIA,2024-11-29,revision_new_series,6000,4825,0.804167,,2024-12-26,,True
BANKINDIA,2025-04-25,revision_new_series,4825,5200,1.07772,,2025-07-31,"2025-05-29, 2025-06-26",True
BATAINDIA,2016-04-29,revision_new_series,1000,1100,1.1,,2016-07-28,"2016-05-26, 2016-06-30",True
BATAINDIA,2018-10-26,revision_live_series,1100,550,0.5,0.9907,"2018-11-29, 2018-12-27",,True
BATAINDIA,2022-04-29,revision_live_series,550,275,0.5,1.0103,"2022-05-26, 2022-06-30",,True
BATAINDIA,2023-04-28,revision_new_series,275,375,1.363636,,2023-07-27,"2023-05-25, 2023-06-29",True
BDL,2025-10-29,revision_new_series,325,350,1.076923,,2026-01-27,"2025-11-25, 2025-12-30",True
BDL,2026-04-29,revision_new_series,350,425,1.214286,,2026-07-28,"2026-05-26, 2026-06-30",True
BEL,2017-02-27,revision_new_series,450,4500,10.0,,2017-05-25,"2017-03-30, 2017-04-27",True
BEL,2017-03-16,corporate_action,450,4500,10.0,0.105,"2017-03-30, 2017-04-27",2017-05-25,False
BEL,2017-09-28,corporate_action,4500,4950,1.1,0.9246,"2017-09-28, 2017-10-26, 2017-11-30",,False
BEL,2018-10-26,revision_new_series,4950,6000,1.212121,,2019-01-31,"2018-11-29, 2018-12-27",True
BEL,2020-05-04,revision_new_series,6000,7600,1.266667,,2020-07-30,"2020-05-28, 2020-06-25",True
BEL,2021-04-30,revision_live_series,7600,3800,0.5,1.0177,"2021-05-27, 2021-06-24",,True
BEL,2022-09-15,corporate_action,3800,11400,3.0,0.3288,"2022-09-29, 2022-10-27, 2022-11-24",,False
BEL,2022-10-28,revision_live_series,11400,5700,0.5,0.9796,"2022-11-24, 2022-12-29",,True
BEL,2024-04-26,revision_live_series,5700,2850,0.5,1.0118,"2024-05-30, 2024-06-27",,True
BEL,2025-10-29,revision_live_series,2850,1425,0.5,0.9918,"2025-11-25, 2025-12-30",,True
BEML,2016-10-28,revision_new_series,500,600,1.2,,2017-01-25,"2016-11-24, 2016-12-29",True
BEML,2017-10-27,revision_live_series,600,300,0.5,1.0088,"2017-11-30, 2017-12-28",,True
BEML,2018-04-27,revision_new_series,300,500,1.666667,,2018-07-26,"2018-05-31, 2018-06-28",True
BEML,2018-10-26,revision_new_series,500,700,1.4,,2019-01-31,"2018-11-29, 2018-12-27",True
BERGEPAINT,2020-05-04,revision_live_series,2200,1100,0.5,0.9482,"2020-05-28, 2020-06-25",,True
BERGEPAINT,2023-09-22,corporate_action,1100,1320,1.2,0.8726,"2023-09-28, 2023-10-26, 2023-11-30",,False
BHARATFIN,2018-04-27,revision_live_series,1000,500,0.5,1.0089,"2018-05-31, 2018-06-28",,True
BHARATFORG,2016-04-29,revision_new_series,500,600,1.2,,2016-07-28,"2016-05-26, 2016-06-30",True
BHARATFORG,2017-09-28,corporate_action,600,1200,2.0,0.4924,"2017-09-28, 2017-10-26",2017-11-30,False
BHARATFORG,2017-09-29,revision_live_series,600,1200,2.0,0.9863,2017-11-30,2017-10-26,True
BHARATFORG,2019-11-01,revision_new_series,1200,1300,1.083333,,2020-01-30,"2019-11-28, 2019-12-26",True
BHARATFORG,2020-05-04,revision_new_series,1300,1500,1.153846,,2020-07-30,"2020-05-28, 2020-06-25",True
BHARATFORG,2021-10-29,revision_live_series,1500,750,0.5,1.0062,"2021-11-25, 2021-12-30",,True
BHARATFORG,2022-04-29,revision_new_series,750,1000,1.333333,,2022-07-28,"2022-05-26, 2022-06-30",True
BHARATFORG,2023-10-27,revision_live_series,1000,500,0.5,1.0134,"2023-11-30, 2023-12-28",,True
BHARTIARTL,2016-04-29,revision_new_series,1200,1500,1.25,,2016-07-28,"2016-05-26, 2016-06-30",True
BHARTIARTL,2016-10-28,revision_new_series,1500,1700,1.133333,,2017-01-25,"2016-11-24, 2016-12-29",True
BHARTIARTL,2019-04-23,corporate_action,1700,1851,1.088824,0.9063,"2019-04-25, 2019-05-30, 2019-06-27",,False
BHARTIARTL,2021-09-27,corporate_action,1851,1886,1.018909,0.9777,"2021-09-30, 2021-10-28, 2021-11-25",,False
BHARTIARTL,2021-10-29,revision_new_series,1886,950,0.503712,,2022-01-27,"2021-11-25, 2021-12-30",True
BHARTIARTL,2024-04-26,revision_live_series,950,475,0.5,1.0021,"2024-05-30, 2024-06-27",,True
BHEL,2016-04-29,revision_new_series,2000,5000,2.5,,2016-07-28,"2016-05-26, 2016-06-30",True
BHEL,2017-09-28,corporate_action,5000,7500,1.5,0.6633,"2017-09-28, 2017-10-26, 2017-11-30",,False
BHEL,2019-11-01,revision_new_series,7500,10400,1.386667,,2020-01-30,"2019-11-28, 2019-12-26",True
BHEL,2020-05-04,revision_new_series,10400,21000,2.019231,,2020-07-30,"2020-05-28, 2020-06-25",True
BHEL,2021-04-30,revision_live_series,21000,10500,0.5,1.0297,"2021-05-27, 2021-06-24",,True
BHEL,2023-10-27,revision_live_series,10500,5250,0.5,1.0047,"2023-11-30, 2023-12-28",,True
BHEL,2024-04-26,revision_live_series,5250,2625,0.5,1.0335,"2024-05-30, 2024-06-27",,True
BIOCON,2016-10-28,revision_new_series,1100,600,0.545455,,2017-01-25,"2016-11-24, 2016-12-29",True
BIOCON,2017-06-15,corporate_action,600,1800,3.0,0.3402,"2017-06-29, 2017-07-27, 2017-08-31",,False
BIOCON,2018-04-27,revision_live_series,1800,900,0.5,0.9918,"2018-05-31, 2018-06-28",,True
BIOCON,2019-06-12,corporate_action,900,1800,2.0,0.4781,"2019-06-27, 2019-07-25, 2019-08-29",,False
BIOCON,2019-11-01,revision_new_series,1800,2300,1.277778,,2020-01-30,"2019-11-28, 2019-12-26",True
BIOCON,2023-04-28,revision_new_series,2300,2500,1.086957,,2023-07-27,"2023-05-25, 2023-06-29",True
BOSCHLTD,2016-04-29,revision_new_series,25,50,2.0,,2016-07-28,"2016-05-26, 2016-06-30",True
BOSCHLTD,2016-09-30,revision_new_series,50,25,0.5,,2016-12-29,"2016-10-27, 2016-11-24",True
BOSCHLTD,2016-10-28,revision_live_series,50,25,0.5,0.9872,2016-11-24,2016-12-29,True
BOSCHLTD,2018-04-27,revision_new_series,25,30,1.2,,2018-07-26,"2018-05-31, 2018-06-28",True
BOSCHLTD,2019-11-01,revision_new_series,30,40,1.333333,,2020-01-30,"2019-11-28, 2019-12-26",True
BOSCHLTD,2020-05-04,revision_new_series,40,50,1.25,,2020-07-30,"2020-05-28, 2020-06-25",True
BOSCHLTD,2024-04-26,revision_live_series,50,25,0.5,1.0069,"2024-05-30, 2024-06-27",,True
BPCL,2016-07-13,corporate_action,600,1200,2.0,0.4899,"2016-07-28, 2016-08-25, 2016-09-29",,False
BPCL,2017-07-13,corporate_action,1200,1800,1.5,0.6704,"2017-07-27, 2017-08-31, 2017-09-28",,False
BPCL,2024-04-26,revision_live_series,1800,900,0.5,1.0141,"2024-05-30, 2024-06-27",,True
BPCL,2024-06-21,corporate_action,900,1800,2.0,0.4901,"2024-06-27, 2024-07-25, 2024-08-29",,False
BPCL,2025-04-25,revision_new_series,1800,1975,1.097222,,2025-07-31,"2025-05-29, 2025-06-26",True
BRITANNIA,2018-10-26,revision_live_series,200,100,0.5,1.0065,"2018-11-29, 2018-12-27",,True
BRITANNIA,2018-11-29,corporate_action,100,200,2.0,0.5087,"2018-11-29, 2018-12-27, 2019-01-31",,False
BRITANNIA,2024-11-01,revision_live_series,200,100,0.5,0.9985,"2024-11-28, 2024-12-26",,True
BRITANNIA,2025-04-25,revision_new_series,100,125,1.25,,2025-07-31,"2025-05-29, 2025-06-26",True
BSE,2025-05-23,corporate_action,125,375,3.0,0.3485,"2025-05-29, 2025-06-26, 2025-07-31",,False
BSE,2026-04-29,revision_new_series,375,200,0.533333,,2026-07-28,"2026-05-26, 2026-06-30",True
BSOFT,2019-04-26,revision_new_series,2250,5100,2.266667,,2019-07-25,"2019-05-30, 2019-06-27",True
BSOFT,2021-10-29,revision_new_series,5100,1300,0.254902,,2021-11-25,,True
BSOFT,2022-10-28,revision_new_series,1300,2000,1.538462,,2023-01-25,"2022-11-24, 2022-12-29",True
BSOFT,2023-10-27,revision_live_series,2000,1000,0.5,1.0271,"2023-11-30, 2023-12-28",,True
BSOFT,2025-04-25,revision_new_series,1000,1300,1.3,,2025-07-31,"2025-05-29, 2025-06-26",True
CADILAHC,2016-04-29,revision_new_series,1500,1600,1.066667,,2016-07-28,"2016-05-26, 2016-06-30",True
CADILAHC,2019-11-01,revision_new_series,1600,2200,1.375,,2020-01-30,"2019-11-28, 2019-12-26",True
CADILAHC,2021-10-29,revision_live_series,2200,1100,0.5,1.0274,"2021-11-25, 2021-12-30",,True
CAIRN,2016-04-29,revision_new_series,3000,3500,1.166667,,2016-07-28,"2016-05-26, 2016-06-30",True
CAMS,2025-04-25,revision_new_series,125,150,1.2,,2025-07-31,"2025-05-29, 2025-06-26",True
CAMS,2025-12-05,corporate_action,150,750,5.0,0.1954,"2025-12-30, 2026-01-27, 2026-02-24",,True
CAMS,2026-04-29,revision_new_series,750,825,1.1,,2026-07-28,"2026-05-26, 2026-06-30",True
CANBK,2016-04-29,revision_new_series,2000,3000,1.5,,2016-07-28,"2016-05-26, 2016-06-30",True
CANBK,2017-02-17,corporate_action,3000,3084,1.028,0.9842,"2017-02-23, 2017-03-30, 2017-04-27",,False
CANBK,2017-10-27,revision_new_series,3084,1600,0.518807,,2018-01-25,"2017-11-30, 2017-12-28",True
CANBK,2018-04-27,revision_new_series,1600,2000,1.25,,2018-07-26,"2018-05-31, 2018-06-28",True
CANBK,2019-11-01,revision_new_series,2000,2600,1.3,,2020-01-30,"2019-11-28, 2019-12-26",True
CANBK,2020-05-04,revision_new_series,2600,5000,1.923077,,2020-07-30,"2020-05-28, 2020-06-25",True
CANBK,2020-10-30,revision_new_series,5000,5400,1.08,,2021-01-28,"2020-11-26, 2020-12-31",True
CANBK,2022-04-29,revision_live_series,5400,2700,0.5,0.9854,"2022-05-26, 2022-06-30",,True
CANBK,2024-04-26,revision_live_series,2700,1350,0.5,1.0096,"2024-05-30, 2024-06-27",,True
CANBK,2024-05-15,corporate_action,1350,6750,5.0,0.2094,"2024-05-30, 2024-06-27, 2024-07-25",,False
CANFINHOME,2017-09-29,revision_new_series,250,1250,5.0,,2017-12-28,"2017-10-26, 2017-11-30",True
CANFINHOME,2017-10-12,corporate_action,250,1250,5.0,0.2057,"2017-10-26, 2017-11-30",2017-12-28,False
CANFINHOME,2018-10-26,revision_new_series,1250,1800,1.44,,2019-01-31,"2018-11-29, 2018-12-27",True
CANFINHOME,2021-08-27,revision_new_series,1800,975,0.541667,,2021-09-30,,True
CAPF,2018-10-26,revision_new_series,800,900,1.125,,2019-01-31,"2018-11-29, 2018-12-27",True
CASTROLIND,2016-04-29,revision_new_series,1100,1400,1.272727,,2016-07-28,"2016-05-26, 2016-06-30",True
CASTROLIND,2017-12-21,corporate_action,1400,2800,2.0,0.4874,"2017-12-28, 2018-01-25",2018-02-22,False
CASTROLIND,2017-12-26,revision_live_series,1400,2800,2.0,0.9847,2018-02-22,"2017-12-28, 2018-01-25",False
CASTROLIND,2018-10-26,revision_new_series,2800,3400,1.214286,,2019-01-31,"2018-11-29, 2018-12-27",True
CASTROLIND,2019-11-01,revision_new_series,3400,4100,1.205882,,2020-01-30,"2019-11-28, 2019-12-26",True
CDSL,2025-04-25,revision_new_series,350,475,1.357143,,2025-07-31,"2025-05-29, 2025-06-26",True
CEATLTD,2017-10-27,revision_live_series,700,350,0.5,1.0159,"2017-11-30, 2017-12-28",,True
CEATLTD,2018-10-26,revision_new_series,350,400,1.142857,,2019-01-31,"2018-11-29, 2018-12-27",True
CENTURYTEX,2016-04-29,revision_new_series,800,1100,1.375,,2016-07-28,"2016-05-26, 2016-06-30",True
CENTURYTEX,2017-04-28,revision_live_series,1100,550,0.5,0.9938,"2017-05-25, 2017-06-29",,True
CENTURYTEX,2018-10-26,revision_new_series,550,600,1.090909,,2019-01-31,"2018-11-29, 2018-12-27",True
CENTURYTEX,2020-05-04,revision_new_series,600,1400,2.333333,,2020-07-30,"2020-05-28, 2020-06-25",True
CESC,2016-04-29,revision_new_series,1000,1100,1.1,,2016-07-28,"2016-05-26, 2016-06-30",True
CESC,2017-10-27,revision_live_series,1100,550,0.5,0.9835,"2017-11-30, 2017-12-28",,True
CESC,2019-04-26,revision_new_series,550,800,1.454545,,2019-07-25,"2019-05-30, 2019-06-27",True
CESC,2024-11-29,revision_new_series,800,2925,3.65625,,2024-12-26,,True
CESC,2025-04-25,revision_new_series,2925,3625,1.239316,,2025-07-31,"2025-05-29, 2025-06-26",True
CGPOWER,2024-11-29,revision_new_series,12000,725,0.060417,,2024-12-26,,True
CGPOWER,2025-04-25,revision_new_series,725,850,1.172414,,2025-07-31,"2025-05-29, 2025-06-26",True
CHAMBLFERT,2023-04-28,revision_new_series,1500,1900,1.266667,,2023-07-27,"2023-05-25, 2023-06-29",True
CHAMBLFERT,2025-04-25,revision_live_series,1900,950,0.5,0.9849,"2025-05-29, 2025-06-26",,True
CHENNPETRO,2018-10-26,revision_new_series,1500,1800,1.2,,2019-01-31,"2018-11-29, 2018-12-27",True
CHOLAFIN,2019-06-14,corporate_action,500,2500,5.0,0.1971,"2019-06-27, 2019-07-25",2019-08-29,False
CHOLAFIN,2019-06-28,revision_new_series,500,2500,5.0,,2019-09-26,"2019-07-25, 2019-08-29",True
CHOLAFIN,2019-07-08,revision_live_series,500,2500,5.0,0.9546,2019-08-29,"2019-07-25, 2019-09-26",False
CHOLAFIN,2021-04-30,revision_live_series,2500,1250,0.5,0.9726,"2021-05-27, 2021-06-24",,True
CHOLAFIN,2023-10-27,revision_live_series,1250,625,0.5,1.0356,"2023-11-30, 2023-12-28",,True
CIPLA,2016-04-29,revision_new_series,800,1000,1.25,,2016-07-28,"2016-05-26, 2016-06-30",True
CIPLA,2019-11-01,revision_new_series,1000,1150,1.15,,2020-01-30,"2019-11-28, 2019-12-26",True
CIPLA,2020-05-04,revision_new_series,1150,1300,1.130435,,2020-07-30,"2020-05-28, 2020-06-25",True
CIPLA,2021-04-30,revision_live_series,1300,650,0.5,1.0088,"2021-05-27, 2021-06-24",,True
CIPLA,2024-11-01,revision_live_series,650,325,0.5,1.0059,"2024-11-28, 2024-12-26",,True
CIPLA,2025-04-25,revision_new_series,325,375,1.153846,,2025-07-31,"2025-05-29, 2025-06-26",True
CIPLA,2026-04-29,revision_new_series,375,425,1.133333,,2026-07-28,"2026-05-26, 2026-06-30",True
COALINDIA,2016-04-29,revision_new_series,1200,1700,1.416667,,2016-07-28,"2016-05-26, 2016-06-30",True
COALINDIA,2017-10-27,revision_new_series,1700,2200,1.294118,,2018-01-25,"2017-11-30, 2017-12-28",True
COALINDIA,2019-11-01,revision_new_series,2200,2700,1.227273,,2020-01-30,"2019-11-28, 2019-12-26",True
COALINDIA,2020-05-04,revision_new_series,2700,3700,1.37037,,2020-07-30,"2020-05-28, 2020-06-25",True
COALINDIA,2020-10-30,revision_new_series,3700,4200,1.135135,,2021-01-28,"2020-11-26, 2020-12-31",True
COALINDIA,2023-10-27,revision_live_series,4200,2100,0.5,1.0333,"2023-11-30, 2023-12-28",,True
COALINDIA,2024-11-01,revision_live_series,2100,1050,0.5,1.0048,"2024-11-28, 2024-12-26",,True
COALINDIA,2025-04-25,revision_new_series,1050,1350,1.285714,,2025-07-31,"2025-05-29, 2025-06-26",True
COFORGE,2021-04-30,revision_new_series,375,200,0.533333,,2021-07-29,"2021-05-27, 2021-06-24",True
COFORGE,2021-10-29,revision_live_series,200,100,0.5,0.9636,"2021-11-25, 2021-12-30",,True
COFORGE,2022-04-29,revision_new_series,100,150,1.5,,2022-07-28,"2022-05-26, 2022-06-30",True
COFORGE,2024-11-01,revision_live_series,150,75,0.5,0.9949,"2024-11-28, 2024-12-26",,True
COFORGE,2025-06-04,corporate_action,75,375,5.0,0.2021,"2025-06-26, 2025-07-31, 2025-08-28",,False
COFORGE,2026-04-29,revision_new_series,375,475,1.266667,,2026-07-28,"2026-05-26, 2026-06-30",True
COLPAL,2016-04-29,revision_new_series,500,700,1.4,,2016-07-28,"2016-05-26, 2016-06-30",True
COLPAL,2021-04-30,revision_live_series,700,350,0.5,1.0025,"2021-05-27, 2021-06-24",,True
COLPAL,2024-11-01,revision_live_series,350,175,0.5,0.9974,"2024-11-28, 2024-12-26",,True
COLPAL,2025-04-25,revision_new_series,175,225,1.285714,,2025-07-31,"2025-05-29, 2025-06-26",True
COLPAL,2026-04-29,revision_new_series,225,275,1.222222,,2026-07-28,"2026-05-26, 2026-06-30",True
CONCOR,2016-04-29,revision_new_series,400,500,1.25,,2016-07-28,"2016-05-26, 2016-06-30",True
CONCOR,2017-03-31,revision_new_series,500,625,1.25,,2017-06-29,"2017-04-27, 2017-05-25",True
CONCOR,2017-04-05,corporate_action,500,625,1.25,0.8078,"2017-04-27, 2017-05-25",2017-06-29,False
CONCOR,2018-06-01,revision_new_series,625,1250,2.0,,2018-08-30,"2018-06-28, 2018-07-26",True
CONCOR,2018-06-26,corporate_action,625,1250,2.0,0.5021,"2018-06-28, 2018-07-26",2018-08-30,False
CONCOR,2019-02-01,revision_new_series,1250,1563,1.2504,,2019-04-25,"2019-02-28, 2019-03-28",True
CONCOR,2019-02-04,corporate_action,1250,1563,1.2504,0.7893,2019-02-28,"2019-03-28, 2019-04-25",False
CONCOR,2019-02-13,revision_live_series,1250,1563,1.2504,0.9481,2019-03-28,"2019-02-28, 2019-04-25",False
CONCOR,2021-10-29,revision_new_series,1563,800,0.511836,,2022-01-27,"2021-11-25, 2021-12-30",True
CONCOR,2022-04-29,revision_new_series,800,1000,1.25,,2022-07-28,"2022-05-26, 2022-06-30",True
CONCOR,2025-07-04,corporate_action,1000,1250,1.25,0.8015,"2025-07-31, 2025-08-28, 2025-09-30",,False
COROMANDEL,2022-04-29,revision_new_series,625,700,1.12,,2022-07-28,"2022-05-26, 2022-06-30",True
COROMANDEL,2024-11-01,revision_live_series,700,350,0.5,1.0174,"2024-11-28, 2024-12-26",,True
CROMPGREAV,2016-04-29,revision_new_series,3000,12000,4.0,,2016-07-28,"2016-05-26, 2016-06-30",True
CROMPTON,2022-04-29,revision_new_series,1100,1500,1.363636,,2022-07-28,"2022-05-26, 2022-06-30",True
CROMPTON,2023-04-28,revision_new_series,1500,1800,1.2,,2023-07-27,"2023-05-25, 2023-06-29",True
CROMPTON,2026-04-29,revision_new_series,1800,2150,1.194444,,2026-07-28,"2026-05-26, 2026-06-30",True
CUB,2021-10-29,revision_new_series,3100,3400,1.096774,,2022-01-27,"2021-11-25, 2021-12-30",True
CUB,2022-04-29,revision_new_series,3400,5000,1.470588,,2022-07-28,"2022-05-26, 2022-06-30",True
CUMMINSIND,2018-04-27,revision_new_series,600,700,1.166667,,2018-07-26,"2018-05-31, 2018-06-28",True
CUMMINSIND,2019-11-01,revision_new_series,700,900,1.285714,,2020-01-30,"2019-11-28, 2019-12-26",True
CUMMINSIND,2020-05-04,revision_new_series,900,1200,1.333333,,2020-07-30,"2020-05-28, 2020-06-25",True
CUMMINSIND,2021-04-30,revision_live_series,1200,600,0.5,0.9757,"2021-05-27, 2021-06-24",,True
CUMMINSIND,2023-10-27,revision_live_series,600,300,0.5,1.0079,"2023-11-30, 2023-12-28",,True
CUMMINSIND,2024-11-01,revision_live_series,300,150,0.5,1.0053,"2024-11-28, 2024-12-26",,True
CUMMINSIND,2025-04-25,revision_new_series,150,200,1.333333,,2025-07-31,"2025-05-29, 2025-06-26",True
CYIENT,2025-04-25,revision_new_series,300,425,1.416667,,2025-07-31,"2025-05-29, 2025-06-26",True
DABUR,2016-04-29,revision_new_series,2000,2500,1.25,,2016-07-28,"2016-05-26, 2016-06-30",True
DABUR,2018-10-26,revision_live_series,2500,1250,0.5,0.9962,"2018-11-29, 2018-12-27",,True
DALBHARAT,2022-04-29,revision_new_series,250,500,2.0,,2022-07-28,"2022-05-26, 2022-06-30",True
DALBHARAT,2023-10-27,revision_live_series,500,250,0.5,1.0168,"2023-11-30, 2023-12-28",,True
DALBHARAT,2024-04-26,revision_new_series,250,275,1.1,,2024-07-25,"2024-05-30, 2024-06-27",True
DALBHARAT,2025-04-25,revision_new_series,275,325,1.181818,,2025-07-31,"2025-05-29, 2025-06-26",True
DEEPAKNTR,2021-10-29,revision_live_series,500,250,0.5,1.0004,"2021-11-25, 2021-12-30",,True
DEEPAKNTR,2023-04-28,revision_new_series,250,300,1.2,,2023-07-27,"2023-05-25, 2023-06-29",True
DELHIVERY,2025-04-25,revision_new_series,1525,2075,1.360656,,2025-07-31,"2025-05-29, 2025-06-26",True
DELTACORP,2022-10-28,revision_new_series,2300,2800,1.217391,,2023-01-25,"2022-11-24, 2022-12-29",True
DELTACORP,2023-10-27,revision_new_series,2800,3000,1.071429,,2024-01-25,"2023-11-30, 2023-12-28",True
DHFL,2016-04-29,revision_new_series,2200,3000,1.363636,,2016-07-28,"2016-05-26, 2016-06-30",True
DHFL,2017-04-28,revision_live_series,3000,1500,0.5,1.0157,"2017-05-25, 2017-06-29",,True
DHFL,2019-04-26,revision_new_series,1500,4000,2.666667,,2019-07-25,"2019-05-30, 2019-06-27",True
DISHTV,2016-04-29,revision_new_series,5000,7000,1.4,,2016-07-28,"2016-05-26, 2016-06-30",True
DISHTV,2018-04-27,revision_new_series,7000,8000,1.142857,,2018-07-26,"2018-05-31, 2018-06-28",True
DISHTV,2019-04-26,revision_new_series,8000,14000,1.75,,2019-07-25,"2019-05-30, 2019-06-27",True
DISHTV,2019-11-01,revision_new_series,14000,24300,1.735714,,2020-01-30,"2019-11-28, 2019-12-26",True
DIVISLAB,2017-04-28,revision_new_series,600,800,1.333333,,2017-07-27,"2017-05-25, 2017-06-29",True
DIVISLAB,2018-10-26,revision_live_series,800,400,0.5,1.0027,"2018-11-29, 2018-12-27",,True
DIVISLAB,2020-10-30,revision_live_series,400,200,0.5,1.0107,"2020-11-26, 2020-12-31",,True
DIVISLAB,2021-10-29,revision_live_series,200,100,0.5,1.0133,"2021-11-25, 2021-12-30",,True
DIVISLAB,2022-04-29,revision_new_series,100,150,1.5,,2022-07-28,"2022-05-26, 2022-06-30",True
DIVISLAB,2023-04-28,revision_new_series,150,200,1.333333,,2023-07-27,"2023-05-25, 2023-06-29",True
DIVISLAB,2024-11-01,revision_live_series,200,100,0.5,1.0055,"2024-11-28, 2024-12-26",,True
DIXON,2023-04-28,revision_new_series,125,200,1.6,,2023-07-27,"2023-05-25, 2023-06-29",True
DIXON,2023-10-27,revision_live_series,200,100,0.5,1.0118,"2023-11-30, 2023-12-28",,True
DIXON,2024-11-01,revision_live_series,100,50,0.5,1.0077,"2024-11-28, 2024-12-26",,True
DLF,2018-04-27,revision_live_series,5000,2500,0.5,1.0187,"2018-05-31, 2018-06-28",,True
DLF,2018-10-26,revision_new_series,2500,2600,1.04,,2019-01-31,"2018-11-29, 2018-12-27",True
DLF,2019-04-26,revision_new_series,2600,2800,1.076923,,2019-07-25,"2019-05-30, 2019-06-27",True
DLF,2019-11-01,revision_new_series,2800,3300,1.178571,,2020-01-30,"2019-11-28, 2019-12-26",True
DLF,2021-10-29,revision_live_series,3300,1650,0.5,1.0105,"2021-11-25, 2021-12-30",,True
DLF,2024-04-26,revision_live_series,1650,825,0.5,1.022,"2024-05-30, 2024-06-27",,True
DLF,2026-04-29,revision_new_series,825,950,1.151515,,2026-07-28,"2026-05-26, 2026-06-30",True
DRREDDY,2016-04-29,revision_new_series,150,200,1.333333,,2016-07-28,"2016-05-26, 2016-06-30",True
DRREDDY,2017-10-27,revision_new_series,200,250,1.25,,2018-01-25,"2017-11-30, 2017-12-28",True
DRREDDY,2020-10-30,revision_live_series,250,125,0.5,0.9943,"2020-11-26, 2020-12-31",,True
DRREDDY,2024-10-28,corporate_action,125,625,5.0,0.2012,"2024-10-31, 2024-11-28, 2024-12-26",,False
EICHERMOT,2016-04-29,revision_new_series,25,50,2.0,,2016-07-28,"2016-05-26, 2016-06-30",True
EICHERMOT,2016-10-28,revision_live_series,50,25,0.5,0.9884,"2016-11-24, 2016-12-29",,True
EICHERMOT,2019-11-01,revision_new_series,25,30,1.2,,2020-01-30,"2019-11-28, 2019-12-26",True
EICHERMOT,2020-05-04,revision_new_series,30,35,1.166667,,2020-07-30,"2020-05-28, 2020-06-25",True
EICHERMOT,2020-08-24,corporate_action,35,350,10.0,0.1002,"2020-08-27, 2020-09-24, 2020-10-29",,False
EICHERMOT,2022-10-28,revision_live_series,350,175,0.5,1.0098,"2022-11-24, 2022-12-29",,True
EICHERMOT,2025-10-29,revision_new_series,175,100,0.571429,,2026-01-27,"2025-11-25, 2025-12-30",True
ENGINERSIN,2016-04-29,revision_new_series,2200,3500,1.590909,,2016-07-28,"2016-05-26, 2016-06-30",True
ENGINERSIN,2016-12-30,corporate_action,3500,7000,2.0,0.4528,"2017-01-25, 2017-02-23",,True
ENGINERSIN,2017-04-28,revision_live_series,7000,3500,0.5,1.0048,"2017-05-25, 2017-06-29",,True
ENGINERSIN,2018-10-26,revision_new_series,3500,4100,1.171429,,2019-01-31,"2018-11-29, 2018-12-27",True
ENGINERSIN,2019-04-26,revision_new_series,4100,4600,1.121951,,2019-07-25,"2019-05-30, 2019-06-27",True
EQUITAS,2018-04-27,revision_new_series,3200,4000,1.25,,2018-07-26,"2018-05-31, 2018-06-28",True
EQUITAS,2019-11-01,revision_new_series,4000,4900,1.225,,2020-01-30,"2019-11-28, 2019-12-26",True
EQUITAS,2020-05-04,revision_new_series,4900,7600,1.55102,,2020-07-30,"2020-05-28, 2020-06-25",True
ESCORTS,2020-10-30,revision_live_series,1100,550,0.5,1.0128,"2020-11-26, 2020-12-31",,True
ESCORTS,2022-10-28,revision_live_series,550,275,0.5,0.9969,"2022-11-24, 2022-12-29",,True
ESCORTS,2024-11-01,revision_new_series,275,150,0.545455,,2025-01-30,"2024-11-28, 2024-12-26",True
ETERNAL,2025-04-25,revision_new_series,2000,2425,1.2125,,2025-07-31,"2025-05-29, 2025-06-26",True
EXIDEIND,2016-04-29,revision_new_series,3400,4000,1.176471,,2016-07-28,"2016-05-26, 2016-06-30",True
EXIDEIND,2018-10-26,revision_live_series,4000,2000,0.5,0.9849,"2018-11-29, 2018-12-27",,True
EXIDEIND,2019-04-26,revision_new_series,2000,2400,1.2,,2019-07-25,"2019-05-30, 2019-06-27",True
EXIDEIND,2019-11-01,revision_new_series,2400,2900,1.208333,,2020-01-30,"2019-11-28, 2019-12-26",True
EXIDEIND,2020-05-04,revision_new_series,2900,3600,1.241379,,2020-07-30,"2020-05-28, 2020-06-25",True
EXIDEIND,2024-04-26,revision_live_series,3600,1800,0.5,1.0516,"2024-05-30, 2024-06-27",,True
FEDERALBNK,2016-04-29,revision_new_series,8000,11000,1.375,,2016-07-28,"2016-05-26, 2016-06-30",True
FEDERALBNK,2017-10-27,revision_live_series,11000,5500,0.5,1.013,"2017-11-30, 2017-12-28",,True
FEDERALBNK,2018-10-26,revision_new_series,5500,7000,1.272727,,2019-01-31,"2018-11-29, 2018-12-27",True
FEDERALBNK,2020-05-04,revision_new_series,7000,8500,1.214286,,2020-07-30,"2020-05-28, 2020-06-25",True
FEDERALBNK,2020-10-30,revision_new_series,8500,10000,1.176471,,2021-01-28,"2020-11-26, 2020-12-31",True
FEDERALBNK,2022-10-28,revision_live_series,10000,5000,0.5,0.9814,"2022-11-24, 2022-12-29",,True
FEDERALBNK,2026-04-29,revision_live_series,5000,2500,0.5,0.9815,"2026-05-26, 2026-06-30",,True
FORTIS,2017-10-27,revision_new_series,2700,3500,1.296296,,2018-01-25,"2017-11-30, 2017-12-28",True
FORTIS,2025-05-30,revision_new_series,3500,775,0.221429,,2025-06-26,,True
FSL,2022-04-29,revision_new_series,2600,5200,2.0,,2022-07-28,"2022-05-26, 2022-06-30",True
GAIL,2016-04-29,revision_new_series,1400,1500,1.071429,,2016-07-28,"2016-05-26, 2016-06-30",True
GAIL,2017-02-27,revision_new_series,1500,2000,1.333333,,2017-05-25,"2017-03-30, 2017-04-27",True
GAIL,2017-03-09,corporate_action,1500,2000,1.333333,0.7511,"2017-03-30, 2017-04-27",2017-05-25,False
GAIL,2018-03-27,corporate_action,2000,2667,1.3335,0.7604,"2018-03-28, 2018-04-26, 2018-05-31",,False
GAIL,2019-07-09,corporate_action,2667,5334,2.0,0.489,"2019-07-25, 2019-08-29, 2019-09-26",,False
GAIL,2020-05-04,revision_new_series,5334,6100,1.143607,,2020-07-30,"2020-05-28, 2020-06-25",True
GAIL,2022-09-06,corporate_action,6100,9150,1.5,0.6791,"2022-09-29, 2022-10-27, 2022-11-24",,False
GAIL,2023-10-27,revision_live_series,9150,4575,0.5,1.0063,"2023-11-30, 2023-12-28",,True
GAIL,2024-11-01,revision_new_series,4575,2350,0.513661,,2025-01-30,"2024-11-28, 2024-12-26",True
GAIL,2025-04-25,revision_new_series,2350,3150,1.340426,,2025-07-31,"2025-05-29, 2025-06-26",True
GAIL,2026-04-29,revision_new_series,3150,3550,1.126984,,2026-07-28,"2026-05-26, 2026-06-30",True
GLENMARK,2016-04-29,revision_new_series,500,700,1.4,,2016-07-28,"2016-05-26, 2016-06-30",True
GLENMARK,2017-10-27,revision_new_series,700,900,1.285714,,2018-01-25,"2017-11-30, 2017-12-28",True
GLENMARK,2018-04-27,revision_new_series,900,1000,1.111111,,2018-07-26,"2018-05-31, 2018-06-28",True
GLENMARK,2019-11-01,revision_new_series,1000,1400,1.4,,2020-01-30,"2019-11-28, 2019-12-26",True
GLENMARK,2020-05-04,revision_new_series,1400,2300,1.642857,,2020-07-30,"2020-05-28, 2020-06-25",True
GLENMARK,2020-10-30,revision_live_series,2300,1150,0.5,1.0115,"2020-11-26, 2020-12-31",,True
GLENMARK,2022-10-28,revision_new_series,1150,1450,1.26087,,2023-01-25,"2022-11-24, 2022-12-29",True
GLENMARK,2023-10-27,revision_live_series,1450,725,0.5,1.0006,"2023-11-30, 2023-12-28",,True
GLENMARK,2024-11-01,revision_new_series,725,325,0.448276,,2025-01-30,"2024-11-28, 2024-12-26",True
GLENMARK,2025-04-25,revision_new_series,325,375,1.153846,,2025-07-31,"2025-05-29, 2025-06-26",True
GMRAIRPORT,2025-04-25,revision_new_series,5625,6975,1.24,,2025-07-31,"2025-05-29, 2025-06-26",True
GMRINFRA,2016-04-29,revision_new_series,39000,45000,1.153846,,2016-07-28,"2016-05-26, 2016-06-30",True
GMRINFRA,2020-10-30,revision_live_series,45000,22500,0.5,1.0151,"2020-11-26, 2020-12-31",,True
GMRINFRA,2023-10-27,revision_live_series,22500,11250,0.5,1.0319,"2023-11-30, 2023-12-28",,True
GMRINFRA,2024-11-01,revision_live_series,11250,5625,0.5,1.0092,"2024-11-28, 2024-12-26",,True
GODFRYPHLP,2018-04-27,revision_new_series,500,700,1.4,,2018-07-26,"2018-05-31, 2018-06-28",True
GODFRYPHLP,2026-04-01,revision_new_series,700,275,0.392857,,2026-04-28,,True
GODREJCP,2017-05-26,revision_new_series,400,800,2.0,,2017-08-31,"2017-06-29, 2017-07-27",True
GODREJCP,2017-06-22,corporate_action,400,800,2.0,0.4924,"2017-06-29, 2017-07-27",2017-08-31,False
GODREJCP,2018-08-31,revision_new_series,800,1200,1.5,,2018-11-29,"2018-09-27, 2018-10-25",True
GODREJCP,2018-09-12,corporate_action,800,1200,1.5,0.6908,"2018-09-27, 2018-10-25",2018-11-29,False
GODREJCP,2018-10-26,revision_live_series,1200,600,0.5,1.0184,"2018-11-29, 2018-12-27",,True
GODREJCP,2019-04-26,revision_new_series,600,800,1.333333,,2019-07-25,"2019-05-30, 2019-06-27",True
GODREJCP,2020-05-04,revision_new_series,800,1000,1.25,,2020-07-30,"2020-05-28, 2020-06-25",True
GODREJCP,2021-10-29,revision_live_series,1000,500,0.5,0.9772,"2021-11-25, 2021-12-30",,True
GODREJCP,2022-04-29,revision_new_series,500,1000,2.0,,2022-07-28,"2022-05-26, 2022-06-30",True
GODREJCP,2023-10-27,revision_live_series,1000,500,0.5,1.0253,"2023-11-30, 2023-12-28",,True
GODREJIND,2016-04-29,revision_new_series,1300,1500,1.153846,,2016-07-28,"2016-05-26, 2016-06-30",True
GODREJPROP,2021-10-29,revision_live_series,650,325,0.5,0.9878,"2021-11-25, 2021-12-30",,True
GODREJPROP,2022-10-28,revision_new_series,325,425,1.307692,,2023-01-25,"2022-11-24, 2022-12-29",True
GODREJPROP,2023-04-28,revision_new_series,425,475,1.117647,,2023-07-27,"2023-05-25, 2023-06-29",True
GODREJPROP,2024-04-26,revision_new_series,475,225,0.473684,,2024-07-25,"2024-05-30, 2024-06-27",True
GODREJPROP,2025-04-25,revision_new_series,225,275,1.222222,,2025-07-31,"2025-05-29, 2025-06-26",True
GODREJPROP,2026-04-29,revision_new_series,275,325,1.181818,,2026-07-28,"2026-05-26, 2026-06-30",True
GRANULES,2021-02-26,revision_new_series,5000,1550,0.31,,2021-03-25,,True
GRANULES,2022-04-29,revision_new_series,1550,2000,1.290323,,2022-07-28,"2022-05-26, 2022-06-30",True
GRANULES,2024-11-01,revision_live_series,2000,1000,0.5,1.0049,"2024-11-28, 2024-12-26",,True
GRANULES,2025-04-25,revision_new_series,1000,1075,1.075,,2025-07-31,"2025-05-29, 2025-06-26",True
GRASIM,2016-09-30,revision_new_series,150,750,5.0,,2016-12-29,"2016-10-27, 2016-11-24",True
GRASIM,2016-10-06,corporate_action,150,750,5.0,0.2037,"2016-10-27, 2016-11-24",2016-12-29,False
GRASIM,2020-05-04,revision_new_series,750,950,1.266667,,2020-07-30,"2020-05-28, 2020-06-25",True
GRASIM,2021-04-30,revision_live_series,950,475,0.5,1.0423,"2021-05-27, 2021-06-24",,True
GRASIM,2024-01-10,corporate_action,475,477,1.004211,1.0027,"2024-01-25, 2024-02-29",2024-03-28,False
GRASIM,2024-01-11,corporate_action,475,477,1.004211,1.0047,2024-03-28,"2024-01-25, 2024-02-29",False
GRASIM,2024-04-26,revision_new_series,477,250,0.524109,,2024-07-25,"2024-05-30, 2024-06-27",True
GSFC,2018-10-26,revision_new_series,4500,4700,1.044444,,2019-01-31,"2018-11-29, 2018-12-27",True
GSPL,2022-04-29,revision_new_series,1700,2500,1.470588,,2022-07-28,"2022-05-26, 2022-06-30",True
HAL,2022-10-28,revision_new_series,475,300,0.631579,,2023-01-25,"2022-11-24, 2022-12-29",True
HAL,2023-09-28,corporate_action,300,600,2.0,0.4907,"2023-09-28, 2023-10-26, 2023-11-30",,False
HAL,2023-10-27,revision_live_series,600,300,0.5,1.0201,"2023-11-30, 2023-12-28",,True
HAL,2024-11-01,revision_live_series,300,150,0.5,1.0086,"2024-11-28, 2024-12-26",,True
HAVELLS,2018-04-27,revision_live_series,2000,1000,0.5,1.0142,"2018-05-31, 2018-06-28",,True
HAVELLS,2021-04-30,revision_live_series,1000,500,0.5,0.9836,"2021-05-27, 2021-06-24",,True
HCC,2017-10-27,revision_new_series,12000,15000,1.25,,2018-01-25,"2017-11-30, 2017-12-28",True
HCC,2018-04-27,revision_new_series,15000,18000,1.2,,2018-07-26,"2018-05-31, 2018-06-28",True
HCC,2018-11-20,corporate_action,18000,20063,1.114611,0.8596,2018-11-29,,False
HCLTECH,2016-04-29,revision_new_series,600,700,1.166667,,2016-07-28,"2016-05-26, 2016-06-30",True
HCLTECH,2019-11-29,revision_new_series,700,1400,2.0,,2020-02-27,"2019-12-26, 2020-01-30",True
HCLTECH,2019-12-05,corporate_action,700,1400,2.0,0.4992,"2019-12-26, 2020-01-30",2020-02-27,False
HCLTECH,2020-10-30,revision_live_series,1400,700,0.5,1.0054,"2020-11-26, 2020-12-31",,True
HCLTECH,2024-04-26,revision_live_series,700,350,0.5,0.9738,"2024-05-30, 2024-06-27",,True
HCLTECH,2026-04-29,revision_new_series,350,400,1.142857,,2026-07-28,"2026-05-26, 2026-06-30",True
HDFC,2016-04-29,revision_new_series,400,500,1.25,,2016-07-28,"2016-05-26, 2016-06-30",True
HDFC,2019-11-01,revision_live_series,500,250,0.5,1.0021,"2019-11-28, 2019-12-26",,True
HDFC,2020-05-04,revision_new_series,250,300,1.2,,2020-07-30,"2020-05-28, 2020-06-25",True
HDFCAMC,2022-04-29,revision_new_series,200,300,1.5,,2022-07-28,"2022-05-26, 2022-06-30",True
HDFCAMC,2024-04-26,revision_live_series,300,150,0.5,1.0133,"2024-05-30, 2024-06-27",,True
HDFCAMC,2025-11-26,corporate_action,150,300,2.0,0.5051,"2025-12-30, 2026-01-27",,True
HDFCBANK,2018-10-26,revision_live_series,500,250,0.5,0.9997,"2018-11-29, 2018-12-27",,True
HDFCBANK,2019-09-19,corporate_action,250,500,2.0,0.5027,"2019-09-26, 2019-10-31, 2019-11-28",,False
HDFCBANK,2020-05-04,revision_new_series,500,550,1.1,,2020-07-30,"2020-05-28, 2020-06-25",True
HDFCBANK,2025-08-26,corporate_action,550,1100,2.0,0.4943,"2025-08-28, 2025-09-30, 2025-10-28",,False
HDFCBANK,2025-10-29,revision_live_series,1100,550,0.5,1.0128,"2025-11-25, 2025-12-30",,True
HDFCBANK,2026-04-29,revision_new_series,550,650,1.181818,,2026-07-28,"2026-05-26, 2026-06-30",True
HDFCLIFE,2020-05-04,revision_new_series,900,1100,1.222222,,2020-07-30,"2020-05-28, 2020-06-25",True
HDIL,2016-04-29,revision_new_series,6000,8000,1.333333,,2016-07-28,"2016-05-26, 2016-06-30",True
HDIL,2017-10-27,revision_new_series,8000,9000,1.125,,2018-01-25,"2017-11-30, 2017-12-28",True
HEROMOTOCO,2020-05-04,revision_new_series,200,300,1.5,,2020-07-30,"2020-05-28, 2020-06-25",True
HEROMOTOCO,2024-04-26,revision_live_series,300,150,0.5,1.0072,"2024-05-30, 2024-06-27",,True
HEXAWARE,2016-10-28,revision_new_series,2000,3000,1.5,,2017-01-25,"2016-11-24, 2016-12-29",True
HEXAWARE,2018-04-27,revision_live_series,3000,1500,0.5,1.0049,"2018-05-31, 2018-06-28",,True
HFCL,2025-04-25,revision_new_series,4150,6450,1.554217,,2025-07-31,"2025-05-29, 2025-06-26",True
HINDALCO,2016-04-29,revision_new_series,5000,7000,1.4,,2016-07-28,"2016-05-26, 2016-06-30",True
HINDALCO,2016-10-28,revision_live_series,7000,3500,0.5,1.0148,"2016-11-24, 2016-12-29",,True
HINDALCO,2020-05-04,revision_new_series,3500,4300,1.228571,,2020-07-30,"2020-05-28, 2020-06-25",True
HINDALCO,2021-04-30,revision_live_series,4300,2150,0.5,0.9837,"2021-05-27, 2021-06-24",,True
HINDALCO,2021-10-29,revision_live_series,2150,1075,0.5,0.9834,"2021-11-25, 2021-12-30",,True
HINDALCO,2022-10-28,revision_new_series,1075,1400,1.302326,,2023-01-25,"2022-11-24, 2022-12-29",True
HINDALCO,2025-10-29,revision_live_series,1400,700,0.5,1.0157,"2025-11-25, 2025-12-30",,True
HINDCOPPER,2022-10-28,revision_new_series,4300,4800,1.116279,,2023-01-25,"2022-11-24, 2022-12-29",True
HINDCOPPER,2023-04-28,revision_new_series,4800,5300,1.104167,,2023-07-27,"2023-05-25, 2023-06-29",True
HINDCOPPER,2024-04-26,revision_live_series,5300,2650,0.5,1.0379,"2024-05-30, 2024-06-27",,True
HINDPETRO,2016-04-29,revision_new_series,600,700,1.166667,,2016-07-28,"2016-05-26, 2016-06-30",True
HINDPETRO,2016-09-14,corporate_action,700,2100,3.0,0.3342,"2016-09-29, 2016-10-27",2016-11-24,False
HINDPETRO,2016-09-15,revision_live_series,700,2100,3.0,0.9926,2016-11-24,"2016-09-29, 2016-10-27",False
HINDPETRO,2017-04-28,revision_live_series,2100,1050,0.5,0.9997,"2017-05-25, 2017-06-29",,True
HINDPETRO,2017-06-30,revision_new_series,1050,1575,1.5,,2017-09-28,"2017-07-27, 2017-08-31",True
HINDPETRO,2017-07-11,corporate_action,1050,1575,1.5,0.6666,"2017-07-27, 2017-08-31",2017-09-28,False
HINDPETRO,2018-10-26,revision_new_series,1575,2100,1.333333,,2019-01-31,"2018-11-29, 2018-12-27",True
HINDPETRO,2020-05-04,revision_new_series,2100,2700,1.285714,,2020-07-30,"2020-05-28, 2020-06-25",True
HINDPETRO,2024-04-26,revision_live_series,2700,1350,0.5,1.0062,"2024-05-30, 2024-06-27",,True
HINDPETRO,2024-06-21,corporate_action,1350,2025,1.5,0.65,"2024-06-27, 2024-07-25, 2024-08-29",,False
HINDUNILVR,2019-04-26,revision_live_series,600,300,0.5,1.0141,"2019-05-30, 2019-06-27",,True
HINDZINC,2025-03-28,revision_new_series,3200,1225,0.382812,,2025-04-24,,True
HUDCO,2025-04-25,revision_new_series,2425,2775,1.14433,,2025-07-31,"2025-05-29, 2025-06-26",True
IBREALEST,2016-04-29,revision_new_series,9000,10000,1.111111,,2016-07-28,"2016-05-26, 2016-06-30",True
IBREALEST,2017-10-27,revision_live_series,10000,2500,0.25,1.0024,2017-11-30,,True
IBULHSGFIN,2017-10-27,revision_live_series,800,400,0.5,1.0134,"2017-11-30, 2017-12-28",,True
IBULHSGFIN,2018-04-27,revision_new_series,400,500,1.25,,2018-07-26,"2018-05-31, 2018-06-28",True
IBULHSGFIN,2019-04-26,revision_new_series,500,800,1.6,,2019-07-25,"2019-05-30, 2019-06-27",True
IBULHSGFIN,2019-11-01,revision_new_series,800,1200,1.5,,2020-01-30,"2019-11-28, 2019-12-26",True
IBULHSGFIN,2020-05-04,revision_new_series,1200,3100,2.583333,,2020-07-30,"2020-05-28, 2020-06-25",True
IBULHSGFIN,2022-04-29,revision_new_series,3100,4000,1.290323,,2022-07-28,"2022-05-26, 2022-06-30",True
IBULHSGFIN,2023-04-28,revision_new_series,4000,5100,1.275,,2023-07-27,"2023-05-25, 2023-06-29",True
ICICIBANK,2016-04-29,revision_new_series,1700,2500,1.470588,,2016-07-28,"2016-05-26, 2016-06-30",True
ICICIBANK,2017-06-20,corporate_action,2500,2750,1.1,0.9177,"2017-06-29, 2017-07-27, 2017-08-31",,False
ICICIBANK,2019-04-26,revision_live_series,2750,1375,0.5,1.0358,"2019-05-30, 2019-06-27",,True
ICICIBANK,2022-10-28,revision_new_series,1375,700,0.509091,,2023-01-25,"2022-11-24, 2022-12-29",True
ICICIGI,2023-04-28,revision_new_series,425,500,1.176471,,2023-07-27,"2023-05-25, 2023-06-29",True
ICICIGI,2024-11-01,revision_live_series,500,250,0.5,1.0047,"2024-11-28, 2024-12-26",,True
ICICIGI,2025-04-25,revision_new_series,250,325,1.3,,2025-07-31,"2025-05-29, 2025-06-26",True
ICICIPRULI,2018-10-26,revision_new_series,1300,1500,1.153846,,2019-01-31,"2018-11-29, 2018-12-27",True
ICICIPRULI,2021-10-29,revision_live_series,1500,750,0.5,1.007,"2021-11-25, 2021-12-30",,True
ICICIPRULI,2022-04-29,revision_new_series,750,1500,2.0,,2022-07-28,"2022-05-26, 2022-06-30",True
ICICIPRULI,2024-11-01,revision_live_series,1500,750,0.5,1.009,"2024-11-28, 2024-12-26",,True
ICICIPRULI,2025-04-25,revision_new_series,750,925,1.233333,,2025-07-31,"2025-05-29, 2025-06-26",True
ICIL,2016-04-29,revision_new_series,500,600,1.2,,2016-07-28,"2016-05-26, 2016-06-30",True
ICIL,2016-10-28,revision_new_series,600,3500,5.833333,,2017-01-25,"2016-11-24, 2016-12-29",True
ICIL,2016-11-15,revision_live_series,600,3000,5.0,0.9378,"2016-11-24, 2016-12-29",2017-01-25,False
ICIL,2017-10-27,revision_new_series,3500,5000,1.428571,,2018-01-25,"2017-11-30, 2017-12-28",True
IDBI,2017-10-27,revision_new_series,8000,10000,1.25,,2018-01-25,"2017-11-30, 2017-12-28",True
IDBI,2019-04-26,revision_new_series,10000,12000,1.2,,2019-07-25,"2019-05-30, 2019-06-27",True
IDEA,2016-04-29,revision_new_series,3000,5000,1.666667,,2016-07-28,"2016-05-26, 2016-06-30",True
IDEA,2016-10-28,revision_new_series,5000,7000,1.4,,2017-01-25,"2016-11-24, 2016-12-29",True
IDEA,2018-10-26,revision_new_series,7000,12000,1.714286,,2019-01-31,"2018-11-29, 2018-12-27",True
IDEA,2019-03-29,corporate_action,12000,19868,1.655667,0.5594,"2019-04-25, 2019-05-30",,True
IDEA,2019-04-26,revision_new_series,19868,28000,1.409301,,2019-07-25,"2019-05-30, 2019-06-27",True
IDEA,2019-11-01,revision_new_series,28000,98000,3.5,,2020-01-30,"2019-11-28, 2019-12-26",True
IDEA,2020-05-04,revision_new_series,98000,140000,1.428571,,2020-07-30,"2020-05-28, 2020-06-25",True
IDEA,2020-10-30,revision_live_series,140000,70000,0.5,1.0599,"2020-11-26, 2020-12-31",,True
IDEA,2023-04-28,revision_new_series,70000,80000,1.142857,,2023-07-27,"2023-05-25, 2023-06-29",True
IDEA,2024-04-26,revision_live_series,80000,40000,0.5,1.018,"2024-05-30, 2024-06-27",,True
IDEA,2025-04-25,revision_new_series,40000,71475,1.786875,,2025-07-31,"2025-05-29, 2025-06-26",True
IDFC,2016-04-29,revision_new_series,3300,13200,4.0,,2016-07-28,"2016-05-26, 2016-06-30",True
IDFC,2021-12-31,revision_new_series,13200,10000,0.757576,,2022-01-27,,True
IDFC,2023-10-27,revision_live_series,10000,5000,0.5,1.0245,"2023-11-30, 2023-12-28",,True
IDFCBANK,2017-04-28,revision_new_series,8000,9000,1.125,,2017-07-27,"2017-05-25, 2017-06-29",True
IDFCBANK,2018-04-27,revision_new_series,9000,11000,1.222222,,2018-07-26,"2018-05-31, 2018-06-28",True
IDFCBANK,2018-10-26,revision_new_series,11000,12000,1.090909,,2019-01-31,"2018-11-29, 2018-12-27",True
IDFCFIRSTB,2020-05-04,revision_new_series,12000,19000,1.583333,,2020-07-30,"2020-05-28, 2020-06-25",True
IDFCFIRSTB,2021-04-30,revision_live_series,19000,9500,0.5,0.9891,"2021-05-27, 2021-06-24",,True
IDFCFIRSTB,2021-10-29,revision_new_series,9500,11100,1.168421,,2022-01-27,"2021-11-25, 2021-12-30",True
IDFCFIRSTB,2022-04-29,revision_new_series,11100,15000,1.351351,,2022-07-28,"2022-05-26, 2022-06-30",True
IDFCFIRSTB,2023-10-27,revision_live_series,15000,7500,0.5,1.02,"2023-11-30, 2023-12-28",,True
IDFCFIRSTB,2025-04-25,revision_new_series,7500,9275,1.236667,,2025-07-31,"2025-05-29, 2025-06-26",True
IEX,2021-12-03,corporate_action,1250,3750,3.0,0.3467,"2021-12-30, 2022-01-27, 2022-02-24",,False
IEX,2026-04-29,revision_new_series,3750,4350,1.16,,2026-07-28,"2026-05-26, 2026-06-30",True
IFCI,2016-04-29,revision_new_series,20000,22000,1.1,,2016-07-28,"2016-05-26, 2016-06-30",True
IFCI,2018-04-27,revision_new_series,22000,25000,1.136364,,2018-07-26,"2018-05-31, 2018-06-28",True
IFCI,2018-10-26,revision_new_series,25000,35000,1.4,,2019-01-31,"2018-11-29, 2018-12-27",True
IGL,2017-04-28,revision_live_series,1100,550,0.5,1.0114,"2017-05-25, 2017-06-29",,True
IGL,2017-11-09,corporate_action,550,2750,5.0,0.1973,"2017-11-30, 2017-12-28, 2018-01-25",,False
IGL,2020-05-04,revision_live_series,2750,1375,0.5,0.9859,"2020-05-28, 2020-06-25",,True
IGL,2025-01-31,corporate_action,1375,2750,2.0,0.5054,"2025-02-27, 2025-03-27",,True
IIFL,2025-04-25,revision_new_series,1550,1650,1.064516,,2025-07-31,"2025-05-29, 2025-06-26",True
INDHOTEL,2021-11-11,corporate_action,3900,4022,1.031282,0.966,"2021-11-25, 2021-12-30, 2022-01-27",,False
INDHOTEL,2022-10-28,revision_new_series,4022,2000,0.497265,,2023-01-25,"2022-11-24, 2022-12-29",True
INDHOTEL,2024-04-26,revision_live_series,2000,1000,0.5,0.9915,"2024-05-30, 2024-06-27",,True
INDIACEM,2016-04-29,revision_new_series,6000,7000,1.166667,,2016-07-28,"2016-05-26, 2016-06-30",True
INDIACEM,2016-10-28,revision_live_series,7000,3500,0.5,1.0207,"2016-11-24, 2016-12-29",,True
INDIACEM,2018-10-26,revision_new_series,3500,4500,1.285714,,2019-01-31,"2018-11-29, 2018-12-27",True
INDIACEM,2021-10-01,revision_new_series,4500,2900,0.644444,,2021-10-28,,True
INDIAMART,2022-04-29,revision_new_series,75,150,2.0,,2022-07-28,"2022-05-26, 2022-06-30",True
INDIAMART,2023-06-21,corporate_action,150,300,2.0,0.5014,"2023-06-29, 2023-07-27, 2023-08-31",,False
INDIANB,2024-11-29,revision_new_series,2000,950,0.475,,2024-12-26,,True
INDIANB,2025-04-25,revision_new_series,950,1000,1.052632,,2025-07-31,"2025-05-29, 2025-06-26",True
INDIGO,2019-11-01,revision_live_series,600,300,0.5,0.9903,"2019-11-28, 2019-12-26",,True
INDIGO,2020-05-04,revision_new_series,300,500,1.666667,,2020-07-30,"2020-05-28, 2020-06-25",True
INDIGO,2021-10-29,revision_live_series,500,250,0.5,1.0956,"2021-11-25, 2021-12-30",,True
INDIGO,2022-04-29,revision_new_series,250,300,1.2,,2022-07-28,"2022-05-26, 2022-06-30",True
INDIGO,2024-11-01,revision_live_series,300,150,0.5,1.0055,"2024-11-28, 2024-12-26",,True
INDUSINDBK,2017-10-27,revision_live_series,600,300,0.5,1.0114,"2017-11-30, 2017-12-28",,True
INDUSINDBK,2019-04-26,revision_new_series,300,400,1.333333,,2019-07-25,"2019-05-30, 2019-06-27",True
INDUSINDBK,2020-05-04,revision_new_series,400,800,2.0,,2020-07-30,"2020-05-28, 2020-06-25",True
INDUSINDBK,2020-10-30,revision_new_series,800,900,1.125,,2021-01-28,"2020-11-26, 2020-12-31",True
INDUSINDBK,2022-10-28,revision_live_series,900,450,0.5,1.0092,"2022-11-24, 2022-12-29",,True
INDUSINDBK,2023-04-28,revision_new_series,450,500,1.111111,,2023-07-27,"2023-05-25, 2023-06-29",True
INDUSINDBK,2025-04-25,revision_new_series,500,700,1.4,,2025-07-31,"2025-05-29, 2025-06-26",True
INDUSTOWER,2023-04-28,revision_new_series,2800,3400,1.214286,,2023-07-27,"2023-05-25, 2023-06-29",True
INDUSTOWER,2024-11-01,revision_live_series,3400,1700,0.5,1.0104,"2024-11-28, 2024-12-26",,True
INFIBEAM,2017-08-31,corporate_action,400,4000,10.0,0.1022,"2017-08-31, 2017-09-28, 2017-10-26",,False
INFRATEL,2016-04-29,revision_new_series,1300,1400,1.076923,,2016-07-28,"2016-05-26, 2016-06-30",True
INFRATEL,2016-10-28,revision_new_series,1400,1600,1.142857,,2017-01-25,"2016-11-24, 2016-12-29",True
INFRATEL,2017-04-28,revision_new_series,1600,1700,1.0625,,2017-07-27,"2017-05-25, 2017-06-29",True
INFRATEL,2018-10-26,revision_new_series,1700,2000,1.176471,,2019-01-31,"2018-11-29, 2018-12-27",True
INFRATEL,2020-05-04,revision_new_series,2000,2800,1.4,,2020-07-30,"2020-05-28, 2020-06-25",True
INFY,2017-10-27,revision_new_series,500,600,1.2,,2018-01-25,"2017-11-30, 2017-12-28",True
INFY,2018-09-04,corporate_action,600,1200,2.0,0.513,"2018-09-27, 2018-10-25, 2018-11-29",,False
INFY,2020-10-30,revision_live_series,1200,600,0.5,0.9863,"2020-11-26, 2020-12-31",,True
INFY,2021-10-29,revision_live_series,600,300,0.5,0.9828,"2021-11-25, 2021-12-30",,True
INFY,2022-10-28,revision_new_series,300,400,1.333333,,2023-01-25,"2022-11-24, 2022-12-29",True
INOXWIND,2025-07-29,corporate_action,3225,3272,1.014574,0.9954,"2025-07-31, 2025-08-28, 2025-09-30",,False
INOXWIND,2025-10-29,revision_new_series,3272,3575,1.092604,,2026-01-27,"2025-11-25, 2025-12-30",True
INOXWIND,2026-04-29,revision_new_series,3575,6400,1.79021,,2026-07-28,"2026-05-26, 2026-06-30",True
INTELLECT,2022-10-28,revision_new_series,750,1000,1.333333,,2023-01-25,"2022-11-24, 2022-12-29",True
INTELLECT,2023-04-28,revision_new_series,1000,1300,1.3,,2023-07-27,"2023-05-25, 2023-06-29",True
IOC,2016-04-29,revision_new_series,1200,1500,1.25,,2016-07-28,"2016-05-26, 2016-06-30",True
IOC,2016-10-18,corporate_action,1500,3000,2.0,0.5017,"2016-10-27, 2016-11-24, 2016-12-29",,False
IOC,2017-04-28,revision_live_series,3000,1500,0.5,0.9937,"2017-05-25, 2017-06-29",,True
IOC,2018-03-15,corporate_action,1500,3000,2.0,0.4923,"2018-03-28, 2018-04-26, 2018-05-31",,False
IOC,2018-10-26,revision_new_series,3000,3500,1.166667,,2019-01-31,"2018-11-29, 2018-12-27",True
IOC,2019-11-01,revision_new_series,3500,4000,1.142857,,2020-01-30,"2019-11-28, 2019-12-26",True
IOC,2020-05-04,revision_new_series,4000,5700,1.425,,2020-07-30,"2020-05-28, 2020-06-25",True
IOC,2020-10-30,revision_new_series,5700,6500,1.140351,,2021-01-28,"2020-11-26, 2020-12-31",True
IOC,2022-06-30,corporate_action,6500,9750,1.5,0.6755,"2022-07-28, 2022-08-25",,False
IOC,2024-04-26,revision_live_series,9750,4875,0.5,1.015,"2024-05-30, 2024-06-27",,True
IPCALAB,2022-01-10,corporate_action,225,450,2.0,0.4814,"2022-01-27, 2022-02-24, 2022-03-31",,False
IPCALAB,2022-04-29,revision_new_series,450,650,1.444444,,2022-07-28,"2022-05-26, 2022-06-30",True
IRB,2016-04-29,revision_new_series,2100,2500,1.190476,,2016-07-28,"2016-05-26, 2016-06-30",True
IRB,2018-10-26,revision_new_series,2500,3200,1.28,,2019-01-31,"2018-11-29, 2018-12-27",True
IRB,2024-11-29,revision_new_series,3200,10250,3.203125,,2024-12-26,,True
IRB,2025-04-25,revision_new_series,10250,11675,1.139024,,2025-07-31,"2025-05-29, 2025-06-26",True
IRCTC,2021-10-28,revision_live_series,325,1625,5.0,0.2204,"2021-10-28, 2021-11-25, 2021-12-30",,False
IRCTC,2021-10-29,revision_new_series,1625,875,0.538462,,2022-01-27,"2021-11-25, 2021-12-30",True
IREDA,2025-04-25,revision_new_series,2900,3450,1.189655,,2025-07-31,"2025-05-29, 2025-06-26",True
IREDA,2026-04-29,revision_new_series,3450,4525,1.311594,,2026-07-28,"2026-05-26, 2026-06-30",True
IRFC,2025-04-25,revision_new_series,3525,4250,1.205674,,2025-07-31,"2025-05-29, 2025-06-26",True
IRFC,2026-04-29,revision_new_series,4250,5425,1.276471,,2026-07-28,"2026-05-26, 2026-06-30",True
ITC,2016-07-01,corporate_action,1600,2400,1.5,0.6898,"2016-07-28, 2016-08-25",,True
ITC,2020-05-04,revision_new_series,2400,3200,1.333333,,2020-07-30,"2020-05-28, 2020-06-25",True
ITC,2022-10-28,revision_live_series,3200,1600,0.5,1.0064,"2022-11-24, 2022-12-29",,True
ITC,2026-04-29,revision_new_series,1600,1725,1.078125,,2026-07-28,"2026-05-26, 2026-06-30",True
JETAIRWAYS,2016-04-29,revision_new_series,900,1000,1.111111,,2016-07-28,"2016-05-26, 2016-06-30",True
JETAIRWAYS,2017-04-28,revision_new_series,1000,1200,1.2,,2017-07-27,"2017-05-25, 2017-06-29",True
JETAIRWAYS,2018-10-26,revision_new_series,1200,2200,1.833333,,2019-01-31,"2018-11-29, 2018-12-27",True
JINDALSTEL,2016-04-29,revision_new_series,7000,9000,1.285714,,2016-07-28,"2016-05-26, 2016-06-30",True
JINDALSTEL,2017-03-31,revision_new_series,9000,4500,0.5,,2017-06-29,"2017-04-27, 2017-05-25",True
JINDALSTEL,2017-04-28,revision_live_series,9000,4500,0.5,1.0106,2017-05-25,2017-06-29,True
JINDALSTEL,2018-04-27,revision_live_series,4500,2250,0.5,1.0169,"2018-05-31, 2018-06-28",,True
JINDALSTEL,2019-04-26,revision_new_series,2250,3200,1.422222,,2019-07-25,"2019-05-30, 2019-06-27",True
JINDALSTEL,2019-11-01,revision_new_series,3200,5000,1.5625,,2020-01-30,"2019-11-28, 2019-12-26",True
JINDALSTEL,2021-04-30,revision_live_series,5000,2500,0.5,0.9768,"2021-05-27, 2021-06-24",,True
JINDALSTEL,2022-04-29,revision_live_series,2500,1250,0.5,0.9956,"2022-05-26, 2022-06-30",,True
JINDALSTEL,2024-04-26,revision_live_series,1250,625,0.5,0.994,"2024-05-30, 2024-06-27",,True
JIOFIN,2025-04-25,revision_new_series,1650,2350,1.424242,,2025-07-31,"2025-05-29, 2025-06-26",True
JISLJALEQS,2016-04-29,revision_new_series,8000,9000,1.125,,2016-07-28,"2016-05-26, 2016-06-30",True
JKCEMENT,2022-04-29,revision_new_series,175,250,1.428571,,2022-07-28,"2022-05-26, 2022-06-30",True
JKCEMENT,2024-04-26,revision_live_series,250,125,0.5,1.0211,"2024-05-30, 2024-06-27",,True
JPASSOCIAT,2016-04-29,revision_new_series,48000,68000,1.416667,,2016-07-28,"2016-05-26, 2016-06-30",True
JPASSOCIAT,2017-09-29,revision_new_series,68000,34000,0.5,,2017-12-28,"2017-10-26, 2017-11-30",True
JPASSOCIAT,2017-10-27,revision_live_series,68000,34000,0.5,1.0137,2017-11-30,2017-12-28,True
JPASSOCIAT,2018-10-26,revision_new_series,34000,55000,1.617647,,2019-01-31,"2018-11-29, 2018-12-27",True
JSL,2025-04-25,revision_new_series,775,850,1.096774,,2025-07-31,"2025-05-29, 2025-06-26",True
JSWENERGY,2016-04-29,revision_new_series,6000,8000,1.333333,,2016-07-28,"2016-05-26, 2016-06-30",True
JSWENERGY,2017-04-28,revision_new_series,8000,8500,1.0625,,2017-07-27,"2017-05-25, 2017-06-29",True
JSWENERGY,2024-11-29,revision_new_series,8500,750,0.088235,,2024-12-26,,True
JSWENERGY,2025-04-25,revision_new_series,750,1000,1.333333,,2025-07-31,"2025-05-29, 2025-06-26",True
JSWENERGY,2026-04-29,revision_new_series,1000,1075,1.075,,2026-07-28,"2026-05-26, 2026-06-30",True
JSWSTEEL,2016-10-28,revision_live_series,600,300,0.5,1.0211,"2016-11-24, 2016-12-29",,True
JSWSTEEL,2016-12-30,revision_new_series,300,3000,10.0,,2017-03-30,"2017-01-25, 2017-02-23",True
JSWSTEEL,2017-01-04,corporate_action,300,3000,10.0,0.0989,"2017-01-25, 2017-02-23",2017-03-30,False
JSWSTEEL,2018-10-26,revision_live_series,3000,1500,0.5,0.9555,"2018-11-29, 2018-12-27",,True
JSWSTEEL,2019-04-26,revision_new_series,1500,2000,1.333333,,2019-07-25,"2019-05-30, 2019-06-27",True
JSWSTEEL,2019-11-01,revision_new_series,2000,2300,1.15,,2020-01-30,"2019-11-28, 2019-12-26",True
JSWSTEEL,2020-05-04,revision_new_series,2300,2700,1.173913,,2020-07-30,"2020-05-28, 2020-06-25",True
JSWSTEEL,2021-04-30,revision_live_series,2700,1350,0.5,0.993,"2021-05-27, 2021-06-24",,True
JSWSTEEL,2023-10-27,revision_live_series,1350,675,0.5,1.0111,"2023-11-30, 2023-12-28",,True
JUBLFOOD,2016-04-29,revision_new_series,300,500,1.666667,,2016-07-28,"2016-05-26, 2016-06-30",True
JUBLFOOD,2018-04-27,revision_live_series,500,250,0.5,1.0132,"2018-05-31, 2018-06-28",,True
JUBLFOOD,2018-06-21,corporate_action,250,500,2.0,0.4975,"2018-06-28, 2018-07-26, 2018-08-30",,False
JUBLFOOD,2020-10-30,revision_live_series,500,250,0.5,0.9815,"2020-11-26, 2020-12-31",,True
JUBLFOOD,2021-10-29,revision_live_series,250,125,0.5,0.9943,"2021-11-25, 2021-12-30",,True
JUBLFOOD,2022-04-19,corporate_action,125,625,5.0,0.1905,"2022-04-28, 2022-05-26, 2022-06-30",,False
JUBLFOOD,2022-04-29,revision_new_series,625,1250,2.0,,2022-07-28,"2022-05-26, 2022-06-30",True
JUSTDIAL,2016-04-29,revision_new_series,500,800,1.6,,2016-07-28,"2016-05-26, 2016-06-30",True
JUSTDIAL,2016-10-28,revision_new_series,800,1200,1.5,,2017-01-25,"2016-11-24, 2016-12-29",True
JUSTDIAL,2017-10-27,revision_new_series,1200,1400,1.166667,,2018-01-25,"2017-11-30, 2017-12-28",True
KAJARIACER,2018-04-27,revision_new_series,800,1000,1.25,,2018-07-26,"2018-05-31, 2018-06-28",True
KAJARIACER,2018-10-26,revision_new_series,1000,1300,1.3,,2019-01-31,"2018-11-29, 2018-12-27",True
KALYANKJIL,2025-04-25,revision_new_series,775,1175,1.516129,,2025-07-31,"2025-05-29, 2025-06-26",True
KALYANKJIL,2026-04-29,revision_new_series,1175,1350,1.148936,,2026-07-28,"2026-05-26, 2026-06-30",True
KAYNES,2026-04-29,revision_new_series,100,150,1.5,,2026-07-28,"2026-05-26, 2026-06-30",True
KEI,2025-04-25,revision_new_series,150,175,1.166667,,2025-07-31,"2025-05-29, 2025-06-26",True
KFINTECH,2025-10-29,revision_new_series,450,500,1.111111,,2026-01-27,"2025-11-25, 2025-12-30",True
KFINTECH,2026-04-29,revision_new_series,500,575,1.15,,2026-07-28,"2026-05-26, 2026-06-30",True
KOTAKBANK,2016-04-29,revision_new_series,700,800,1.142857,,2016-07-28,"2016-05-26, 2016-06-30",True
KOTAKBANK,2019-04-26,revision_live_series,800,400,0.5,1.0192,"2019-05-30, 2019-06-27",,True
KOTAKBANK,2026-01-14,corporate_action,400,2000,5.0,0.1973,"2026-01-27, 2026-02-24, 2026-03-30",,False
KPIT,2017-10-27,revision_new_series,4000,4500,1.125,,2018-01-25,"2017-11-30, 2017-12-28",True
KPIT,2018-10-26,revision_live_series,4500,2250,0.5,1.0457,2018-11-29,2018-12-27,True
KPIT,2018-10-29,revision_live_series,4500,2250,0.5,0.9968,2018-12-27,"2018-11-29, 2019-01-31",False
KPITTECH,2025-10-29,revision_new_series,400,425,1.0625,,2026-01-27,"2025-11-25, 2025-12-30",True
KPITTECH,2026-04-29,revision_new_series,425,775,1.823529,,2026-07-28,"2026-05-26, 2026-06-30",True
KSCL,2016-04-29,revision_new_series,750,1500,2.0,,2016-07-28,"2016-05-26, 2016-06-30",True
KTKBANK,2016-04-29,revision_new_series,4000,6000,1.5,,2016-07-28,"2016-05-26, 2016-06-30",True
KTKBANK,2016-10-24,corporate_action,6000,7375,1.229167,0.833,"2016-10-27, 2016-11-24, 2016-12-29",,False
KTKBANK,2017-04-28,revision_new_series,7375,3800,0.515254,,2017-07-27,"2017-05-25, 2017-06-29",True
KTKBANK,2018-04-27,revision_new_series,3800,4500,1.184211,,2018-07-26,"2018-05-31, 2018-06-28",True
KTKBANK,2018-10-26,revision_new_series,4500,4700,1.044444,,2019-01-31,"2018-11-29, 2018-12-27",True
L&TFH,2016-04-29,revision_new_series,8000,9000,1.125,,2016-07-28,"2016-05-26, 2016-06-30",True
L&TFH,2017-04-28,revision_live_series,9000,4500,0.5,1.0031,"2017-05-25, 2017-06-29",,True
L&TFH,2019-11-01,revision_new_series,4500,5600,1.244444,,2020-01-30,"2019-11-28, 2019-12-26",True
L&TFH,2020-05-04,revision_new_series,5600,6800,1.214286,,2020-07-30,"2020-05-28, 2020-06-25",True
L&TFH,2020-10-30,revision_new_series,6800,8300,1.220588,,2021-01-28,"2020-11-26, 2020-12-31",True
L&TFH,2021-01-21,corporate_action,8300,8924,1.075181,0.9104,"2021-01-28, 2021-02-25, 2021-03-25",,False
L&TFH,2023-10-27,revision_live_series,8924,4462,0.5,1.0492,"2023-11-30, 2023-12-28",,True
LALPATHLAB,2021-10-29,revision_live_series,250,125,0.5,0.9799,"2021-11-25, 2021-12-30",,True
LALPATHLAB,2022-04-29,revision_new_series,125,250,2.0,,2022-07-28,"2022-05-26, 2022-06-30",True
LALPATHLAB,2023-04-28,revision_new_series,250,300,1.2,,2023-07-27,"2023-05-25, 2023-06-29",True
LALPATHLAB,2024-11-01,revision_live_series,300,150,0.5,0.9907,"2024-11-28, 2024-12-26",,True
LAURUSLABS,2022-10-28,revision_new_series,900,1100,1.222222,,2023-01-25,"2022-11-24, 2022-12-29",True
LAURUSLABS,2023-04-28,revision_new_series,1100,1700,1.545455,,2023-07-27,"2023-05-25, 2023-06-29",True
LAURUSLABS,2025-10-29,revision_live_series,1700,850,0.5,1.0071,"2025-11-25, 2025-12-30",,True
LICHSGFIN,2019-11-01,revision_new_series,1100,1300,1.181818,,2020-01-30,"2019-11-28, 2019-12-26",True
LICHSGFIN,2020-05-04,revision_new_series,1300,2000,1.538462,,2020-07-30,"2020-05-28, 2020-06-25",True
LICHSGFIN,2024-04-26,revision_live_series,2000,1000,0.5,1.0069,"2024-05-30, 2024-06-27",,True
LICI,2025-04-25,revision_new_series,575,700,1.217391,,2025-07-31,"2025-05-29, 2025-06-26",True
LICI,2026-05-29,corporate_action,700,1400,2.0,0.4909,"2026-06-30, 2026-07-28, 2026-08-25",,False
LODHA,2026-04-29,revision_new_series,450,625,1.388889,,2026-07-28,"2026-05-26, 2026-06-30",True
LT,2016-04-29,revision_new_series,300,500,1.666667,,2016-07-28,"2016-05-26, 2016-06-30",True
LT,2017-07-13,corporate_action,500,750,1.5,0.6747,"2017-07-27, 2017-08-31, 2017-09-28",,False
LT,2018-10-26,revision_live_series,750,375,0.5,1.001,"2018-11-29, 2018-12-27",,True
LT,2020-05-04,revision_new_series,375,550,1.466667,,2020-07-30,"2020-05-28, 2020-06-25",True
LT,2020-10-30,revision_new_series,550,575,1.045455,,2021-01-28,"2020-11-26, 2020-12-31",True
LT,2022-04-29,revision_new_series,575,300,0.521739,,2022-07-28,"2022-05-26, 2022-06-30",True
LT,2024-04-26,revision_live_series,300,150,0.5,0.9978,"2024-05-30, 2024-06-27",,True
LT,2025-04-25,revision_new_series,150,175,1.166667,,2025-07-31,"2025-05-29, 2025-06-26",True
LTF,2025-10-29,revision_new_series,4462,2250,0.504258,,2026-01-27,"2025-11-25, 2025-12-30",True
LTTS,2024-04-26,revision_live_series,200,100,0.5,0.9051,"2024-05-30, 2024-06-27",,True
LUPIN,2016-10-28,revision_new_series,300,400,1.333333,,2017-01-25,"2016-11-24, 2016-12-29",True
LUPIN,2017-10-27,revision_new_series,400,600,1.5,,2018-01-25,"2017-11-30, 2017-12-28",True
LUPIN,2018-04-27,revision_new_series,600,700,1.166667,,2018-07-26,"2018-05-31, 2018-06-28",True
LUPIN,2020-05-04,revision_new_series,700,850,1.214286,,2020-07-30,"2020-05-28, 2020-06-25",True
LUPIN,2024-04-26,revision_live_series,850,425,0.5,1.0218,"2024-05-30, 2024-06-27",,True
M&M,2016-04-29,revision_new_series,400,500,1.25,,2016-07-28,"2016-05-26, 2016-06-30",True
M&M,2017-12-21,corporate_action,500,1000,2.0,0.4832,"2017-12-28, 2018-01-25, 2018-02-22",,False
M&M,2020-05-04,revision_new_series,1000,1400,1.4,,2020-07-30,"2020-05-28, 2020-06-25",True
M&M,2021-04-30,revision_live_series,1400,700,0.5,0.9769,"2021-05-27, 2021-06-24",,True
M&M,2023-10-27,revision_live_series,700,350,0.5,1.0096,"2023-11-30, 2023-12-28",,True
M&M,2024-11-01,revision_live_series,350,175,0.5,1.0377,"2024-11-28, 2024-12-26",,True
M&M,2025-04-25,revision_new_series,175,200,1.142857,,2025-07-31,"2025-05-29, 2025-06-26",True
M&MFIN,2016-04-29,revision_new_series,2000,2500,1.25,,2016-07-28,"2016-05-26, 2016-06-30",True
M&MFIN,2017-10-27,revision_live_series,2500,1250,0.5,1.0184,"2017-11-30, 2017-12-28",,True
M&MFIN,2019-11-01,revision_new_series,1250,1600,1.28,,2020-01-30,"2019-11-28, 2019-12-26",True
M&MFIN,2020-05-04,revision_new_series,1600,2100,1.3125,,2020-07-30,"2020-05-28, 2020-06-25",True
M&MFIN,2020-07-22,revision_live_series,2100,3444,1.64,0.6972,"2020-07-30, 2020-08-27, 2020-09-24",,False
M&MFIN,2020-10-30,revision_new_series,3444,4000,1.16144,,2021-01-28,"2020-11-26, 2020-12-31",True
M&MFIN,2023-10-27,revision_live_series,4000,2000,0.5,1.0321,"2023-11-30, 2023-12-28",,True
M&MFIN,2025-05-14,corporate_action,2000,2056,1.028,1.0126,"2025-05-29, 2025-06-26, 2025-07-31",,False
MANAPPURAM,2021-10-29,revision_live_series,6000,3000,0.5,1.0366,"2021-11-25, 2021-12-30",,True
MANAPPURAM,2022-04-29,revision_new_series,3000,6000,2.0,,2022-07-28,"2022-05-26, 2022-06-30",True
MANAPPURAM,2024-04-26,revision_live_series,6000,3000,0.5,1.0093,"2024-05-30, 2024-06-27",,True
MANKIND,2026-04-29,revision_new_series,225,250,1.111111,,2026-07-28,"2026-05-26, 2026-06-30",True
MARICO,2019-11-01,revision_live_series,2600,1300,0.5,1.0096,"2019-11-28, 2019-12-26",,True
MARICO,2020-05-04,revision_new_series,1300,2000,1.538462,,2020-07-30,"2020-05-28, 2020-06-25",True
MARICO,2021-10-29,revision_live_series,2000,1000,0.5,1.0039,"2021-11-25, 2021-12-30",,True
MARICO,2022-04-29,revision_new_series,1000,1200,1.2,,2022-07-28,"2022-05-26, 2022-06-30",True
MARUTI,2016-04-29,revision_new_series,125,150,1.2,,2016-07-28,"2016-05-26, 2016-06-30",True
MARUTI,2017-10-27,revision_live_series,150,75,0.5,1.0108,"2017-11-30, 2017-12-28",,True
MARUTI,2019-11-01,revision_new_series,75,100,1.333333,,2020-01-30,"2019-11-28, 2019-12-26",True
MARUTI,2023-10-27,revision_live_series,100,50,0.5,1.0167,"2023-11-30, 2023-12-28",,True
MAZDOCK,2025-10-29,revision_new_series,175,200,1.142857,,2026-01-27,"2025-11-25, 2025-12-30",True
MAZDOCK,2026-04-29,revision_new_series,200,225,1.125,,2026-07-28,"2026-05-26, 2026-06-30",True
MCDOWELL-N,2018-06-01,revision_new_series,250,1250,5.0,,2018-08-30,"2018-06-28, 2018-07-26",True
MCDOWELL-N,2018-06-15,corporate_action,250,1250,5.0,0.1958,"2018-06-28, 2018-07-26",2018-08-30,False
MCDOWELL-N,2022-04-29,revision_live_series,1250,625,0.5,1.0057,"2022-05-26, 2022-06-30",,True
MCDOWELL-N,2023-04-28,revision_new_series,625,700,1.12,,2023-07-27,"2023-05-25, 2023-06-29",True
MCLEODRUSS,2016-04-29,revision_new_series,2200,3000,1.363636,,2016-07-28,"2016-05-26, 2016-06-30",True
MCX,2018-04-27,revision_new_series,500,700,1.4,,2018-07-26,"2018-05-31, 2018-06-28",True
MCX,2021-08-27,revision_new_series,700,350,0.5,,2021-09-30,,True
MCX,2022-04-29,revision_new_series,350,400,1.142857,,2022-07-28,"2022-05-26, 2022-06-30",True
MCX,2024-04-26,revision_live_series,400,200,0.5,1.0115,"2024-05-30, 2024-06-27",,True
MCX,2024-11-01,revision_live_series,200,100,0.5,0.9914,"2024-11-28, 2024-12-26",,True
MCX,2025-04-25,revision_new_series,100,125,1.25,,2025-07-31,"2025-05-29, 2025-06-26",True
MCX,2026-01-02,corporate_action,125,625,5.0,0.2009,"2026-01-27, 2026-02-24, 2026-03-30",,False
MCX,2026-04-29,revision_new_series,625,225,0.36,,2026-07-28,"2026-05-26, 2026-06-30",True
METROPOLIS,2022-04-29,revision_new_series,200,300,1.5,,2022-07-28,"2022-05-26, 2022-06-30",True
METROPOLIS,2022-10-28,revision_new_series,300,400,1.333333,,2023-01-25,"2022-11-24, 2022-12-29",True
MFSL,2018-04-27,revision_new_series,1000,1200,1.2,,2018-07-26,"2018-05-31, 2018-06-28",True
MFSL,2019-11-01,revision_new_series,1200,1300,1.083333,,2020-01-30,"2019-11-28, 2019-12-26",True
MFSL,2021-04-30,revision_live_series,1300,650,0.5,0.9823,"2021-05-27, 2021-06-24",,True
MFSL,2023-04-28,revision_new_series,650,800,1.230769,,2023-07-27,"2023-05-25, 2023-06-29",True
MFSL,2025-10-29,revision_live_series,800,400,0.5,1.0029,"2025-11-25, 2025-12-30",,True
MGL,2022-04-29,revision_new_series,600,800,1.333333,,2022-07-28,"2022-05-26, 2022-06-30",True
MGL,2024-04-26,revision_live_series,800,400,0.5,1.0164,"2024-05-30, 2024-06-27",,True
MINDTREE,2016-02-26,revision_new_series,400,800,2.0,,2016-05-26,"2016-03-31, 2016-04-28",True
MINDTREE,2016-03-09,corporate_action,400,800,2.0,0.4662,"2016-03-31, 2016-04-28",2016-05-26,False
MINDTREE,2016-10-28,revision_new_series,800,1200,1.5,,2017-01-25,"2016-11-24, 2016-12-29",True
MINDTREE,2018-10-26,revision_live_series,1200,600,0.5,0.9903,"2018-11-29, 2018-12-27",,True
MINDTREE,2019-11-01,revision_new_series,600,800,1.333333,,2020-01-30,"2019-11-28, 2019-12-26",True
MINDTREE,2021-04-30,revision_live_series,800,400,0.5,1.0087,"2021-05-27, 2021-06-24",,True
MINDTREE,2021-10-29,revision_live_series,400,200,0.5,0.9957,"2021-11-25, 2021-12-30",,True
MOTHERSON,2022-10-03,corporate_action,4500,6750,1.5,0.6676,"2022-10-27, 2022-11-24, 2022-12-29",,False
MOTHERSON,2023-04-28,revision_new_series,6750,7100,1.051852,,2023-07-27,"2023-05-25, 2023-06-29",True
MOTHERSON,2024-11-01,revision_live_series,7100,3550,0.5,1.0076,"2024-11-28, 2024-12-26",,True
MOTHERSON,2025-04-25,revision_new_series,3550,4100,1.15493,,2025-07-31,"2025-05-29, 2025-06-26",True
MOTHERSON,2025-07-18,corporate_action,4100,6150,1.5,0.654,"2025-07-31, 2025-08-28, 2025-09-30",,False
MOTHERSUMI,2016-04-29,revision_new_series,1500,2500,1.666667,,2016-07-28,"2016-05-26, 2016-06-30",True
MOTHERSUMI,2017-06-30,revision_new_series,2500,3750,1.5,,2017-09-28,"2017-07-27, 2017-08-31",True
MOTHERSUMI,2017-07-05,corporate_action,2500,3750,1.5,0.6697,"2017-07-27, 2017-08-31",2017-09-28,False
MOTHERSUMI,2017-10-27,revision_new_series,3750,1600,0.426667,,2018-01-25,"2017-11-30, 2017-12-28",True
MOTHERSUMI,2018-10-26,revision_new_series,1600,2850,1.78125,,2019-01-31,"2018-11-29, 2018-12-27",True
MOTHERSUMI,2018-10-30,corporate_action,1600,2400,1.5,0.7069,"2018-11-29, 2018-12-27",2019-01-31,False
MOTHERSUMI,2019-04-26,revision_new_series,2850,3300,1.157895,,2019-07-25,"2019-05-30, 2019-06-27",True
MOTHERSUMI,2019-11-01,revision_new_series,3300,5000,1.515152,,2020-01-30,"2019-11-28, 2019-12-26",True
MOTHERSUMI,2020-05-04,revision_new_series,5000,7000,1.4,,2020-07-30,"2020-05-28, 2020-06-25",True
MOTHERSUMI,2021-04-30,revision_live_series,7000,3500,0.5,0.9834,"2021-05-27, 2021-06-24",,True
MOTHERSUMI,2022-04-29,revision_new_series,3500,4500,1.285714,,2022-07-28,"2022-05-26, 2022-06-30",True
MPHASIS,2021-10-29,revision_new_series,325,175,0.538462,,2022-01-27,"2021-11-25, 2021-12-30",True
MPHASIS,2022-10-28,revision_new_series,175,275,1.571429,,2023-01-25,"2022-11-24, 2022-12-29",True
MRF,2018-04-27,revision_new_series,15,10,0.666667,,2018-07-26,"2018-05-31, 2018-06-28",True
MRF,2023-10-27,revision_live_series,10,5,0.5,1.0126,"2023-11-30, 2023-12-28",,True
MRPL,2018-10-26,revision_new_series,4500,7000,1.555556,,2019-01-31,"2018-11-29, 2018-12-27",True
MUTHOOTFIN,2020-05-04,revision_live_series,1500,750,0.5,0.9086,"2020-05-28, 2020-06-25",,True
MUTHOOTFIN,2021-10-29,revision_live_series,750,375,0.5,0.9945,"2021-11-25, 2021-12-30",,True
MUTHOOTFIN,2022-10-28,revision_new_series,375,550,1.466667,,2023-01-25,"2022-11-24, 2022-12-29",True
MUTHOOTFIN,2024-11-01,revision_live_series,550,275,0.5,1.0069,"2024-11-28, 2024-12-26",,True
NAM-INDIA,2026-04-01,revision_new_series,1600,625,0.390625,,2026-04-28,,True
NATIONALUM,2019-04-26,revision_new_series,8000,10000,1.25,,2019-07-25,"2019-05-30, 2019-06-27",True
NATIONALUM,2019-11-01,revision_new_series,10000,11700,1.17,,2020-01-30,"2019-11-28, 2019-12-26",True
NATIONALUM,2020-05-04,revision_new_series,11700,17000,1.452991,,2020-07-30,"2020-05-28, 2020-06-25",True
NATIONALUM,2021-10-29,revision_live_series,17000,8500,0.5,0.9853,"2021-11-25, 2021-12-30",,True
NATIONALUM,2022-04-29,revision_live_series,8500,4250,0.5,0.9759,"2022-05-26, 2022-06-30",,True
NATIONALUM,2022-10-28,revision_new_series,4250,7500,1.764706,,2023-01-25,"2022-11-24, 2022-12-29",True
NATIONALUM,2024-04-26,revision_live_series,7500,3750,0.5,1.0127,"2024-05-30, 2024-06-27",,True
NATIONALUM,2026-04-29,revision_live_series,3750,1875,0.5,0.9749,"2026-05-26, 2026-06-30",,True
NAUKRI,2020-05-04,revision_new_series,200,250,1.25,,2020-07-30,"2020-05-28, 2020-06-25",True
NAUKRI,2021-04-30,revision_live_series,250,125,0.5,0.9886,"2021-05-27, 2021-06-24",,True
NAUKRI,2023-04-28,revision_new_series,125,150,1.2,,2023-07-27,"2023-05-25, 2023-06-29",True
NAUKRI,2024-11-01,revision_live_series,150,75,0.5,1.0051,"2024-11-28, 2024-12-26",,True
NAUKRI,2025-05-07,corporate_action,75,375,5.0,0.1984,"2025-05-29, 2025-06-26, 2025-07-31",,False
NAUKRI,2026-04-29,revision_new_series,375,550,1.466667,,2026-07-28,"2026-05-26, 2026-06-30",True
NAVINFLUOR,2022-10-28,revision_new_series,225,150,0.666667,,2023-01-25,"2022-11-24, 2022-12-29",True
NAVINFLUOR,2024-04-26,revision_new_series,150,175,1.166667,,2024-07-25,"2024-05-30, 2024-06-27",True
NBCC,2018-04-25,corporate_action,3000,6000,2.0,0.513,"2018-04-26, 2018-05-31, 2018-06-28",,False
NBCC,2018-10-26,revision_new_series,6000,8000,1.333333,,2019-01-31,"2018-11-29, 2018-12-27",True
NBCC,2019-04-26,revision_new_series,8000,8500,1.0625,,2019-07-25,"2019-05-30, 2019-06-27",True
NBCC,2019-11-01,revision_new_series,8500,14300,1.682353,,2020-01-30,"2019-11-28, 2019-12-26",True
NBCC,2021-12-31,revision_new_series,14300,12000,0.839161,,2022-01-27,,True
NBCC,2022-04-29,revision_new_series,12000,15000,1.25,,2022-07-28,"2022-05-26, 2022-06-30",True
NBCC,2025-01-31,revision_new_series,15000,5800,0.386667,,2025-02-27,,True
NBCC,2025-04-25,revision_new_series,5800,6500,1.12069,,2025-07-31,"2025-05-29, 2025-06-26",True
NCC,2019-11-01,revision_new_series,8000,9000,1.125,,2020-01-30,"2019-11-28, 2019-12-26",True
NCC,2020-05-04,revision_new_series,9000,21000,2.333333,,2020-07-30,"2020-05-28, 2020-06-25",True
NCC,2024-11-29,revision_new_series,21000,1775,0.084524,,2024-12-26,,True
NCC,2025-04-25,revision_new_series,1775,2700,1.521127,,2025-07-31,"2025-05-29, 2025-06-26",True
NESTLEIND,2018-09-28,revision_new_series,100,50,0.5,,2018-12-27,"2018-10-25, 2018-11-29",True
NESTLEIND,2018-10-26,revision_live_series,100,50,0.5,1.0058,2018-11-29,2018-12-27,True
NESTLEIND,2021-10-29,revision_live_series,50,25,0.5,1.0043,"2021-11-25, 2021-12-30",,True
NESTLEIND,2022-04-29,revision_new_series,25,40,1.6,,2022-07-28,"2022-05-26, 2022-06-30",True
NESTLEIND,2024-01-05,corporate_action,40,400,10.0,0.0979,"2024-01-25, 2024-02-29, 2024-03-28",,False
NESTLEIND,2024-04-26,revision_live_series,400,200,0.5,0.978,"2024-05-30, 2024-06-27",,True
NESTLEIND,2025-04-25,revision_new_series,200,250,1.25,,2025-07-31,"2025-05-29, 2025-06-26",True
NESTLEIND,2025-08-08,corporate_action,250,500,2.0,0.4901,"2025-08-28, 2025-09-30, 2025-10-28",,False
NHPC,2024-11-29,revision_new_series,27000,6400,0.237037,,2024-12-26,,True
NHPC,2026-04-29,revision_new_series,6400,6950,1.085938,,2026-07-28,"2026-05-26, 2026-06-30",True
NIITTECH,2016-10-28,revision_new_series,1000,1500,1.5,,2017-01-25,"2016-11-24, 2016-12-29",True
NIITTECH,2018-04-27,revision_live_series,1500,750,0.5,0.9872,"2018-05-31, 2018-06-28",,True
NIITTECH,2019-11-01,revision_live_series,750,375,0.5,0.9977,"2019-11-28, 2019-12-26",,True
NMDC,2016-04-29,revision_new_series,5000,6000,1.2,,2016-07-28,"2016-05-26, 2016-06-30",True
NMDC,2020-05-04,revision_new_series,6000,6700,1.116667,,2020-07-30,"2020-05-28, 2020-06-25",True
NMDC,2022-04-29,revision_live_series,6700,3350,0.5,0.9917,"2022-05-26, 2022-06-30",,True
NMDC,2022-10-28,revision_new_series,3350,4500,1.343284,,2023-01-25,"2022-11-24, 2022-12-29",True
NMDC,2024-12-27,corporate_action,4500,13500,3.0,0.3246,"2025-01-30, 2025-02-27",,True
NMDC,2025-10-29,revision_live_series,13500,6750,0.5,1.034,"2025-11-25, 2025-12-30",,True
NTPC,2019-03-19,corporate_action,4000,4800,1.2,0.8512,"2019-03-28, 2019-04-25, 2019-05-30",,False
NTPC,2020-05-04,revision_new_series,4800,5700,1.1875,,2020-07-30,"2020-05-28, 2020-06-25",True
NTPC,2023-04-28,revision_new_series,5700,3000,0.526316,,2023-07-27,"2023-05-25, 2023-06-29",True
NTPC,2024-04-26,revision_live_series,3000,1500,0.5,1.0008,"2024-05-30, 2024-06-27",,True
NUVAMA,2025-10-29,revision_new_series,75,100,1.333333,,2026-01-27,"2025-11-25, 2025-12-30",True
NUVAMA,2025-12-26,corporate_action,75,375,5.0,0.1961,"2025-12-30, 2026-01-27, 2026-02-24",,False
NYKAA,2025-04-25,revision_new_series,2950,3125,1.059322,,2025-07-31,"2025-05-29, 2025-06-26",True
OBEROIRLTY,2024-11-01,revision_live_series,700,350,0.5,1.0049,"2024-11-28, 2024-12-26",,True
OFSS,2021-08-27,revision_new_series,150,125,0.833333,,2021-09-30,,True
OFSS,2022-04-29,revision_new_series,125,200,1.6,,2022-07-28,"2022-05-26, 2022-06-30",True
OFSS,2024-04-26,revision_live_series,200,100,0.5,1.0548,"2024-05-30, 2024-06-27",,True
OFSS,2024-11-01,revision_live_series,100,50,0.5,0.9972,"2024-11-28, 2024-12-26",,True
OFSS,2025-04-25,revision_new_series,50,75,1.5,,2025-07-31,"2025-05-29, 2025-06-26",True
OFSS,2026-04-29,revision_new_series,75,100,1.333333,,2026-07-28,"2026-05-26, 2026-06-30",True
OIL,2016-04-29,revision_new_series,1200,1700,1.416667,,2016-07-28,"2016-05-26, 2016-06-30",True
OIL,2016-12-30,revision_new_series,1700,2266,1.332941,,2017-03-30,"2017-01-25, 2017-02-23",True
OIL,2017-01-12,corporate_action,1700,2266,1.332941,0.7621,"2017-01-25, 2017-02-23",2017-03-30,False
OIL,2018-03-27,corporate_action,2266,3399,1.5,0.66,"2018-03-28, 2018-04-26",2018-05-31,False
OIL,2018-04-02,revision_new_series,2266,3399,1.5,,2018-06-28,"2018-04-26, 2018-05-31",True
OIL,2018-04-03,revision_live_series,2266,3399,1.5,0.985,2018-05-31,"2018-04-26, 2018-06-28",False
OIL,2024-11-29,revision_new_series,3399,1075,0.316269,,2024-12-26,,True
OIL,2025-04-25,revision_new_series,1075,1400,1.302326,,2025-07-31,"2025-05-29, 2025-06-26",True
ONGC,2016-04-29,revision_new_series,2000,2500,1.25,,2016-07-28,"2016-05-26, 2016-06-30",True
ONGC,2016-12-15,corporate_action,2500,3750,1.5,0.6778,"2016-12-29, 2017-01-25, 2017-02-23",,False
ONGC,2019-11-01,revision_new_series,3750,4100,1.093333,,2020-01-30,"2019-11-28, 2019-12-26",True
ONGC,2020-05-04,revision_new_series,4100,7700,1.878049,,2020-07-30,"2020-05-28, 2020-06-25",True
ONGC,2022-04-29,revision_live_series,7700,3850,0.5,0.9778,"2022-05-26, 2022-06-30",,True
ONGC,2024-04-26,revision_live_series,3850,1925,0.5,1.0151,"2024-05-30, 2024-06-27",,True
ONGC,2025-04-25,revision_new_series,1925,2250,1.168831,,2025-07-31,"2025-05-29, 2025-06-26",True
ORIENTBANK,2016-04-29,revision_new_series,3000,6000,2.0,,2016-07-28,"2016-05-26, 2016-06-30",True
ORIENTBANK,2018-10-26,revision_new_series,6000,7000,1.166667,,2019-01-31,"2018-11-29, 2018-12-27",True
PAGEIND,2018-04-02,revision_new_series,50,25,0.5,,2018-06-28,"2018-04-26, 2018-05-31",True
PAGEIND,2018-04-30,revision_live_series,50,25,0.5,1.0057,2018-05-31,"2018-06-28, 2018-07-26",False
PAGEIND,2020-05-04,revision_new_series,25,30,1.2,,2020-07-30,"2020-05-28, 2020-06-25",True
PAGEIND,2022-04-29,revision_live_series,30,15,0.5,0.9967,"2022-05-26, 2022-06-30",,True
PAGEIND,2026-04-29,revision_new_series,15,20,1.333333,,2026-07-28,"2026-05-26, 2026-06-30",True
PATANJALI,2025-09-11,corporate_action,300,900,3.0,0.3317,"2025-09-30, 2025-10-28, 2025-11-25",,False
PATANJALI,2026-04-29,revision_new_series,900,1075,1.194444,,2026-07-28,"2026-05-26, 2026-06-30",True
PAYTM,2025-04-25,revision_new_series,650,725,1.115385,,2025-07-31,"2025-05-29, 2025-06-26",True
PCJEWELLER,2016-04-29,revision_new_series,1300,1500,1.153846,,2016-07-28,"2016-05-26, 2016-06-30",True
PCJEWELLER,2017-06-30,revision_new_series,1500,3000,2.0,,2017-09-28,"2017-07-27, 2017-08-31",True
PCJEWELLER,2017-07-07,revision_live_series,1500,3000,2.0,0.9913,"2017-07-27, 2017-08-31",2017-09-28,False
PCJEWELLER,2017-10-27,revision_live_series,3000,1500,0.5,1.016,"2017-11-30, 2017-12-28",,True
PCJEWELLER,2018-10-26,revision_new_series,1500,6500,4.333333,,2019-01-31,"2018-11-29, 2018-12-27",True
PEL,2018-01-29,revision_new_series,300,302,1.006667,,2018-04-26,"2018-02-22, 2018-03-28",True
PEL,2018-01-31,corporate_action,300,302,1.006667,0.9887,"2018-02-22, 2018-03-28",2018-04-26,False
PEL,2019-12-27,revision_new_series,302,309,1.023179,,2020-03-26,"2020-01-30, 2020-02-27",True
PEL,2019-12-30,corporate_action,302,309,1.023179,0.9748,"2020-01-30, 2020-02-27",2020-03-26,False
PEL,2020-05-04,revision_new_series,309,550,1.779935,,2020-07-30,"2020-05-28, 2020-06-25",True
PEL,2021-04-30,revision_live_series,550,275,0.5,0.9988,"2021-05-27, 2021-06-24",,True
PEL,2022-10-28,revision_new_series,275,550,2.0,,2023-01-25,"2022-11-24, 2022-12-29",True
PEL,2023-04-28,revision_new_series,550,750,1.363636,,2023-07-27,"2023-05-25, 2023-06-29",True
PERSISTENT,2022-10-28,revision_new_series,150,175,1.166667,,2023-01-25,"2022-11-24, 2022-12-29",True
PERSISTENT,2023-10-27,revision_new_series,175,100,0.571429,,2024-01-25,"2023-11-30, 2023-12-28",True
PERSISTENT,2024-03-28,corporate_action,100,200,2.0,0.4917,"2024-03-28, 2024-04-25, 2024-05-30",,False
PERSISTENT,2024-11-01,revision_live_series,200,100,0.5,1.0034,"2024-11-28, 2024-12-26",,True
PERSISTENT,2026-04-29,revision_new_series,100,125,1.25,,2026-07-28,"2026-05-26, 2026-06-30",True
PETRONET,2016-10-28,revision_live_series,3000,1500,0.5,1.0264,"2016-11-24, 2016-12-29",,True
PETRONET,2017-06-30,revision_new_series,1500,3000,2.0,,2017-09-28,"2017-07-27, 2017-08-31",True
PETRONET,2017-07-03,corporate_action,1500,3000,2.0,0.4983,"2017-07-27, 2017-08-31",2017-09-28,False
PETRONET,2024-11-01,revision_live_series,3000,1500,0.5,1.0098,"2024-11-28, 2024-12-26",,True
PETRONET,2025-04-25,revision_new_series,1500,1800,1.2,,2025-07-31,"2025-05-29, 2025-06-26",True
PETRONET,2025-10-29,revision_new_series,1800,1900,1.055556,,2026-01-27,"2025-11-25, 2025-12-30",True
PFC,2016-04-29,revision_new_series,2000,3000,1.5,,2016-07-28,"2016-05-26, 2016-06-30",True
PFC,2016-08-26,corporate_action,3000,6000,2.0,0.4872,"2016-09-29, 2016-10-27",,True
PFC,2018-10-26,revision_new_series,6000,6200,1.033333,,2019-01-31,"2018-11-29, 2018-12-27",True
PFC,2023-09-21,corporate_action,6200,7750,1.25,0.7975,"2023-09-28, 2023-10-26, 2023-11-30",,False
PFC,2023-10-27,revision_live_series,7750,3875,0.5,1.0319,"2023-11-30, 2023-12-28",,True
PFC,2024-04-26,revision_new_series,3875,1300,0.335484,,2024-07-25,"2024-05-30, 2024-06-27",True
PGEL,2025-10-29,revision_new_series,700,950,1.357143,,2026-01-27,"2025-11-25, 2025-12-30",True
PIDILITIND,2018-10-26,revision_live_series,1000,500,0.5,1.0048,"2018-11-29, 2018-12-27",,True
PIDILITIND,2021-10-29,revision_live_series,500,250,0.5,0.9823,"2021-11-25, 2021-12-30",,True
PIDILITIND,2025-09-23,corporate_action,250,500,2.0,0.4897,"2025-09-30, 2025-10-28, 2025-11-25",,False
PIIND,2024-11-01,revision_live_series,250,125,0.5,0.9983,"2024-11-28, 2024-12-26",,True
PIIND,2025-04-25,revision_new_series,125,175,1.4,,2025-07-31,"2025-05-29, 2025-06-26",True
PNB,2016-04-29,revision_new_series,4000,7000,1.75,,2016-07-28,"2016-05-26, 2016-06-30",True
PNB,2017-04-28,revision_live_series,7000,3500,0.5,1.0127,"2017-05-25, 2017-06-29",,True
PNB,2017-10-27,revision_new_series,3500,4000,1.142857,,2018-01-25,"2017-11-30, 2017-12-28",True
PNB,2018-04-27,revision_new_series,4000,5500,1.375,,2018-07-26,"2018-05-31, 2018-06-28",True
PNB,2018-10-26,revision_new_series,5500,7000,1.272727,,2019-01-31,"2018-11-29, 2018-12-27",True
PNB,2019-11-01,revision_new_series,7000,8300,1.185714,,2020-01-30,"2019-11-28, 2019-12-26",True
PNB,2020-05-04,revision_new_series,8300,14000,1.686747,,2020-07-30,"2020-05-28, 2020-06-25",True
PNB,2020-10-30,revision_new_series,14000,16000,1.142857,,2021-01-28,"2020-11-26, 2020-12-31",True
PNB,2023-10-27,revision_live_series,16000,8000,0.5,1.0538,"2023-11-30, 2023-12-28",,True
POLICYBZR,2025-04-25,revision_new_series,325,350,1.076923,,2025-07-31,"2025-05-29, 2025-06-26",True
POLYCAB,2023-10-27,revision_live_series,300,100,0.333333,1.0282,"2023-11-30, 2023-12-28",,True
POLYCAB,2024-04-26,revision_new_series,100,125,1.25,,2024-07-25,"2024-05-30, 2024-06-27",True
POONAWALLA,2025-04-25,revision_new_series,1450,1700,1.172414,,2025-07-31,"2025-05-29, 2025-06-26",True
POWERGRID,2021-07-29,corporate_action,4000,5333,1.33325,0.7323,"2021-07-29, 2021-08-26, 2021-09-30",,False
POWERGRID,2022-04-29,revision_new_series,5333,2700,0.506282,,2022-07-28,"2022-05-26, 2022-06-30",True
POWERGRID,2023-09-12,corporate_action,2700,3600,1.333333,0.7217,"2023-09-28, 2023-10-26, 2023-11-30",,False
POWERGRID,2024-11-01,revision_live_series,3600,1800,0.5,0.995,"2024-11-28, 2024-12-26",,True
POWERGRID,2025-04-25,revision_new_series,1800,1900,1.055556,,2025-07-31,"2025-05-29, 2025-06-26",True
POWERINDIA,2026-04-29,revision_live_series,50,25,0.5,1.0062,"2026-05-26, 2026-06-30",,True
PPLPHARMA,2025-10-29,revision_new_series,2500,2625,1.05,,2026-01-27,"2025-11-25, 2025-12-30",True
PREMIERENE,2026-04-29,revision_new_series,575,650,1.130435,,2026-07-28,"2026-05-26, 2026-06-30",True
PRESTIGE,2025-04-25,revision_new_series,325,450,1.384615,,2025-07-31,"2025-05-29, 2025-06-26",True
PVR,2020-07-09,corporate_action,400,407,1.0175,0.9804,"2020-07-30, 2020-08-27",2020-09-24,False
PVR,2020-07-10,corporate_action,400,407,1.0175,1.0101,2020-09-24,"2020-07-30, 2020-08-27",False
RAIN,2022-04-29,revision_new_series,2500,3500,1.4,,2022-07-28,"2022-05-26, 2022-06-30",True
RAMCOCEM,2020-05-04,revision_new_series,800,850,1.0625,,2020-07-30,"2020-05-28, 2020-06-25",True
RBLBANK,2018-04-27,revision_new_series,1000,1200,1.2,,2018-07-26,"2018-05-31, 2018-06-28",True
RBLBANK,2019-11-01,revision_new_series,1200,1500,1.25,,2020-01-30,"2019-11-28, 2019-12-26",True
RBLBANK,2020-05-04,revision_new_series,1500,2600,1.733333,,2020-07-30,"2020-05-28, 2020-06-25",True
RBLBANK,2020-10-30,revision_new_series,2600,2900,1.115385,,2021-01-28,"2020-11-26, 2020-12-31",True
RBLBANK,2022-04-29,revision_new_series,2900,5000,1.724138,,2022-07-28,"2022-05-26, 2022-06-30",True
RBLBANK,2023-10-27,revision_live_series,5000,2500,0.5,1.0542,"2023-11-30, 2023-12-28",,True
RBLBANK,2025-04-25,revision_new_series,2500,3175,1.27,,2025-07-31,"2025-05-29, 2025-06-26",True
RCOM,2016-04-29,revision_new_series,8000,10000,1.25,,2016-07-28,"2016-05-26, 2016-06-30",True
RCOM,2016-10-28,revision_new_series,10000,12000,1.2,,2017-01-25,"2016-11-24, 2016-12-29",True
RCOM,2017-04-28,revision_new_series,12000,14000,1.166667,,2017-07-27,"2017-05-25, 2017-06-29",True
RCOM,2017-10-27,revision_new_series,14000,28000,2.0,,2018-01-25,"2017-11-30, 2017-12-28",True
RCOM,2018-10-26,revision_new_series,28000,34000,1.214286,,2019-01-31,"2018-11-29, 2018-12-27",True
RECLTD,2016-04-29,revision_new_series,2000,3000,1.5,,2016-07-28,"2016-05-26, 2016-06-30",True
RECLTD,2016-09-28,corporate_action,3000,6000,2.0,0.5019,"2016-09-29, 2016-10-27, 2016-11-24",,False
RECLTD,2022-08-17,corporate_action,6000,8000,1.333333,0.7666,"2022-08-25, 2022-09-29, 2022-10-27",,False
RECLTD,2023-10-27,revision_live_series,8000,2000,0.25,1.0248,"2023-11-30, 2023-12-28",,True
RECLTD,2024-11-01,revision_live_series,2000,1000,0.5,1.001,"2024-11-28, 2024-12-26",,True
RECLTD,2025-04-25,revision_new_series,1000,1275,1.275,,2025-07-31,"2025-05-29, 2025-06-26",True
RECLTD,2025-10-29,revision_new_series,1275,1400,1.098039,,2026-01-27,"2025-11-25, 2025-12-30",True
RECLTD,2026-04-29,revision_new_series,1400,1575,1.125,,2026-07-28,"2026-05-26, 2026-06-30",True
RELCAPITAL,2017-10-27,revision_live_series,1500,750,0.5,1.0244,"2017-11-30, 2017-12-28",,True
RELCAPITAL,2018-04-27,revision_new_series,750,1500,2.0,,2018-07-26,"2018-05-31, 2018-06-28",True
RELCAPITAL,2019-04-26,revision_new_series,1500,3000,2.0,,2019-07-25,"2019-05-30, 2019-06-27",True
RELIANCE,2017-09-07,corporate_action,500,1000,2.0,0.4986,"2017-09-28, 2017-10-26, 2017-11-30",,False
RELIANCE,2018-10-26,revision_live_series,1000,500,0.5,1.0184,"2018-11-29, 2018-12-27",,True
RELIANCE,2020-05-13,corporate_action,500,505,1.01,1.0102,"2020-05-28, 2020-06-25, 2020-07-30",,False
RELIANCE,2020-10-30,revision_new_series,505,250,0.49505,,2021-01-28,"2020-11-26, 2020-12-31",True
RELIANCE,2024-10-28,corporate_action,250,500,2.0,0.5022,"2024-10-31, 2024-11-28, 2024-12-26",,False
RELINFRA,2019-04-26,revision_new_series,1300,4000,3.076923,,2019-07-25,"2019-05-30, 2019-06-27",True
REPCOHOME,2017-10-27,revision_new_series,700,900,1.285714,,2018-01-25,"2017-11-30, 2017-12-28",True
REPCOHOME,2018-10-26,revision_new_series,900,1100,1.222222,,2019-01-31,"2018-11-29, 2018-12-27",True
RPOWER,2017-10-27,revision_new_series,12000,13000,1.083333,,2018-01-25,"2017-11-30, 2017-12-28",True
RPOWER,2018-10-26,revision_new_series,13000,16000,1.230769,,2019-01-31,"2018-11-29, 2018-12-27",True
RVNL,2025-10-29,revision_new_series,1375,1525,1.109091,,2026-01-27,"2025-11-25, 2025-12-30",True
RVNL,2026-04-29,revision_new_series,1525,1925,1.262295,,2026-07-28,"2026-05-26, 2026-06-30",True
SAIL,2016-04-29,revision_new_series,9000,12000,1.333333,,2016-07-28,"2016-05-26, 2016-06-30",True
SAIL,2019-11-01,revision_new_series,12000,15700,1.308333,,2020-01-30,"2019-11-28, 2019-12-26",True
SAIL,2020-05-04,revision_new_series,15700,19000,1.210191,,2020-07-30,"2020-05-28, 2020-06-25",True
SAIL,2021-04-30,revision_live_series,19000,9500,0.5,1.0689,"2021-05-27, 2021-06-24",,True
SAIL,2021-10-29,revision_live_series,9500,4750,0.5,0.9896,"2021-11-25, 2021-12-30",,True
SAIL,2022-04-29,revision_new_series,4750,6000,1.263158,,2022-07-28,"2022-05-26, 2022-06-30",True
SAIL,2022-10-28,revision_new_series,6000,8000,1.333333,,2023-01-25,"2022-11-24, 2022-12-29",True
SAIL,2024-04-26,revision_live_series,8000,4000,0.5,1.0343,"2024-05-30, 2024-06-27",,True
SAIL,2025-04-25,revision_new_series,4000,4700,1.175,,2025-07-31,"2025-05-29, 2025-06-26",True
SBICARD,2022-04-29,revision_new_series,500,800,1.6,,2022-07-28,"2022-05-26, 2022-06-30",True
SBILIFE,2024-04-26,revision_live_series,750,375,0.5,0.9905,"2024-05-30, 2024-06-27",,True
SBIN,2016-04-29,revision_new_series,2000,3000,1.5,,2016-07-28,"2016-05-26, 2016-06-30",True
SBIN,2021-04-30,revision_live_series,3000,1500,0.5,0.9858,"2021-05-27, 2021-06-24",,True
SBIN,2024-04-26,revision_live_series,1500,750,0.5,0.9899,"2024-05-30, 2024-06-27",,True
SHREECEM,2021-04-30,revision_live_series,50,25,0.5,0.9859,"2021-05-27, 2021-06-24",,True
SHRIRAMFIN,2023-10-27,revision_live_series,600,300,0.5,1.0707,"2023-11-30, 2023-12-28",,True
SHRIRAMFIN,2024-11-01,revision_live_series,300,150,0.5,1.0031,"2024-11-28, 2024-12-26",,True
SHRIRAMFIN,2025-01-10,corporate_action,150,750,5.0,0.189,"2025-01-30, 2025-02-27, 2025-03-27",,False
SHRIRAMFIN,2025-04-25,revision_new_series,750,825,1.1,,2025-07-31,"2025-05-29, 2025-06-26",True
SIEMENS,2016-04-29,revision_new_series,400,500,1.25,,2016-07-28,"2016-05-26, 2016-06-30",True
SIEMENS,2018-10-26,revision_new_series,500,550,1.1,,2019-01-31,"2018-11-29, 2018-12-27",True
SIEMENS,2021-04-30,revision_live_series,550,275,0.5,1.0065,"2021-05-27, 2021-06-24",,True
SIEMENS,2023-10-27,revision_new_series,275,150,0.545455,,2024-01-25,"2023-11-30, 2023-12-28",True
SIEMENS,2024-11-01,revision_live_series,150,75,0.5,0.9996,"2024-11-28, 2024-12-26",,True
SIEMENS,2025-04-25,revision_new_series,75,125,1.666667,,2025-07-31,"2025-05-29, 2025-06-26",True
SIEMENS,2025-10-29,revision_new_series,125,175,1.4,,2026-01-27,"2025-11-25, 2025-12-30",True
SINTEX,2016-08-08,corporate_action,7000,7125,1.017857,1.0191,"2016-08-25, 2016-09-29",2016-10-27,False
SINTEX,2016-08-22,corporate_action,7000,7125,1.017857,1.0089,2016-10-27,"2016-08-25, 2016-09-29",False
SJVN,2025-04-25,revision_new_series,4725,5875,1.243386,,2025-07-31,"2025-05-29, 2025-06-26",True
SOLARINDS,2025-10-29,revision_new_series,75,50,0.666667,,2026-01-27,"2025-11-25, 2025-12-30",True
SONACOMS,2025-04-25,revision_new_series,775,1050,1.354839,,2025-07-31,"2025-05-29, 2025-06-26",True
SONACOMS,2025-10-29,revision_new_series,1050,1225,1.166667,,2026-01-27,"2025-11-25, 2025-12-30",True
SOUTHBANK,2016-04-29,revision_new_series,22000,30000,1.363636,,2016-07-28,"2016-05-26, 2016-06-30",True
SOUTHBANK,2017-02-16,corporate_action,30000,33141,1.1047,0.8969,"2017-02-23, 2017-03-30, 2017-04-27",,False
SREINFRA,2018-04-27,revision_new_series,5000,7000,1.4,,2018-07-26,"2018-05-31, 2018-06-28",True
SREINFRA,2018-10-26,revision_new_series,7000,12000,1.714286,,2019-01-31,"2018-11-29, 2018-12-27",True
SRF,2016-04-29,revision_new_series,400,500,1.25,,2016-07-28,"2016-05-26, 2016-06-30",True
SRF,2019-04-26,revision_live_series,500,250,0.5,1.0206,"2019-05-30, 2019-06-27",,True
SRF,2020-10-30,revision_live_series,250,125,0.5,0.9971,"2020-11-26, 2020-12-31",,True
SRF,2021-10-13,corporate_action,125,625,5.0,0.1937,"2021-10-28, 2021-11-25, 2021-12-30",,False
SRF,2021-10-29,revision_new_series,625,375,0.6,,2022-01-27,"2021-11-25, 2021-12-30",True
SRF,2025-04-25,revision_new_series,375,200,0.533333,,2025-07-31,"2025-05-29, 2025-06-26",True
SRTRANSFIN,2020-05-04,revision_new_series,600,650,1.083333,,2020-07-30,"2020-05-28, 2020-06-25",True
SRTRANSFIN,2020-07-09,corporate_action,650,667,1.026154,0.96,"2020-07-30, 2020-08-27, 2020-09-24",,False
SRTRANSFIN,2020-10-30,revision_new_series,667,800,1.1994,,2021-01-28,"2020-11-26, 2020-12-31",True
SRTRANSFIN,2021-04-30,revision_live_series,800,400,0.5,0.9524,"2021-05-27, 2021-06-24",,True
SRTRANSFIN,2022-04-29,revision_new_series,400,600,1.5,,2022-07-28,"2022-05-26, 2022-06-30",True
STAR,2016-04-29,revision_new_series,400,500,1.25,,2016-07-28,"2016-05-26, 2016-06-30",True
STAR,2017-10-27,revision_new_series,500,600,1.2,,2018-01-25,"2017-11-30, 2017-12-28",True
STAR,2018-04-27,revision_new_series,600,800,1.333333,,2018-07-26,"2018-05-31, 2018-06-28",True
STAR,2018-10-26,revision_new_series,800,1100,1.375,,2019-01-31,"2018-11-29, 2018-12-27",True
STAR,2019-04-26,revision_new_series,1100,1200,1.090909,,2019-07-25,"2019-05-30, 2019-06-27",True
STAR,2021-07-30,revision_new_series,1200,675,0.5625,,2021-08-26,,True
STAR,2021-10-29,revision_new_series,675,900,1.333333,,2022-01-27,"2021-11-25, 2021-12-30",True
SUNPHARMA,2016-10-28,revision_new_series,600,700,1.166667,,2017-01-25,"2016-11-24, 2016-12-29",True
SUNPHARMA,2017-04-28,revision_new_series,700,800,1.142857,,2017-07-27,"2017-05-25, 2017-06-29",True
SUNPHARMA,2017-10-27,revision_new_series,800,1100,1.375,,2018-01-25,"2017-11-30, 2017-12-28",True
SUNPHARMA,2019-11-01,revision_new_series,1100,1250,1.136364,,2020-01-30,"2019-11-28, 2019-12-26",True
SUNPHARMA,2020-05-04,revision_new_series,1250,1400,1.12,,2020-07-30,"2020-05-28, 2020-06-25",True
SUNPHARMA,2021-10-29,revision_live_series,1400,700,0.5,0.9869,"2021-11-25, 2021-12-30",,True
SUNPHARMA,2024-04-26,revision_live_series,700,350,0.5,0.9981,"2024-05-30, 2024-06-27",,True
SUNTV,2017-04-28,revision_live_series,2000,1000,0.5,1.0048,"2017-05-25, 2017-06-29",,True
SUNTV,2019-11-01,revision_new_series,1000,1200,1.2,,2020-01-30,"2019-11-28, 2019-12-26",True
SUNTV,2020-05-04,revision_new_series,1200,1500,1.25,,2020-07-30,"2020-05-28, 2020-06-25",True
SUNTV,2024-11-01,revision_live_series,1500,750,0.5,0.9572,"2024-11-28, 2024-12-26",,True
SUPREMEIND,2025-04-25,revision_new_series,125,175,1.4,,2025-07-31,"2025-05-29, 2025-06-26",True
SUZLON,2017-10-27,revision_new_series,30000,35000,1.166667,,2018-01-25,"2017-11-30, 2017-12-28",True
SUZLON,2018-04-27,revision_new_series,35000,45000,1.285714,,2018-07-26,"2018-05-31, 2018-06-28",True
SUZLON,2018-10-26,revision_new_series,45000,76000,1.688889,,2019-01-31,"2018-11-29, 2018-12-27",True
SUZLON,2025-08-01,revision_new_series,76000,8000,0.105263,,2025-08-28,,True
SUZLON,2025-10-29,revision_new_series,8000,9025,1.128125,,2026-01-27,"2025-11-25, 2025-12-30",True
SUZLON,2026-04-29,revision_new_series,9025,12700,1.407202,,2026-07-28,"2026-05-26, 2026-06-30",True
SWIGGY,2026-04-29,revision_new_series,1300,1825,1.403846,,2026-07-28,"2026-05-26, 2026-06-30",True
SYNDIBANK,2016-04-29,revision_new_series,5000,9000,1.8,,2016-07-28,"2016-05-26, 2016-06-30",True
SYNDIBANK,2018-10-26,revision_new_series,9000,15000,1.666667,,2019-01-31,"2018-11-29, 2018-12-27",True
SYNGENE,2022-04-29,revision_new_series,850,1000,1.176471,,2022-07-28,"2022-05-26, 2022-06-30",True
TATACHEM,2016-04-29,revision_new_series,1100,1500,1.363636,,2016-07-28,"2016-05-26, 2016-06-30",True
TATACHEM,2018-04-27,revision_live_series,1500,750,0.5,1.0286,"2018-05-31, 2018-06-28",,True
TATACHEM,2019-04-26,revision_new_series,750,900,1.2,,2019-07-25,"2019-05-30, 2019-06-27",True
TATACHEM,2020-05-04,revision_new_series,900,2000,2.222222,,2020-07-30,"2020-05-28, 2020-06-25",True
TATACHEM,2021-04-30,revision_live_series,2000,1000,0.5,1.045,"2021-05-27, 2021-06-24",,True
TATACHEM,2022-10-28,revision_live_series,1000,500,0.5,0.9571,"2022-11-24, 2022-12-29",,True
TATACHEM,2023-04-28,revision_new_series,500,550,1.1,,2023-07-27,"2023-05-25, 2023-06-29",True
TATACHEM,2025-04-25,revision_new_series,550,650,1.181818,,2025-07-31,"2025-05-29, 2025-06-26",True
TATACOMM,2016-04-29,revision_new_series,1100,1400,1.272727,,2016-07-28,"2016-05-26, 2016-06-30",True
TATACOMM,2017-03-31,revision_new_series,1400,700,0.5,,2017-06-29,"2017-04-27, 2017-05-25",True
TATACOMM,2017-04-28,revision_live_series,1400,700,0.5,1.0028,2017-05-25,2017-06-29,True
TATACOMM,2017-10-27,revision_new_series,700,800,1.142857,,2018-01-25,"2017-11-30, 2017-12-28",True
TATACOMM,2018-10-26,revision_new_series,800,1000,1.25,,2019-01-31,"2018-11-29, 2018-12-27",True
TATACOMM,2021-12-31,revision_new_series,1000,400,0.4,,2022-01-27,,True
TATACOMM,2022-04-29,revision_new_series,400,500,1.25,,2022-07-28,"2022-05-26, 2022-06-30",True
TATACOMM,2024-11-01,revision_live_series,500,250,0.5,1.0105,"2024-11-28, 2024-12-26",,True
TATACOMM,2025-04-25,revision_new_series,250,350,1.4,,2025-07-31,"2025-05-29, 2025-06-26",True
TATACONSUM,2020-10-30,revision_live_series,2700,1350,0.5,1.0037,"2020-11-26, 2020-12-31",,True
TATACONSUM,2021-10-29,revision_live_series,1350,675,0.5,1.0036,"2021-11-25, 2021-12-30",,True
TATACONSUM,2022-04-29,revision_new_series,675,900,1.333333,,2022-07-28,"2022-05-26, 2022-06-30",True
TATACONSUM,2024-04-26,revision_live_series,900,450,0.5,1.0027,"2024-05-30, 2024-06-27",,True
TATACONSUM,2024-07-26,revision_live_series,450,456,1.013333,0.9972,"2024-08-29, 2024-09-26",,True
TATACONSUM,2025-04-25,revision_new_series,456,550,1.20614,,2025-07-31,"2025-05-29, 2025-06-26",True
TATAELXSI,2016-10-28,revision_new_series,300,400,1.333333,,2017-01-25,"2016-11-24, 2016-12-29",True
TATAELXSI,2017-09-18,corporate_action,400,800,2.0,0.4976,"2017-09-28, 2017-10-26",2017-11-30,False
TATAELXSI,2017-09-26,revision_live_series,400,800,2.0,1.0174,2017-11-30,"2017-09-28, 2017-10-26",False
TATAELXSI,2018-10-26,revision_live_series,800,400,0.5,1.0133,"2018-11-29, 2018-12-27",,True
TATAELXSI,2019-04-26,revision_new_series,400,600,1.5,,2019-07-25,"2019-05-30, 2019-06-27",True
TATAELXSI,2024-11-29,revision_new_series,600,100,0.166667,,2024-12-26,,True
TATAELXSI,2026-04-29,revision_new_series,100,125,1.25,,2026-07-28,"2026-05-26, 2026-06-30",True
TATAGLOBAL,2016-04-29,revision_new_series,4000,4500,1.125,,2016-07-28,"2016-05-26, 2016-06-30",True
TATAGLOBAL,2018-04-27,revision_live_series,4500,2250,0.5,1.0076,"2018-05-31, 2018-06-28",,True
TATAGLOBAL,2019-04-26,revision_new_series,2250,2700,1.2,,2019-07-25,"2019-05-30, 2019-06-27",True
TATAMOTORS,2018-10-26,revision_new_series,1500,2000,1.333333,,2019-01-31,"2018-11-29, 2018-12-27",True
TATAMOTORS,2019-04-26,revision_new_series,2000,3000,1.5,,2019-07-25,"2019-05-30, 2019-06-27",True
TATAMOTORS,2019-11-01,revision_new_series,3000,4300,1.433333,,2020-01-30,"2019-11-28, 2019-12-26",True
TATAMOTORS,2020-05-04,revision_new_series,4300,5700,1.325581,,2020-07-30,"2020-05-28, 2020-06-25",True
TATAMOTORS,2021-04-30,revision_live_series,5700,2850,0.5,0.9753,"2021-05-27, 2021-06-24",,True
TATAMOTORS,2022-04-29,revision_live_series,2850,1425,0.5,1.0091,"2022-05-26, 2022-06-30",,True
TATAMOTORS,2024-04-26,revision_new_series,1425,550,0.385965,,2024-07-25,"2024-05-30, 2024-06-27",True
TATAMOTORS,2025-04-25,revision_new_series,550,800,1.454545,,2025-07-31,"2025-05-29, 2025-06-26",True
TATAMTRDVR,2017-10-27,revision_new_series,2100,2500,1.190476,,2018-01-25,"2017-11-30, 2017-12-28",True
TATAMTRDVR,2018-04-27,revision_new_series,2500,2800,1.12,,2018-07-26,"2018-05-31, 2018-06-28",True
TATAMTRDVR,2018-10-26,revision_new_series,2800,3800,1.357143,,2019-01-31,"2018-11-29, 2018-12-27",True
TATAMTRDVR,2019-04-26,revision_new_series,3800,6000,1.578947,,2019-07-25,"2019-05-30, 2019-06-27",True
TATAMTRDVR,2019-11-01,revision_new_series,6000,9200,1.533333,,2020-01-30,"2019-11-28, 2019-12-26",True
TATAPOWER,2016-04-29,revision_new_series,8000,9000,1.125,,2016-07-28,"2016-05-26, 2016-06-30",True
TATAPOWER,2020-05-04,revision_new_series,9000,13500,1.5,,2020-07-30,"2020-05-28, 2020-06-25",True
TATAPOWER,2021-04-30,revision_live_series,13500,6750,0.5,1.0169,"2021-05-27, 2021-06-24",,True
TATAPOWER,2022-04-29,revision_live_series,6750,3375,0.5,0.978,"2022-05-26, 2022-06-30",,True
TATAPOWER,2024-04-26,revision_new_series,3375,1350,0.4,,2024-07-25,"2024-05-30, 2024-06-27",True
TATAPOWER,2025-04-25,revision_new_series,1350,1450,1.074074,,2025-07-31,"2025-05-29, 2025-06-26",True
TATASTEEL,2017-10-27,revision_live_series,2000,1000,0.5,1.0045,"2017-11-30, 2017-12-28",,True
TATASTEEL,2018-01-31,corporate_action,1000,1061,1.061,0.92,"2018-02-22, 2018-03-28, 2018-04-26",,False
TATASTEEL,2019-11-01,revision_new_series,1061,1500,1.413761,,2020-01-30,"2019-11-28, 2019-12-26",True
TATASTEEL,2020-05-04,revision_new_series,1500,1700,1.133333,,2020-07-30,"2020-05-28, 2020-06-25",True
TATASTEEL,2021-04-30,revision_live_series,1700,850,0.5,1.0033,"2021-05-27, 2021-06-24",,True
TATASTEEL,2021-10-29,revision_live_series,850,425,0.5,1.0166,"2021-11-25, 2021-12-30",,True
TATASTEEL,2022-07-28,corporate_action,425,4250,10.0,0.1045,"2022-07-28, 2022-08-25, 2022-09-29",,False
TATASTEEL,2022-10-28,revision_new_series,4250,5500,1.294118,,2023-01-25,"2022-11-24, 2022-12-29",True
TATASTEEL,2026-04-29,revision_live_series,5500,2750,0.5,1.0075,"2026-05-26, 2026-06-30",,True
TATATECH,2025-04-25,revision_new_series,700,800,1.142857,,2025-07-31,"2025-05-29, 2025-06-26",True
TCS,2016-04-29,revision_new_series,200,250,1.25,,2016-07-28,"2016-05-26, 2016-06-30",True
TCS,2018-05-31,corporate_action,250,500,2.0,0.5,"2018-05-31, 2018-06-28, 2018-07-26",,False
TCS,2018-10-26,revision_live_series,500,250,0.5,0.974,"2018-11-29, 2018-12-27",,True
TCS,2020-05-04,revision_new_series,250,300,1.2,,2020-07-30,"2020-05-28, 2020-06-25",True
TCS,2021-10-29,revision_live_series,300,150,0.5,0.9979,"2021-11-25, 2021-12-30",,True
TCS,2022-10-28,revision_new_series,150,175,1.166667,,2023-01-25,"2022-11-24, 2022-12-29",True
TCS,2026-04-29,revision_new_series,175,225,1.285714,,2026-07-28,"2026-05-26, 2026-06-30",True
TECHM,2016-04-29,revision_new_series,1000,1100,1.1,,2016-07-28,"2016-05-26, 2016-06-30",True
TECHM,2017-10-27,revision_new_series,1100,1200,1.090909,,2018-01-25,"2017-11-30, 2017-12-28",True
TECHM,2021-04-30,revision_live_series,1200,600,0.5,0.9885,"2021-05-27, 2021-06-24",,True
TIINDIA,2025-04-25,revision_new_series,150,200,1.333333,,2025-07-31,"2025-05-29, 2025-06-26",True
TITAGARH,2025-04-25,revision_new_series,625,725,1.16,,2025-07-31,"2025-05-29, 2025-06-26",True
TITAN,2018-04-27,revision_live_series,1500,750,0.5,1.0093,"2018-05-31, 2018-06-28",,True
TITAN,2021-04-30,revision_live_series,750,375,0.5,0.9909,"2021-05-27, 2021-06-24",,True
TITAN,2023-10-27,revision_new_series,375,175,0.466667,,2024-01-25,"2023-11-30, 2023-12-28",True
TMPV,2026-04-29,revision_new_series,800,1600,2.0,,2026-07-28,"2026-05-26, 2026-06-30",True
TORNTPHARM,2017-10-27,revision_new_series,400,500,1.25,,2018-01-25,"2017-11-30, 2017-12-28",True
TORNTPHARM,2020-10-30,revision_live_series,500,250,0.5,1.0181,"2020-11-26, 2020-12-31",,True
TORNTPHARM,2022-07-01,revision_new_series,250,500,2.0,,2022-09-29,"2022-07-28, 2022-08-25",True
TORNTPHARM,2022-07-08,corporate_action,250,500,2.0,0.4977,"2022-07-28, 2022-08-25",2022-09-29,False
TORNTPHARM,2024-04-26,revision_live_series,500,250,0.5,1.0073,"2024-05-30, 2024-06-27",,True
TORNTPHARM,2026-04-29,revision_live_series,250,125,0.5,1.0104,"2026-05-26, 2026-06-30",,True
TORNTPOWER,2021-04-30,revision_live_series,3000,1500,0.5,1.0057,"2021-05-27, 2021-06-24",,True
TORNTPOWER,2025-01-31,revision_new_series,1500,375,0.25,,2025-02-27,,True
TORNTPOWER,2025-10-29,revision_new_series,375,425,1.133333,,2026-01-27,"2025-11-25, 2025-12-30",True
TRENT,2022-10-28,revision_new_series,725,400,0.551724,,2023-01-25,"2022-11-24, 2022-12-29",True
TRENT,2024-04-26,revision_live_series,400,200,0.5,1.0055,"2024-05-30, 2024-06-27",,True
TRENT,2024-11-01,revision_live_series,200,100,0.5,1.0064,"2024-11-28, 2024-12-26",,True
TRENT,2026-04-29,revision_new_series,100,150,1.5,,2026-07-28,"2026-05-26, 2026-06-30",True
TRENT,2026-06-04,corporate_action,100,150,1.5,0.6547,"2026-06-30, 2026-07-28, 2026-08-25",,False
TV18BRDCST,2018-04-27,revision_live_series,17000,8500,0.5,1.0132,"2018-05-31, 2018-06-28",,True
TV18BRDCST,2018-10-26,revision_new_series,8500,13000,1.529412,,2019-01-31,"2018-11-29, 2018-12-27",True
TVSMOTOR,2017-10-27,revision_live_series,2000,1000,0.5,0.9863,"2017-11-30, 2017-12-28",,True
TVSMOTOR,2019-04-26,revision_new_series,1000,1100,1.1,,2019-07-25,"2019-05-30, 2019-06-27",True
TVSMOTOR,2019-11-01,revision_new_series,1100,1350,1.227273,,2020-01-30,"2019-11-28, 2019-12-26",True
TVSMOTOR,2020-05-04,revision_new_series,1350,1400,1.037037,,2020-07-30,"2020-05-28, 2020-06-25",True
TVSMOTOR,2022-10-28,revision_live_series,1400,700,0.5,0.9986,"2022-11-24, 2022-12-29",,True
TVSMOTOR,2023-10-27,revision_live_series,700,350,0.5,1.0158,"2023-11-30, 2023-12-28",,True
TVSMOTOR,2025-10-29,revision_live_series,350,175,0.5,0.9898,"2025-11-25, 2025-12-30",,True
UBL,2016-04-29,revision_new_series,500,700,1.4,,2016-07-28,"2016-05-26, 2016-06-30",True
UBL,2021-10-29,revision_live_series,700,350,0.5,1.023,"2021-11-25, 2021-12-30",,True
UBL,2022-04-29,revision_new_series,350,400,1.142857,,2022-07-28,"2022-05-26, 2022-06-30",True
UJJIVAN,2017-10-27,revision_new_series,1200,1600,1.333333,,2018-01-25,"2017-11-30, 2017-12-28",True
UJJIVAN,2019-11-01,revision_new_series,1600,1700,1.0625,,2020-01-30,"2019-11-28, 2019-12-26",True
UJJIVAN,2020-05-04,revision_new_series,1700,2200,1.294118,,2020-07-30,"2020-05-28, 2020-06-25",True
ULTRACEMCO,2021-04-30,revision_live_series,200,100,0.5,0.9884,"2021-05-27, 2021-06-24",,True
ULTRACEMCO,2024-11-01,revision_live_series,100,50,0.5,1.0072,"2024-11-28, 2024-12-26",,True
UNIONBANK,2016-04-29,revision_new_series,3000,4000,1.333333,,2016-07-28,"2016-05-26, 2016-06-30",True
UNIONBANK,2018-04-27,revision_new_series,4000,6000,1.5,,2018-07-26,"2018-05-31, 2018-06-28",True
UNIONBANK,2018-10-26,revision_new_series,6000,7000,1.166667,,2019-01-31,"2018-11-29, 2018-12-27",True
UNIONBANK,2024-11-29,revision_new_series,7000,4425,0.632143,,2024-12-26,,True
UNITDSPR,2024-11-01,revision_live_series,700,350,0.5,1.0051,"2024-11-28, 2024-12-26",,True
UNITDSPR,2025-04-25,revision_new_series,350,400,1.142857,,2025-07-31,"2025-05-29, 2025-06-26",True
UNITECH,2016-04-29,revision_new_series,77000,99000,1.285714,,2016-07-28,"2016-05-26, 2016-06-30",True
UPL,2016-04-29,revision_new_series,1000,1200,1.2,,2016-07-28,"2016-05-26, 2016-06-30",True
UPL,2019-04-26,revision_live_series,1200,600,0.5,1.0126,"2019-05-30, 2019-06-27",,True
UPL,2019-06-28,revision_new_series,600,900,1.5,,2019-09-26,"2019-07-25, 2019-08-29",True
UPL,2019-07-02,corporate_action,600,900,1.5,0.6905,"2019-07-25, 2019-08-29",2019-09-26,False
UPL,2020-05-04,revision_new_series,900,1300,1.444444,,2020-07-30,"2020-05-28, 2020-06-25",True
UPL,2024-11-26,corporate_action,1300,1355,1.042308,0.9704,"2024-11-28, 2024-12-26, 2025-01-30",,False
VBL,2025-04-25,revision_new_series,875,1025,1.171429,,2025-07-31,"2025-05-29, 2025-06-26",True
VBL,2025-10-29,revision_new_series,1025,1125,1.097561,,2026-01-27,"2025-11-25, 2025-12-30",True
VBL,2026-04-29,revision_new_series,1125,1275,1.133333,,2026-07-28,"2026-05-26, 2026-06-30",True
VEDL,2016-04-29,revision_new_series,4000,6000,1.5,,2016-07-28,"2016-05-26, 2016-06-30",True
VEDL,2016-10-28,revision_new_series,6000,3500,0.583333,,2017-01-25,"2016-11-24, 2016-12-29",True
VEDL,2017-10-27,revision_live_series,3500,1750,0.5,0.9911,"2017-11-30, 2017-12-28",,True
VEDL,2018-10-26,revision_new_series,1750,2300,1.314286,,2019-01-31,"2018-11-29, 2018-12-27",True
VEDL,2019-04-26,revision_new_series,2300,3000,1.304348,,2019-07-25,"2019-05-30, 2019-06-27",True
VEDL,2019-11-01,revision_new_series,3000,3500,1.166667,,2020-01-30,"2019-11-28, 2019-12-26",True
VEDL,2020-05-04,revision_new_series,3500,6200,1.771429,,2020-07-30,"2020-05-28, 2020-06-25",True
VEDL,2021-04-30,revision_live_series,6200,3100,0.5,1.0127,"2021-05-27, 2021-06-24",,True
VEDL,2022-04-29,revision_live_series,3100,1550,0.5,0.9948,"2022-05-26, 2022-06-30",,True
VEDL,2022-10-28,revision_new_series,1550,2000,1.290323,,2023-01-25,"2022-11-24, 2022-12-29",True
VEDL,2023-10-27,revision_new_series,2000,2300,1.15,,2024-01-25,"2023-11-30, 2023-12-28",True
VEDL,2024-11-01,revision_live_series,2300,1150,0.5,1.0116,"2024-11-28, 2024-12-26",,True
VOLTAS,2016-04-29,revision_new_series,1600,2000,1.25,,2016-07-28,"2016-05-26, 2016-06-30",True
VOLTAS,2017-10-27,revision_live_series,2000,1000,0.5,1.0234,"2017-11-30, 2017-12-28",,True
VOLTAS,2021-04-30,revision_live_series,1000,500,0.5,0.9939,"2021-05-27, 2021-06-24",,True
VOLTAS,2022-10-28,revision_new_series,500,600,1.2,,2023-01-25,"2022-11-24, 2022-12-29",True
VOLTAS,2024-11-01,revision_live_series,600,300,0.5,1.0009,"2024-11-28, 2024-12-26",,True
VOLTAS,2025-04-25,revision_new_series,300,375,1.25,,2025-07-31,"2025-05-29, 2025-06-26",True
WHIRLPOOL,2022-04-29,revision_new_series,250,350,1.4,,2022-07-28,"2022-05-26, 2022-06-30",True
WIPRO,2016-10-28,revision_new_series,1000,1200,1.2,,2017-01-25,"2016-11-24, 2016-12-29",True
WIPRO,2017-06-13,corporate_action,1200,2400,2.0,0.4933,"2017-06-29, 2017-07-27, 2017-08-31",,False
WIPRO,2019-03-06,corporate_action,2400,3200,1.333333,0.7688,"2019-03-28, 2019-04-25, 2019-05-30",,False
WIPRO,2021-04-30,revision_live_series,3200,1600,0.5,1.0059,"2021-05-27, 2021-06-24",,True
WIPRO,2021-10-29,revision_live_series,1600,800,0.5,0.9873,"2021-11-25, 2021-12-30",,True
WIPRO,2022-04-29,revision_new_series,800,1000,1.25,,2022-07-28,"2022-05-26, 2022-06-30",True
WIPRO,2022-10-28,revision_new_series,1000,1500,1.5,,2023-01-25,"2022-11-24, 2022-12-29",True
WIPRO,2024-12-03,corporate_action,1500,3000,2.0,0.498,"2024-12-26, 2025-01-30, 2025-02-27",,False
WOCKPHARMA,2016-04-29,revision_new_series,375,600,1.6,,2016-07-28,"2016-05-26, 2016-06-30",True
WOCKPHARMA,2017-04-28,revision_new_series,600,800,1.333333,,2017-07-27,"2017-05-25, 2017-06-29",True
WOCKPHARMA,2017-10-27,revision_new_series,800,900,1.125,,2018-01-25,"2017-11-30, 2017-12-28",True
YESBANK,2017-04-28,revision_live_series,700,350,0.5,0.9973,"2017-05-25, 2017-06-29",,True
YESBANK,2017-09-21,corporate_action,350,1750,5.0,0.2003,"2017-09-28, 2017-10-26, 2017-11-30",,False
YESBANK,2019-04-26,revision_new_series,1750,2200,1.257143,,2019-07-25,"2019-05-30, 2019-06-27",True
YESBANK,2019-11-01,revision_new_series,2200,8800,4.0,,2020-01-30,"2019-11-28, 2019-12-26",True
YESBANK,2024-11-29,revision_new_series,8800,26000,2.954545,,2024-12-26,,True
YESBANK,2025-04-25,revision_new_series,26000,31100,1.196154,,2025-07-31,"2025-05-29, 2025-06-26",True
ZEEL,2019-11-01,revision_new_series,1300,1700,1.307692,,2020-01-30,"2019-11-28, 2019-12-26",True
ZEEL,2020-05-04,revision_new_series,1700,3000,1.764706,,2020-07-30,"2020-05-28, 2020-06-25",True
ZYDUSLIFE,2022-04-29,revision_new_series,1100,1800,1.636364,,2022-07-28,"2022-05-26, 2022-06-30",True
ZYDUSLIFE,2023-10-27,revision_live_series,1800,900,0.5,1.0088,"2023-11-30, 2023-12-28",,True
