trade_date,close,ntr_close,source
2016-01-01,10598.0,10061.72,"niftyindices.com Historical Data - Total Return Index (NIFTY 50, gross TRI)"
2016-01-04,10369.24,9844.53,"niftyindices.com Historical Data - Total Return Index (NIFTY 50, gross TRI)"
2016-01-05,10360.42,9836.16,"niftyindices.com Historical Data - Total Return Index (NIFTY 50, gross TRI)"
2016-01-06,10302.32,9781.0,"niftyindices.com Historical Data - Total Return Index (NIFTY 50, gross TRI)"
2016-01-07,10072.45,9562.76,"niftyindices.com Historical Data - Total Return Index (NIFTY 50, gross TRI)"
2016-01-08,10116.45,9604.53,"niftyindices.com Historical Data - Total Return Index (NIFTY 50, gross TRI)"
2016-01-11,10066.57,9557.18,"niftyindices.com Historical Data - Total Return Index (NIFTY 50, gross TRI)"
2016-01-12,9995.25,9489.46,"niftyindices.com Historical Data - Total Return Index (NIFTY 50, gross TRI)"
2016-01-13,10064.62,9555.33,"niftyindices.com Historical Data - Total Return Index (NIFTY 50, gross TRI)"
2016-01-14,10030.53,9522.96,"niftyindices.com Historical Data - Total Return Index (NIFTY 50, gross TRI)"
2016-01-15,9898.8,9397.9,"niftyindices.com Historical Data - Total Return Index (NIFTY 50, gross TRI)"
2016-01-18,9783.26,9288.21,"niftyindices.com Historical Data - Total Return Index (NIFTY 50, gross TRI)"
2016-01-19,9895.18,9394.46,"niftyindices.com Historical Data - Total Return Index (NIFTY 50, gross TRI)"
2016-01-20,9727.77,9235.52,"niftyindices.com Historical Data - Total Return Index (NIFTY 50, gross TRI)"
2016-01-21,9685.29,9195.23,"niftyindices.com Historical Data - Total Return Index (NIFTY 50, gross TRI)"
2016-01-22,9879.13,9379.27,"niftyindices.com Historical Data - Total Return Index (NIFTY 50, gross TRI)"
2016-01-25,9898.28,9397.5,"niftyindices.com Historical Data - Total Return Index (NIFTY 50, gross TRI)"
2016-01-27,9901.35,9400.45,"niftyindices.com Historical Data - Total Return Index (NIFTY 50, gross TRI)"
2016-01-28,9883.94,9383.92,"niftyindices.com Historical Data - Total Return Index (NIFTY 50, gross TRI)"
2016-01-29,10068.86,9559.49,"niftyindices.com Historical Data - Total Return Index (NIFTY 50, gross TRI)"
2016-02-01,10058.69,9549.83,"niftyindices.com Historical Data - Total Return Index (NIFTY 50, gross TRI)"
2016-02-02,9925.98,9423.88,"niftyindices.com Historical Data - Total Return Index (NIFTY 50, gross TRI)"
2016-02-03,9801.62,9305.84,"niftyindices.com Historical Data - Total Return Index (NIFTY 50, gross TRI)"
2016-02-04,9857.82,9359.2,"niftyindices.com Historical Data - Total Return Index (NIFTY 50, gross TRI)"
2016-02-05,9972.05,9467.69,"niftyindices.com Historical Data - Total Return Index (NIFTY 50, gross TRI)"
2016-02-08,9836.41,9338.91,"niftyindices.com Historical Data - Total Return Index (NIFTY 50, gross TRI)"
2016-02-09,9717.87,9226.37,"niftyindices.com Historical Data - Total Return Index (NIFTY 50, gross TRI)"
2016-02-10,9607.98,9122.04,"niftyindices.com Historical Data - Total Return Index (NIFTY 50, gross TRI)"
2016-02-11,9289.29,8819.47,"niftyindices.com Historical Data - Total Return Index (NIFTY 50, gross TRI)"
2016-02-12,9295.41,8825.28,"niftyindices.com Historical Data - Total Return Index (NIFTY 50, gross TRI)"
2016-02-15,9537.74,9055.35,"niftyindices.com Historical Data - Total Return Index (NIFTY 50, gross TRI)"
2016-02-16,9385.36,8910.69,"niftyindices.com Historical Data - Total Return Index (NIFTY 50, gross TRI)"
2016-02-17,9465.52,8986.8,"niftyindices.com Historical Data - Total Return Index (NIFTY 50, gross TRI)"
2016-02-18,9576.46,9092.13,"niftyindices.com Historical Data - Total Return Index (NIFTY 50, gross TRI)"
2016-02-19,9601.77,9116.16,"niftyindices.com Historical Data - Total Return Index (NIFTY 50, gross TRI)"
2016-02-22,9633.83,9146.62,"niftyindices.com Historical Data - Total Return Index (NIFTY 50, gross TRI)"
2016-02-23,9467.41,8988.62,"niftyindices.com Historical Data - Total Return Index (NIFTY 50, gross TRI)"
2016-02-24,9346.39,8873.72,"niftyindices.com Historical Data - Total Return Index (NIFTY 50, gross TRI)"
2016-02-25,9282.38,8812.94,"niftyindices.com Historical Data - Total Return Index (NIFTY 50, gross TRI)"
2016-02-26,9361.1,8887.69,"niftyindices.com Historical Data - Total Return Index (NIFTY 50, gross TRI)"
2016-02-29,9304.26,8833.71,"niftyindices.com Historical Data - Total Return Index (NIFTY 50, gross TRI)"
2016-03-01,9617.51,9131.13,"niftyindices.com Historical Data - Total Return Index (NIFTY 50, gross TRI)"
2016-03-02,9812.68,9316.42,"niftyindices.com Historical Data - Total Return Index (NIFTY 50, gross TRI)"
2016-03-03,9955.1,9451.66,"niftyindices.com Historical Data - Total Return Index (NIFTY 50, gross TRI)"
2016-03-04,9968.09,9463.99,"niftyindices.com Historical Data - Total Return Index (NIFTY 50, gross TRI)"
2016-03-08,9967.99,9463.9,"niftyindices.com Historical Data - Total Return Index (NIFTY 50, gross TRI)"
2016-03-09,10029.96,9522.73,"niftyindices.com Historical Data - Total Return Index (NIFTY 50, gross TRI)"
2016-03-10,9969.15,9465.0,"niftyindices.com Historical Data - Total Return Index (NIFTY 50, gross TRI)"
2016-03-11,10001.18,9495.4,"niftyindices.com Historical Data - Total Return Index (NIFTY 50, gross TRI)"
2016-03-14,10048.89,9541.19,"niftyindices.com Historical Data - Total Return Index (NIFTY 50, gross TRI)"
2016-03-15,9944.76,9442.32,"niftyindices.com Historical Data - Total Return Index (NIFTY 50, gross TRI)"
2016-03-16,9997.9,9492.89,"niftyindices.com Historical Data - Total Return Index (NIFTY 50, gross TRI)"
2016-03-17,10021.13,9515.2,"niftyindices.com Historical Data - Total Return Index (NIFTY 50, gross TRI)"
2016-03-18,10143.6,9631.49,"niftyindices.com Historical Data - Total Return Index (NIFTY 50, gross TRI)"
2016-03-21,10278.3,9759.45,"niftyindices.com Historical Data - Total Return Index (NIFTY 50, gross TRI)"
2016-03-22,10292.77,9773.21,"niftyindices.com Historical Data - Total Return Index (NIFTY 50, gross TRI)"
2016-03-23,10294.93,9775.26,"niftyindices.com Historical Data - Total Return Index (NIFTY 50, gross TRI)"
2016-03-28,10159.66,9646.82,"niftyindices.com Historical Data - Total Return Index (NIFTY 50, gross TRI)"
2016-03-29,10135.49,9623.87,"niftyindices.com Historical Data - Total Return Index (NIFTY 50, gross TRI)"
2016-03-30,10321.2,9800.27,"niftyindices.com Historical Data - Total Return Index (NIFTY 50, gross TRI)"
2016-03-31,10325.5,9804.35,"niftyindices.com Historical Data - Total Return Index (NIFTY 50, gross TRI)"
2016-04-01,10291.69,9772.25,"niftyindices.com Historical Data - Total Return Index (NIFTY 50, gross TRI)"
2016-04-04,10352.69,9830.17,"niftyindices.com Historical Data - Total Return Index (NIFTY 50, gross TRI)"
2016-04-05,10145.1,9633.06,"niftyindices.com Historical Data - Total Return Index (NIFTY 50, gross TRI)"
2016-04-06,10159.98,9647.19,"niftyindices.com Historical Data - Total Return Index (NIFTY 50, gross TRI)"
2016-04-07,10069.36,9561.14,"niftyindices.com Historical Data - Total Return Index (NIFTY 50, gross TRI)"
2016-04-08,10081.01,9572.21,"niftyindices.com Historical Data - Total Return Index (NIFTY 50, gross TRI)"
2016-04-11,10236.11,9719.48,"niftyindices.com Historical Data - Total Return Index (NIFTY 50, gross TRI)"
2016-04-12,10286.18,9767.02,"niftyindices.com Historical Data - Total Return Index (NIFTY 50, gross TRI)"
2016-04-13,10475.02,9946.33,"niftyindices.com Historical Data - Total Return Index (NIFTY 50, gross TRI)"
2016-04-18,10560.74,10027.72,"niftyindices.com Historical Data - Total Return Index (NIFTY 50, gross TRI)"
2016-04-20,10560.79,10027.77,"niftyindices.com Historical Data - Total Return Index (NIFTY 50, gross TRI)"
2016-04-21,10557.22,10024.38,"niftyindices.com Historical Data - Total Return Index (NIFTY 50, gross TRI)"
2016-04-22,10540.19,10008.21,"niftyindices.com Historical Data - Total Return Index (NIFTY 50, gross TRI)"
2016-04-25,10481.12,9952.12,"niftyindices.com Historical Data - Total Return Index (NIFTY 50, gross TRI)"
2016-04-26,10624.72,10088.47,"niftyindices.com Historical Data - Total Return Index (NIFTY 50, gross TRI)"
2016-04-27,10647.74,10110.33,"niftyindices.com Historical Data - Total Return Index (NIFTY 50, gross TRI)"
2016-04-28,10470.71,9942.24,"niftyindices.com Historical Data - Total Return Index (NIFTY 50, gross TRI)"
2016-04-29,10474.15,9945.51,"niftyindices.com Historical Data - Total Return Index (NIFTY 50, gross TRI)"
2016-05-02,10415.52,9889.84,"niftyindices.com Historical Data - Total Return Index (NIFTY 50, gross TRI)"
2016-05-03,10336.97,9815.25,"niftyindices.com Historical Data - Total Return Index (NIFTY 50, gross TRI)"
2016-05-04,10283.01,9764.01,"niftyindices.com Historical Data - Total Return Index (NIFTY 50, gross TRI)"
2016-05-05,10322.82,9801.81,"niftyindices.com Historical Data - Total Return Index (NIFTY 50, gross TRI)"
2016-05-06,10320.12,9799.24,"niftyindices.com Historical Data - Total Return Index (NIFTY 50, gross TRI)"
2016-05-09,10497.09,9967.29,"niftyindices.com Historical Data - Total Return Index (NIFTY 50, gross TRI)"
2016-05-10,10526.11,9994.84,"niftyindices.com Historical Data - Total Return Index (NIFTY 50, gross TRI)"
2016-05-11,10474.1,9945.46,"niftyindices.com Historical Data - Total Return Index (NIFTY 50, gross TRI)"
2016-05-12,10542.93,10010.81,"niftyindices.com Historical Data - Total Return Index (NIFTY 50, gross TRI)"
2016-05-13,10428.78,9902.42,"niftyindices.com Historical Data - Total Return Index (NIFTY 50, gross TRI)"
2016-05-16,10489.97,9960.52,"niftyindices.com Historical Data - Total Return Index (NIFTY 50, gross TRI)"
2016-05-17,10530.03,9998.56,"niftyindices.com Historical Data - Total Return Index (NIFTY 50, gross TRI)"
2016-05-18,10502.51,9972.43,"niftyindices.com Historical Data - Total Return Index (NIFTY 50, gross TRI)"
2016-05-19,10386.75,9862.51,"niftyindices.com Historical Data - Total Return Index (NIFTY 50, gross TRI)"
2016-05-20,10341.79,9819.82,"niftyindices.com Historical Data - Total Return Index (NIFTY 50, gross TRI)"
2016-05-23,10316.91,9796.2,"niftyindices.com Historical Data - Total Return Index (NIFTY 50, gross TRI)"
2016-05-24,10340.65,9818.74,"niftyindices.com Historical Data - Total Return Index (NIFTY 50, gross TRI)"
2016-05-25,10588.92,10054.48,"niftyindices.com Historical Data - Total Return Index (NIFTY 50, gross TRI)"
2016-05-26,10768.78,10225.26,"niftyindices.com Historical Data - Total Return Index (NIFTY 50, gross TRI)"
2016-05-27,10884.88,10335.5,"niftyindices.com Historical Data - Total Return Index (NIFTY 50, gross TRI)"
2016-05-30,10932.7,10380.91,"niftyindices.com Historical Data - Total Return Index (NIFTY 50, gross TRI)"
2016-05-31,10908.07,10357.53,"niftyindices.com Historical Data - Total Return Index (NIFTY 50, gross TRI)"
2016-06-01,10934.62,10382.73,"niftyindices.com Historical Data - Total Return Index (NIFTY 50, gross TRI)"
2016-06-02,10986.77,10432.25,"niftyindices.com Historical Data - Total Return Index (NIFTY 50, gross TRI)"
2016-06-03,10992.21,10437.41,"niftyindices.com Historical Data - Total Return Index (NIFTY 50, gross TRI)"
2016-06-06,10972.45,10418.65,"niftyindices.com Historical Data - Total Return Index (NIFTY 50, gross TRI)"
2016-06-07,11059.93,10501.72,"niftyindices.com Historical Data - Total Return Index (NIFTY 50, gross TRI)"
2016-06-08,11068.75,10510.09,"niftyindices.com Historical Data - Total Return Index (NIFTY 50, gross TRI)"
2016-06-09,10986.64,10432.12,"niftyindices.com Historical Data - Total Return Index (NIFTY 50, gross TRI)"
2016-06-10,10941.7,10389.46,"niftyindices.com Historical Data - Total Return Index (NIFTY 50, gross TRI)"
2016-06-13,10862.06,10313.83,"niftyindices.com Historical Data - Total Return Index (NIFTY 50, gross TRI)"
2016-06-14,10859.76,10311.65,"niftyindices.com Historical Data - Total Return Index (NIFTY 50, gross TRI)"
2016-06-15,10990.64,10435.92,"niftyindices.com Historical Data - Total Return Index (NIFTY 50, gross TRI)"
2016-06-16,10913.97,10363.12,"niftyindices.com Historical Data - Total Return Index (NIFTY 50, gross TRI)"
2016-06-17,10953.44,10400.6,"niftyindices.com Historical Data - Total Return Index (NIFTY 50, gross TRI)"
2016-06-20,11045.03,10487.57,"niftyindices.com Historical Data - Total Return Index (NIFTY 50, gross TRI)"
2016-06-21,11020.11,10463.91,"niftyindices.com Historical Data - Total Return Index (NIFTY 50, gross TRI)"
2016-06-22,11000.82,10445.59,"niftyindices.com Historical Data - Total Return Index (NIFTY 50, gross TRI)"
2016-06-23,11091.16,10531.37,"niftyindices.com Historical Data - Total Return Index (NIFTY 50, gross TRI)"
2016-06-24,10847.29,10299.81,"niftyindices.com Historical Data - Total Return Index (NIFTY 50, gross TRI)"
2016-06-27,10855.5,10307.6,"niftyindices.com Historical Data - Total Return Index (NIFTY 50, gross TRI)"
2016-06-28,10899.91,10349.78,"niftyindices.com Historical Data - Total Return Index (NIFTY 50, gross TRI)"
2016-06-29,11009.02,10453.38,"niftyindices.com Historical Data - Total Return Index (NIFTY 50, gross TRI)"
2016-06-30,11121.39,10560.08,"niftyindices.com Historical Data - Total Return Index (NIFTY 50, gross TRI)"
2016-07-01,11175.85,10567.81,"niftyindices.com Historical Data - Total Return Index (NIFTY 50, gross TRI)"
2016-07-04,11233.09,10621.94,"niftyindices.com Historical Data - Total Return Index (NIFTY 50, gross TRI)"
2016-07-05,11186.41,10577.79,"niftyindices.com Historical Data - Total Return Index (NIFTY 50, gross TRI)"
2016-07-07,11192.11,10583.19,"niftyindices.com Historical Data - Total Return Index (NIFTY 50, gross TRI)"
2016-07-08,11172.39,10564.54,"niftyindices.com Historical Data - Total Return Index (NIFTY 50, gross TRI)"
2016-07-11,11366.82,10748.39,"niftyindices.com Historical Data - Total Return Index (NIFTY 50, gross TRI)"
2016-07-12,11438.19,10815.88,"niftyindices.com Historical Data - Total Return Index (NIFTY 50, gross TRI)"
2016-07-13,11436.09,10805.14,"niftyindices.com Historical Data - Total Return Index (NIFTY 50, gross TRI)"
2016-07-14,11497.65,10863.3,"niftyindices.com Historical Data - Total Return Index (NIFTY 50, gross TRI)"
2016-07-15,11474.04,10841.0,"niftyindices.com Historical Data - Total Return Index (NIFTY 50, gross TRI)"
2016-07-18,11431.25,10800.57,"niftyindices.com Historical Data - Total Return Index (NIFTY 50, gross TRI)"
2016-07-19,11457.95,10825.79,"niftyindices.com Historical Data - Total Return Index (NIFTY 50, gross TRI)"
2016-07-20,11508.07,10873.15,"niftyindices.com Historical Data - Total Return Index (NIFTY 50, gross TRI)"
2016-07-21,11435.64,10804.71,"niftyindices.com Historical Data - Total Return Index (NIFTY 50, gross TRI)"
2016-07-22,11477.47,10844.24,"niftyindices.com Historical Data - Total Return Index (NIFTY 50, gross TRI)"
2016-07-25,11606.29,10965.95,"niftyindices.com Historical Data - Total Return Index (NIFTY 50, gross TRI)"
2016-07-26,11545.78,10908.78,"niftyindices.com Historical Data - Total Return Index (NIFTY 50, gross TRI)"
2016-07-27,11579.64,10940.77,"niftyindices.com Historical Data - Total Return Index (NIFTY 50, gross TRI)"
2016-07-28,11652.18,11009.31,"niftyindices.com Historical Data - Total Return Index (NIFTY 50, gross TRI)"
2016-07-29,11614.8,10973.99,"niftyindices.com Historical Data - Total Return Index (NIFTY 50, gross TRI)"
2016-08-01,11612.19,10971.53,"niftyindices.com Historical Data - Total Return Index (NIFTY 50, gross TRI)"
2016-08-02,11594.65,10954.95,"niftyindices.com Historical Data - Total Return Index (NIFTY 50, gross TRI)"
2016-08-03,11489.74,10855.83,"niftyindices.com Historical Data - Total Return Index (NIFTY 50, gross TRI)"
2016-08-04,11498.13,10863.76,"niftyindices.com Historical Data - Total Return Index (NIFTY 50, gross TRI)"
2016-08-05,11675.68,11031.51,"niftyindices.com Historical Data - Total Return Index (NIFTY 50, gross TRI)"
2016-08-08,11713.58,11067.32,"niftyindices.com Historical Data - Total Return Index (NIFTY 50, gross TRI)"
2016-08-09,11669.7,11025.86,"niftyindices.com Historical Data - Total Return Index (NIFTY 50, gross TRI)"
2016-08-10,11532.49,10896.22,"niftyindices.com Historical Data - Total Return Index (NIFTY 50, gross TRI)"
2016-08-11,11555.84,10918.28,"niftyindices.com Historical Data - Total Return Index (NIFTY 50, gross TRI)"
2016-08-12,11663.43,11019.94,"niftyindices.com Historical Data - Total Return Index (NIFTY 50, gross TRI)"
2016-08-16,11623.61,10982.31,"niftyindices.com Historical Data - Total Return Index (NIFTY 50, gross TRI)"
2016-08-17,11598.72,10958.79,"niftyindices.com Historical Data - Total Return Index (NIFTY 50, gross TRI)"
2016-08-18,11670.37,11026.5,"niftyindices.com Historical Data - Total Return Index (NIFTY 50, gross TRI)"
2016-08-19,11661.82,11018.41,"niftyindices.com Historical Data - Total Return Index (NIFTY 50, gross TRI)"
2016-08-22,11611.02,10970.42,"niftyindices.com Historical Data - Total Return Index (NIFTY 50, gross TRI)"
2016-08-23,11615.7,10974.84,"niftyindices.com Historical Data - Total Return Index (NIFTY 50, gross TRI)"
2016-08-24,11639.48,10997.31,"niftyindices.com Historical Data - Total Return Index (NIFTY 50, gross TRI)"
2016-08-25,11561.34,10923.48,"niftyindices.com Historical Data - Total Return Index (NIFTY 50, gross TRI)"
2016-08-26,11534.92,10898.51,"niftyindices.com Historical Data - Total Return Index (NIFTY 50, gross TRI)"
2016-08-29,11581.83,10942.84,"niftyindices.com Historical Data - Total Return Index (NIFTY 50, gross TRI)"
2016-08-30,11766.04,11116.89,"niftyindices.com Historical Data - Total Return Index (NIFTY 50, gross TRI)"
2016-08-31,11826.19,11173.72,"niftyindices.com Historical Data - Total Return Index (NIFTY 50, gross TRI)"
2016-09-01,11810.69,11159.07,"niftyindices.com Historical Data - Total Return Index (NIFTY 50, gross TRI)"
2016-09-02,11857.76,11203.54,"niftyindices.com Historical Data - Total Return Index (NIFTY 50, gross TRI)"
2016-09-06,12037.72,11373.57,"niftyindices.com Historical Data - Total Return Index (NIFTY 50, gross TRI)"
2016-09-07,12005.43,11343.07,"niftyindices.com Historical Data - Total Return Index (NIFTY 50, gross TRI)"
2016-09-08,12055.6,11390.47,"niftyindices.com Historical Data - Total Return Index (NIFTY 50, gross TRI)"
2016-09-09,11940.12,11281.36,"niftyindices.com Historical Data - Total Return Index (NIFTY 50, gross TRI)"
2016-09-12,11737.0,11089.45,"niftyindices.com Historical Data - Total Return Index (NIFTY 50, gross TRI)"
2016-09-14,11751.93,11103.56,"niftyindices.com Historical Data - Total Return Index (NIFTY 50, gross TRI)"
2016-09-15,11774.9,11125.25,"niftyindices.com Historical Data - Total Return Index (NIFTY 50, gross TRI)"
2016-09-16,11825.12,11172.71,"niftyindices.com Historical Data - Total Return Index (NIFTY 50, gross TRI)"
2016-09-19,11863.61,11209.08,"niftyindices.com Historical Data - Total Return Index (NIFTY 50, gross TRI)"
2016-09-20,11819.83,11167.71,"niftyindices.com Historical Data - Total Return Index (NIFTY 50, gross TRI)"
2016-09-21,11821.52,11169.31,"niftyindices.com Historical Data - Total Return Index (NIFTY 50, gross TRI)"
2016-09-22,11943.44,11284.49,"niftyindices.com Historical Data - Total Return Index (NIFTY 50, gross TRI)"
2016-09-23,11895.07,11238.8,"niftyindices.com Historical Data - Total Return Index (NIFTY 50, gross TRI)"
2016-09-26,11748.91,11100.7,"niftyindices.com Historical Data - Total Return Index (NIFTY 50, gross TRI)"
2016-09-27,11726.49,11079.52,"niftyindices.com Historical Data - Total Return Index (NIFTY 50, gross TRI)"
2016-09-28,11778.71,11128.86,"niftyindices.com Historical Data - Total Return Index (NIFTY 50, gross TRI)"
2016-09-29,11571.4,10932.98,"niftyindices.com Historical Data - Total Return Index (NIFTY 50, gross TRI)"
2016-09-30,11598.22,10958.32,"niftyindices.com Historical Data - Total Return Index (NIFTY 50, gross TRI)"
2016-10-03,11769.16,11119.84,"niftyindices.com Historical Data - Total Return Index (NIFTY 50, gross TRI)"
2016-10-04,11811.04,11159.4,"niftyindices.com Historical Data - Total Return Index (NIFTY 50, gross TRI)"
2016-10-05,11777.1,11127.33,"niftyindices.com Historical Data - Total Return Index (NIFTY 50, gross TRI)"
2016-10-06,11730.75,11083.54,"niftyindices.com Historical Data - Total Return Index (NIFTY 50, gross TRI)"
2016-10-07,11714.65,11068.34,"niftyindices.com Historical Data - Total Return Index (NIFTY 50, gross TRI)"
2016-10-10,11729.75,11082.6,"niftyindices.com Historical Data - Total Return Index (NIFTY 50, gross TRI)"
2016-10-13,11547.3,10910.22,"niftyindices.com Historical Data - Total Return Index (NIFTY 50, gross TRI)"
2016-10-14,11560.81,10922.98,"niftyindices.com Historical Data - Total Return Index (NIFTY 50, gross TRI)"
2016-10-17,11475.97,10842.82,"niftyindices.com Historical Data - Total Return Index (NIFTY 50, gross TRI)"
2016-10-18,11688.13,11043.28,"niftyindices.com Historical Data - Total Return Index (NIFTY 50, gross TRI)"
2016-10-19,11662.81,11019.35,"niftyindices.com Historical Data - Total Return Index (NIFTY 50, gross TRI)"
2016-10-20,11717.04,11070.59,"niftyindices.com Historical Data - Total Return Index (NIFTY 50, gross TRI)"
2016-10-21,11716.57,11070.14,"niftyindices.com Historical Data - Total Return Index (NIFTY 50, gross TRI)"
2016-10-24,11739.24,11091.56,"niftyindices.com Historical Data - Total Return Index (NIFTY 50, gross TRI)"
2016-10-25,11715.45,11069.09,"niftyindices.com Historical Data - Total Return Index (NIFTY 50, gross TRI)"
2016-10-26,11612.99,10972.28,"niftyindices.com Historical Data - Total Return Index (NIFTY 50, gross TRI)"
2016-10-27,11614.18,10973.4,"niftyindices.com Historical Data - Total Return Index (NIFTY 50, gross TRI)"
2016-10-28,11644.89,11002.42,"niftyindices.com Historical Data - Total Return Index (NIFTY 50, gross TRI)"
2016-10-30,11628.32,10986.76,"niftyindices.com Historical Data - Total Return Index (NIFTY 50, gross TRI)"
2016-11-01,11631.33,10989.61,"niftyindices.com Historical Data - Total Return Index (NIFTY 50, gross TRI)"
2016-11-02,11479.94,10846.57,"niftyindices.com Historical Data - Total Return Index (NIFTY 50, gross TRI)"
2016-11-03,11443.72,10812.35,"niftyindices.com Historical Data - Total Return Index (NIFTY 50, gross TRI)"
2016-11-04,11374.71,10747.14,"niftyindices.com Historical Data - Total Return Index (NIFTY 50, gross TRI)"
2016-11-07,11460.08,10827.81,"niftyindices.com Historical Data - Total Return Index (NIFTY 50, gross TRI)"
2016-11-08,11522.76,10887.02,"niftyindices.com Historical Data - Total Return Index (NIFTY 50, gross TRI)"
2016-11-09,11372.35,10744.91,"niftyindices.com Historical Data - Total Return Index (NIFTY 50, gross TRI)"
2016-11-10,11498.79,10864.38,"niftyindices.com Historical Data - Total Return Index (NIFTY 50, gross TRI)"
2016-11-11,11189.3,10571.97,"niftyindices.com Historical Data - Total Return Index (NIFTY 50, gross TRI)"
2016-11-15,10935.99,10332.63,"niftyindices.com Historical Data - Total Return Index (NIFTY 50, gross TRI)"
2016-11-16,10940.23,10336.64,"niftyindices.com Historical Data - Total Return Index (NIFTY 50, gross TRI)"
2016-11-17,10897.55,10296.31,"niftyindices.com Historical Data - Total Return Index (NIFTY 50, gross TRI)"
2016-11-18,10889.64,10288.84,"niftyindices.com Historical Data - Total Return Index (NIFTY 50, gross TRI)"
2016-11-21,10694.09,10104.08,"niftyindices.com Historical Data - Total Return Index (NIFTY 50, gross TRI)"
2016-11-22,10792.82,10197.36,"niftyindices.com Historical Data - Total Return Index (NIFTY 50, gross TRI)"
2016-11-23,10834.59,10236.83,"niftyindices.com Historical Data - Total Return Index (NIFTY 50, gross TRI)"
2016-11-24,10743.28,10150.56,"niftyindices.com Historical Data - Total Return Index (NIFTY 50, gross TRI)"
2016-11-25,10943.99,10340.19,"niftyindices.com Historical Data - Total Return Index (NIFTY 50, gross TRI)"
2016-11-28,10960.97,10356.23,"niftyindices.com Historical Data - Total Return Index (NIFTY 50, gross TRI)"
2016-11-29,10981.54,10375.66,"niftyindices.com Historical Data - Total Return Index (NIFTY 50, gross TRI)"
2016-11-30,11092.59,10480.59,"niftyindices.com Historical Data - Total Return Index (NIFTY 50, gross TRI)"
2016-12-01,11050.0,10440.35,"niftyindices.com Historical Data - Total Return Index (NIFTY 50, gross TRI)"
2016-12-02,10906.86,10305.11,"niftyindices.com Historical Data - Total Return Index (NIFTY 50, gross TRI)"
2016-12-05,10963.49,10358.61,"niftyindices.com Historical Data - Total Return Index (NIFTY 50, gross TRI)"
2016-12-06,10982.89,10376.94,"niftyindices.com Historical Data - Total Return Index (NIFTY 50, gross TRI)"
2016-12-07,10927.43,10324.54,"niftyindices.com Historical Data - Total Return Index (NIFTY 50, gross TRI)"
2016-12-08,11122.75,10509.09,"niftyindices.com Historical Data - Total Return Index (NIFTY 50, gross TRI)"
2016-12-09,11142.82,10528.05,"niftyindices.com Historical Data - Total Return Index (NIFTY 50, gross TRI)"
2016-12-12,11020.15,10412.15,"niftyindices.com Historical Data - Total Return Index (NIFTY 50, gross TRI)"
2016-12-13,11088.99,10477.19,"niftyindices.com Historical Data - Total Return Index (NIFTY 50, gross TRI)"
2016-12-14,11035.88,10427.01,"niftyindices.com Historical Data - Total Return Index (NIFTY 50, gross TRI)"
2016-12-15,10997.01,10378.88,"niftyindices.com Historical Data - Total Return Index (NIFTY 50, gross TRI)"
2016-12-16,10977.91,10360.85,"niftyindices.com Historical Data - Total Return Index (NIFTY 50, gross TRI)"
2016-12-19,10930.55,10316.16,"niftyindices.com Historical Data - Total Return Index (NIFTY 50, gross TRI)"
2016-12-20,10900.96,10288.23,"niftyindices.com Historical Data - Total Return Index (NIFTY 50, gross TRI)"
2016-12-21,10872.49,10261.36,"niftyindices.com Historical Data - Total Return Index (NIFTY 50, gross TRI)"
2016-12-22,10761.65,10156.75,"niftyindices.com Historical Data - Total Return Index (NIFTY 50, gross TRI)"
2016-12-23,10770.6,10165.19,"niftyindices.com Historical Data - Total Return Index (NIFTY 50, gross TRI)"
2016-12-26,10666.06,10066.53,"niftyindices.com Historical Data - Total Return Index (NIFTY 50, gross TRI)"
2016-12-27,10834.12,10225.15,"niftyindices.com Historical Data - Total Return Index (NIFTY 50, gross TRI)"
2016-12-28,10836.85,10227.72,"niftyindices.com Historical Data - Total Return Index (NIFTY 50, gross TRI)"
2016-12-29,10929.53,10315.19,"niftyindices.com Historical Data - Total Return Index (NIFTY 50, gross TRI)"
2016-12-30,11040.41,10419.84,"niftyindices.com Historical Data - Total Return Index (NIFTY 50, gross TRI)"
2017-01-02,11031.91,10411.82,"niftyindices.com Historical Data - Total Return Index (NIFTY 50, gross TRI)"
2017-01-03,11049.08,10428.02,"niftyindices.com Historical Data - Total Return Index (NIFTY 50, gross TRI)"
2017-01-04,11046.76,10425.83,"niftyindices.com Historical Data - Total Return Index (NIFTY 50, gross TRI)"
2017-01-05,11159.12,10531.88,"niftyindices.com Historical Data - Total Return Index (NIFTY 50, gross TRI)"
2017-01-06,11118.62,10493.66,"niftyindices.com Historical Data - Total Return Index (NIFTY 50, gross TRI)"
2017-01-09,11108.2,10483.82,"niftyindices.com Historical Data - Total Return Index (NIFTY 50, gross TRI)"
2017-01-10,11179.04,10550.68,"niftyindices.com Historical Data - Total Return Index (NIFTY 50, gross TRI)"
2017-01-11,11303.19,10667.85,"niftyindices.com Historical Data - Total Return Index (NIFTY 50, gross TRI)"
2017-01-12,11339.04,10701.69,"niftyindices.com Historical Data - Total Return Index (NIFTY 50, gross TRI)"
2017-01-13,11329.78,10692.94,"niftyindices.com Historical Data - Total Return Index (NIFTY 50, gross TRI)"
2017-01-16,11346.57,10708.79,"niftyindices.com Historical Data - Total Return Index (NIFTY 50, gross TRI)"
2017-01-17,11326.62,10689.96,"niftyindices.com Historical Data - Total Return Index (NIFTY 50, gross TRI)"
2017-01-18,11352.22,10714.12,"niftyindices.com Historical Data - Total Return Index (NIFTY 50, gross TRI)"
2017-01-19,11376.62,10737.15,"niftyindices.com Historical Data - Total Return Index (NIFTY 50, gross TRI)"
2017-01-20,11260.99,10628.02,"niftyindices.com Historical Data - Total Return Index (NIFTY 50, gross TRI)"
2017-01-23,11319.09,10682.86,"niftyindices.com Historical Data - Total Return Index (NIFTY 50, gross TRI)"
2017-01-24,11432.83,10790.21,"niftyindices.com Historical Data - Total Return Index (NIFTY 50, gross TRI)"
2017-01-25,11604.09,10951.83,"niftyindices.com Historical Data - Total Return Index (NIFTY 50, gross TRI)"
2017-01-27,11656.0,11000.83,"niftyindices.com Historical Data - Total Return Index (NIFTY 50, gross TRI)"
2017-01-30,11644.53,10990.0,"niftyindices.com Historical Data - Total Return Index (NIFTY 50, gross TRI)"
2017-01-31,11548.15,10899.04,"niftyindices.com Historical Data - Total Return Index (NIFTY 50, gross TRI)"
2017-02-01,11758.63,11097.69,"niftyindices.com Historical Data - Total Return Index (NIFTY 50, gross TRI)"
2017-02-02,11784.61,11122.21,"niftyindices.com Historical Data - Total Return Index (NIFTY 50, gross TRI)"
2017-02-03,11793.62,11130.72,"niftyindices.com Historical Data - Total Return Index (NIFTY 50, gross TRI)"
2017-02-06,11874.73,11207.26,"niftyindices.com Historical Data - Total Return Index (NIFTY 50, gross TRI)"
2017-02-07,11832.78,11167.67,"niftyindices.com Historical Data - Total Return Index (NIFTY 50, gross TRI)"
2017-02-08,11833.8,11168.64,"niftyindices.com Historical Data - Total Return Index (NIFTY 50, gross TRI)"
2017-02-09,11846.42,11180.54,"niftyindices.com Historical Data - Total Return Index (NIFTY 50, gross TRI)"
2017-02-10,11866.82,11199.8,"niftyindices.com Historical Data - Total Return Index (NIFTY 50, gross TRI)"
2017-02-13,11882.38,11214.49,"niftyindices.com Historical Data - Total Return Index (NIFTY 50, gross TRI)"
2017-02-14,11865.43,11198.49,"niftyindices.com Historical Data - Total Return Index (NIFTY 50, gross TRI)"
2017-02-15,11776.57,11114.62,"niftyindices.com Historical Data - Total Return Index (NIFTY 50, gross TRI)"
2017-02-16,11849.55,11183.5,"niftyindices.com Historical Data - Total Return Index (NIFTY 50, gross TRI)"
2017-02-17,11908.56,11239.19,"niftyindices.com Historical Data - Total Return Index (NIFTY 50, gross TRI)"
2017-02-20,11986.21,11312.47,"niftyindices.com Historical Data - Total Return Index (NIFTY 50, gross TRI)"
2017-02-21,12024.88,11348.98,"niftyindices.com Historical Data - Total Return Index (NIFTY 50, gross TRI)"
2017-02-22,12050.54,11373.2,"niftyindices.com Historical Data - Total Return Index (NIFTY 50, gross TRI)"
2017-02-23,12067.61,11389.3,"niftyindices.com Historical Data - Total Return Index (NIFTY 50, gross TRI)"
2017-02-27,12009.8,11334.74,"niftyindices.com Historical Data - Total Return Index (NIFTY 50, gross TRI)"
2017-02-28,11990.44,11316.47,"niftyindices.com Historical Data - Total Return Index (NIFTY 50, gross TRI)"
2017-03-01,12079.8,11400.81,"niftyindices.com Historical Data - Total Return Index (NIFTY 50, gross TRI)"
2017-03-02,12017.63,11342.14,"niftyindices.com Historical Data - Total Return Index (NIFTY 50, gross TRI)"
2017-03-03,12014.7,11339.37,"niftyindices.com Historical Data - Total Return Index (NIFTY 50, gross TRI)"
2017-03-06,12103.68,11423.34,"niftyindices.com Historical Data - Total Return Index (NIFTY 50, gross TRI)"
2017-03-07,12081.34,11402.26,"niftyindices.com Historical Data - Total Return Index (NIFTY 50, gross TRI)"
2017-03-08,12050.77,11373.41,"niftyindices.com Historical Data - Total Return Index (NIFTY 50, gross TRI)"
2017-03-09,12056.17,11374.77,"niftyindices.com Historical Data - Total Return Index (NIFTY 50, gross TRI)"
2017-03-10,12066.4,11384.41,"niftyindices.com Historical Data - Total Return Index (NIFTY 50, gross TRI)"
2017-03-14,12281.22,11587.09,"niftyindices.com Historical Data - Total Return Index (NIFTY 50, gross TRI)"
2017-03-15,12278.23,11584.27,"niftyindices.com Historical Data - Total Return Index (NIFTY 50, gross TRI)"
2017-03-16,12374.48,11675.08,"niftyindices.com Historical Data - Total Return Index (NIFTY 50, gross TRI)"
2017-03-17,12383.04,11683.15,"niftyindices.com Historical Data - Total Return Index (NIFTY 50, gross TRI)"
2017-03-20,12338.14,11640.8,"niftyindices.com Historical Data - Total Return Index (NIFTY 50, gross TRI)"
2017-03-21,12330.92,11633.98,"niftyindices.com Historical Data - Total Return Index (NIFTY 50, gross TRI)"
2017-03-22,12207.85,11517.87,"niftyindices.com Historical Data - Total Return Index (NIFTY 50, gross TRI)"
2017-03-23,12283.35,11589.1,"niftyindices.com Historical Data - Total Return Index (NIFTY 50, gross TRI)"
2017-03-24,12314.98,11618.94,"niftyindices.com Historical Data - Total Return Index (NIFTY 50, gross TRI)"
2017-03-27,12230.63,11539.36,"niftyindices.com Historical Data - Total Return Index (NIFTY 50, gross TRI)"
2017-03-28,12305.77,11610.25,"niftyindices.com Historical Data - Total Return Index (NIFTY 50, gross TRI)"
2017-03-29,12363.95,11665.15,"niftyindices.com Historical Data - Total Return Index (NIFTY 50, gross TRI)"
2017-03-30,12404.41,11703.32,"niftyindices.com Historical Data - Total Return Index (NIFTY 50, gross TRI)"
2017-03-31,12406.69,11705.47,"niftyindices.com Historical Data - Total Return Index (NIFTY 50, gross TRI)"
2017-04-03,12493.39,11787.27,"niftyindices.com Historical Data - Total Return Index (NIFTY 50, gross TRI)"
2017-04-05,12530.31,11822.1,"niftyindices.com Historical Data - Total Return Index (NIFTY 50, gross TRI)"
2017-04-06,12525.97,11818.01,"niftyindices.com Historical Data - Total Return Index (NIFTY 50, gross TRI)"
2017-04-07,12439.9,11736.81,"niftyindices.com Historical Data - Total Return Index (NIFTY 50, gross TRI)"
2017-04-10,12417.07,11715.27,"niftyindices.com Historical Data - Total Return Index (NIFTY 50, gross TRI)"
2017-04-11,12492.24,11786.19,"niftyindices.com Historical Data - Total Return Index (NIFTY 50, gross TRI)"
2017-04-12,12446.84,11743.35,"niftyindices.com Historical Data - Total Return Index (NIFTY 50, gross TRI)"
2017-04-13,12375.68,11676.21,"niftyindices.com Historical Data - Total Return Index (NIFTY 50, gross TRI)"
2017-04-17,12360.11,11661.52,"niftyindices.com Historical Data - Total Return Index (NIFTY 50, gross TRI)"
2017-04-18,12313.9,11617.92,"niftyindices.com Historical Data - Total Return Index (NIFTY 50, gross TRI)"
2017-04-19,12311.67,11615.82,"niftyindices.com Historical Data - Total Return Index (NIFTY 50, gross TRI)"
2017-04-20,12356.2,11657.84,"niftyindices.com Historical Data - Total Return Index (NIFTY 50, gross TRI)"
2017-04-21,12333.17,11636.11,"niftyindices.com Historical Data - Total Return Index (NIFTY 50, gross TRI)"
2017-04-24,12466.46,11761.87,"niftyindices.com Historical Data - Total Return Index (NIFTY 50, gross TRI)"
2017-04-25,12586.34,11874.97,"niftyindices.com Historical Data - Total Return Index (NIFTY 50, gross TRI)"
2017-04-26,12647.53,11932.69,"niftyindices.com Historical Data - Total Return Index (NIFTY 50, gross TRI)"
2017-04-27,12634.41,11920.32,"niftyindices.com Historical Data - Total Return Index (NIFTY 50, gross TRI)"
2017-04-28,12582.88,11871.7,"niftyindices.com Historical Data - Total Return Index (NIFTY 50, gross TRI)"
2017-05-02,12596.08,11884.16,"niftyindices.com Historical Data - Total Return Index (NIFTY 50, gross TRI)"
2017-05-03,12593.58,11881.79,"niftyindices.com Historical Data - Total Return Index (NIFTY 50, gross TRI)"
2017-05-04,12659.51,11944.0,"niftyindices.com Historical Data - Total Return Index (NIFTY 50, gross TRI)"
2017-05-05,12558.6,11848.8,"niftyindices.com Historical Data - Total Return Index (NIFTY 50, gross TRI)"
2017-05-08,12597.5,11885.5,"niftyindices.com Historical Data - Total Return Index (NIFTY 50, gross TRI)"
2017-05-09,12601.23,11889.02,"niftyindices.com Historical Data - Total Return Index (NIFTY 50, gross TRI)"
2017-05-10,12723.6,12004.46,"niftyindices.com Historical Data - Total Return Index (NIFTY 50, gross TRI)"
2017-05-11,12743.99,12023.71,"niftyindices.com Historical Data - Total Return Index (NIFTY 50, gross TRI)"
2017-05-12,12714.97,11996.32,"niftyindices.com Historical Data - Total Return Index (NIFTY 50, gross TRI)"
2017-05-15,12775.11,12053.07,"niftyindices.com Historical Data - Total Return Index (NIFTY 50, gross TRI)"
2017-05-16,12865.56,12138.4,"niftyindices.com Historical Data - Total Return Index (NIFTY 50, gross TRI)"
2017-05-17,12883.83,12155.64,"niftyindices.com Historical Data - Total Return Index (NIFTY 50, gross TRI)"
2017-05-18,12753.55,12032.73,"niftyindices.com Historical Data - Total Return Index (NIFTY 50, gross TRI)"
2017-05-19,12751.43,12030.73,"niftyindices.com Historical Data - Total Return Index (NIFTY 50, gross TRI)"
2017-05-22,12765.48,12043.98,"niftyindices.com Historical Data - Total Return Index (NIFTY 50, gross TRI)"
2017-05-23,12695.02,11977.5,"niftyindices.com Historical Data - Total Return Index (NIFTY 50, gross TRI)"
2017-05-24,12661.62,11945.99,"niftyindices.com Historical Data - Total Return Index (NIFTY 50, gross TRI)"
2017-05-25,12863.38,12136.35,"niftyindices.com Historical Data - Total Return Index (NIFTY 50, gross TRI)"
2017-05-26,12981.79,12248.06,"niftyindices.com Historical Data - Total Return Index (NIFTY 50, gross TRI)"
2017-05-29,12996.61,12262.05,"niftyindices.com Historical Data - Total Return Index (NIFTY 50, gross TRI)"
2017-05-30,13023.19,12287.12,"niftyindices.com Historical Data - Total Return Index (NIFTY 50, gross TRI)"
2017-05-31,13018.69,12282.88,"niftyindices.com Historical Data - Total Return Index (NIFTY 50, gross TRI)"
2017-06-01,13022.35,12286.33,"niftyindices.com Historical Data - Total Return Index (NIFTY 50, gross TRI)"
2017-06-02,13072.98,12334.1,"niftyindices.com Historical Data - Total Return Index (NIFTY 50, gross TRI)"
2017-06-05,13116.78,12375.42,"niftyindices.com Historical Data - Total Return Index (NIFTY 50, gross TRI)"
2017-06-06,13065.33,12326.88,"niftyindices.com Historical Data - Total Return Index (NIFTY 50, gross TRI)"
2017-06-07,13101.62,12361.12,"niftyindices.com Historical Data - Total Return Index (NIFTY 50, gross TRI)"
2017-06-08,13079.63,12340.38,"niftyindices.com Historical Data - Total Return Index (NIFTY 50, gross TRI)"
2017-06-09,13108.12,12367.25,"niftyindices.com Historical Data - Total Return Index (NIFTY 50, gross TRI)"
2017-06-12,13037.83,12300.94,"niftyindices.com Historical Data - Total Return Index (NIFTY 50, gross TRI)"
2017-06-13,13030.22,12283.87,"niftyindices.com Historical Data - Total Return Index (NIFTY 50, gross TRI)"
2017-06-14,13045.44,12298.22,"niftyindices.com Historical Data - Total Return Index (NIFTY 50, gross TRI)"
2017-06-15,12992.34,12248.15,"niftyindices.com Historical Data - Total Return Index (NIFTY 50, gross TRI)"
2017-06-16,13005.86,12260.9,"niftyindices.com Historical Data - Total Return Index (NIFTY 50, gross TRI)"
2017-06-19,13100.15,12349.79,"niftyindices.com Historical Data - Total Return Index (NIFTY 50, gross TRI)"
2017-06-20,13099.92,12339.29,"niftyindices.com Historical Data - Total Return Index (NIFTY 50, gross TRI)"
2017-06-21,13072.91,12313.85,"niftyindices.com Historical Data - Total Return Index (NIFTY 50, gross TRI)"
2017-06-22,13070.98,12312.03,"niftyindices.com Historical Data - Total Return Index (NIFTY 50, gross TRI)"
2017-06-23,12996.3,12241.69,"niftyindices.com Historical Data - Total Return Index (NIFTY 50, gross TRI)"
2017-06-27,12910.01,12160.4,"niftyindices.com Historical Data - Total Return Index (NIFTY 50, gross TRI)"
2017-06-28,12882.7,12134.68,"niftyindices.com Historical Data - Total Return Index (NIFTY 50, gross TRI)"
2017-06-29,12908.13,12158.63,"niftyindices.com Historical Data - Total Return Index (NIFTY 50, gross TRI)"
2017-06-30,12932.33,12181.43,"niftyindices.com Historical Data - Total Return Index (NIFTY 50, gross TRI)"
2017-07-03,13060.15,12301.82,"niftyindices.com Historical Data - Total Return Index (NIFTY 50, gross TRI)"
2017-07-04,13057.86,12299.68,"niftyindices.com Historical Data - Total Return Index (NIFTY 50, gross TRI)"
2017-07-05,13091.36,12331.23,"niftyindices.com Historical Data - Total Return Index (NIFTY 50, gross TRI)"
2017-07-06,13147.27,12383.89,"niftyindices.com Historical Data - Total Return Index (NIFTY 50, gross TRI)"
2017-07-07,13135.35,12372.67,"niftyindices.com Historical Data - Total Return Index (NIFTY 50, gross TRI)"
2017-07-10,13278.81,12507.79,"niftyindices.com Historical Data - Total Return Index (NIFTY 50, gross TRI)"
2017-07-11,13299.17,12526.97,"niftyindices.com Historical Data - Total Return Index (NIFTY 50, gross TRI)"
2017-07-12,13340.24,12565.66,"niftyindices.com Historical Data - Total Return Index (NIFTY 50, gross TRI)"
2017-07-13,13452.22,12634.93,"niftyindices.com Historical Data - Total Return Index (NIFTY 50, gross TRI)"
2017-07-14,13453.49,12636.12,"niftyindices.com Historical Data - Total Return Index (NIFTY 50, gross TRI)"
2017-07-17,13494.64,12674.77,"niftyindices.com Historical Data - Total Return Index (NIFTY 50, gross TRI)"
2017-07-18,13374.92,12562.32,"niftyindices.com Historical Data - Total Return Index (NIFTY 50, gross TRI)"
2017-07-19,13473.52,12654.94,"niftyindices.com Historical Data - Total Return Index (NIFTY 50, gross TRI)"
2017-07-20,13441.11,12624.5,"niftyindices.com Historical Data - Total Return Index (NIFTY 50, gross TRI)"
2017-07-21,13498.25,12678.16,"niftyindices.com Historical Data - Total Return Index (NIFTY 50, gross TRI)"
2017-07-24,13569.88,12745.44,"niftyindices.com Historical Data - Total Return Index (NIFTY 50, gross TRI)"
2017-07-25,13567.66,12743.35,"niftyindices.com Historical Data - Total Return Index (NIFTY 50, gross TRI)"
2017-07-26,13644.46,12815.49,"niftyindices.com Historical Data - Total Return Index (NIFTY 50, gross TRI)"
2017-07-27,13646.34,12817.25,"niftyindices.com Historical Data - Total Return Index (NIFTY 50, gross TRI)"
2017-07-28,13638.1,12809.51,"niftyindices.com Historical Data - Total Return Index (NIFTY 50, gross TRI)"
2017-07-31,13724.19,12890.38,"niftyindices.com Historical Data - Total Return Index (NIFTY 50, gross TRI)"
2017-08-01,13775.33,12938.41,"niftyindices.com Historical Data - Total Return Index (NIFTY 50, gross TRI)"
2017-08-02,13731.63,12897.36,"niftyindices.com Historical Data - Total Return Index (NIFTY 50, gross TRI)"
2017-08-03,13639.66,12810.98,"niftyindices.com Historical Data - Total Return Index (NIFTY 50, gross TRI)"
2017-08-04,13711.47,12878.43,"niftyindices.com Historical Data - Total Return Index (NIFTY 50, gross TRI)"
2017-08-07,13699.21,12866.92,"niftyindices.com Historical Data - Total Return Index (NIFTY 50, gross TRI)"
2017-08-08,13591.81,12766.04,"niftyindices.com Historical Data - Total Return Index (NIFTY 50, gross TRI)"
2017-08-09,13495.81,12675.87,"niftyindices.com Historical Data - Total Return Index (NIFTY 50, gross TRI)"
2017-08-10,13377.05,12564.33,"niftyindices.com Historical Data - Total Return Index (NIFTY 50, gross TRI)"
2017-08-11,13234.2,12430.16,"niftyindices.com Historical Data - Total Return Index (NIFTY 50, gross TRI)"
2017-08-14,13347.75,12536.81,"niftyindices.com Historical Data - Total Return Index (NIFTY 50, gross TRI)"
2017-08-16,13488.33,12668.84,"niftyindices.com Historical Data - Total Return Index (NIFTY 50, gross TRI)"
2017-08-17,13497.69,12677.64,"niftyindices.com Historical Data - Total Return Index (NIFTY 50, gross TRI)"
2017-08-18,13407.07,12592.53,"niftyindices.com Historical Data - Total Return Index (NIFTY 50, gross TRI)"
2017-08-21,13293.88,12486.21,"niftyindices.com Historical Data - Total Return Index (NIFTY 50, gross TRI)"
2017-08-22,13309.14,12500.54,"niftyindices.com Historical Data - Total Return Index (NIFTY 50, gross TRI)"
2017-08-23,13427.67,12611.87,"niftyindices.com Historical Data - Total Return Index (NIFTY 50, gross TRI)"
2017-08-24,13437.45,12621.06,"niftyindices.com Historical Data - Total Return Index (NIFTY 50, gross TRI)"
2017-08-28,13513.48,12692.46,"niftyindices.com Historical Data - Total Return Index (NIFTY 50, gross TRI)"
2017-08-29,13354.29,12542.95,"niftyindices.com Historical Data - Total Return Index (NIFTY 50, gross TRI)"
2017-08-30,13474.73,12656.08,"niftyindices.com Historical Data - Total Return Index (NIFTY 50, gross TRI)"
2017-08-31,13521.03,12699.56,"niftyindices.com Historical Data - Total Return Index (NIFTY 50, gross TRI)"
2017-09-01,13598.09,12771.94,"niftyindices.com Historical Data - Total Return Index (NIFTY 50, gross TRI)"
2017-09-04,13514.16,12693.1,"niftyindices.com Historical Data - Total Return Index (NIFTY 50, gross TRI)"
2017-09-05,13568.38,12744.03,"niftyindices.com Historical Data - Total Return Index (NIFTY 50, gross TRI)"
2017-09-06,13519.3,12697.93,"niftyindices.com Historical Data - Total Return Index (NIFTY 50, gross TRI)"
2017-09-07,13539.91,12635.66,"niftyindices.com Historical Data - Total Return Index (NIFTY 50, gross TRI)"
2017-09-08,13546.57,12641.87,"niftyindices.com Historical Data - Total Return Index (NIFTY 50, gross TRI)"
2017-09-11,13646.37,12735.01,"niftyindices.com Historical Data - Total Return Index (NIFTY 50, gross TRI)"
2017-09-12,13765.03,12845.74,"niftyindices.com Historical Data - Total Return Index (NIFTY 50, gross TRI)"
2017-09-13,13746.3,12828.26,"niftyindices.com Historical Data - Total Return Index (NIFTY 50, gross TRI)"
2017-09-14,13756.28,12837.58,"niftyindices.com Historical Data - Total Return Index (NIFTY 50, gross TRI)"
2017-09-15,13754.62,12836.03,"niftyindices.com Historical Data - Total Return Index (NIFTY 50, gross TRI)"
2017-09-18,13848.34,12923.49,"niftyindices.com Historical Data - Total Return Index (NIFTY 50, gross TRI)"
2017-09-19,13840.78,12916.44,"niftyindices.com Historical Data - Total Return Index (NIFTY 50, gross TRI)"
2017-09-20,13832.04,12908.28,"niftyindices.com Historical Data - Total Return Index (NIFTY 50, gross TRI)"
2017-09-21,13806.6,12884.53,"niftyindices.com Historical Data - Total Return Index (NIFTY 50, gross TRI)"
2017-09-22,13591.79,12684.07,"niftyindices.com Historical Data - Total Return Index (NIFTY 50, gross TRI)"
2017-09-25,13466.53,12567.18,"niftyindices.com Historical Data - Total Return Index (NIFTY 50, gross TRI)"
2017-09-26,13465.07,12565.82,"niftyindices.com Historical Data - Total Return Index (NIFTY 50, gross TRI)"
2017-09-27,13279.85,12392.96,"niftyindices.com Historical Data - Total Return Index (NIFTY 50, gross TRI)"
2017-09-28,13325.16,12435.25,"niftyindices.com Historical Data - Total Return Index (NIFTY 50, gross TRI)"
2017-09-29,13351.99,12460.29,"niftyindices.com Historical Data - Total Return Index (NIFTY 50, gross TRI)"
2017-10-03,13448.66,12550.5,"niftyindices.com Historical Data - Total Return Index (NIFTY 50, gross TRI)"
2017-10-04,13524.27,12621.06,"niftyindices.com Historical Data - Total Return Index (NIFTY 50, gross TRI)"
2017-10-05,13488.48,12587.66,"niftyindices.com Historical Data - Total Return Index (NIFTY 50, gross TRI)"
2017-10-06,13612.63,12703.52,"niftyindices.com Historical Data - Total Return Index (NIFTY 50, gross TRI)"
2017-10-09,13625.0,12715.07,"niftyindices.com Historical Data - Total Return Index (NIFTY 50, gross TRI)"
2017-10-10,13663.44,12750.94,"niftyindices.com Historical Data - Total Return Index (NIFTY 50, gross TRI)"
2017-10-11,13619.62,12710.04,"niftyindices.com Historical Data - Total Return Index (NIFTY 50, gross TRI)"
2017-10-12,13771.84,12852.1,"niftyindices.com Historical Data - Total Return Index (NIFTY 50, gross TRI)"
2017-10-13,13868.7,12942.49,"niftyindices.com Historical Data - Total Return Index (NIFTY 50, gross TRI)"
2017-10-16,13955.22,13023.23,"niftyindices.com Historical Data - Total Return Index (NIFTY 50, gross TRI)"
2017-10-17,13960.09,13027.78,"niftyindices.com Historical Data - Total Return Index (NIFTY 50, gross TRI)"
2017-10-18,13927.92,12997.75,"niftyindices.com Historical Data - Total Return Index (NIFTY 50, gross TRI)"
2017-10-19,13840.24,12915.92,"niftyindices.com Historical Data - Total Return Index (NIFTY 50, gross TRI)"
2017-10-23,13892.48,12964.68,"niftyindices.com Historical Data - Total Return Index (NIFTY 50, gross TRI)"
2017-10-24,13923.61,12993.73,"niftyindices.com Historical Data - Total Return Index (NIFTY 50, gross TRI)"
2017-10-25,14044.44,13106.49,"niftyindices.com Historical Data - Total Return Index (NIFTY 50, gross TRI)"
2017-10-26,14110.5,13168.14,"niftyindices.com Historical Data - Total Return Index (NIFTY 50, gross TRI)"
2017-10-27,14082.21,13141.74,"niftyindices.com Historical Data - Total Return Index (NIFTY 50, gross TRI)"
2017-10-30,14137.62,13193.45,"niftyindices.com Historical Data - Total Return Index (NIFTY 50, gross TRI)"
2017-10-31,14108.55,13166.32,"niftyindices.com Historical Data - Total Return Index (NIFTY 50, gross TRI)"
2017-11-01,14255.58,13303.53,"niftyindices.com Historical Data - Total Return Index (NIFTY 50, gross TRI)"
2017-11-02,14232.79,13282.27,"niftyindices.com Historical Data - Total Return Index (NIFTY 50, gross TRI)"
2017-11-03,14274.97,13321.63,"niftyindices.com Historical Data - Total Return Index (NIFTY 50, gross TRI)"
2017-11-06,14274.03,13320.75,"niftyindices.com Historical Data - Total Return Index (NIFTY 50, gross TRI)"
2017-11-07,14135.23,13191.22,"niftyindices.com Historical Data - Total Return Index (NIFTY 50, gross TRI)"
2017-11-08,14071.02,13131.29,"niftyindices.com Historical Data - Total Return Index (NIFTY 50, gross TRI)"
2017-11-09,14078.98,13138.72,"niftyindices.com Historical Data - Total Return Index (NIFTY 50, gross TRI)"
2017-11-10,14096.45,13155.02,"niftyindices.com Historical Data - Total Return Index (NIFTY 50, gross TRI)"
2017-11-13,13964.26,13031.67,"niftyindices.com Historical Data - Total Return Index (NIFTY 50, gross TRI)"
2017-11-14,13911.87,12982.78,"niftyindices.com Historical Data - Total Return Index (NIFTY 50, gross TRI)"
2017-11-15,13818.25,12895.41,"niftyindices.com Historical Data - Total Return Index (NIFTY 50, gross TRI)"
2017-11-16,13950.33,13018.67,"niftyindices.com Historical Data - Total Return Index (NIFTY 50, gross TRI)"
2017-11-17,14044.32,13106.38,"niftyindices.com Historical Data - Total Return Index (NIFTY 50, gross TRI)"
2017-11-20,14065.05,13125.72,"niftyindices.com Historical Data - Total Return Index (NIFTY 50, gross TRI)"
2017-11-21,14103.64,13161.74,"niftyindices.com Historical Data - Total Return Index (NIFTY 50, gross TRI)"
2017-11-22,14124.68,13181.37,"niftyindices.com Historical Data - Total Return Index (NIFTY 50, gross TRI)"
2017-11-23,14133.47,13189.58,"niftyindices.com Historical Data - Total Return Index (NIFTY 50, gross TRI)"
2017-11-24,14189.41,13241.78,"niftyindices.com Historical Data - Total Return Index (NIFTY 50, gross TRI)"
2017-11-27,14202.82,13254.3,"niftyindices.com Historical Data - Total Return Index (NIFTY 50, gross TRI)"
2017-11-28,14162.79,13216.94,"niftyindices.com Historical Data - Total Return Index (NIFTY 50, gross TRI)"
2017-11-29,14150.6,13205.56,"niftyindices.com Historical Data - Total Return Index (NIFTY 50, gross TRI)"
2017-11-30,13966.58,13033.83,"niftyindices.com Historical Data - Total Return Index (NIFTY 50, gross TRI)"
2017-12-01,13823.52,12900.33,"niftyindices.com Historical Data - Total Return Index (NIFTY 50, gross TRI)"
2017-12-04,13831.66,12907.92,"niftyindices.com Historical Data - Total Return Index (NIFTY 50, gross TRI)"
2017-12-05,13818.67,12895.8,"niftyindices.com Historical Data - Total Return Index (NIFTY 50, gross TRI)"
2017-12-06,13717.36,12801.26,"niftyindices.com Historical Data - Total Return Index (NIFTY 50, gross TRI)"
2017-12-07,13884.82,12957.53,"niftyindices.com Historical Data - Total Return Index (NIFTY 50, gross TRI)"
2017-12-08,14019.95,13083.64,"niftyindices.com Historical Data - Total Return Index (NIFTY 50, gross TRI)"
2017-12-11,14097.29,13155.81,"niftyindices.com Historical Data - Total Return Index (NIFTY 50, gross TRI)"
2017-12-12,13985.11,13051.13,"niftyindices.com Historical Data - Total Return Index (NIFTY 50, gross TRI)"
2017-12-13,13920.69,12991.01,"niftyindices.com Historical Data - Total Return Index (NIFTY 50, gross TRI)"
2017-12-14,14001.49,13066.41,"niftyindices.com Historical Data - Total Return Index (NIFTY 50, gross TRI)"
2017-12-15,14112.3,13169.82,"niftyindices.com Historical Data - Total Return Index (NIFTY 50, gross TRI)"
2017-12-18,14188.11,13240.57,"niftyindices.com Historical Data - Total Return Index (NIFTY 50, gross TRI)"
2017-12-19,14289.76,13335.43,"niftyindices.com Historical Data - Total Return Index (NIFTY 50, gross TRI)"
2017-12-20,14263.81,13311.21,"niftyindices.com Historical Data - Total Return Index (NIFTY 50, gross TRI)"
2017-12-21,14258.49,13285.91,"niftyindices.com Historical Data - Total Return Index (NIFTY 50, gross TRI)"
2017-12-22,14330.49,13353.0,"niftyindices.com Historical Data - Total Return Index (NIFTY 50, gross TRI)"
2017-12-26,14383.04,13401.96,"niftyindices.com Historical Data - Total Return Index (NIFTY 50, gross TRI)"
2017-12-27,14327.42,13350.13,"niftyindices.com Historical Data - Total Return Index (NIFTY 50, gross TRI)"
2017-12-28,14309.85,13333.77,"niftyindices.com Historical Data - Total Return Index (NIFTY 50, gross TRI)"
2017-12-29,14381.92,13400.92,"niftyindices.com Historical Data - Total Return Index (NIFTY 50, gross TRI)"
2018-01-01,14252.02,13279.87,"niftyindices.com Historical Data - Total Return Index (NIFTY 50, gross TRI)"
2018-01-02,14261.1,13288.34,"niftyindices.com Historical Data - Total Return Index (NIFTY 50, gross TRI)"
2018-01-03,14262.48,13289.62,"niftyindices.com Historical Data - Total Return Index (NIFTY 50, gross TRI)"
2018-01-04,14346.59,13368.0,"niftyindices.com Historical Data - Total Return Index (NIFTY 50, gross TRI)"
2018-01-05,14420.42,13436.79,"niftyindices.com Historical Data - Total Return Index (NIFTY 50, gross TRI)"
2018-01-08,14508.81,13519.15,"niftyindices.com Historical Data - Total Return Index (NIFTY 50, gross TRI)"
2018-01-09,14527.15,13536.24,"niftyindices.com Historical Data - Total Return Index (NIFTY 50, gross TRI)"
2018-01-10,14520.56,13530.1,"niftyindices.com Historical Data - Total Return Index (NIFTY 50, gross TRI)"
2018-01-11,14546.49,13554.26,"niftyindices.com Historical Data - Total Return Index (NIFTY 50, gross TRI)"
2018-01-12,14587.54,13592.52,"niftyindices.com Historical Data - Total Return Index (NIFTY 50, gross TRI)"
2018-01-15,14669.9,13669.25,"niftyindices.com Historical Data - Total Return Index (NIFTY 50, gross TRI)"
2018-01-16,14613.79,13616.98,"niftyindices.com Historical Data - Total Return Index (NIFTY 50, gross TRI)"
2018-01-17,14734.07,13729.05,"niftyindices.com Historical Data - Total Return Index (NIFTY 50, gross TRI)"
2018-01-18,14774.67,13766.88,"niftyindices.com Historical Data - Total Return Index (NIFTY 50, gross TRI)"
2018-01-19,14880.8,13865.77,"niftyindices.com Historical Data - Total Return Index (NIFTY 50, gross TRI)"
2018-01-22,14979.72,13957.94,"niftyindices.com Historical Data - Total Return Index (NIFTY 50, gross TRI)"
2018-01-23,15140.24,14107.51,"niftyindices.com Historical Data - Total Return Index (NIFTY 50, gross TRI)"
2018-01-24,15143.35,14110.41,"niftyindices.com Historical Data - Total Return Index (NIFTY 50, gross TRI)"
2018-01-25,15121.0,14089.59,"niftyindices.com Historical Data - Total Return Index (NIFTY 50, gross TRI)"
2018-01-29,15204.42,14167.32,"niftyindices.com Historical Data - Total Return Index (NIFTY 50, gross TRI)"
2018-01-30,15095.42,14065.75,"niftyindices.com Historical Data - Total Return Index (NIFTY 50, gross TRI)"
2018-01-31,15065.82,14038.17,"niftyindices.com Historical Data - Total Return Index (NIFTY 50, gross TRI)"
2018-02-01,15052.72,14025.96,"niftyindices.com Historical Data - Total Return Index (NIFTY 50, gross TRI)"
2018-02-02,14702.49,13699.62,"niftyindices.com Historical Data - Total Return Index (NIFTY 50, gross TRI)"
2018-02-05,14574.0,13579.9,"niftyindices.com Historical Data - Total Return Index (NIFTY 50, gross TRI)"
2018-02-06,14344.02,13365.6,"niftyindices.com Historical Data - Total Return Index (NIFTY 50, gross TRI)"
2018-02-07,14317.57,13340.96,"niftyindices.com Historical Data - Total Return Index (NIFTY 50, gross TRI)"
2018-02-08,14463.16,13476.62,"niftyindices.com Historical Data - Total Return Index (NIFTY 50, gross TRI)"
2018-02-09,14296.5,13321.32,"niftyindices.com Historical Data - Total Return Index (NIFTY 50, gross TRI)"
2018-02-12,14412.46,13429.37,"niftyindices.com Historical Data - Total Return Index (NIFTY 50, gross TRI)"
2018-02-14,14359.35,13379.88,"niftyindices.com Historical Data - Total Return Index (NIFTY 50, gross TRI)"
2018-02-15,14422.85,13439.06,"niftyindices.com Historical Data - Total Return Index (NIFTY 50, gross TRI)"
2018-02-16,14295.41,13320.31,"niftyindices.com Historical Data - Total Return Index (NIFTY 50, gross TRI)"
2018-02-19,14194.28,13226.08,"niftyindices.com Historical Data - Total Return Index (NIFTY 50, gross TRI)"
2018-02-20,14169.77,13203.23,"niftyindices.com Historical Data - Total Return Index (NIFTY 50, gross TRI)"
2018-02-21,14220.48,13250.49,"niftyindices.com Historical Data - Total Return Index (NIFTY 50, gross TRI)"
2018-02-22,14204.17,13235.29,"niftyindices.com Historical Data - Total Return Index (NIFTY 50, gross TRI)"
2018-02-23,14352.4,13373.41,"niftyindices.com Historical Data - Total Return Index (NIFTY 50, gross TRI)"
2018-02-26,14477.62,13490.09,"niftyindices.com Historical Data - Total Return Index (NIFTY 50, gross TRI)"
2018-02-27,14438.9,13454.01,"niftyindices.com Historical Data - Total Return Index (NIFTY 50, gross TRI)"
2018-02-28,14358.71,13379.29,"niftyindices.com Historical Data - Total Return Index (NIFTY 50, gross TRI)"
2018-03-01,14311.52,13335.32,"niftyindices.com Historical Data - Total Return Index (NIFTY 50, gross TRI)"
2018-03-05,14175.32,13208.41,"niftyindices.com Historical Data - Total Return Index (NIFTY 50, gross TRI)"
2018-03-06,14025.34,13068.66,"niftyindices.com Historical Data - Total Return Index (NIFTY 50, gross TRI)"
2018-03-07,13895.27,12947.46,"niftyindices.com Historical Data - Total Return Index (NIFTY 50, gross TRI)"
2018-03-08,14016.3,13060.24,"niftyindices.com Historical Data - Total Return Index (NIFTY 50, gross TRI)"
2018-03-09,13994.68,13040.09,"niftyindices.com Historical Data - Total Return Index (NIFTY 50, gross TRI)"
2018-03-12,14260.92,13288.18,"niftyindices.com Historical Data - Total Return Index (NIFTY 50, gross TRI)"
2018-03-13,14270.64,13297.22,"niftyindices.com Historical Data - Total Return Index (NIFTY 50, gross TRI)"
2018-03-14,14248.81,13276.88,"niftyindices.com Historical Data - Total Return Index (NIFTY 50, gross TRI)"
2018-03-15,14179.36,13200.67,"niftyindices.com Historical Data - Total Return Index (NIFTY 50, gross TRI)"
2018-03-16,13961.14,12997.51,"niftyindices.com Historical Data - Total Return Index (NIFTY 50, gross TRI)"
2018-03-19,13822.99,12868.9,"niftyindices.com Historical Data - Total Return Index (NIFTY 50, gross TRI)"
2018-03-20,13878.17,12920.27,"niftyindices.com Historical Data - Total Return Index (NIFTY 50, gross TRI)"
2018-03-21,13920.51,12959.69,"niftyindices.com Historical Data - Total Return Index (NIFTY 50, gross TRI)"
2018-03-22,13867.01,12909.88,"niftyindices.com Historical Data - Total Return Index (NIFTY 50, gross TRI)"
2018-03-23,13706.99,12760.91,"niftyindices.com Historical Data - Total Return Index (NIFTY 50, gross TRI)"
2018-03-26,13888.82,12930.19,"niftyindices.com Historical Data - Total Return Index (NIFTY 50, gross TRI)"
2018-03-27,13962.15,12994.42,"niftyindices.com Historical Data - Total Return Index (NIFTY 50, gross TRI)"
2018-03-28,13865.57,12904.53,"niftyindices.com Historical Data - Total Return Index (NIFTY 50, gross TRI)"
2018-04-02,14000.07,13029.71,"niftyindices.com Historical Data - Total Return Index (NIFTY 50, gross TRI)"
2018-04-03,14045.55,13072.03,"niftyindices.com Historical Data - Total Return Index (NIFTY 50, gross TRI)"
2018-04-04,13885.72,12923.28,"niftyindices.com Historical Data - Total Return Index (NIFTY 50, gross TRI)"
2018-04-05,14155.47,13174.34,"niftyindices.com Historical Data - Total Return Index (NIFTY 50, gross TRI)"
2018-04-06,14164.28,13182.53,"niftyindices.com Historical Data - Total Return Index (NIFTY 50, gross TRI)"
2018-04-09,14229.77,13243.48,"niftyindices.com Historical Data - Total Return Index (NIFTY 50, gross TRI)"
2018-04-10,14261.15,13272.69,"niftyindices.com Historical Data - Total Return Index (NIFTY 50, gross TRI)"
2018-04-11,14281.6,13291.73,"niftyindices.com Historical Data - Total Return Index (NIFTY 50, gross TRI)"
2018-04-12,14338.46,13344.64,"niftyindices.com Historical Data - Total Return Index (NIFTY 50, gross TRI)"
2018-04-13,14368.56,13372.66,"niftyindices.com Historical Data - Total Return Index (NIFTY 50, gross TRI)"
2018-04-16,14434.05,13433.61,"niftyindices.com Historical Data - Total Return Index (NIFTY 50, gross TRI)"
2018-04-17,14461.97,13459.59,"niftyindices.com Historical Data - Total Return Index (NIFTY 50, gross TRI)"
2018-04-18,14431.07,13430.83,"niftyindices.com Historical Data - Total Return Index (NIFTY 50, gross TRI)"
2018-04-19,14484.7,13480.74,"niftyindices.com Historical Data - Total Return Index (NIFTY 50, gross TRI)"
2018-04-20,14482.97,13479.14,"niftyindices.com Historical Data - Total Return Index (NIFTY 50, gross TRI)"
2018-04-23,14511.28,13505.49,"niftyindices.com Historical Data - Total Return Index (NIFTY 50, gross TRI)"
2018-04-24,14551.96,13543.34,"niftyindices.com Historical Data - Total Return Index (NIFTY 50, gross TRI)"
2018-04-25,14491.88,13487.43,"niftyindices.com Historical Data - Total Return Index (NIFTY 50, gross TRI)"
2018-04-26,14556.65,13547.71,"niftyindices.com Historical Data - Total Return Index (NIFTY 50, gross TRI)"
2018-04-27,14658.83,13642.8,"niftyindices.com Historical Data - Total Return Index (NIFTY 50, gross TRI)"
2018-04-30,14723.32,13702.82,"niftyindices.com Historical Data - Total Return Index (NIFTY 50, gross TRI)"
2018-05-02,14695.26,13676.71,"niftyindices.com Historical Data - Total Return Index (NIFTY 50, gross TRI)"
2018-05-03,14642.62,13627.72,"niftyindices.com Historical Data - Total Return Index (NIFTY 50, gross TRI)"
2018-05-04,14558.42,13549.36,"niftyindices.com Historical Data - Total Return Index (NIFTY 50, gross TRI)"
2018-05-07,14691.72,13673.42,"niftyindices.com Historical Data - Total Return Index (NIFTY 50, gross TRI)"
2018-05-08,14694.93,13676.4,"niftyindices.com Historical Data - Total Return Index (NIFTY 50, gross TRI)"
2018-05-09,14728.03,13707.21,"niftyindices.com Historical Data - Total Return Index (NIFTY 50, gross TRI)"
2018-05-10,14693.55,13675.12,"niftyindices.com Historical Data - Total Return Index (NIFTY 50, gross TRI)"
2018-05-11,14816.93,13789.95,"niftyindices.com Historical Data - Total Return Index (NIFTY 50, gross TRI)"
2018-05-14,14817.01,13790.03,"niftyindices.com Historical Data - Total Return Index (NIFTY 50, gross TRI)"
2018-05-15,14810.54,13784.0,"niftyindices.com Historical Data - Total Return Index (NIFTY 50, gross TRI)"
2018-05-16,14727.26,13706.5,"niftyindices.com Historical Data - Total Return Index (NIFTY 50, gross TRI)"
2018-05-17,14647.15,13631.93,"niftyindices.com Historical Data - Total Return Index (NIFTY 50, gross TRI)"
2018-05-18,14528.82,13521.81,"niftyindices.com Historical Data - Total Return Index (NIFTY 50, gross TRI)"
2018-05-21,14419.57,13420.13,"niftyindices.com Historical Data - Total Return Index (NIFTY 50, gross TRI)"
2018-05-22,14446.97,13445.63,"niftyindices.com Historical Data - Total Return Index (NIFTY 50, gross TRI)"
2018-05-23,14301.15,13309.92,"niftyindices.com Historical Data - Total Return Index (NIFTY 50, gross TRI)"
2018-05-24,14415.65,13416.48,"niftyindices.com Historical Data - Total Return Index (NIFTY 50, gross TRI)"
2018-05-25,14556.18,13547.27,"niftyindices.com Historical Data - Total Return Index (NIFTY 50, gross TRI)"
2018-05-28,14670.76,13653.91,"niftyindices.com Historical Data - Total Return Index (NIFTY 50, gross TRI)"
2018-05-29,14594.78,13583.2,"niftyindices.com Historical Data - Total Return Index (NIFTY 50, gross TRI)"
2018-05-30,14568.75,13558.97,"niftyindices.com Historical Data - Total Return Index (NIFTY 50, gross TRI)"
2018-05-31,14750.26,13677.46,"niftyindices.com Historical Data - Total Return Index (NIFTY 50, gross TRI)"
2018-06-01,14695.4,13626.59,"niftyindices.com Historical Data - Total Return Index (NIFTY 50, gross TRI)"
2018-06-04,14604.11,13541.94,"niftyindices.com Historical Data - Total Return Index (NIFTY 50, gross TRI)"
2018-06-05,14555.52,13496.88,"niftyindices.com Historical Data - Total Return Index (NIFTY 50, gross TRI)"
2018-06-06,14681.25,13613.47,"niftyindices.com Historical Data - Total Return Index (NIFTY 50, gross TRI)"
2018-06-07,14796.24,13720.1,"niftyindices.com Historical Data - Total Return Index (NIFTY 50, gross TRI)"
2018-06-08,14795.31,13719.23,"niftyindices.com Historical Data - Total Return Index (NIFTY 50, gross TRI)"
2018-06-11,14821.8,13743.79,"niftyindices.com Historical Data - Total Return Index (NIFTY 50, gross TRI)"
2018-06-12,14898.66,13815.07,"niftyindices.com Historical Data - Total Return Index (NIFTY 50, gross TRI)"
2018-06-13,14917.68,13832.7,"niftyindices.com Historical Data - Total Return Index (NIFTY 50, gross TRI)"
2018-06-14,14871.97,13790.32,"niftyindices.com Historical Data - Total Return Index (NIFTY 50, gross TRI)"
2018-06-15,14885.3,13802.68,"niftyindices.com Historical Data - Total Return Index (NIFTY 50, gross TRI)"
2018-06-18,14860.73,13779.89,"niftyindices.com Historical Data - Total Return Index (NIFTY 50, gross TRI)"
2018-06-19,14737.7,13665.81,"niftyindices.com Historical Data - Total Return Index (NIFTY 50, gross TRI)"
2018-06-20,14822.46,13744.41,"niftyindices.com Historical Data - Total Return Index (NIFTY 50, gross TRI)"
2018-06-21,14782.87,13707.7,"niftyindices.com Historical Data - Total Return Index (NIFTY 50, gross TRI)"
2018-06-22,14894.02,13810.76,"niftyindices.com Historical Data - Total Return Index (NIFTY 50, gross TRI)"
2018-06-25,14812.28,13734.97,"niftyindices.com Historical Data - Total Return Index (NIFTY 50, gross TRI)"
2018-06-26,14821.45,13743.47,"niftyindices.com Historical Data - Total Return Index (NIFTY 50, gross TRI)"
2018-06-27,14694.16,13625.44,"niftyindices.com Historical Data - Total Return Index (NIFTY 50, gross TRI)"
2018-06-28,14581.53,13521.0,"niftyindices.com Historical Data - Total Return Index (NIFTY 50, gross TRI)"
2018-06-29,14753.91,13680.84,"niftyindices.com Historical Data - Total Return Index (NIFTY 50, gross TRI)"
2018-07-02,14675.42,13608.06,"niftyindices.com Historical Data - Total Return Index (NIFTY 50, gross TRI)"
2018-07-03,14734.11,13662.48,"niftyindices.com Historical Data - Total Return Index (NIFTY 50, gross TRI)"
2018-07-04,14830.5,13751.86,"niftyindices.com Historical Data - Total Return Index (NIFTY 50, gross TRI)"
2018-07-05,14808.54,13731.5,"niftyindices.com Historical Data - Total Return Index (NIFTY 50, gross TRI)"
2018-07-06,14840.13,13760.79,"niftyindices.com Historical Data - Total Return Index (NIFTY 50, gross TRI)"
2018-07-09,14951.2,13863.79,"niftyindices.com Historical Data - Total Return Index (NIFTY 50, gross TRI)"
2018-07-10,15081.6,13984.7,"niftyindices.com Historical Data - Total Return Index (NIFTY 50, gross TRI)"
2018-07-11,15085.15,13987.99,"niftyindices.com Historical Data - Total Return Index (NIFTY 50, gross TRI)"
2018-07-12,15190.82,14085.97,"niftyindices.com Historical Data - Total Return Index (NIFTY 50, gross TRI)"
2018-07-13,15184.88,14080.46,"niftyindices.com Historical Data - Total Return Index (NIFTY 50, gross TRI)"
2018-07-16,15072.66,13976.41,"niftyindices.com Historical Data - Total Return Index (NIFTY 50, gross TRI)"
2018-07-17,15172.31,14068.82,"niftyindices.com Historical Data - Total Return Index (NIFTY 50, gross TRI)"
2018-07-18,15135.57,14034.74,"niftyindices.com Historical Data - Total Return Index (NIFTY 50, gross TRI)"
2018-07-19,15116.83,14017.37,"niftyindices.com Historical Data - Total Return Index (NIFTY 50, gross TRI)"
2018-07-20,15190.13,14085.34,"niftyindices.com Historical Data - Total Return Index (NIFTY 50, gross TRI)"
2018-07-23,15293.5,14181.19,"niftyindices.com Historical Data - Total Return Index (NIFTY 50, gross TRI)"
2018-07-24,15361.88,14244.59,"niftyindices.com Historical Data - Total Return Index (NIFTY 50, gross TRI)"
2018-07-25,15358.72,14241.66,"niftyindices.com Historical Data - Total Return Index (NIFTY 50, gross TRI)"
2018-07-26,15410.93,14290.08,"niftyindices.com Historical Data - Total Return Index (NIFTY 50, gross TRI)"
2018-07-27,15564.19,14432.19,"niftyindices.com Historical Data - Total Return Index (NIFTY 50, gross TRI)"
2018-07-30,15621.47,14485.3,"niftyindices.com Historical Data - Total Return Index (NIFTY 50, gross TRI)"
2018-07-31,15672.47,14532.6,"niftyindices.com Historical Data - Total Return Index (NIFTY 50, gross TRI)"
2018-08-01,15658.27,14519.43,"niftyindices.com Historical Data - Total Return Index (NIFTY 50, gross TRI)"
2018-08-02,15520.25,14391.45,"niftyindices.com Historical Data - Total Return Index (NIFTY 50, gross TRI)"
2018-08-03,15680.51,14540.05,"niftyindices.com Historical Data - Total Return Index (NIFTY 50, gross TRI)"
2018-08-06,15716.78,14573.68,"niftyindices.com Historical Data - Total Return Index (NIFTY 50, gross TRI)"
2018-08-07,15720.05,14576.72,"niftyindices.com Historical Data - Total Return Index (NIFTY 50, gross TRI)"
2018-08-08,15803.64,14654.22,"niftyindices.com Historical Data - Total Return Index (NIFTY 50, gross TRI)"
2018-08-09,15833.23,14681.67,"niftyindices.com Historical Data - Total Return Index (NIFTY 50, gross TRI)"
2018-08-10,15776.32,14628.9,"niftyindices.com Historical Data - Total Return Index (NIFTY 50, gross TRI)"
2018-08-13,15676.23,14536.09,"niftyindices.com Historical Data - Total Return Index (NIFTY 50, gross TRI)"
2018-08-14,15796.36,14647.48,"niftyindices.com Historical Data - Total Return Index (NIFTY 50, gross TRI)"
2018-08-16,15727.25,14583.39,"niftyindices.com Historical Data - Total Return Index (NIFTY 50, gross TRI)"
2018-08-17,15845.64,14693.17,"niftyindices.com Historical Data - Total Return Index (NIFTY 50, gross TRI)"
2018-08-20,15959.04,14798.32,"niftyindices.com Historical Data - Total Return Index (NIFTY 50, gross TRI)"
2018-08-21,15985.48,14822.84,"niftyindices.com Historical Data - Total Return Index (NIFTY 50, gross TRI)"
2018-08-23,16001.85,14838.02,"niftyindices.com Historical Data - Total Return Index (NIFTY 50, gross TRI)"
2018-08-24,15969.8,14808.31,"niftyindices.com Historical Data - Total Return Index (NIFTY 50, gross TRI)"
2018-08-27,16156.09,14981.04,"niftyindices.com Historical Data - Total Return Index (NIFTY 50, gross TRI)"
2018-08-28,16220.45,15040.72,"niftyindices.com Historical Data - Total Return Index (NIFTY 50, gross TRI)"
2018-08-29,16156.02,14980.97,"niftyindices.com Historical Data - Total Return Index (NIFTY 50, gross TRI)"
2018-08-30,16135.61,14962.05,"niftyindices.com Historical Data - Total Return Index (NIFTY 50, gross TRI)"
2018-08-31,16143.51,14969.37,"niftyindices.com Historical Data - Total Return Index (NIFTY 50, gross TRI)"
2018-09-03,16007.84,14843.57,"niftyindices.com Historical Data - Total Return Index (NIFTY 50, gross TRI)"
2018-09-04,15922.09,14682.51,"niftyindices.com Historical Data - Total Return Index (NIFTY 50, gross TRI)"
2018-09-05,15862.15,14627.23,"niftyindices.com Historical Data - Total Return Index (NIFTY 50, gross TRI)"
2018-09-06,15947.67,14706.09,"niftyindices.com Historical Data - Total Return Index (NIFTY 50, gross TRI)"
2018-09-07,16019.84,14772.65,"niftyindices.com Historical Data - Total Return Index (NIFTY 50, gross TRI)"
2018-09-10,15813.26,14582.15,"niftyindices.com Historical Data - Total Return Index (NIFTY 50, gross TRI)"
2018-09-11,15605.11,14390.2,"niftyindices.com Historical Data - Total Return Index (NIFTY 50, gross TRI)"
2018-09-12,15719.62,14495.79,"niftyindices.com Historical Data - Total Return Index (NIFTY 50, gross TRI)"
2018-09-14,15920.48,14681.01,"niftyindices.com Historical Data - Total Return Index (NIFTY 50, gross TRI)"
2018-09-17,15731.26,14506.53,"niftyindices.com Historical Data - Total Return Index (NIFTY 50, gross TRI)"
2018-09-18,15594.57,14380.48,"niftyindices.com Historical Data - Total Return Index (NIFTY 50, gross TRI)"
2018-09-19,15534.28,14324.89,"niftyindices.com Historical Data - Total Return Index (NIFTY 50, gross TRI)"
2018-09-21,15408.16,14208.58,"niftyindices.com Historical Data - Total Return Index (NIFTY 50, gross TRI)"
2018-09-24,15165.18,13984.52,"niftyindices.com Historical Data - Total Return Index (NIFTY 50, gross TRI)"
2018-09-25,15303.55,14112.12,"niftyindices.com Historical Data - Total Return Index (NIFTY 50, gross TRI)"
2018-09-26,15284.67,14094.7,"niftyindices.com Historical Data - Total Return Index (NIFTY 50, gross TRI)"
2018-09-27,15179.24,13997.49,"niftyindices.com Historical Data - Total Return Index (NIFTY 50, gross TRI)"
2018-09-28,15114.08,13937.4,"niftyindices.com Historical Data - Total Return Index (NIFTY 50, gross TRI)"
2018-10-01,15221.75,14036.69,"niftyindices.com Historical Data - Total Return Index (NIFTY 50, gross TRI)"
2018-10-03,15014.23,13845.32,"niftyindices.com Historical Data - Total Return Index (NIFTY 50, gross TRI)"
2018-10-04,14656.09,13515.07,"niftyindices.com Historical Data - Total Return Index (NIFTY 50, gross TRI)"
2018-10-05,14265.08,13154.5,"niftyindices.com Historical Data - Total Return Index (NIFTY 50, gross TRI)"
2018-10-08,14308.79,13194.8,"niftyindices.com Historical Data - Total Return Index (NIFTY 50, gross TRI)"
2018-10-09,14243.79,13134.86,"niftyindices.com Historical Data - Total Return Index (NIFTY 50, gross TRI)"
2018-10-10,14463.71,13337.67,"niftyindices.com Historical Data - Total Return Index (NIFTY 50, gross TRI)"
2018-10-11,14152.0,13050.22,"niftyindices.com Historical Data - Total Return Index (NIFTY 50, gross TRI)"
2018-10-12,14480.86,13353.48,"niftyindices.com Historical Data - Total Return Index (NIFTY 50, gross TRI)"
2018-10-15,14536.17,13404.48,"niftyindices.com Historical Data - Total Return Index (NIFTY 50, gross TRI)"
2018-10-16,14636.1,13496.63,"niftyindices.com Historical Data - Total Return Index (NIFTY 50, gross TRI)"
2018-10-17,14453.94,13328.65,"niftyindices.com Historical Data - Total Return Index (NIFTY 50, gross TRI)"
2018-10-19,14247.22,13138.02,"niftyindices.com Historical Data - Total Return Index (NIFTY 50, gross TRI)"
2018-10-22,14166.64,13063.72,"niftyindices.com Historical Data - Total Return Index (NIFTY 50, gross TRI)"
2018-10-23,14031.96,12939.52,"niftyindices.com Historical Data - Total Return Index (NIFTY 50, gross TRI)"
2018-10-24,14139.75,13038.93,"niftyindices.com Historical Data - Total Return Index (NIFTY 50, gross TRI)"
2018-10-25,14014.33,12923.27,"niftyindices.com Historical Data - Total Return Index (NIFTY 50, gross TRI)"
2018-10-26,13882.95,12802.12,"niftyindices.com Historical Data - Total Return Index (NIFTY 50, gross TRI)"
2018-10-29,14189.11,13084.44,"niftyindices.com Historical Data - Total Return Index (NIFTY 50, gross TRI)"
2018-10-30,14116.91,13017.86,"niftyindices.com Historical Data - Total Return Index (NIFTY 50, gross TRI)"
2018-10-31,14377.38,13258.06,"niftyindices.com Historical Data - Total Return Index (NIFTY 50, gross TRI)"
2018-11-01,14371.1,13252.26,"niftyindices.com Historical Data - Total Return Index (NIFTY 50, gross TRI)"
2018-11-02,14609.96,13472.52,"niftyindices.com Historical Data - Total Return Index (NIFTY 50, gross TRI)"
2018-11-05,14570.98,13436.58,"niftyindices.com Historical Data - Total Return Index (NIFTY 50, gross TRI)"
2018-11-06,14579.28,13444.23,"niftyindices.com Historical Data - Total Return Index (NIFTY 50, gross TRI)"
2018-11-07,14673.98,13531.56,"niftyindices.com Historical Data - Total Return Index (NIFTY 50, gross TRI)"
2018-11-09,14655.69,13514.7,"niftyindices.com Historical Data - Total Return Index (NIFTY 50, gross TRI)"
2018-11-12,14513.12,13383.23,"niftyindices.com Historical Data - Total Return Index (NIFTY 50, gross TRI)"
2018-11-13,14651.98,13511.27,"niftyindices.com Historical Data - Total Return Index (NIFTY 50, gross TRI)"
2018-11-14,14643.42,13503.38,"niftyindices.com Historical Data - Total Return Index (NIFTY 50, gross TRI)"
2018-11-15,14699.33,13554.94,"niftyindices.com Historical Data - Total Return Index (NIFTY 50, gross TRI)"
2018-11-16,14790.05,13638.59,"niftyindices.com Historical Data - Total Return Index (NIFTY 50, gross TRI)"
2018-11-19,14902.44,13742.24,"niftyindices.com Historical Data - Total Return Index (NIFTY 50, gross TRI)"
2018-11-20,14754.03,13605.38,"niftyindices.com Historical Data - Total Return Index (NIFTY 50, gross TRI)"
2018-11-21,14676.29,13533.69,"niftyindices.com Historical Data - Total Return Index (NIFTY 50, gross TRI)"
2018-11-22,14574.82,13440.12,"niftyindices.com Historical Data - Total Return Index (NIFTY 50, gross TRI)"
2018-11-26,14715.81,13570.13,"niftyindices.com Historical Data - Total Return Index (NIFTY 50, gross TRI)"
2018-11-27,14794.7,13642.88,"niftyindices.com Historical Data - Total Return Index (NIFTY 50, gross TRI)"
2018-11-28,14854.61,13698.13,"niftyindices.com Historical Data - Total Return Index (NIFTY 50, gross TRI)"
2018-11-29,15034.36,13863.89,"niftyindices.com Historical Data - Total Return Index (NIFTY 50, gross TRI)"
2018-11-30,15059.37,13886.95,"niftyindices.com Historical Data - Total Return Index (NIFTY 50, gross TRI)"
2018-12-03,15069.07,13895.9,"niftyindices.com Historical Data - Total Return Index (NIFTY 50, gross TRI)"
2018-12-04,15049.32,13877.68,"niftyindices.com Historical Data - Total Return Index (NIFTY 50, gross TRI)"
2018-12-05,14929.43,13767.12,"niftyindices.com Historical Data - Total Return Index (NIFTY 50, gross TRI)"
2018-12-06,14677.79,13535.07,"niftyindices.com Historical Data - Total Return Index (NIFTY 50, gross TRI)"
2018-12-07,14805.93,13653.24,"niftyindices.com Historical Data - Total Return Index (NIFTY 50, gross TRI)"
2018-12-10,14521.73,13391.17,"niftyindices.com Historical Data - Total Return Index (NIFTY 50, gross TRI)"
2018-12-11,14605.79,13468.68,"niftyindices.com Historical Data - Total Return Index (NIFTY 50, gross TRI)"
2018-12-12,14866.71,13709.29,"niftyindices.com Historical Data - Total Return Index (NIFTY 50, gross TRI)"
2018-12-13,14941.4,13778.17,"niftyindices.com Historical Data - Total Return Index (NIFTY 50, gross TRI)"
2018-12-14,14960.64,13795.9,"niftyindices.com Historical Data - Total Return Index (NIFTY 50, gross TRI)"
2018-12-17,15075.46,13901.78,"niftyindices.com Historical Data - Total Return Index (NIFTY 50, gross TRI)"
2018-12-18,15103.63,13927.76,"niftyindices.com Historical Data - Total Return Index (NIFTY 50, gross TRI)"
2018-12-19,15184.78,14002.6,"niftyindices.com Historical Data - Total Return Index (NIFTY 50, gross TRI)"
2018-12-20,15163.14,13982.64,"niftyindices.com Historical Data - Total Return Index (NIFTY 50, gross TRI)"
2018-12-21,14894.42,13734.84,"niftyindices.com Historical Data - Total Return Index (NIFTY 50, gross TRI)"
2018-12-24,14769.13,13619.3,"niftyindices.com Historical Data - Total Return Index (NIFTY 50, gross TRI)"
2018-12-26,14860.97,13703.99,"niftyindices.com Historical Data - Total Return Index (NIFTY 50, gross TRI)"
2018-12-27,14930.18,13767.81,"niftyindices.com Historical Data - Total Return Index (NIFTY 50, gross TRI)"
2018-12-28,15045.34,13874.01,"niftyindices.com Historical Data - Total Return Index (NIFTY 50, gross TRI)"
2018-12-31,15048.98,13877.37,"niftyindices.com Historical Data - Total Return Index (NIFTY 50, gross TRI)"
2019-01-01,15114.9,13938.15,"niftyindices.com Historical Data - Total Return Index (NIFTY 50, gross TRI)"
2019-01-02,14951.96,13787.9,"niftyindices.com Historical Data - Total Return Index (NIFTY 50, gross TRI)"
2019-01-03,14785.38,13634.29,"niftyindices.com Historical Data - Total Return Index (NIFTY 50, gross TRI)"
2019-01-04,14861.69,13704.66,"niftyindices.com Historical Data - Total Return Index (NIFTY 50, gross TRI)"
2019-01-07,14923.27,13761.44,"niftyindices.com Historical Data - Total Return Index (NIFTY 50, gross TRI)"
2019-01-08,14965.34,13800.24,"niftyindices.com Historical Data - Total Return Index (NIFTY 50, gross TRI)"
2019-01-09,15038.74,13867.93,"niftyindices.com Historical Data - Total Return Index (NIFTY 50, gross TRI)"
2019-01-10,14992.23,13825.04,"niftyindices.com Historical Data - Total Return Index (NIFTY 50, gross TRI)"
2019-01-11,14955.33,13791.01,"niftyindices.com Historical Data - Total Return Index (NIFTY 50, gross TRI)"
2019-01-14,14875.92,13717.78,"niftyindices.com Historical Data - Total Return Index (NIFTY 50, gross TRI)"
2019-01-15,15082.59,13908.36,"niftyindices.com Historical Data - Total Return Index (NIFTY 50, gross TRI)"
2019-01-16,15087.41,13912.81,"niftyindices.com Historical Data - Total Return Index (NIFTY 50, gross TRI)"
2019-01-17,15109.54,13933.21,"niftyindices.com Historical Data - Total Return Index (NIFTY 50, gross TRI)"
2019-01-18,15111.95,13935.43,"niftyindices.com Historical Data - Total Return Index (NIFTY 50, gross TRI)"
2019-01-21,15188.0,14005.56,"niftyindices.com Historical Data - Total Return Index (NIFTY 50, gross TRI)"
2019-01-22,15133.83,13955.61,"niftyindices.com Historical Data - Total Return Index (NIFTY 50, gross TRI)"
2019-01-23,15007.4,13839.02,"niftyindices.com Historical Data - Total Return Index (NIFTY 50, gross TRI)"
2019-01-24,15038.07,13867.31,"niftyindices.com Historical Data - Total Return Index (NIFTY 50, gross TRI)"
2019-01-25,14942.09,13778.8,"niftyindices.com Historical Data - Total Return Index (NIFTY 50, gross TRI)"
2019-01-28,14777.11,13626.66,"niftyindices.com Historical Data - Total Return Index (NIFTY 50, gross TRI)"
2019-01-29,14764.59,13615.11,"niftyindices.com Historical Data - Total Return Index (NIFTY 50, gross TRI)"
2019-01-30,14764.02,13614.59,"niftyindices.com Historical Data - Total Return Index (NIFTY 50, gross TRI)"
2019-01-31,15012.34,13843.58,"niftyindices.com Historical Data - Total Return Index (NIFTY 50, gross TRI)"
2019-02-01,15099.21,13923.68,"niftyindices.com Historical Data - Total Return Index (NIFTY 50, gross TRI)"
2019-02-04,15125.02,13947.48,"niftyindices.com Historical Data - Total Return Index (NIFTY 50, gross TRI)"
2019-02-05,15155.99,13976.05,"niftyindices.com Historical Data - Total Return Index (NIFTY 50, gross TRI)"
2019-02-06,15337.8,14143.7,"niftyindices.com Historical Data - Total Return Index (NIFTY 50, gross TRI)"
2019-02-07,15347.41,14152.56,"niftyindices.com Historical Data - Total Return Index (NIFTY 50, gross TRI)"
2019-02-08,15173.02,13991.75,"niftyindices.com Historical Data - Total Return Index (NIFTY 50, gross TRI)"
2019-02-11,15100.61,13924.98,"niftyindices.com Historical Data - Total Return Index (NIFTY 50, gross TRI)"
2019-02-12,15023.02,13853.43,"niftyindices.com Historical Data - Total Return Index (NIFTY 50, gross TRI)"
2019-02-13,14970.62,13805.11,"niftyindices.com Historical Data - Total Return Index (NIFTY 50, gross TRI)"
2019-02-14,14906.26,13745.76,"niftyindices.com Historical Data - Total Return Index (NIFTY 50, gross TRI)"
2019-02-15,14876.27,13718.11,"niftyindices.com Historical Data - Total Return Index (NIFTY 50, gross TRI)"
2019-02-18,14760.48,13611.32,"niftyindices.com Historical Data - Total Return Index (NIFTY 50, gross TRI)"
2019-02-19,14709.75,13564.55,"niftyindices.com Historical Data - Total Return Index (NIFTY 50, gross TRI)"
2019-02-20,14891.6,13732.24,"niftyindices.com Historical Data - Total Return Index (NIFTY 50, gross TRI)"
2019-02-21,14970.12,13804.65,"niftyindices.com Historical Data - Total Return Index (NIFTY 50, gross TRI)"
2019-02-22,14972.58,13806.92,"niftyindices.com Historical Data - Total Return Index (NIFTY 50, gross TRI)"
2019-02-25,15095.33,13920.1,"niftyindices.com Historical Data - Total Return Index (NIFTY 50, gross TRI)"
2019-02-26,15033.15,13862.77,"niftyindices.com Historical Data - Total Return Index (NIFTY 50, gross TRI)"
2019-02-27,14993.45,13826.16,"niftyindices.com Historical Data - Total Return Index (NIFTY 50, gross TRI)"
2019-02-28,14979.39,13813.2,"niftyindices.com Historical Data - Total Return Index (NIFTY 50, gross TRI)"
2019-03-01,15077.91,13904.05,"niftyindices.com Historical Data - Total Return Index (NIFTY 50, gross TRI)"
2019-03-05,15249.97,14062.71,"niftyindices.com Historical Data - Total Return Index (NIFTY 50, gross TRI)"
2019-03-06,15340.93,14140.58,"niftyindices.com Historical Data - Total Return Index (NIFTY 50, gross TRI)"
2019-03-07,15348.14,14147.23,"niftyindices.com Historical Data - Total Return Index (NIFTY 50, gross TRI)"
2019-03-08,15316.51,14118.08,"niftyindices.com Historical Data - Total Return Index (NIFTY 50, gross TRI)"
2019-03-11,15500.61,14287.77,"niftyindices.com Historical Data - Total Return Index (NIFTY 50, gross TRI)"
2019-03-12,15685.41,14458.12,"niftyindices.com Historical Data - Total Return Index (NIFTY 50, gross TRI)"
2019-03-13,15742.86,14511.07,"niftyindices.com Historical Data - Total Return Index (NIFTY 50, gross TRI)"
2019-03-14,15749.67,14517.34,"niftyindices.com Historical Data - Total Return Index (NIFTY 50, gross TRI)"
2019-03-15,15867.74,14626.18,"niftyindices.com Historical Data - Total Return Index (NIFTY 50, gross TRI)"
2019-03-18,15916.8,14671.4,"niftyindices.com Historical Data - Total Return Index (NIFTY 50, gross TRI)"
2019-03-19,16014.33,14756.06,"niftyindices.com Historical Data - Total Return Index (NIFTY 50, gross TRI)"
2019-03-20,15998.51,14741.49,"niftyindices.com Historical Data - Total Return Index (NIFTY 50, gross TRI)"
2019-03-22,15912.88,14662.58,"niftyindices.com Historical Data - Total Return Index (NIFTY 50, gross TRI)"
2019-03-25,15770.26,14531.17,"niftyindices.com Historical Data - Total Return Index (NIFTY 50, gross TRI)"
2019-03-26,15949.46,14696.29,"niftyindices.com Historical Data - Total Return Index (NIFTY 50, gross TRI)"
2019-03-27,15897.65,14648.55,"niftyindices.com Historical Data - Total Return Index (NIFTY 50, gross TRI)"
2019-03-28,16071.26,14808.51,"niftyindices.com Historical Data - Total Return Index (NIFTY 50, gross TRI)"
2019-03-29,16146.11,14877.49,"niftyindices.com Historical Data - Total Return Index (NIFTY 50, gross TRI)"
2019-04-01,16208.94,14935.38,"niftyindices.com Historical Data - Total Return Index (NIFTY 50, gross TRI)"
2019-04-02,16270.13,14991.76,"niftyindices.com Historical Data - Total Return Index (NIFTY 50, gross TRI)"
2019-04-03,16173.92,14903.11,"niftyindices.com Historical Data - Total Return Index (NIFTY 50, gross TRI)"
2019-04-04,16110.09,14844.3,"niftyindices.com Historical Data - Total Return Index (NIFTY 50, gross TRI)"
2019-04-05,16204.48,14931.27,"niftyindices.com Historical Data - Total Return Index (NIFTY 50, gross TRI)"
2019-04-08,16119.14,14852.63,"niftyindices.com Historical Data - Total Return Index (NIFTY 50, gross TRI)"
2019-04-09,16212.81,14938.95,"niftyindices.com Historical Data - Total Return Index (NIFTY 50, gross TRI)"
2019-04-10,16091.08,14826.78,"niftyindices.com Historical Data - Total Return Index (NIFTY 50, gross TRI)"
2019-04-11,16108.32,14842.66,"niftyindices.com Historical Data - Total Return Index (NIFTY 50, gross TRI)"
2019-04-12,16173.27,14902.51,"niftyindices.com Historical Data - Total Return Index (NIFTY 50, gross TRI)"
2019-04-15,16238.41,14962.54,"niftyindices.com Historical Data - Total Return Index (NIFTY 50, gross TRI)"
2019-04-16,16372.86,15086.42,"niftyindices.com Historical Data - Total Return Index (NIFTY 50, gross TRI)"
2019-04-18,16325.13,15042.44,"niftyindices.com Historical Data - Total Return Index (NIFTY 50, gross TRI)"
2019-04-22,16105.19,14839.78,"niftyindices.com Historical Data - Total Return Index (NIFTY 50, gross TRI)"
2019-04-23,16079.51,14816.12,"niftyindices.com Historical Data - Total Return Index (NIFTY 50, gross TRI)"
2019-04-24,16288.16,15008.37,"niftyindices.com Historical Data - Total Return Index (NIFTY 50, gross TRI)"
2019-04-25,16170.98,14900.4,"niftyindices.com Historical Data - Total Return Index (NIFTY 50, gross TRI)"
2019-04-26,16327.7,15044.81,"niftyindices.com Historical Data - Total Return Index (NIFTY 50, gross TRI)"
2019-04-30,16318.66,15036.48,"niftyindices.com Historical Data - Total Return Index (NIFTY 50, gross TRI)"
2019-05-02,16286.18,15006.55,"niftyindices.com Historical Data - Total Return Index (NIFTY 50, gross TRI)"
2019-05-03,16268.79,14990.53,"niftyindices.com Historical Data - Total Return Index (NIFTY 50, gross TRI)"
2019-05-06,16110.44,14844.62,"niftyindices.com Historical Data - Total Return Index (NIFTY 50, gross TRI)"
2019-05-07,15974.41,14719.28,"niftyindices.com Historical Data - Total Return Index (NIFTY 50, gross TRI)"
2019-05-08,15782.09,14542.06,"niftyindices.com Historical Data - Total Return Index (NIFTY 50, gross TRI)"
2019-05-09,15701.95,14468.22,"niftyindices.com Historical Data - Total Return Index (NIFTY 50, gross TRI)"
2019-05-10,15670.18,14438.95,"niftyindices.com Historical Data - Total Return Index (NIFTY 50, gross TRI)"
2019-05-13,15488.6,14271.64,"niftyindices.com Historical Data - Total Return Index (NIFTY 50, gross TRI)"
2019-05-14,15591.19,14366.17,"niftyindices.com Historical Data - Total Return Index (NIFTY 50, gross TRI)"
2019-05-15,15500.82,14282.89,"niftyindices.com Historical Data - Total Return Index (NIFTY 50, gross TRI)"
2019-05-16,15640.22,14411.35,"niftyindices.com Historical Data - Total Return Index (NIFTY 50, gross TRI)"
2019-05-17,15848.71,14603.45,"niftyindices.com Historical Data - Total Return Index (NIFTY 50, gross TRI)"
2019-05-20,16433.77,15142.55,"niftyindices.com Historical Data - Total Return Index (NIFTY 50, gross TRI)"
2019-05-21,16268.26,14990.04,"niftyindices.com Historical Data - Total Return Index (NIFTY 50, gross TRI)"
2019-05-22,16325.28,15042.58,"niftyindices.com Historical Data - Total Return Index (NIFTY 50, gross TRI)"
2019-05-23,16212.78,14938.92,"niftyindices.com Historical Data - Total Return Index (NIFTY 50, gross TRI)"
2019-05-24,16472.95,15178.64,"niftyindices.com Historical Data - Total Return Index (NIFTY 50, gross TRI)"
2019-05-27,16585.13,15282.01,"niftyindices.com Historical Data - Total Return Index (NIFTY 50, gross TRI)"
2019-05-28,16591.7,15288.07,"niftyindices.com Historical Data - Total Return Index (NIFTY 50, gross TRI)"
2019-05-29,16497.62,15201.38,"niftyindices.com Historical Data - Total Return Index (NIFTY 50, gross TRI)"
2019-05-30,16615.59,15310.08,"niftyindices.com Historical Data - Total Return Index (NIFTY 50, gross TRI)"
2019-05-31,16583.46,15280.47,"niftyindices.com Historical Data - Total Return Index (NIFTY 50, gross TRI)"
2019-06-03,16815.25,15494.05,"niftyindices.com Historical Data - Total Return Index (NIFTY 50, gross TRI)"
2019-06-04,16728.74,15414.34,"niftyindices.com Historical Data - Total Return Index (NIFTY 50, gross TRI)"
2019-06-06,16481.14,15186.2,"niftyindices.com Historical Data - Total Return Index (NIFTY 50, gross TRI)"
2019-06-07,16518.62,15220.73,"niftyindices.com Historical Data - Total Return Index (NIFTY 50, gross TRI)"
2019-06-10,16590.99,15287.41,"niftyindices.com Historical Data - Total Return Index (NIFTY 50, gross TRI)"
2019-06-11,16650.75,15342.47,"niftyindices.com Historical Data - Total Return Index (NIFTY 50, gross TRI)"
2019-06-12,16568.09,15266.31,"niftyindices.com Historical Data - Total Return Index (NIFTY 50, gross TRI)"
2019-06-13,16593.97,15290.15,"niftyindices.com Historical Data - Total Return Index (NIFTY 50, gross TRI)"
2019-06-14,16467.55,15173.67,"niftyindices.com Historical Data - Total Return Index (NIFTY 50, gross TRI)"
2019-06-17,16257.06,14979.72,"niftyindices.com Historical Data - Total Return Index (NIFTY 50, gross TRI)"
2019-06-18,16283.98,15004.53,"niftyindices.com Historical Data - Total Return Index (NIFTY 50, gross TRI)"
2019-06-19,16283.94,15004.49,"niftyindices.com Historical Data - Total Return Index (NIFTY 50, gross TRI)"
2019-06-20,16493.65,15197.72,"niftyindices.com Historical Data - Total Return Index (NIFTY 50, gross TRI)"
2019-06-21,16343.59,15059.45,"niftyindices.com Historical Data - Total Return Index (NIFTY 50, gross TRI)"
2019-06-24,16309.52,15028.06,"niftyindices.com Historical Data - Total Return Index (NIFTY 50, gross TRI)"
2019-06-25,16444.46,15152.39,"niftyindices.com Historical Data - Total Return Index (NIFTY 50, gross TRI)"
2019-06-26,16515.68,15218.02,"niftyindices.com Historical Data - Total Return Index (NIFTY 50, gross TRI)"
2019-06-27,16507.34,15210.34,"niftyindices.com Historical Data - Total Return Index (NIFTY 50, gross TRI)"
2019-06-28,16433.85,15142.62,"niftyindices.com Historical Data - Total Return Index (NIFTY 50, gross TRI)"
2019-07-01,16540.88,15241.24,"niftyindices.com Historical Data - Total Return Index (NIFTY 50, gross TRI)"
2019-07-02,16603.17,15291.83,"niftyindices.com Historical Data - Total Return Index (NIFTY 50, gross TRI)"
2019-07-03,16612.16,15300.11,"niftyindices.com Historical Data - Total Return Index (NIFTY 50, gross TRI)"
2019-07-04,16658.04,15342.36,"niftyindices.com Historical Data - Total Return Index (NIFTY 50, gross TRI)"
2019-07-05,16468.99,15168.25,"niftyindices.com Historical Data - Total Return Index (NIFTY 50, gross TRI)"
2019-07-08,16118.27,14845.23,"niftyindices.com Historical Data - Total Return Index (NIFTY 50, gross TRI)"
2019-07-09,16114.46,14834.03,"niftyindices.com Historical Data - Total Return Index (NIFTY 50, gross TRI)"
2019-07-10,16035.44,14761.29,"niftyindices.com Historical Data - Total Return Index (NIFTY 50, gross TRI)"
2019-07-11,16155.78,14872.06,"niftyindices.com Historical Data - Total Return Index (NIFTY 50, gross TRI)"
2019-07-12,16113.75,14833.37,"niftyindices.com Historical Data - Total Return Index (NIFTY 50, gross TRI)"
2019-07-15,16165.28,14880.81,"niftyindices.com Historical Data - Total Return Index (NIFTY 50, gross TRI)"
2019-07-16,16272.08,14979.12,"niftyindices.com Historical Data - Total Return Index (NIFTY 50, gross TRI)"
2019-07-17,16306.82,15011.1,"niftyindices.com Historical Data - Total Return Index (NIFTY 50, gross TRI)"
2019-07-18,16183.16,14897.26,"niftyindices.com Historical Data - Total Return Index (NIFTY 50, gross TRI)"
2019-07-19,15945.55,14678.53,"niftyindices.com Historical Data - Total Return Index (NIFTY 50, gross TRI)"
2019-07-22,15845.74,14586.66,"niftyindices.com Historical Data - Total Return Index (NIFTY 50, gross TRI)"
2019-07-23,15824.55,14567.15,"niftyindices.com Historical Data - Total Return Index (NIFTY 50, gross TRI)"
2019-07-24,15749.37,14497.95,"niftyindices.com Historical Data - Total Return Index (NIFTY 50, gross TRI)"
2019-07-25,15725.6,14476.06,"niftyindices.com Historical Data - Total Return Index (NIFTY 50, gross TRI)"
2019-07-26,15770.63,14517.51,"niftyindices.com Historical Data - Total Return Index (NIFTY 50, gross TRI)"
2019-07-29,15638.42,14395.81,"niftyindices.com Historical Data - Total Return Index (NIFTY 50, gross TRI)"
2019-07-30,15493.33,14262.25,"niftyindices.com Historical Data - Total Return Index (NIFTY 50, gross TRI)"
2019-07-31,15539.43,14304.68,"niftyindices.com Historical Data - Total Return Index (NIFTY 50, gross TRI)"
2019-08-01,15350.83,14131.07,"niftyindices.com Historical Data - Total Return Index (NIFTY 50, gross TRI)"
2019-08-02,15382.73,14160.43,"niftyindices.com Historical Data - Total Return Index (NIFTY 50, gross TRI)"
2019-08-05,15194.27,13986.95,"niftyindices.com Historical Data - Total Return Index (NIFTY 50, gross TRI)"
2019-08-06,15314.03,14097.2,"niftyindices.com Historical Data - Total Return Index (NIFTY 50, gross TRI)"
2019-08-07,15184.34,13977.81,"niftyindices.com Historical Data - Total Return Index (NIFTY 50, gross TRI)"
2019-08-08,15434.73,14208.3,"niftyindices.com Historical Data - Total Return Index (NIFTY 50, gross TRI)"
2019-08-09,15542.72,14307.71,"niftyindices.com Historical Data - Total Return Index (NIFTY 50, gross TRI)"
2019-08-13,15289.35,14074.48,"niftyindices.com Historical Data - Total Return Index (NIFTY 50, gross TRI)"
2019-08-14,15438.86,14212.1,"niftyindices.com Historical Data - Total Return Index (NIFTY 50, gross TRI)"
2019-08-16,15464.58,14235.79,"niftyindices.com Historical Data - Total Return Index (NIFTY 50, gross TRI)"
2019-08-19,15476.07,14246.36,"niftyindices.com Historical Data - Total Return Index (NIFTY 50, gross TRI)"
2019-08-20,15425.45,14199.76,"niftyindices.com Historical Data - Total Return Index (NIFTY 50, gross TRI)"
2019-08-21,15290.85,14075.86,"niftyindices.com Historical Data - Total Return Index (NIFTY 50, gross TRI)"
2019-08-22,15045.62,13850.11,"niftyindices.com Historical Data - Total Return Index (NIFTY 50, gross TRI)"
2019-08-23,15168.88,13963.58,"niftyindices.com Historical Data - Total Return Index (NIFTY 50, gross TRI)"
2019-08-26,15488.96,14258.22,"niftyindices.com Historical Data - Total Return Index (NIFTY 50, gross TRI)"
2019-08-27,15555.44,14319.42,"niftyindices.com Historical Data - Total Return Index (NIFTY 50, gross TRI)"
2019-08-28,15472.44,14243.02,"niftyindices.com Historical Data - Total Return Index (NIFTY 50, gross TRI)"
2019-08-29,15335.45,14116.92,"niftyindices.com Historical Data - Total Return Index (NIFTY 50, gross TRI)"
2019-08-30,15440.47,14213.58,"niftyindices.com Historical Data - Total Return Index (NIFTY 50, gross TRI)"
2019-09-03,15124.8,13923.0,"niftyindices.com Historical Data - Total Return Index (NIFTY 50, gross TRI)"
2019-09-04,15190.3,13983.29,"niftyindices.com Historical Data - Total Return Index (NIFTY 50, gross TRI)"
2019-09-05,15194.86,13987.5,"niftyindices.com Historical Data - Total Return Index (NIFTY 50, gross TRI)"
2019-09-06,15332.57,14114.26,"niftyindices.com Historical Data - Total Return Index (NIFTY 50, gross TRI)"
2019-09-09,15412.14,14187.51,"niftyindices.com Historical Data - Total Return Index (NIFTY 50, gross TRI)"
2019-09-11,15457.9,14229.64,"niftyindices.com Historical Data - Total Return Index (NIFTY 50, gross TRI)"
2019-09-12,15383.82,14161.44,"niftyindices.com Historical Data - Total Return Index (NIFTY 50, gross TRI)"
2019-09-13,15514.2,14281.46,"niftyindices.com Historical Data - Total Return Index (NIFTY 50, gross TRI)"
2019-09-16,15412.83,14188.14,"niftyindices.com Historical Data - Total Return Index (NIFTY 50, gross TRI)"
2019-09-17,15152.39,13948.4,"niftyindices.com Historical Data - Total Return Index (NIFTY 50, gross TRI)"
2019-09-18,15184.69,13978.14,"niftyindices.com Historical Data - Total Return Index (NIFTY 50, gross TRI)"
2019-09-19,14994.39,13802.96,"niftyindices.com Historical Data - Total Return Index (NIFTY 50, gross TRI)"
2019-09-20,15791.99,14537.18,"niftyindices.com Historical Data - Total Return Index (NIFTY 50, gross TRI)"
2019-09-23,16248.62,14957.53,"niftyindices.com Historical Data - Total Return Index (NIFTY 50, gross TRI)"
2019-09-24,16231.83,14942.07,"niftyindices.com Historical Data - Total Return Index (NIFTY 50, gross TRI)"
2019-09-25,16024.49,14751.21,"niftyindices.com Historical Data - Total Return Index (NIFTY 50, gross TRI)"
2019-09-26,16207.96,14920.09,"niftyindices.com Historical Data - Total Return Index (NIFTY 50, gross TRI)"
2019-09-27,16125.65,14844.33,"niftyindices.com Historical Data - Total Return Index (NIFTY 50, gross TRI)"
2019-09-30,16072.5,14795.4,"niftyindices.com Historical Data - Total Return Index (NIFTY 50, gross TRI)"
2019-10-01,15912.03,14647.68,"niftyindices.com Historical Data - Total Return Index (NIFTY 50, gross TRI)"
2019-10-03,15847.7,14588.46,"niftyindices.com Historical Data - Total Return Index (NIFTY 50, gross TRI)"
2019-10-04,15652.7,14408.96,"niftyindices.com Historical Data - Total Return Index (NIFTY 50, gross TRI)"
2019-10-07,15584.94,14346.57,"niftyindices.com Historical Data - Total Return Index (NIFTY 50, gross TRI)"
2019-10-09,15846.77,14587.61,"niftyindices.com Historical Data - Total Return Index (NIFTY 50, gross TRI)"
2019-10-10,15736.44,14486.04,"niftyindices.com Historical Data - Total Return Index (NIFTY 50, gross TRI)"
2019-10-11,15835.17,14576.93,"niftyindices.com Historical Data - Total Return Index (NIFTY 50, gross TRI)"
2019-10-14,15885.74,14623.48,"niftyindices.com Historical Data - Total Return Index (NIFTY 50, gross TRI)"
2019-10-15,16007.83,14735.86,"niftyindices.com Historical Data - Total Return Index (NIFTY 50, gross TRI)"
2019-10-16,16057.85,14781.91,"niftyindices.com Historical Data - Total Return Index (NIFTY 50, gross TRI)"
2019-10-17,16245.31,14954.48,"niftyindices.com Historical Data - Total Return Index (NIFTY 50, gross TRI)"
2019-10-18,16351.16,15051.91,"niftyindices.com Historical Data - Total Return Index (NIFTY 50, gross TRI)"
2019-10-22,16248.11,14957.06,"niftyindices.com Historical Data - Total Return Index (NIFTY 50, gross TRI)"
2019-10-23,16282.84,14989.03,"niftyindices.com Historical Data - Total Return Index (NIFTY 50, gross TRI)"
2019-10-24,16252.63,14961.22,"niftyindices.com Historical Data - Total Return Index (NIFTY 50, gross TRI)"
2019-10-25,16254.45,14962.89,"niftyindices.com Historical Data - Total Return Index (NIFTY 50, gross TRI)"
2019-10-27,16315.17,15018.79,"niftyindices.com Historical Data - Total Return Index (NIFTY 50, gross TRI)"
2019-10-29,16539.23,15225.04,"niftyindices.com Historical Data - Total Return Index (NIFTY 50, gross TRI)"
2019-10-30,16620.07,15299.45,"niftyindices.com Historical Data - Total Return Index (NIFTY 50, gross TRI)"
2019-10-31,16667.29,15342.93,"niftyindices.com Historical Data - Total Return Index (NIFTY 50, gross TRI)"
2019-11-01,16685.73,15359.9,"niftyindices.com Historical Data - Total Return Index (NIFTY 50, gross TRI)"
2019-11-04,16756.87,15425.39,"niftyindices.com Historical Data - Total Return Index (NIFTY 50, gross TRI)"
2019-11-05,16723.06,15394.26,"niftyindices.com Historical Data - Total Return Index (NIFTY 50, gross TRI)"
2019-11-06,16791.61,15457.36,"niftyindices.com Historical Data - Total Return Index (NIFTY 50, gross TRI)"
2019-11-07,16856.17,15516.8,"niftyindices.com Historical Data - Total Return Index (NIFTY 50, gross TRI)"
2019-11-08,16710.37,15382.58,"niftyindices.com Historical Data - Total Return Index (NIFTY 50, gross TRI)"
2019-11-11,16717.75,15389.38,"niftyindices.com Historical Data - Total Return Index (NIFTY 50, gross TRI)"
2019-11-13,16615.37,15295.13,"niftyindices.com Historical Data - Total Return Index (NIFTY 50, gross TRI)"
2019-11-14,16659.78,15336.02,"niftyindices.com Historical Data - Total Return Index (NIFTY 50, gross TRI)"
2019-11-15,16692.52,15366.15,"niftyindices.com Historical Data - Total Return Index (NIFTY 50, gross TRI)"
2019-11-18,16677.14,15351.99,"niftyindices.com Historical Data - Total Return Index (NIFTY 50, gross TRI)"
2019-11-19,16755.15,15423.8,"niftyindices.com Historical Data - Total Return Index (NIFTY 50, gross TRI)"
2019-11-20,16837.96,15500.03,"niftyindices.com Historical Data - Total Return Index (NIFTY 50, gross TRI)"
2019-11-21,16794.86,15460.36,"niftyindices.com Historical Data - Total Return Index (NIFTY 50, gross TRI)"
2019-11-22,16719.11,15390.63,"niftyindices.com Historical Data - Total Return Index (NIFTY 50, gross TRI)"
2019-11-25,16942.7,15596.45,"niftyindices.com Historical Data - Total Return Index (NIFTY 50, gross TRI)"
2019-11-26,16892.15,15549.92,"niftyindices.com Historical Data - Total Return Index (NIFTY 50, gross TRI)"
2019-11-27,16980.54,15631.29,"niftyindices.com Historical Data - Total Return Index (NIFTY 50, gross TRI)"
2019-11-28,17051.31,15696.43,"niftyindices.com Historical Data - Total Return Index (NIFTY 50, gross TRI)"
2019-11-29,16917.89,15573.61,"niftyindices.com Historical Data - Total Return Index (NIFTY 50, gross TRI)"
2019-12-02,16906.88,15563.48,"niftyindices.com Historical Data - Total Return Index (NIFTY 50, gross TRI)"
2019-12-03,16831.11,15493.73,"niftyindices.com Historical Data - Total Return Index (NIFTY 50, gross TRI)"
2019-12-04,16899.88,15557.04,"niftyindices.com Historical Data - Total Return Index (NIFTY 50, gross TRI)"
2019-12-05,16865.04,15507.86,"niftyindices.com Historical Data - Total Return Index (NIFTY 50, gross TRI)"
2019-12-06,16729.08,15382.84,"niftyindices.com Historical Data - Total Return Index (NIFTY 50, gross TRI)"
2019-12-09,16751.53,15403.48,"niftyindices.com Historical Data - Total Return Index (NIFTY 50, gross TRI)"
2019-12-10,16638.94,15299.95,"niftyindices.com Historical Data - Total Return Index (NIFTY 50, gross TRI)"
2019-12-11,16713.79,15368.78,"niftyindices.com Historical Data - Total Return Index (NIFTY 50, gross TRI)"
2019-12-12,16800.36,15448.39,"niftyindices.com Historical Data - Total Return Index (NIFTY 50, gross TRI)"
2019-12-13,16961.56,15596.62,"niftyindices.com Historical Data - Total Return Index (NIFTY 50, gross TRI)"
2019-12-16,16915.65,15554.39,"niftyindices.com Historical Data - Total Return Index (NIFTY 50, gross TRI)"
2019-12-17,17071.49,15697.69,"niftyindices.com Historical Data - Total Return Index (NIFTY 50, gross TRI)"
2019-12-18,17150.93,15770.74,"niftyindices.com Historical Data - Total Return Index (NIFTY 50, gross TRI)"
2019-12-19,17205.12,15820.57,"niftyindices.com Historical Data - Total Return Index (NIFTY 50, gross TRI)"
2019-12-20,17222.14,15836.23,"niftyindices.com Historical Data - Total Return Index (NIFTY 50, gross TRI)"
2019-12-23,17209.4,15824.51,"niftyindices.com Historical Data - Total Return Index (NIFTY 50, gross TRI)"
2019-12-24,17141.8,15762.35,"niftyindices.com Historical Data - Total Return Index (NIFTY 50, gross TRI)"
2019-12-26,17018.26,15648.75,"niftyindices.com Historical Data - Total Return Index (NIFTY 50, gross TRI)"
2019-12-27,17185.66,15802.67,"niftyindices.com Historical Data - Total Return Index (NIFTY 50, gross TRI)"
2019-12-30,17199.73,15815.62,"niftyindices.com Historical Data - Total Return Index (NIFTY 50, gross TRI)"
2019-12-31,17077.06,15702.82,"niftyindices.com Historical Data - Total Return Index (NIFTY 50, gross TRI)"
2020-01-01,17096.83,15721.0,"niftyindices.com Historical Data - Total Return Index (NIFTY 50, gross TRI)"
2020-01-02,17236.7,15849.61,"niftyindices.com Historical Data - Total Return Index (NIFTY 50, gross TRI)"
2020-01-03,17158.75,15777.94,"niftyindices.com Historical Data - Total Return Index (NIFTY 50, gross TRI)"
2020-01-06,16830.93,15476.5,"niftyindices.com Historical Data - Total Return Index (NIFTY 50, gross TRI)"
2020-01-07,16915.03,15553.82,"niftyindices.com Historical Data - Total Return Index (NIFTY 50, gross TRI)"
2020-01-08,16876.24,15518.15,"niftyindices.com Historical Data - Total Return Index (NIFTY 50, gross TRI)"
2020-01-09,17143.65,15764.05,"niftyindices.com Historical Data - Total Return Index (NIFTY 50, gross TRI)"
2020-01-10,17201.08,15816.86,"niftyindices.com Historical Data - Total Return Index (NIFTY 50, gross TRI)"
2020-01-13,17303.2,15910.76,"niftyindices.com Historical Data - Total Return Index (NIFTY 50, gross TRI)"
2020-01-14,17349.12,15952.99,"niftyindices.com Historical Data - Total Return Index (NIFTY 50, gross TRI)"
2020-01-15,17322.5,15928.51,"niftyindices.com Historical Data - Total Return Index (NIFTY 50, gross TRI)"
2020-01-16,17339.57,15944.2,"niftyindices.com Historical Data - Total Return Index (NIFTY 50, gross TRI)"
2020-01-17,17335.2,15940.19,"niftyindices.com Historical Data - Total Return Index (NIFTY 50, gross TRI)"
2020-01-20,17155.83,15775.25,"niftyindices.com Historical Data - Total Return Index (NIFTY 50, gross TRI)"
2020-01-21,17079.07,15704.66,"niftyindices.com Historical Data - Total Return Index (NIFTY 50, gross TRI)"
2020-01-22,16990.68,15623.39,"niftyindices.com Historical Data - Total Return Index (NIFTY 50, gross TRI)"
2020-01-23,17095.61,15719.87,"niftyindices.com Historical Data - Total Return Index (NIFTY 50, gross TRI)"
2020-01-24,17192.15,15808.65,"niftyindices.com Historical Data - Total Return Index (NIFTY 50, gross TRI)"
2020-01-27,17010.7,15641.8,"niftyindices.com Historical Data - Total Return Index (NIFTY 50, gross TRI)"
2020-01-28,16922.01,15560.24,"niftyindices.com Historical Data - Total Return Index (NIFTY 50, gross TRI)"
2020-01-29,17025.46,15655.37,"niftyindices.com Historical Data - Total Return Index (NIFTY 50, gross TRI)"
2020-01-30,16893.91,15534.4,"niftyindices.com Historical Data - Total Return Index (NIFTY 50, gross TRI)"
2020-01-31,16790.45,15439.27,"niftyindices.com Historical Data - Total Return Index (NIFTY 50, gross TRI)"
2020-02-01,16369.0,15051.74,"niftyindices.com Historical Data - Total Return Index (NIFTY 50, gross TRI)"
2020-02-03,16433.65,15111.19,"niftyindices.com Historical Data - Total Return Index (NIFTY 50, gross TRI)"
2020-02-04,16815.12,15461.96,"niftyindices.com Historical Data - Total Return Index (NIFTY 50, gross TRI)"
2020-02-05,16968.83,15603.3,"niftyindices.com Historical Data - Total Return Index (NIFTY 50, gross TRI)"
2020-02-06,17037.28,15666.23,"niftyindices.com Historical Data - Total Return Index (NIFTY 50, gross TRI)"
2020-02-07,16981.75,15615.18,"niftyindices.com Historical Data - Total Return Index (NIFTY 50, gross TRI)"
2020-02-10,16887.86,15528.84,"niftyindices.com Historical Data - Total Return Index (NIFTY 50, gross TRI)"
2020-02-11,16995.1,15627.45,"niftyindices.com Historical Data - Total Return Index (NIFTY 50, gross TRI)"
2020-02-12,17126.07,15747.88,"niftyindices.com Historical Data - Total Return Index (NIFTY 50, gross TRI)"
2020-02-13,17088.84,15713.65,"niftyindices.com Historical Data - Total Return Index (NIFTY 50, gross TRI)"
2020-02-14,17002.89,15634.61,"niftyindices.com Historical Data - Total Return Index (NIFTY 50, gross TRI)"
2020-02-17,16911.92,15550.97,"niftyindices.com Historical Data - Total Return Index (NIFTY 50, gross TRI)"
2020-02-18,16837.08,15482.15,"niftyindices.com Historical Data - Total Return Index (NIFTY 50, gross TRI)"
2020-02-19,17024.41,15654.4,"niftyindices.com Historical Data - Total Return Index (NIFTY 50, gross TRI)"
2020-02-20,16961.16,15596.25,"niftyindices.com Historical Data - Total Return Index (NIFTY 50, gross TRI)"
2020-02-24,16608.12,15271.61,"niftyindices.com Historical Data - Total Return Index (NIFTY 50, gross TRI)"
2020-02-25,16563.91,15230.96,"niftyindices.com Historical Data - Total Return Index (NIFTY 50, gross TRI)"
2020-02-26,16396.23,15076.78,"niftyindices.com Historical Data - Total Return Index (NIFTY 50, gross TRI)"
2020-02-27,16332.81,15018.46,"niftyindices.com Historical Data - Total Return Index (NIFTY 50, gross TRI)"
2020-02-28,15726.92,14461.33,"niftyindices.com Historical Data - Total Return Index (NIFTY 50, gross TRI)"
2020-03-02,15632.14,14374.18,"niftyindices.com Historical Data - Total Return Index (NIFTY 50, gross TRI)"
2020-03-03,15878.98,14601.15,"niftyindices.com Historical Data - Total Return Index (NIFTY 50, gross TRI)"
2020-03-04,15805.53,14533.62,"niftyindices.com Historical Data - Total Return Index (NIFTY 50, gross TRI)"
2020-03-05,15833.21,14559.06,"niftyindices.com Historical Data - Total Return Index (NIFTY 50, gross TRI)"
2020-03-06,15440.48,14197.93,"niftyindices.com Historical Data - Total Return Index (NIFTY 50, gross TRI)"
2020-03-09,14684.56,13502.85,"niftyindices.com Historical Data - Total Return Index (NIFTY 50, gross TRI)"
2020-03-11,14694.31,13511.81,"niftyindices.com Historical Data - Total Return Index (NIFTY 50, gross TRI)"
2020-03-12,13474.38,12390.06,"niftyindices.com Historical Data - Total Return Index (NIFTY 50, gross TRI)"
2020-03-13,13987.31,12861.71,"niftyindices.com Historical Data - Total Return Index (NIFTY 50, gross TRI)"
2020-03-16,12928.18,11887.81,"niftyindices.com Historical Data - Total Return Index (NIFTY 50, gross TRI)"
2020-03-17,12604.41,11590.09,"niftyindices.com Historical Data - Total Return Index (NIFTY 50, gross TRI)"
2020-03-18,11904.02,10946.07,"niftyindices.com Historical Data - Total Return Index (NIFTY 50, gross TRI)"
2020-03-19,11620.92,10685.75,"niftyindices.com Historical Data - Total Return Index (NIFTY 50, gross TRI)"
2020-03-20,12298.74,11309.02,"niftyindices.com Historical Data - Total Return Index (NIFTY 50, gross TRI)"
2020-03-23,10710.41,9848.51,"niftyindices.com Historical Data - Total Return Index (NIFTY 50, gross TRI)"
2020-03-24,10983.15,10099.3,"niftyindices.com Historical Data - Total Return Index (NIFTY 50, gross TRI)"
2020-03-25,11710.71,10768.32,"niftyindices.com Historical Data - Total Return Index (NIFTY 50, gross TRI)"
2020-03-26,12167.15,11188.02,"niftyindices.com Historical Data - Total Return Index (NIFTY 50, gross TRI)"
2020-03-27,12193.62,11212.36,"niftyindices.com Historical Data - Total Return Index (NIFTY 50, gross TRI)"
2020-03-30,11659.76,10721.46,"niftyindices.com Historical Data - Total Return Index (NIFTY 50, gross TRI)"
2020-03-31,12105.66,11131.48,"niftyindices.com Historical Data - Total Return Index (NIFTY 50, gross TRI)"
2020-04-01,11621.35,10686.14,"niftyindices.com Historical Data - Total Return Index (NIFTY 50, gross TRI)"
2020-04-03,11382.02,10466.07,"niftyindices.com Historical Data - Total Return Index (NIFTY 50, gross TRI)"
2020-04-07,12379.42,11383.21,"niftyindices.com Historical Data - Total Return Index (NIFTY 50, gross TRI)"
2020-04-08,12318.25,11326.97,"niftyindices.com Historical Data - Total Return Index (NIFTY 50, gross TRI)"
2020-04-09,12829.57,11797.13,"niftyindices.com Historical Data - Total Return Index (NIFTY 50, gross TRI)"
2020-04-13,12663.31,11644.26,"niftyindices.com Historical Data - Total Return Index (NIFTY 50, gross TRI)"
2020-04-15,12566.85,11555.56,"niftyindices.com Historical Data - Total Return Index (NIFTY 50, gross TRI)"
2020-04-16,12661.83,11642.9,"niftyindices.com Historical Data - Total Return Index (NIFTY 50, gross TRI)"
2020-04-17,13047.57,11997.59,"niftyindices.com Historical Data - Total Return Index (NIFTY 50, gross TRI)"
2020-04-20,13040.65,11991.23,"niftyindices.com Historical Data - Total Return Index (NIFTY 50, gross TRI)"
2020-04-21,12645.91,11628.25,"niftyindices.com Historical Data - Total Return Index (NIFTY 50, gross TRI)"
2020-04-22,12935.73,11894.75,"niftyindices.com Historical Data - Total Return Index (NIFTY 50, gross TRI)"
2020-04-23,13113.97,12058.65,"niftyindices.com Historical Data - Total Return Index (NIFTY 50, gross TRI)"
2020-04-24,12889.39,11852.15,"niftyindices.com Historical Data - Total Return Index (NIFTY 50, gross TRI)"
2020-04-27,13069.49,12017.75,"niftyindices.com Historical Data - Total Return Index (NIFTY 50, gross TRI)"
2020-04-28,13208.29,12145.38,"niftyindices.com Historical Data - Total Return Index (NIFTY 50, gross TRI)"
2020-04-29,13452.51,12369.64,"niftyindices.com Historical Data - Total Return Index (NIFTY 50, gross TRI)"
2020-04-30,13884.18,12766.56,"niftyindices.com Historical Data - Total Return Index (NIFTY 50, gross TRI)"
2020-05-04,13086.63,12033.21,"niftyindices.com Historical Data - Total Return Index (NIFTY 50, gross TRI)"
2020-05-05,12963.99,11920.19,"niftyindices.com Historical Data - Total Return Index (NIFTY 50, gross TRI)"
2020-05-06,13055.99,12004.78,"niftyindices.com Historical Data - Total Return Index (NIFTY 50, gross TRI)"
2020-05-07,12954.81,11911.74,"niftyindices.com Historical Data - Total Return Index (NIFTY 50, gross TRI)"
2020-05-08,13028.62,11979.61,"niftyindices.com Historical Data - Total Return Index (NIFTY 50, gross TRI)"
2020-05-11,13011.35,11963.73,"niftyindices.com Historical Data - Total Return Index (NIFTY 50, gross TRI)"
2020-05-12,12951.29,11908.51,"niftyindices.com Historical Data - Total Return Index (NIFTY 50, gross TRI)"
2020-05-13,13214.58,12147.25,"niftyindices.com Historical Data - Total Return Index (NIFTY 50, gross TRI)"
2020-05-14,12875.51,11835.57,"niftyindices.com Historical Data - Total Return Index (NIFTY 50, gross TRI)"
2020-05-15,12867.16,11827.89,"niftyindices.com Historical Data - Total Return Index (NIFTY 50, gross TRI)"
2020-05-18,12425.57,11421.97,"niftyindices.com Historical Data - Total Return Index (NIFTY 50, gross TRI)"
2020-05-19,12504.22,11494.27,"niftyindices.com Historical Data - Total Return Index (NIFTY 50, gross TRI)"
2020-05-20,12768.2,11736.93,"niftyindices.com Historical Data - Total Return Index (NIFTY 50, gross TRI)"
2020-05-21,12824.12,11788.33,"niftyindices.com Historical Data - Total Return Index (NIFTY 50, gross TRI)"
2020-05-22,12729.74,11701.57,"niftyindices.com Historical Data - Total Return Index (NIFTY 50, gross TRI)"
2020-05-26,12715.39,11688.38,"niftyindices.com Historical Data - Total Return Index (NIFTY 50, gross TRI)"
2020-05-27,13117.99,12058.46,"niftyindices.com Historical Data - Total Return Index (NIFTY 50, gross TRI)"
2020-05-28,13364.65,12285.2,"niftyindices.com Historical Data - Total Return Index (NIFTY 50, gross TRI)"
2020-05-29,13503.45,12410.2,"niftyindices.com Historical Data - Total Return Index (NIFTY 50, gross TRI)"
2020-06-01,13850.0,12728.7,"niftyindices.com Historical Data - Total Return Index (NIFTY 50, gross TRI)"
2020-06-02,14065.56,12926.8,"niftyindices.com Historical Data - Total Return Index (NIFTY 50, gross TRI)"
2020-06-03,14183.95,13035.14,"niftyindices.com Historical Data - Total Return Index (NIFTY 50, gross TRI)"
2020-06-04,14138.19,12993.09,"niftyindices.com Historical Data - Total Return Index (NIFTY 50, gross TRI)"
2020-06-05,14297.55,13139.54,"niftyindices.com Historical Data - Total Return Index (NIFTY 50, gross TRI)"
2020-06-08,14333.2,13172.3,"niftyindices.com Historical Data - Total Return Index (NIFTY 50, gross TRI)"
2020-06-09,14162.9,13015.8,"niftyindices.com Historical Data - Total Return Index (NIFTY 50, gross TRI)"
2020-06-10,14260.91,13105.86,"niftyindices.com Historical Data - Total Return Index (NIFTY 50, gross TRI)"
2020-06-11,13959.73,12828.91,"niftyindices.com Historical Data - Total Return Index (NIFTY 50, gross TRI)"
2020-06-12,14059.69,12920.78,"niftyindices.com Historical Data - Total Return Index (NIFTY 50, gross TRI)"
2020-06-15,13835.27,12714.54,"niftyindices.com Historical Data - Total Return Index (NIFTY 50, gross TRI)"
2020-06-16,13976.63,12844.45,"niftyindices.com Historical Data - Total Return Index (NIFTY 50, gross TRI)"
2020-06-17,13930.35,12801.91,"niftyindices.com Historical Data - Total Return Index (NIFTY 50, gross TRI)"
2020-06-18,14227.14,13074.66,"niftyindices.com Historical Data - Total Return Index (NIFTY 50, gross TRI)"
2020-06-19,14445.87,13274.93,"niftyindices.com Historical Data - Total Return Index (NIFTY 50, gross TRI)"
2020-06-22,14540.07,13361.49,"niftyindices.com Historical Data - Total Return Index (NIFTY 50, gross TRI)"
2020-06-23,14765.36,13568.53,"niftyindices.com Historical Data - Total Return Index (NIFTY 50, gross TRI)"
2020-06-24,14531.72,13353.82,"niftyindices.com Historical Data - Total Return Index (NIFTY 50, gross TRI)"
2020-06-25,14508.61,13332.58,"niftyindices.com Historical Data - Total Return Index (NIFTY 50, gross TRI)"
2020-06-26,14641.26,13454.48,"niftyindices.com Historical Data - Total Return Index (NIFTY 50, gross TRI)"
2020-06-29,14541.76,13363.05,"niftyindices.com Historical Data - Total Return Index (NIFTY 50, gross TRI)"
2020-06-30,14527.18,13349.65,"niftyindices.com Historical Data - Total Return Index (NIFTY 50, gross TRI)"
2020-07-01,14707.64,13515.49,"niftyindices.com Historical Data - Total Return Index (NIFTY 50, gross TRI)"
2020-07-02,14886.06,13677.92,"niftyindices.com Historical Data - Total Return Index (NIFTY 50, gross TRI)"
2020-07-03,14964.59,13750.09,"niftyindices.com Historical Data - Total Return Index (NIFTY 50, gross TRI)"
2020-07-06,15185.78,13946.64,"niftyindices.com Historical Data - Total Return Index (NIFTY 50, gross TRI)"
2020-07-07,15236.58,13993.29,"niftyindices.com Historical Data - Total Return Index (NIFTY 50, gross TRI)"
2020-07-08,15104.09,13871.61,"niftyindices.com Historical Data - Total Return Index (NIFTY 50, gross TRI)"
2020-07-09,15268.19,14019.64,"niftyindices.com Historical Data - Total Return Index (NIFTY 50, gross TRI)"
2020-07-10,15204.13,13960.82,"niftyindices.com Historical Data - Total Return Index (NIFTY 50, gross TRI)"
2020-07-13,15254.09,14006.47,"niftyindices.com Historical Data - Total Return Index (NIFTY 50, gross TRI)"
2020-07-14,14978.23,13753.17,"niftyindices.com Historical Data - Total Return Index (NIFTY 50, gross TRI)"
2020-07-15,14993.52,13767.21,"niftyindices.com Historical Data - Total Return Index (NIFTY 50, gross TRI)"
2020-07-16,15167.99,13926.86,"niftyindices.com Historical Data - Total Return Index (NIFTY 50, gross TRI)"
2020-07-17,15396.44,14136.62,"niftyindices.com Historical Data - Total Return Index (NIFTY 50, gross TRI)"
2020-07-20,15566.56,14292.82,"niftyindices.com Historical Data - Total Return Index (NIFTY 50, gross TRI)"
2020-07-21,15764.41,14474.48,"niftyindices.com Historical Data - Total Return Index (NIFTY 50, gross TRI)"
2020-07-22,15722.51,14436.01,"niftyindices.com Historical Data - Total Return Index (NIFTY 50, gross TRI)"
2020-07-23,15841.48,14544.81,"niftyindices.com Historical Data - Total Return Index (NIFTY 50, gross TRI)"
2020-07-24,15811.4,14517.19,"niftyindices.com Historical Data - Total Return Index (NIFTY 50, gross TRI)"
2020-07-27,15723.39,14436.38,"niftyindices.com Historical Data - Total Return Index (NIFTY 50, gross TRI)"
2020-07-28,15961.7,14655.18,"niftyindices.com Historical Data - Total Return Index (NIFTY 50, gross TRI)"
2020-07-29,15824.19,14528.82,"niftyindices.com Historical Data - Total Return Index (NIFTY 50, gross TRI)"
2020-07-30,15685.92,14401.0,"niftyindices.com Historical Data - Total Return Index (NIFTY 50, gross TRI)"
2020-07-31,15645.34,14363.75,"niftyindices.com Historical Data - Total Return Index (NIFTY 50, gross TRI)"
2020-08-03,15388.98,14128.27,"niftyindices.com Historical Data - Total Return Index (NIFTY 50, gross TRI)"
2020-08-04,15676.74,14392.45,"niftyindices.com Historical Data - Total Return Index (NIFTY 50, gross TRI)"
2020-08-05,15689.69,14403.48,"niftyindices.com Historical Data - Total Return Index (NIFTY 50, gross TRI)"
2020-08-06,15833.02,14534.16,"niftyindices.com Historical Data - Total Return Index (NIFTY 50, gross TRI)"
2020-08-07,15852.65,14552.18,"niftyindices.com Historical Data - Total Return Index (NIFTY 50, gross TRI)"
2020-08-10,15931.97,14624.99,"niftyindices.com Historical Data - Total Return Index (NIFTY 50, gross TRI)"
2020-08-11,16005.99,14692.94,"niftyindices.com Historical Data - Total Return Index (NIFTY 50, gross TRI)"
2020-08-12,15986.03,14674.62,"niftyindices.com Historical Data - Total Return Index (NIFTY 50, gross TRI)"
2020-08-13,15981.73,14669.14,"niftyindices.com Historical Data - Total Return Index (NIFTY 50, gross TRI)"
2020-08-14,15809.17,14510.76,"niftyindices.com Historical Data - Total Return Index (NIFTY 50, gross TRI)"
2020-08-17,15906.29,14599.9,"niftyindices.com Historical Data - Total Return Index (NIFTY 50, gross TRI)"
2020-08-18,16101.86,14779.4,"niftyindices.com Historical Data - Total Return Index (NIFTY 50, gross TRI)"
2020-08-19,16135.89,14810.32,"niftyindices.com Historical Data - Total Return Index (NIFTY 50, gross TRI)"
2020-08-20,15999.86,14685.46,"niftyindices.com Historical Data - Total Return Index (NIFTY 50, gross TRI)"
2020-08-21,16083.84,14762.54,"niftyindices.com Historical Data - Total Return Index (NIFTY 50, gross TRI)"
2020-08-24,16218.02,14885.7,"niftyindices.com Historical Data - Total Return Index (NIFTY 50, gross TRI)"
2020-08-25,16226.2,14893.21,"niftyindices.com Historical Data - Total Return Index (NIFTY 50, gross TRI)"
2020-08-26,16339.41,14996.28,"niftyindices.com Historical Data - Total Return Index (NIFTY 50, gross TRI)"
2020-08-27,16353.08,15008.83,"niftyindices.com Historical Data - Total Return Index (NIFTY 50, gross TRI)"
2020-08-28,16478.01,15123.49,"niftyindices.com Historical Data - Total Return Index (NIFTY 50, gross TRI)"
2020-08-31,16110.07,14785.8,"niftyindices.com Historical Data - Total Return Index (NIFTY 50, gross TRI)"
2020-09-01,16227.14,14893.24,"niftyindices.com Historical Data - Total Return Index (NIFTY 50, gross TRI)"
2020-09-02,16322.17,14979.71,"niftyindices.com Historical Data - Total Return Index (NIFTY 50, gross TRI)"
2020-09-03,16311.99,14970.26,"niftyindices.com Historical Data - Total Return Index (NIFTY 50, gross TRI)"
2020-09-04,16038.07,14718.86,"niftyindices.com Historical Data - Total Return Index (NIFTY 50, gross TRI)"
2020-09-07,16068.06,14746.39,"niftyindices.com Historical Data - Total Return Index (NIFTY 50, gross TRI)"
2020-09-08,16014.67,14697.4,"niftyindices.com Historical Data - Total Return Index (NIFTY 50, gross TRI)"
2020-09-09,15958.99,14646.29,"niftyindices.com Historical Data - Total Return Index (NIFTY 50, gross TRI)"
2020-09-10,16201.44,14868.78,"niftyindices.com Historical Data - Total Return Index (NIFTY 50, gross TRI)"
2020-09-11,16222.92,14888.49,"niftyindices.com Historical Data - Total Return Index (NIFTY 50, gross TRI)"
2020-09-14,16189.14,14857.34,"niftyindices.com Historical Data - Total Return Index (NIFTY 50, gross TRI)"
2020-09-15,16304.84,14963.52,"niftyindices.com Historical Data - Total Return Index (NIFTY 50, gross TRI)"
2020-09-16,16421.95,15070.99,"niftyindices.com Historical Data - Total Return Index (NIFTY 50, gross TRI)"
2020-09-17,16296.78,14956.12,"niftyindices.com Historical Data - Total Return Index (NIFTY 50, gross TRI)"
2020-09-18,16281.0,14941.63,"niftyindices.com Historical Data - Total Return Index (NIFTY 50, gross TRI)"
2020-09-21,15920.99,14611.24,"niftyindices.com Historical Data - Total Return Index (NIFTY 50, gross TRI)"
2020-09-22,15783.87,14485.4,"niftyindices.com Historical Data - Total Return Index (NIFTY 50, gross TRI)"
2020-09-23,15752.97,14457.05,"niftyindices.com Historical Data - Total Return Index (NIFTY 50, gross TRI)"
2020-09-24,15291.25,14033.3,"niftyindices.com Historical Data - Total Return Index (NIFTY 50, gross TRI)"
2020-09-25,15637.53,14351.1,"niftyindices.com Historical Data - Total Return Index (NIFTY 50, gross TRI)"
2020-09-28,15888.44,14581.37,"niftyindices.com Historical Data - Total Return Index (NIFTY 50, gross TRI)"
2020-09-29,15881.16,14574.68,"niftyindices.com Historical Data - Total Return Index (NIFTY 50, gross TRI)"
2020-09-30,15916.72,14607.32,"niftyindices.com Historical Data - Total Return Index (NIFTY 50, gross TRI)"
2020-10-01,16156.44,14827.32,"niftyindices.com Historical Data - Total Return Index (NIFTY 50, gross TRI)"
2020-10-05,16278.72,14939.54,"niftyindices.com Historical Data - Total Return Index (NIFTY 50, gross TRI)"
2020-10-06,16503.77,15146.08,"niftyindices.com Historical Data - Total Return Index (NIFTY 50, gross TRI)"
2020-10-07,16611.96,15245.36,"niftyindices.com Historical Data - Total Return Index (NIFTY 50, gross TRI)"
2020-10-08,16747.48,15369.74,"niftyindices.com Historical Data - Total Return Index (NIFTY 50, gross TRI)"
2020-10-09,16860.11,15473.11,"niftyindices.com Historical Data - Total Return Index (NIFTY 50, gross TRI)"
2020-10-12,16883.84,15494.89,"niftyindices.com Historical Data - Total Return Index (NIFTY 50, gross TRI)"
2020-10-13,16888.87,15499.5,"niftyindices.com Historical Data - Total Return Index (NIFTY 50, gross TRI)"
2020-10-14,16944.73,15549.85,"niftyindices.com Historical Data - Total Return Index (NIFTY 50, gross TRI)"
2020-10-15,16533.24,15172.24,"niftyindices.com Historical Data - Total Return Index (NIFTY 50, gross TRI)"
2020-10-16,16649.46,15278.89,"niftyindices.com Historical Data - Total Return Index (NIFTY 50, gross TRI)"
2020-10-19,16805.97,15422.52,"niftyindices.com Historical Data - Total Return Index (NIFTY 50, gross TRI)"
2020-10-20,16839.6,15453.38,"niftyindices.com Historical Data - Total Return Index (NIFTY 50, gross TRI)"
2020-10-21,16897.43,15506.44,"niftyindices.com Historical Data - Total Return Index (NIFTY 50, gross TRI)"
2020-10-22,16840.52,15453.91,"niftyindices.com Historical Data - Total Return Index (NIFTY 50, gross TRI)"
2020-10-23,16902.96,15508.04,"niftyindices.com Historical Data - Total Return Index (NIFTY 50, gross TRI)"
2020-10-26,16672.62,15296.71,"niftyindices.com Historical Data - Total Return Index (NIFTY 50, gross TRI)"
2020-10-27,16844.96,15454.82,"niftyindices.com Historical Data - Total Return Index (NIFTY 50, gross TRI)"
2020-10-28,16623.13,15250.29,"niftyindices.com Historical Data - Total Return Index (NIFTY 50, gross TRI)"
2020-10-29,16544.45,15177.09,"niftyindices.com Historical Data - Total Return Index (NIFTY 50, gross TRI)"
2020-10-30,16504.16,15140.13,"niftyindices.com Historical Data - Total Return Index (NIFTY 50, gross TRI)"
2020-11-02,16542.08,15174.92,"niftyindices.com Historical Data - Total Return Index (NIFTY 50, gross TRI)"
2020-11-03,16746.75,15362.67,"niftyindices.com Historical Data - Total Return Index (NIFTY 50, gross TRI)"
2020-11-04,16888.65,15491.26,"niftyindices.com Historical Data - Total Return Index (NIFTY 50, gross TRI)"
2020-11-05,17189.03,15766.78,"niftyindices.com Historical Data - Total Return Index (NIFTY 50, gross TRI)"
2020-11-06,17392.14,15953.09,"niftyindices.com Historical Data - Total Return Index (NIFTY 50, gross TRI)"
2020-11-09,17672.25,16210.02,"niftyindices.com Historical Data - Total Return Index (NIFTY 50, gross TRI)"
2020-11-10,17913.4,16431.22,"niftyindices.com Historical Data - Total Return Index (NIFTY 50, gross TRI)"
2020-11-11,18080.84,16584.8,"niftyindices.com Historical Data - Total Return Index (NIFTY 50, gross TRI)"
2020-11-12,17998.11,16508.92,"niftyindices.com Historical Data - Total Return Index (NIFTY 50, gross TRI)"
2020-11-13,18039.44,16546.83,"niftyindices.com Historical Data - Total Return Index (NIFTY 50, gross TRI)"
2020-11-14,18124.93,16625.24,"niftyindices.com Historical Data - Total Return Index (NIFTY 50, gross TRI)"
2020-11-17,18258.23,16747.51,"niftyindices.com Historical Data - Total Return Index (NIFTY 50, gross TRI)"
2020-11-18,18349.02,16830.79,"niftyindices.com Historical Data - Total Return Index (NIFTY 50, gross TRI)"
2020-11-19,18112.83,16613.01,"niftyindices.com Historical Data - Total Return Index (NIFTY 50, gross TRI)"
2020-11-20,18236.68,16726.61,"niftyindices.com Historical Data - Total Return Index (NIFTY 50, gross TRI)"
2020-11-23,18332.33,16814.33,"niftyindices.com Historical Data - Total Return Index (NIFTY 50, gross TRI)"
2020-11-24,18514.82,16981.72,"niftyindices.com Historical Data - Total Return Index (NIFTY 50, gross TRI)"
2020-11-25,18235.76,16725.76,"niftyindices.com Historical Data - Total Return Index (NIFTY 50, gross TRI)"
2020-11-26,18418.16,16893.06,"niftyindices.com Historical Data - Total Return Index (NIFTY 50, gross TRI)"
2020-11-27,18392.54,16869.56,"niftyindices.com Historical Data - Total Return Index (NIFTY 50, gross TRI)"
2020-12-01,18591.25,17051.81,"niftyindices.com Historical Data - Total Return Index (NIFTY 50, gross TRI)"
2020-12-02,18597.9,17057.92,"niftyindices.com Historical Data - Total Return Index (NIFTY 50, gross TRI)"
2020-12-03,18626.53,17084.18,"niftyindices.com Historical Data - Total Return Index (NIFTY 50, gross TRI)"
2020-12-04,18803.27,17246.28,"niftyindices.com Historical Data - Total Return Index (NIFTY 50, gross TRI)"
2020-12-07,18941.15,17372.74,"niftyindices.com Historical Data - Total Return Index (NIFTY 50, gross TRI)"
2020-12-08,18993.86,17421.09,"niftyindices.com Historical Data - Total Return Index (NIFTY 50, gross TRI)"
2020-12-09,19186.95,17598.19,"niftyindices.com Historical Data - Total Return Index (NIFTY 50, gross TRI)"
2020-12-10,19114.96,17532.16,"niftyindices.com Historical Data - Total Return Index (NIFTY 50, gross TRI)"
2020-12-11,19165.33,17578.37,"niftyindices.com Historical Data - Total Return Index (NIFTY 50, gross TRI)"
2020-12-14,19228.16,17635.99,"niftyindices.com Historical Data - Total Return Index (NIFTY 50, gross TRI)"
2020-12-15,19241.9,17648.59,"niftyindices.com Historical Data - Total Return Index (NIFTY 50, gross TRI)"
2020-12-16,19404.8,17798.0,"niftyindices.com Historical Data - Total Return Index (NIFTY 50, gross TRI)"
2020-12-17,19491.3,17876.41,"niftyindices.com Historical Data - Total Return Index (NIFTY 50, gross TRI)"
2020-12-18,19519.42,17902.2,"niftyindices.com Historical Data - Total Return Index (NIFTY 50, gross TRI)"
2020-12-21,18906.45,17340.02,"niftyindices.com Historical Data - Total Return Index (NIFTY 50, gross TRI)"
2020-12-22,19102.06,17519.43,"niftyindices.com Historical Data - Total Return Index (NIFTY 50, gross TRI)"
2020-12-23,19293.26,17694.78,"niftyindices.com Historical Data - Total Return Index (NIFTY 50, gross TRI)"
2020-12-24,19503.4,17887.51,"niftyindices.com Historical Data - Total Return Index (NIFTY 50, gross TRI)"
2020-12-28,19679.24,18048.78,"niftyindices.com Historical Data - Total Return Index (NIFTY 50, gross TRI)"
2020-12-29,19763.51,18126.07,"niftyindices.com Historical Data - Total Return Index (NIFTY 50, gross TRI)"
2020-12-30,19833.53,18190.29,"niftyindices.com Historical Data - Total Return Index (NIFTY 50, gross TRI)"
2020-12-31,19833.19,18189.98,"niftyindices.com Historical Data - Total Return Index (NIFTY 50, gross TRI)"
2021-01-01,19885.36,18237.83,"niftyindices.com Historical Data - Total Return Index (NIFTY 50, gross TRI)"
2021-01-04,20047.61,18386.63,"niftyindices.com Historical Data - Total Return Index (NIFTY 50, gross TRI)"
2021-01-05,20142.13,18473.32,"niftyindices.com Historical Data - Total Return Index (NIFTY 50, gross TRI)"
2021-01-06,20066.56,18404.01,"niftyindices.com Historical Data - Total Return Index (NIFTY 50, gross TRI)"
2021-01-07,20053.97,18392.46,"niftyindices.com Historical Data - Total Return Index (NIFTY 50, gross TRI)"
2021-01-08,20351.67,18665.5,"niftyindices.com Historical Data - Total Return Index (NIFTY 50, gross TRI)"
2021-01-11,20546.74,18844.41,"niftyindices.com Historical Data - Total Return Index (NIFTY 50, gross TRI)"
2021-01-12,20658.34,18946.76,"niftyindices.com Historical Data - Total Return Index (NIFTY 50, gross TRI)"
2021-01-13,20660.35,18948.61,"niftyindices.com Historical Data - Total Return Index (NIFTY 50, gross TRI)"
2021-01-14,20706.07,18990.08,"niftyindices.com Historical Data - Total Return Index (NIFTY 50, gross TRI)"
2021-01-15,20476.38,18779.43,"niftyindices.com Historical Data - Total Return Index (NIFTY 50, gross TRI)"
2021-01-18,20260.18,18581.14,"niftyindices.com Historical Data - Total Return Index (NIFTY 50, gross TRI)"
2021-01-19,20600.41,18893.18,"niftyindices.com Historical Data - Total Return Index (NIFTY 50, gross TRI)"
2021-01-20,20775.67,19053.92,"niftyindices.com Historical Data - Total Return Index (NIFTY 50, gross TRI)"
2021-01-21,20700.02,18984.22,"niftyindices.com Historical Data - Total Return Index (NIFTY 50, gross TRI)"
2021-01-22,20390.57,18700.32,"niftyindices.com Historical Data - Total Return Index (NIFTY 50, gross TRI)"
2021-01-25,20201.9,18527.29,"niftyindices.com Historical Data - Total Return Index (NIFTY 50, gross TRI)"
2021-01-27,19818.34,18175.18,"niftyindices.com Historical Data - Total Return Index (NIFTY 50, gross TRI)"
2021-01-28,19605.59,17980.07,"niftyindices.com Historical Data - Total Return Index (NIFTY 50, gross TRI)"
2021-01-29,19346.03,17742.04,"niftyindices.com Historical Data - Total Return Index (NIFTY 50, gross TRI)"
2021-02-01,20263.44,18583.38,"niftyindices.com Historical Data - Total Return Index (NIFTY 50, gross TRI)"
2021-02-02,20783.69,19060.5,"niftyindices.com Historical Data - Total Return Index (NIFTY 50, gross TRI)"
2021-02-03,20985.32,19245.41,"niftyindices.com Historical Data - Total Return Index (NIFTY 50, gross TRI)"
2021-02-04,21135.31,19382.96,"niftyindices.com Historical Data - Total Return Index (NIFTY 50, gross TRI)"
2021-02-05,21175.89,19420.18,"niftyindices.com Historical Data - Total Return Index (NIFTY 50, gross TRI)"
2021-02-08,21447.64,19669.39,"niftyindices.com Historical Data - Total Return Index (NIFTY 50, gross TRI)"
2021-02-09,21440.42,19660.98,"niftyindices.com Historical Data - Total Return Index (NIFTY 50, gross TRI)"
2021-02-10,21436.44,19657.32,"niftyindices.com Historical Data - Total Return Index (NIFTY 50, gross TRI)"
2021-02-11,21536.0,19747.57,"niftyindices.com Historical Data - Total Return Index (NIFTY 50, gross TRI)"
2021-02-12,21521.82,19734.57,"niftyindices.com Historical Data - Total Return Index (NIFTY 50, gross TRI)"
2021-02-15,21739.69,19933.69,"niftyindices.com Historical Data - Total Return Index (NIFTY 50, gross TRI)"
2021-02-16,21737.9,19932.05,"niftyindices.com Historical Data - Total Return Index (NIFTY 50, gross TRI)"
2021-02-17,21595.82,19800.38,"niftyindices.com Historical Data - Total Return Index (NIFTY 50, gross TRI)"
2021-02-18,21468.11,19683.29,"niftyindices.com Historical Data - Total Return Index (NIFTY 50, gross TRI)"
2021-02-19,21273.28,19504.65,"niftyindices.com Historical Data - Total Return Index (NIFTY 50, gross TRI)"
2021-02-22,20853.12,19116.27,"niftyindices.com Historical Data - Total Return Index (NIFTY 50, gross TRI)"
2021-02-23,20898.75,19158.1,"niftyindices.com Historical Data - Total Return Index (NIFTY 50, gross TRI)"
2021-02-24,21288.35,19515.25,"niftyindices.com Historical Data - Total Return Index (NIFTY 50, gross TRI)"
2021-02-25,21452.24,19665.49,"niftyindices.com Historical Data - Total Return Index (NIFTY 50, gross TRI)"
2021-02-26,20644.88,18925.38,"niftyindices.com Historical Data - Total Return Index (NIFTY 50, gross TRI)"
2021-03-01,20975.08,19228.07,"niftyindices.com Historical Data - Total Return Index (NIFTY 50, gross TRI)"
2021-03-02,21198.93,19433.28,"niftyindices.com Historical Data - Total Return Index (NIFTY 50, gross TRI)"
2021-03-03,21662.92,19858.62,"niftyindices.com Historical Data - Total Return Index (NIFTY 50, gross TRI)"
2021-03-04,21428.63,19643.84,"niftyindices.com Historical Data - Total Return Index (NIFTY 50, gross TRI)"
2021-03-05,21225.94,19458.04,"niftyindices.com Historical Data - Total Return Index (NIFTY 50, gross TRI)"
2021-03-08,21255.06,19483.99,"niftyindices.com Historical Data - Total Return Index (NIFTY 50, gross TRI)"
2021-03-09,21457.17,19669.26,"niftyindices.com Historical Data - Total Return Index (NIFTY 50, gross TRI)"
2021-03-10,21565.72,19768.77,"niftyindices.com Historical Data - Total Return Index (NIFTY 50, gross TRI)"
2021-03-12,21361.29,19581.37,"niftyindices.com Historical Data - Total Return Index (NIFTY 50, gross TRI)"
2021-03-15,21220.59,19451.64,"niftyindices.com Historical Data - Total Return Index (NIFTY 50, gross TRI)"
2021-03-16,21193.46,19426.77,"niftyindices.com Historical Data - Total Return Index (NIFTY 50, gross TRI)"
2021-03-17,20924.61,19180.33,"niftyindices.com Historical Data - Total Return Index (NIFTY 50, gross TRI)"
2021-03-18,20692.34,18967.42,"niftyindices.com Historical Data - Total Return Index (NIFTY 50, gross TRI)"
2021-03-19,20956.87,19209.9,"niftyindices.com Historical Data - Total Return Index (NIFTY 50, gross TRI)"
2021-03-22,20947.65,19201.11,"niftyindices.com Historical Data - Total Return Index (NIFTY 50, gross TRI)"
2021-03-23,21061.52,19304.94,"niftyindices.com Historical Data - Total Return Index (NIFTY 50, gross TRI)"
2021-03-24,20684.27,18959.16,"niftyindices.com Historical Data - Total Return Index (NIFTY 50, gross TRI)"
2021-03-25,20366.42,18667.52,"niftyindices.com Historical Data - Total Return Index (NIFTY 50, gross TRI)"
2021-03-26,20625.79,18905.26,"niftyindices.com Historical Data - Total Return Index (NIFTY 50, gross TRI)"
2021-03-30,21106.06,19345.46,"niftyindices.com Historical Data - Total Return Index (NIFTY 50, gross TRI)"
2021-03-31,20886.52,19144.24,"niftyindices.com Historical Data - Total Return Index (NIFTY 50, gross TRI)"
2021-04-01,21137.69,19374.46,"niftyindices.com Historical Data - Total Return Index (NIFTY 50, gross TRI)"
2021-04-05,20811.61,19075.5,"niftyindices.com Historical Data - Total Return Index (NIFTY 50, gross TRI)"
2021-04-06,20876.57,19135.04,"niftyindices.com Historical Data - Total Return Index (NIFTY 50, gross TRI)"
2021-04-07,21069.32,19311.71,"niftyindices.com Historical Data - Total Return Index (NIFTY 50, gross TRI)"
2021-04-08,21149.59,19384.77,"niftyindices.com Historical Data - Total Return Index (NIFTY 50, gross TRI)"
2021-04-09,21094.17,19333.96,"niftyindices.com Historical Data - Total Return Index (NIFTY 50, gross TRI)"
2021-04-12,20348.99,18650.97,"niftyindices.com Historical Data - Total Return Index (NIFTY 50, gross TRI)"
2021-04-13,20624.86,18903.82,"niftyindices.com Historical Data - Total Return Index (NIFTY 50, gross TRI)"
2021-04-15,20733.88,19003.74,"niftyindices.com Historical Data - Total Return Index (NIFTY 50, gross TRI)"
2021-04-16,20785.61,19051.15,"niftyindices.com Historical Data - Total Return Index (NIFTY 50, gross TRI)"
2021-04-19,20418.16,18714.37,"niftyindices.com Historical Data - Total Return Index (NIFTY 50, gross TRI)"
2021-04-20,20328.55,18632.24,"niftyindices.com Historical Data - Total Return Index (NIFTY 50, gross TRI)"
2021-04-22,20484.63,18775.29,"niftyindices.com Historical Data - Total Return Index (NIFTY 50, gross TRI)"
2021-04-23,20392.44,18690.8,"niftyindices.com Historical Data - Total Return Index (NIFTY 50, gross TRI)"
2021-04-26,20596.72,18878.03,"niftyindices.com Historical Data - Total Return Index (NIFTY 50, gross TRI)"
2021-04-27,20835.67,19097.04,"niftyindices.com Historical Data - Total Return Index (NIFTY 50, gross TRI)"
2021-04-28,21136.41,19372.69,"niftyindices.com Historical Data - Total Return Index (NIFTY 50, gross TRI)"
2021-04-29,21186.3,19416.93,"niftyindices.com Historical Data - Total Return Index (NIFTY 50, gross TRI)"
2021-04-30,20811.13,19073.09,"niftyindices.com Historical Data - Total Return Index (NIFTY 50, gross TRI)"
2021-05-03,20815.43,19077.03,"niftyindices.com Historical Data - Total Return Index (NIFTY 50, gross TRI)"
2021-05-04,20619.62,18897.58,"niftyindices.com Historical Data - Total Return Index (NIFTY 50, gross TRI)"
2021-05-05,20792.24,19055.78,"niftyindices.com Historical Data - Total Return Index (NIFTY 50, gross TRI)"
2021-05-06,20944.41,19195.24,"niftyindices.com Historical Data - Total Return Index (NIFTY 50, gross TRI)"
2021-05-07,21084.26,19323.41,"niftyindices.com Historical Data - Total Return Index (NIFTY 50, gross TRI)"
2021-05-10,21253.8,19478.79,"niftyindices.com Historical Data - Total Return Index (NIFTY 50, gross TRI)"
2021-05-11,21123.53,19359.4,"niftyindices.com Historical Data - Total Return Index (NIFTY 50, gross TRI)"
2021-05-12,20904.13,19158.32,"niftyindices.com Historical Data - Total Return Index (NIFTY 50, gross TRI)"
2021-05-14,20877.56,19133.97,"niftyindices.com Historical Data - Total Return Index (NIFTY 50, gross TRI)"
2021-05-17,21226.53,19453.8,"niftyindices.com Historical Data - Total Return Index (NIFTY 50, gross TRI)"
2021-05-18,21489.56,19694.86,"niftyindices.com Historical Data - Total Return Index (NIFTY 50, gross TRI)"
2021-05-19,21378.71,19593.27,"niftyindices.com Historical Data - Total Return Index (NIFTY 50, gross TRI)"
2021-05-20,21202.21,19431.51,"niftyindices.com Historical Data - Total Return Index (NIFTY 50, gross TRI)"
2021-05-21,21585.18,19782.5,"niftyindices.com Historical Data - Total Return Index (NIFTY 50, gross TRI)"
2021-05-24,21617.03,19811.69,"niftyindices.com Historical Data - Total Return Index (NIFTY 50, gross TRI)"
2021-05-25,21639.04,19830.38,"niftyindices.com Historical Data - Total Return Index (NIFTY 50, gross TRI)"
2021-05-26,21771.35,19951.64,"niftyindices.com Historical Data - Total Return Index (NIFTY 50, gross TRI)"
2021-05-27,21823.14,19999.1,"niftyindices.com Historical Data - Total Return Index (NIFTY 50, gross TRI)"
2021-05-28,21962.31,20126.63,"niftyindices.com Historical Data - Total Return Index (NIFTY 50, gross TRI)"
2021-05-31,22203.59,20340.75,"niftyindices.com Historical Data - Total Return Index (NIFTY 50, gross TRI)"
2021-06-01,22192.25,20330.36,"niftyindices.com Historical Data - Total Return Index (NIFTY 50, gross TRI)"
2021-06-02,22194.18,20332.14,"niftyindices.com Historical Data - Total Return Index (NIFTY 50, gross TRI)"
2021-06-03,22361.86,20484.64,"niftyindices.com Historical Data - Total Return Index (NIFTY 50, gross TRI)"
2021-06-04,22333.23,20458.41,"niftyindices.com Historical Data - Total Return Index (NIFTY 50, gross TRI)"
2021-06-07,22449.24,20564.68,"niftyindices.com Historical Data - Total Return Index (NIFTY 50, gross TRI)"
2021-06-08,22432.77,20549.59,"niftyindices.com Historical Data - Total Return Index (NIFTY 50, gross TRI)"
2021-06-09,22283.52,20412.87,"niftyindices.com Historical Data - Total Return Index (NIFTY 50, gross TRI)"
2021-06-10,22448.94,20560.13,"niftyindices.com Historical Data - Total Return Index (NIFTY 50, gross TRI)"
2021-06-11,22544.26,20645.79,"niftyindices.com Historical Data - Total Return Index (NIFTY 50, gross TRI)"
2021-06-14,22567.11,20665.63,"niftyindices.com Historical Data - Total Return Index (NIFTY 50, gross TRI)"
2021-06-15,22649.05,20740.66,"niftyindices.com Historical Data - Total Return Index (NIFTY 50, gross TRI)"
2021-06-16,22503.9,20607.74,"niftyindices.com Historical Data - Total Return Index (NIFTY 50, gross TRI)"
2021-06-17,22401.65,20512.7,"niftyindices.com Historical Data - Total Return Index (NIFTY 50, gross TRI)"
2021-06-18,22390.11,20502.14,"niftyindices.com Historical Data - Total Return Index (NIFTY 50, gross TRI)"
2021-06-21,22480.3,20584.72,"niftyindices.com Historical Data - Total Return Index (NIFTY 50, gross TRI)"
2021-06-22,22517.74,20619.01,"niftyindices.com Historical Data - Total Return Index (NIFTY 50, gross TRI)"
2021-06-23,22395.25,20506.84,"niftyindices.com Historical Data - Total Return Index (NIFTY 50, gross TRI)"
2021-06-24,22544.26,20643.02,"niftyindices.com Historical Data - Total Return Index (NIFTY 50, gross TRI)"
2021-06-25,22644.06,20734.41,"niftyindices.com Historical Data - Total Return Index (NIFTY 50, gross TRI)"
2021-06-28,22578.86,20674.7,"niftyindices.com Historical Data - Total Return Index (NIFTY 50, gross TRI)"
2021-06-29,22493.6,20594.59,"niftyindices.com Historical Data - Total Return Index (NIFTY 50, gross TRI)"
2021-06-30,22455.7,20559.77,"niftyindices.com Historical Data - Total Return Index (NIFTY 50, gross TRI)"
2021-07-01,22396.4,20505.47,"niftyindices.com Historical Data - Total Return Index (NIFTY 50, gross TRI)"
2021-07-02,22456.66,20560.64,"niftyindices.com Historical Data - Total Return Index (NIFTY 50, gross TRI)"
2021-07-05,22618.97,20708.8,"niftyindices.com Historical Data - Total Return Index (NIFTY 50, gross TRI)"
2021-07-06,22595.93,20687.71,"niftyindices.com Historical Data - Total Return Index (NIFTY 50, gross TRI)"
2021-07-07,22683.66,20768.02,"niftyindices.com Historical Data - Total Return Index (NIFTY 50, gross TRI)"
2021-07-08,22473.81,20574.38,"niftyindices.com Historical Data - Total Return Index (NIFTY 50, gross TRI)"
2021-07-09,22420.36,20525.22,"niftyindices.com Historical Data - Total Return Index (NIFTY 50, gross TRI)"
2021-07-12,22424.39,20528.91,"niftyindices.com Historical Data - Total Return Index (NIFTY 50, gross TRI)"
2021-07-13,22595.49,20685.55,"niftyindices.com Historical Data - Total Return Index (NIFTY 50, gross TRI)"
2021-07-14,22656.78,20741.26,"niftyindices.com Historical Data - Total Return Index (NIFTY 50, gross TRI)"
2021-07-15,22762.34,20836.77,"niftyindices.com Historical Data - Total Return Index (NIFTY 50, gross TRI)"
2021-07-16,22761.2,20835.72,"niftyindices.com Historical Data - Total Return Index (NIFTY 50, gross TRI)"
2021-07-19,22516.71,20611.92,"niftyindices.com Historical Data - Total Return Index (NIFTY 50, gross TRI)"
2021-07-20,22344.81,20454.56,"niftyindices.com Historical Data - Total Return Index (NIFTY 50, gross TRI)"
2021-07-22,22621.45,20707.3,"niftyindices.com Historical Data - Total Return Index (NIFTY 50, gross TRI)"
2021-07-23,22673.35,20753.46,"niftyindices.com Historical Data - Total Return Index (NIFTY 50, gross TRI)"
2021-07-26,22628.19,20712.12,"niftyindices.com Historical Data - Total Return Index (NIFTY 50, gross TRI)"
2021-07-27,22518.8,20611.53,"niftyindices.com Historical Data - Total Return Index (NIFTY 50, gross TRI)"
2021-07-28,22472.95,20567.99,"niftyindices.com Historical Data - Total Return Index (NIFTY 50, gross TRI)"
2021-07-29,22576.34,20653.86,"niftyindices.com Historical Data - Total Return Index (NIFTY 50, gross TRI)"
2021-07-30,22554.26,20633.67,"niftyindices.com Historical Data - Total Return Index (NIFTY 50, gross TRI)"
2021-08-02,22730.42,20794.51,"niftyindices.com Historical Data - Total Return Index (NIFTY 50, gross TRI)"
2021-08-03,23081.86,21116.02,"niftyindices.com Historical Data - Total Return Index (NIFTY 50, gross TRI)"
2021-08-04,23265.07,21283.63,"niftyindices.com Historical Data - Total Return Index (NIFTY 50, gross TRI)"
2021-08-05,23319.53,21332.74,"niftyindices.com Historical Data - Total Return Index (NIFTY 50, gross TRI)"
2021-08-06,23238.83,21258.92,"niftyindices.com Historical Data - Total Return Index (NIFTY 50, gross TRI)"
2021-08-09,23269.12,21286.27,"niftyindices.com Historical Data - Total Return Index (NIFTY 50, gross TRI)"
2021-08-10,23300.36,21314.85,"niftyindices.com Historical Data - Total Return Index (NIFTY 50, gross TRI)"
2021-08-11,23303.89,21317.98,"niftyindices.com Historical Data - Total Return Index (NIFTY 50, gross TRI)"
2021-08-12,23424.04,21427.33,"niftyindices.com Historical Data - Total Return Index (NIFTY 50, gross TRI)"
2021-08-13,23659.78,21642.98,"niftyindices.com Historical Data - Total Return Index (NIFTY 50, gross TRI)"
2021-08-16,23708.38,21687.43,"niftyindices.com Historical Data - Total Return Index (NIFTY 50, gross TRI)"
2021-08-17,23784.05,21756.25,"niftyindices.com Historical Data - Total Return Index (NIFTY 50, gross TRI)"
2021-08-18,23718.57,21696.35,"niftyindices.com Historical Data - Total Return Index (NIFTY 50, gross TRI)"
2021-08-20,23549.09,21541.33,"niftyindices.com Historical Data - Total Return Index (NIFTY 50, gross TRI)"
2021-08-23,23615.61,21602.02,"niftyindices.com Historical Data - Total Return Index (NIFTY 50, gross TRI)"
2021-08-24,23799.1,21769.86,"niftyindices.com Historical Data - Total Return Index (NIFTY 50, gross TRI)"
2021-08-25,23813.43,21782.97,"niftyindices.com Historical Data - Total Return Index (NIFTY 50, gross TRI)"
2021-08-26,23816.68,21785.94,"niftyindices.com Historical Data - Total Return Index (NIFTY 50, gross TRI)"
2021-08-27,23914.48,21875.4,"niftyindices.com Historical Data - Total Return Index (NIFTY 50, gross TRI)"
2021-08-30,24237.8,22171.15,"niftyindices.com Historical Data - Total Return Index (NIFTY 50, gross TRI)"
2021-08-31,24525.71,22434.52,"niftyindices.com Historical Data - Total Return Index (NIFTY 50, gross TRI)"
2021-09-01,24445.62,22361.25,"niftyindices.com Historical Data - Total Return Index (NIFTY 50, gross TRI)"
2021-09-02,24674.11,22569.73,"niftyindices.com Historical Data - Total Return Index (NIFTY 50, gross TRI)"
2021-09-03,24802.17,22686.88,"niftyindices.com Historical Data - Total Return Index (NIFTY 50, gross TRI)"
2021-09-06,24879.79,22757.87,"niftyindices.com Historical Data - Total Return Index (NIFTY 50, gross TRI)"
2021-09-07,24857.27,22737.27,"niftyindices.com Historical Data - Total Return Index (NIFTY 50, gross TRI)"
2021-09-08,24855.5,22733.34,"niftyindices.com Historical Data - Total Return Index (NIFTY 50, gross TRI)"
2021-09-09,24878.09,22754.0,"niftyindices.com Historical Data - Total Return Index (NIFTY 50, gross TRI)"
2021-09-13,24858.12,22735.74,"niftyindices.com Historical Data - Total Return Index (NIFTY 50, gross TRI)"
2021-09-14,24893.51,22768.11,"niftyindices.com Historical Data - Total Return Index (NIFTY 50, gross TRI)"
2021-09-15,25093.22,22950.76,"niftyindices.com Historical Data - Total Return Index (NIFTY 50, gross TRI)"
2021-09-16,25250.87,23091.04,"niftyindices.com Historical Data - Total Return Index (NIFTY 50, gross TRI)"
2021-09-17,25187.34,23032.94,"niftyindices.com Historical Data - Total Return Index (NIFTY 50, gross TRI)"
2021-09-20,24917.72,22786.39,"niftyindices.com Historical Data - Total Return Index (NIFTY 50, gross TRI)"
2021-09-21,25154.16,23002.61,"niftyindices.com Historical Data - Total Return Index (NIFTY 50, gross TRI)"
2021-09-22,25132.15,22982.48,"niftyindices.com Historical Data - Total Return Index (NIFTY 50, gross TRI)"
2021-09-23,25527.92,23344.4,"niftyindices.com Historical Data - Total Return Index (NIFTY 50, gross TRI)"
2021-09-24,25571.24,23384.01,"niftyindices.com Historical Data - Total Return Index (NIFTY 50, gross TRI)"
2021-09-27,25573.99,23384.19,"niftyindices.com Historical Data - Total Return Index (NIFTY 50, gross TRI)"
2021-09-28,25421.46,23244.72,"niftyindices.com Historical Data - Total Return Index (NIFTY 50, gross TRI)"
2021-09-29,25367.99,23195.83,"niftyindices.com Historical Data - Total Return Index (NIFTY 50, gross TRI)"
2021-09-30,25234.57,23073.84,"niftyindices.com Historical Data - Total Return Index (NIFTY 50, gross TRI)"
2021-10-01,25111.25,22961.07,"niftyindices.com Historical Data - Total Return Index (NIFTY 50, gross TRI)"
2021-10-04,25339.32,23169.61,"niftyindices.com Historical Data - Total Return Index (NIFTY 50, gross TRI)"
2021-10-05,25526.98,23341.2,"niftyindices.com Historical Data - Total Return Index (NIFTY 50, gross TRI)"
2021-10-06,25274.48,23110.32,"niftyindices.com Historical Data - Total Return Index (NIFTY 50, gross TRI)"
2021-10-07,25481.26,23299.4,"niftyindices.com Historical Data - Total Return Index (NIFTY 50, gross TRI)"
2021-10-08,25631.38,23436.67,"niftyindices.com Historical Data - Total Return Index (NIFTY 50, gross TRI)"
2021-10-11,25704.1,23503.16,"niftyindices.com Historical Data - Total Return Index (NIFTY 50, gross TRI)"
2021-10-12,25770.01,23563.43,"niftyindices.com Historical Data - Total Return Index (NIFTY 50, gross TRI)"
2021-10-13,26013.19,23785.78,"niftyindices.com Historical Data - Total Return Index (NIFTY 50, gross TRI)"
2021-10-14,26268.83,24019.01,"niftyindices.com Historical Data - Total Return Index (NIFTY 50, gross TRI)"
2021-10-18,26467.21,24200.4,"niftyindices.com Historical Data - Total Return Index (NIFTY 50, gross TRI)"
2021-10-19,26383.71,24124.05,"niftyindices.com Historical Data - Total Return Index (NIFTY 50, gross TRI)"
2021-10-20,26165.78,23924.79,"niftyindices.com Historical Data - Total Return Index (NIFTY 50, gross TRI)"
2021-10-21,26042.59,23811.37,"niftyindices.com Historical Data - Total Return Index (NIFTY 50, gross TRI)"
2021-10-22,25952.01,23728.54,"niftyindices.com Historical Data - Total Return Index (NIFTY 50, gross TRI)"
2021-10-25,25967.04,23742.28,"niftyindices.com Historical Data - Total Return Index (NIFTY 50, gross TRI)"
2021-10-26,26196.05,23946.4,"niftyindices.com Historical Data - Total Return Index (NIFTY 50, gross TRI)"
2021-10-27,26113.62,23871.06,"niftyindices.com Historical Data - Total Return Index (NIFTY 50, gross TRI)"
2021-10-28,25606.99,23407.82,"niftyindices.com Historical Data - Total Return Index (NIFTY 50, gross TRI)"
2021-10-29,25340.83,23164.51,"niftyindices.com Historical Data - Total Return Index (NIFTY 50, gross TRI)"
2021-11-01,25710.8,23502.71,"niftyindices.com Historical Data - Total Return Index (NIFTY 50, gross TRI)"
2021-11-02,25655.51,23451.5,"niftyindices.com Historical Data - Total Return Index (NIFTY 50, gross TRI)"
2021-11-03,25569.86,23373.21,"niftyindices.com Historical Data - Total Return Index (NIFTY 50, gross TRI)"
2021-11-04,25695.5,23488.05,"niftyindices.com Historical Data - Total Return Index (NIFTY 50, gross TRI)"
2021-11-08,25913.09,23686.94,"niftyindices.com Historical Data - Total Return Index (NIFTY 50, gross TRI)"
2021-11-09,25878.28,23655.13,"niftyindices.com Historical Data - Total Return Index (NIFTY 50, gross TRI)"
2021-11-10,25839.47,23619.65,"niftyindices.com Historical Data - Total Return Index (NIFTY 50, gross TRI)"
2021-11-11,25639.32,23435.43,"niftyindices.com Historical Data - Total Return Index (NIFTY 50, gross TRI)"
2021-11-12,25968.02,23735.88,"niftyindices.com Historical Data - Total Return Index (NIFTY 50, gross TRI)"
2021-11-15,25977.61,23744.65,"niftyindices.com Historical Data - Total Return Index (NIFTY 50, gross TRI)"
2021-11-16,25819.49,23600.12,"niftyindices.com Historical Data - Total Return Index (NIFTY 50, gross TRI)"
2021-11-17,25675.2,23468.23,"niftyindices.com Historical Data - Total Return Index (NIFTY 50, gross TRI)"
2021-11-18,25483.23,23292.76,"niftyindices.com Historical Data - Total Return Index (NIFTY 50, gross TRI)"
2021-11-22,24990.27,22840.72,"niftyindices.com Historical Data - Total Return Index (NIFTY 50, gross TRI)"
2021-11-23,25114.82,22954.56,"niftyindices.com Historical Data - Total Return Index (NIFTY 50, gross TRI)"
2021-11-24,24988.18,22838.81,"niftyindices.com Historical Data - Total Return Index (NIFTY 50, gross TRI)"
2021-11-25,25162.07,22997.74,"niftyindices.com Historical Data - Total Return Index (NIFTY 50, gross TRI)"
2021-11-26,24430.53,22329.13,"niftyindices.com Historical Data - Total Return Index (NIFTY 50, gross TRI)"
2021-11-29,24469.99,22365.2,"niftyindices.com Historical Data - Total Return Index (NIFTY 50, gross TRI)"
2021-11-30,24368.53,22272.46,"niftyindices.com Historical Data - Total Return Index (NIFTY 50, gross TRI)"
2021-12-01,24632.06,22513.32,"niftyindices.com Historical Data - Total Return Index (NIFTY 50, gross TRI)"
2021-12-02,24968.91,22821.2,"niftyindices.com Historical Data - Total Return Index (NIFTY 50, gross TRI)"
2021-12-03,24674.83,22552.42,"niftyindices.com Historical Data - Total Return Index (NIFTY 50, gross TRI)"
2021-12-06,24266.71,22178.04,"niftyindices.com Historical Data - Total Return Index (NIFTY 50, gross TRI)"
2021-12-07,24646.18,22524.84,"niftyindices.com Historical Data - Total Return Index (NIFTY 50, gross TRI)"
2021-12-08,25066.62,22909.1,"niftyindices.com Historical Data - Total Return Index (NIFTY 50, gross TRI)"
2021-12-09,25134.23,22970.89,"niftyindices.com Historical Data - Total Return Index (NIFTY 50, gross TRI)"
2021-12-10,25126.24,22963.58,"niftyindices.com Historical Data - Total Return Index (NIFTY 50, gross TRI)"
2021-12-13,24921.02,22776.03,"niftyindices.com Historical Data - Total Return Index (NIFTY 50, gross TRI)"
2021-12-14,24858.79,22719.16,"niftyindices.com Historical Data - Total Return Index (NIFTY 50, gross TRI)"
2021-12-15,24710.3,22583.45,"niftyindices.com Historical Data - Total Return Index (NIFTY 50, gross TRI)"
2021-12-16,24749.01,22618.83,"niftyindices.com Historical Data - Total Return Index (NIFTY 50, gross TRI)"
2021-12-17,24371.37,22273.69,"niftyindices.com Historical Data - Total Return Index (NIFTY 50, gross TRI)"
2021-12-20,23839.01,21787.15,"niftyindices.com Historical Data - Total Return Index (NIFTY 50, gross TRI)"
2021-12-21,24063.78,21992.57,"niftyindices.com Historical Data - Total Return Index (NIFTY 50, gross TRI)"
2021-12-22,24336.62,22240.19,"niftyindices.com Historical Data - Total Return Index (NIFTY 50, gross TRI)"
2021-12-23,24504.75,22393.85,"niftyindices.com Historical Data - Total Return Index (NIFTY 50, gross TRI)"
2021-12-24,24405.96,22303.56,"niftyindices.com Historical Data - Total Return Index (NIFTY 50, gross TRI)"
2021-12-27,24524.36,22411.76,"niftyindices.com Historical Data - Total Return Index (NIFTY 50, gross TRI)"
2021-12-28,24735.32,22604.55,"niftyindices.com Historical Data - Total Return Index (NIFTY 50, gross TRI)"
2021-12-29,24707.1,22578.77,"niftyindices.com Historical Data - Total Return Index (NIFTY 50, gross TRI)"
2021-12-30,24693.25,22566.11,"niftyindices.com Historical Data - Total Return Index (NIFTY 50, gross TRI)"
2021-12-31,24908.71,22763.01,"niftyindices.com Historical Data - Total Return Index (NIFTY 50, gross TRI)"
2022-01-03,25298.63,23119.34,"niftyindices.com Historical Data - Total Return Index (NIFTY 50, gross TRI)"
2022-01-04,25556.34,23354.85,"niftyindices.com Historical Data - Total Return Index (NIFTY 50, gross TRI)"
2022-01-05,25728.58,23512.25,"niftyindices.com Historical Data - Total Return Index (NIFTY 50, gross TRI)"
2022-01-06,25471.18,23277.03,"niftyindices.com Historical Data - Total Return Index (NIFTY 50, gross TRI)"
2022-01-07,25567.06,23364.65,"niftyindices.com Historical Data - Total Return Index (NIFTY 50, gross TRI)"
2022-01-10,25840.62,23614.64,"niftyindices.com Historical Data - Total Return Index (NIFTY 50, gross TRI)"
2022-01-11,25915.89,23683.43,"niftyindices.com Historical Data - Total Return Index (NIFTY 50, gross TRI)"
2022-01-12,26140.68,23888.85,"niftyindices.com Historical Data - Total Return Index (NIFTY 50, gross TRI)"
2022-01-13,26205.87,23948.43,"niftyindices.com Historical Data - Total Return Index (NIFTY 50, gross TRI)"
2022-01-14,26202.97,23945.78,"niftyindices.com Historical Data - Total Return Index (NIFTY 50, gross TRI)"
2022-01-17,26278.07,24014.4,"niftyindices.com Historical Data - Total Return Index (NIFTY 50, gross TRI)"
2022-01-18,25998.14,23758.59,"niftyindices.com Historical Data - Total Return Index (NIFTY 50, gross TRI)"
2022-01-19,25749.81,23531.13,"niftyindices.com Historical Data - Total Return Index (NIFTY 50, gross TRI)"
2022-01-20,25492.99,23295.67,"niftyindices.com Historical Data - Total Return Index (NIFTY 50, gross TRI)"
2022-01-21,25292.72,23112.55,"niftyindices.com Historical Data - Total Return Index (NIFTY 50, gross TRI)"
2022-01-24,24620.72,22498.47,"niftyindices.com Historical Data - Total Return Index (NIFTY 50, gross TRI)"
2022-01-25,24805.75,22667.55,"niftyindices.com Historical Data - Total Return Index (NIFTY 50, gross TRI)"
2022-01-27,24564.81,22447.38,"niftyindices.com Historical Data - Total Return Index (NIFTY 50, gross TRI)"
2022-01-28,24553.04,22436.62,"niftyindices.com Historical Data - Total Return Index (NIFTY 50, gross TRI)"
2022-01-31,24894.62,22748.76,"niftyindices.com Historical Data - Total Return Index (NIFTY 50, gross TRI)"
2022-02-01,25234.89,23059.7,"niftyindices.com Historical Data - Total Return Index (NIFTY 50, gross TRI)"
2022-02-02,25526.55,23326.22,"niftyindices.com Historical Data - Total Return Index (NIFTY 50, gross TRI)"
2022-02-03,25217.2,23042.17,"niftyindices.com Historical Data - Total Return Index (NIFTY 50, gross TRI)"
2022-02-04,25154.14,22984.55,"niftyindices.com Historical Data - Total Return Index (NIFTY 50, gross TRI)"
2022-02-07,24719.45,22587.36,"niftyindices.com Historical Data - Total Return Index (NIFTY 50, gross TRI)"
2022-02-08,24795.76,22657.09,"niftyindices.com Historical Data - Total Return Index (NIFTY 50, gross TRI)"
2022-02-09,25084.6,22919.74,"niftyindices.com Historical Data - Total Return Index (NIFTY 50, gross TRI)"
2022-02-10,25290.42,23107.41,"niftyindices.com Historical Data - Total Return Index (NIFTY 50, gross TRI)"
2022-02-11,24958.45,22804.09,"niftyindices.com Historical Data - Total Return Index (NIFTY 50, gross TRI)"
2022-02-14,24209.38,22116.38,"niftyindices.com Historical Data - Total Return Index (NIFTY 50, gross TRI)"
2022-02-15,24941.93,22785.6,"niftyindices.com Historical Data - Total Return Index (NIFTY 50, gross TRI)"
2022-02-16,24904.67,22750.21,"niftyindices.com Historical Data - Total Return Index (NIFTY 50, gross TRI)"
2022-02-17,24879.32,22727.06,"niftyindices.com Historical Data - Total Return Index (NIFTY 50, gross TRI)"
2022-02-18,24838.68,22689.93,"niftyindices.com Historical Data - Total Return Index (NIFTY 50, gross TRI)"
2022-02-21,24746.59,22604.04,"niftyindices.com Historical Data - Total Return Index (NIFTY 50, gross TRI)"
2022-02-22,24582.05,22453.74,"niftyindices.com Historical Data - Total Return Index (NIFTY 50, gross TRI)"
2022-02-23,24540.41,22415.71,"niftyindices.com Historical Data - Total Return Index (NIFTY 50, gross TRI)"
2022-02-24,23367.85,21344.66,"niftyindices.com Historical Data - Total Return Index (NIFTY 50, gross TRI)"
2022-02-25,23958.1,21883.81,"niftyindices.com Historical Data - Total Return Index (NIFTY 50, gross TRI)"
2022-02-28,24153.01,22061.84,"niftyindices.com Historical Data - Total Return Index (NIFTY 50, gross TRI)"
2022-03-02,23882.72,21814.96,"niftyindices.com Historical Data - Total Return Index (NIFTY 50, gross TRI)"
2022-03-03,23727.54,21673.21,"niftyindices.com Historical Data - Total Return Index (NIFTY 50, gross TRI)"
2022-03-04,23364.07,21341.21,"niftyindices.com Historical Data - Total Return Index (NIFTY 50, gross TRI)"
2022-03-07,22814.41,20839.14,"niftyindices.com Historical Data - Total Return Index (NIFTY 50, gross TRI)"
2022-03-08,23030.56,21036.58,"niftyindices.com Historical Data - Total Return Index (NIFTY 50, gross TRI)"
2022-03-09,23507.87,21472.56,"niftyindices.com Historical Data - Total Return Index (NIFTY 50, gross TRI)"
2022-03-10,23866.77,21800.39,"niftyindices.com Historical Data - Total Return Index (NIFTY 50, gross TRI)"
2022-03-11,23917.96,21847.15,"niftyindices.com Historical Data - Total Return Index (NIFTY 50, gross TRI)"
2022-03-14,24264.29,22163.49,"niftyindices.com Historical Data - Total Return Index (NIFTY 50, gross TRI)"
2022-03-15,23964.72,21889.85,"niftyindices.com Historical Data - Total Return Index (NIFTY 50, gross TRI)"
2022-03-16,24414.0,22300.23,"niftyindices.com Historical Data - Total Return Index (NIFTY 50, gross TRI)"
2022-03-17,24862.27,22709.7,"niftyindices.com Historical Data - Total Return Index (NIFTY 50, gross TRI)"
2022-03-21,24618.52,22487.05,"niftyindices.com Historical Data - Total Return Index (NIFTY 50, gross TRI)"
2022-03-22,24903.14,22747.03,"niftyindices.com Historical Data - Total Return Index (NIFTY 50, gross TRI)"
2022-03-23,24802.74,22655.32,"niftyindices.com Historical Data - Total Return Index (NIFTY 50, gross TRI)"
2022-03-24,24769.75,22625.19,"niftyindices.com Historical Data - Total Return Index (NIFTY 50, gross TRI)"
2022-03-25,24669.45,22533.57,"niftyindices.com Historical Data - Total Return Index (NIFTY 50, gross TRI)"
2022-03-28,24768.69,22624.21,"niftyindices.com Historical Data - Total Return Index (NIFTY 50, gross TRI)"
2022-03-29,24917.57,22760.15,"niftyindices.com Historical Data - Total Return Index (NIFTY 50, gross TRI)"
2022-03-30,25166.31,22987.35,"niftyindices.com Historical Data - Total Return Index (NIFTY 50, gross TRI)"
2022-03-31,25118.14,22943.35,"niftyindices.com Historical Data - Total Return Index (NIFTY 50, gross TRI)"
2022-04-01,25413.94,23213.54,"niftyindices.com Historical Data - Total Return Index (NIFTY 50, gross TRI)"
2022-04-04,25964.72,23716.63,"niftyindices.com Historical Data - Total Return Index (NIFTY 50, gross TRI)"
2022-04-05,25829.11,23592.23,"niftyindices.com Historical Data - Total Return Index (NIFTY 50, gross TRI)"
2022-04-06,25613.71,23395.48,"niftyindices.com Historical Data - Total Return Index (NIFTY 50, gross TRI)"
2022-04-07,25371.88,23174.59,"niftyindices.com Historical Data - Total Return Index (NIFTY 50, gross TRI)"
2022-04-08,25580.15,23364.83,"niftyindices.com Historical Data - Total Return Index (NIFTY 50, gross TRI)"
2022-04-11,25422.81,23221.12,"niftyindices.com Historical Data - Total Return Index (NIFTY 50, gross TRI)"
2022-04-12,25214.76,23031.09,"niftyindices.com Historical Data - Total Return Index (NIFTY 50, gross TRI)"
2022-04-13,25136.13,22959.26,"niftyindices.com Historical Data - Total Return Index (NIFTY 50, gross TRI)"
2022-04-18,24701.75,22562.5,"niftyindices.com Historical Data - Total Return Index (NIFTY 50, gross TRI)"
2022-04-19,24392.54,22280.08,"niftyindices.com Historical Data - Total Return Index (NIFTY 50, gross TRI)"
2022-04-20,24648.4,22513.77,"niftyindices.com Historical Data - Total Return Index (NIFTY 50, gross TRI)"
2022-04-21,25017.73,22850.89,"niftyindices.com Historical Data - Total Return Index (NIFTY 50, gross TRI)"
2022-04-22,24700.36,22561.0,"niftyindices.com Historical Data - Total Return Index (NIFTY 50, gross TRI)"
2022-04-25,24386.78,22274.59,"niftyindices.com Historical Data - Total Return Index (NIFTY 50, gross TRI)"
2022-04-26,24741.88,22598.93,"niftyindices.com Historical Data - Total Return Index (NIFTY 50, gross TRI)"
2022-04-27,24508.3,22385.58,"niftyindices.com Historical Data - Total Return Index (NIFTY 50, gross TRI)"
2022-04-28,24811.78,22661.41,"niftyindices.com Historical Data - Total Return Index (NIFTY 50, gross TRI)"
2022-04-29,24606.78,22474.18,"niftyindices.com Historical Data - Total Return Index (NIFTY 50, gross TRI)"
2022-05-02,24558.61,22430.18,"niftyindices.com Historical Data - Total Return Index (NIFTY 50, gross TRI)"
2022-05-04,23995.35,21915.73,"niftyindices.com Historical Data - Total Return Index (NIFTY 50, gross TRI)"
2022-05-05,24002.58,21922.34,"niftyindices.com Historical Data - Total Return Index (NIFTY 50, gross TRI)"
2022-05-06,23612.16,21565.75,"niftyindices.com Historical Data - Total Return Index (NIFTY 50, gross TRI)"
2022-05-09,23454.71,21421.95,"niftyindices.com Historical Data - Total Return Index (NIFTY 50, gross TRI)"
2022-05-10,23365.81,21340.76,"niftyindices.com Historical Data - Total Return Index (NIFTY 50, gross TRI)"
2022-05-11,23260.85,21244.89,"niftyindices.com Historical Data - Total Return Index (NIFTY 50, gross TRI)"
2022-05-12,22766.52,20788.53,"niftyindices.com Historical Data - Total Return Index (NIFTY 50, gross TRI)"
2022-05-13,22729.28,20754.52,"niftyindices.com Historical Data - Total Return Index (NIFTY 50, gross TRI)"
2022-05-16,22815.88,20833.6,"niftyindices.com Historical Data - Total Return Index (NIFTY 50, gross TRI)"
2022-05-17,23416.46,21382.0,"niftyindices.com Historical Data - Total Return Index (NIFTY 50, gross TRI)"
2022-05-18,23389.07,21356.99,"niftyindices.com Historical Data - Total Return Index (NIFTY 50, gross TRI)"
2022-05-19,22768.49,20790.33,"niftyindices.com Historical Data - Total Return Index (NIFTY 50, gross TRI)"
2022-05-20,23426.36,21391.04,"niftyindices.com Historical Data - Total Return Index (NIFTY 50, gross TRI)"
2022-05-23,23352.22,21323.34,"niftyindices.com Historical Data - Total Return Index (NIFTY 50, gross TRI)"
2022-05-24,23223.25,21205.58,"niftyindices.com Historical Data - Total Return Index (NIFTY 50, gross TRI)"
2022-05-25,23096.63,21086.36,"niftyindices.com Historical Data - Total Return Index (NIFTY 50, gross TRI)"
2022-05-26,23322.66,21288.79,"niftyindices.com Historical Data - Total Return Index (NIFTY 50, gross TRI)"
2022-05-27,23585.61,21528.81,"niftyindices.com Historical Data - Total Return Index (NIFTY 50, gross TRI)"
2022-05-30,24031.25,21935.58,"niftyindices.com Historical Data - Total Return Index (NIFTY 50, gross TRI)"
2022-05-31,23958.1,21860.58,"niftyindices.com Historical Data - Total Return Index (NIFTY 50, gross TRI)"
2022-06-01,23868.85,21779.14,"niftyindices.com Historical Data - Total Return Index (NIFTY 50, gross TRI)"
2022-06-02,24020.89,21917.88,"niftyindices.com Historical Data - Total Return Index (NIFTY 50, gross TRI)"
2022-06-03,23957.71,21860.22,"niftyindices.com Historical Data - Total Return Index (NIFTY 50, gross TRI)"
2022-06-06,23936.44,21840.82,"niftyindices.com Historical Data - Total Return Index (NIFTY 50, gross TRI)"
2022-06-07,23715.1,21638.86,"niftyindices.com Historical Data - Total Return Index (NIFTY 50, gross TRI)"
2022-06-08,23628.32,21559.68,"niftyindices.com Historical Data - Total Return Index (NIFTY 50, gross TRI)"
2022-06-09,23807.84,21722.71,"niftyindices.com Historical Data - Total Return Index (NIFTY 50, gross TRI)"
2022-06-10,23408.59,21358.43,"niftyindices.com Historical Data - Total Return Index (NIFTY 50, gross TRI)"
2022-06-13,22791.12,20795.04,"niftyindices.com Historical Data - Total Return Index (NIFTY 50, gross TRI)"
2022-06-14,22729.97,20739.25,"niftyindices.com Historical Data - Total Return Index (NIFTY 50, gross TRI)"
2022-06-15,22691.46,20699.92,"niftyindices.com Historical Data - Total Return Index (NIFTY 50, gross TRI)"
2022-06-16,22211.98,20262.53,"niftyindices.com Historical Data - Total Return Index (NIFTY 50, gross TRI)"
2022-06-17,22114.97,20174.03,"niftyindices.com Historical Data - Total Return Index (NIFTY 50, gross TRI)"
2022-06-20,22199.11,20250.3,"niftyindices.com Historical Data - Total Return Index (NIFTY 50, gross TRI)"
2022-06-21,22616.52,20631.06,"niftyindices.com Historical Data - Total Return Index (NIFTY 50, gross TRI)"
2022-06-22,22290.46,20333.63,"niftyindices.com Historical Data - Total Return Index (NIFTY 50, gross TRI)"
2022-06-23,22497.71,20522.69,"niftyindices.com Historical Data - Total Return Index (NIFTY 50, gross TRI)"
2022-06-24,22703.95,20710.83,"niftyindices.com Historical Data - Total Return Index (NIFTY 50, gross TRI)"
2022-06-27,22896.02,20886.03,"niftyindices.com Historical Data - Total Return Index (NIFTY 50, gross TRI)"
2022-06-28,22922.24,20909.95,"niftyindices.com Historical Data - Total Return Index (NIFTY 50, gross TRI)"
2022-06-29,22848.35,20842.55,"niftyindices.com Historical Data - Total Return Index (NIFTY 50, gross TRI)"
2022-06-30,22828.93,20823.12,"niftyindices.com Historical Data - Total Return Index (NIFTY 50, gross TRI)"
2022-07-01,22788.18,20785.94,"niftyindices.com Historical Data - Total Return Index (NIFTY 50, gross TRI)"
2022-07-04,22914.2,20899.69,"niftyindices.com Historical Data - Total Return Index (NIFTY 50, gross TRI)"
2022-07-05,22878.72,20867.33,"niftyindices.com Historical Data - Total Return Index (NIFTY 50, gross TRI)"
2022-07-06,23137.7,21103.54,"niftyindices.com Historical Data - Total Return Index (NIFTY 50, gross TRI)"
2022-07-07,23345.61,21292.98,"niftyindices.com Historical Data - Total Return Index (NIFTY 50, gross TRI)"
2022-07-08,23473.61,21409.5,"niftyindices.com Historical Data - Total Return Index (NIFTY 50, gross TRI)"
2022-07-11,23468.14,21404.25,"niftyindices.com Historical Data - Total Return Index (NIFTY 50, gross TRI)"
2022-07-12,23239.9,21196.08,"niftyindices.com Historical Data - Total Return Index (NIFTY 50, gross TRI)"
2022-07-13,23107.47,21075.26,"niftyindices.com Historical Data - Total Return Index (NIFTY 50, gross TRI)"
2022-07-14,23074.52,21043.55,"niftyindices.com Historical Data - Total Return Index (NIFTY 50, gross TRI)"
2022-07-15,23234.52,21189.47,"niftyindices.com Historical Data - Total Return Index (NIFTY 50, gross TRI)"
2022-07-18,23566.52,21492.25,"niftyindices.com Historical Data - Total Return Index (NIFTY 50, gross TRI)"
2022-07-19,23659.85,21576.6,"niftyindices.com Historical Data - Total Return Index (NIFTY 50, gross TRI)"
2022-07-20,23920.88,21814.65,"niftyindices.com Historical Data - Total Return Index (NIFTY 50, gross TRI)"
2022-07-21,24058.17,21936.56,"niftyindices.com Historical Data - Total Return Index (NIFTY 50, gross TRI)"
2022-07-22,24223.56,22087.38,"niftyindices.com Historical Data - Total Return Index (NIFTY 50, gross TRI)"
2022-07-25,24095.46,21970.57,"niftyindices.com Historical Data - Total Return Index (NIFTY 50, gross TRI)"
2022-07-26,23882.26,21776.17,"niftyindices.com Historical Data - Total Return Index (NIFTY 50, gross TRI)"
2022-07-27,24114.41,21987.13,"niftyindices.com Historical Data - Total Return Index (NIFTY 50, gross TRI)"
2022-07-28,24531.38,22367.32,"niftyindices.com Historical Data - Total Return Index (NIFTY 50, gross TRI)"
2022-07-29,24862.7,22669.41,"niftyindices.com Historical Data - Total Return Index (NIFTY 50, gross TRI)"
2022-08-01,25128.57,22911.3,"niftyindices.com Historical Data - Total Return Index (NIFTY 50, gross TRI)"
2022-08-02,25137.82,22919.42,"niftyindices.com Historical Data - Total Return Index (NIFTY 50, gross TRI)"
2022-08-03,25202.38,22977.71,"niftyindices.com Historical Data - Total Return Index (NIFTY 50, gross TRI)"
2022-08-04,25193.41,22969.53,"niftyindices.com Historical Data - Total Return Index (NIFTY 50, gross TRI)"
2022-08-05,25215.93,22990.06,"niftyindices.com Historical Data - Total Return Index (NIFTY 50, gross TRI)"
2022-08-08,25413.25,23167.26,"niftyindices.com Historical Data - Total Return Index (NIFTY 50, gross TRI)"
2022-08-10,25431.92,23183.26,"niftyindices.com Historical Data - Total Return Index (NIFTY 50, gross TRI)"
2022-08-11,25621.06,23353.73,"niftyindices.com Historical Data - Total Return Index (NIFTY 50, gross TRI)"
2022-08-12,25678.83,23406.18,"niftyindices.com Historical Data - Total Return Index (NIFTY 50, gross TRI)"
2022-08-16,25863.24,23574.27,"niftyindices.com Historical Data - Total Return Index (NIFTY 50, gross TRI)"
2022-08-17,26035.87,23731.63,"niftyindices.com Historical Data - Total Return Index (NIFTY 50, gross TRI)"
2022-08-18,26067.35,23757.33,"niftyindices.com Historical Data - Total Return Index (NIFTY 50, gross TRI)"
2022-08-19,25785.4,23499.16,"niftyindices.com Historical Data - Total Return Index (NIFTY 50, gross TRI)"
2022-08-22,25396.57,23144.81,"niftyindices.com Historical Data - Total Return Index (NIFTY 50, gross TRI)"
2022-08-23,25522.62,23259.68,"niftyindices.com Historical Data - Total Return Index (NIFTY 50, gross TRI)"
2022-08-24,25562.51,23296.03,"niftyindices.com Historical Data - Total Return Index (NIFTY 50, gross TRI)"
2022-08-25,25442.67,23186.82,"niftyindices.com Historical Data - Total Return Index (NIFTY 50, gross TRI)"
2022-08-26,25495.64,23235.09,"niftyindices.com Historical Data - Total Return Index (NIFTY 50, gross TRI)"
2022-08-29,25138.4,22909.53,"niftyindices.com Historical Data - Total Return Index (NIFTY 50, gross TRI)"
2022-08-30,25786.59,23500.25,"niftyindices.com Historical Data - Total Return Index (NIFTY 50, gross TRI)"
2022-09-01,25472.24,23213.76,"niftyindices.com Historical Data - Total Return Index (NIFTY 50, gross TRI)"
2022-09-02,25467.41,23209.37,"niftyindices.com Historical Data - Total Return Index (NIFTY 50, gross TRI)"
2022-09-05,25650.83,23376.52,"niftyindices.com Historical Data - Total Return Index (NIFTY 50, gross TRI)"
2022-09-06,25636.01,23363.01,"niftyindices.com Historical Data - Total Return Index (NIFTY 50, gross TRI)"
2022-09-07,25590.73,23321.75,"niftyindices.com Historical Data - Total Return Index (NIFTY 50, gross TRI)"
2022-09-08,25843.86,23552.44,"niftyindices.com Historical Data - Total Return Index (NIFTY 50, gross TRI)"
2022-09-09,25894.12,23598.24,"niftyindices.com Historical Data - Total Return Index (NIFTY 50, gross TRI)"
2022-09-12,26043.69,23734.54,"niftyindices.com Historical Data - Total Return Index (NIFTY 50, gross TRI)"
2022-09-13,26237.81,23882.24,"niftyindices.com Historical Data - Total Return Index (NIFTY 50, gross TRI)"
2022-09-14,26141.52,23794.6,"niftyindices.com Historical Data - Total Return Index (NIFTY 50, gross TRI)"
2022-09-15,25958.06,23627.61,"niftyindices.com Historical Data - Total Return Index (NIFTY 50, gross TRI)"
2022-09-16,25454.93,23169.65,"niftyindices.com Historical Data - Total Return Index (NIFTY 50, gross TRI)"
2022-09-19,25587.63,23290.43,"niftyindices.com Historical Data - Total Return Index (NIFTY 50, gross TRI)"
2022-09-20,25869.27,23546.79,"niftyindices.com Historical Data - Total Return Index (NIFTY 50, gross TRI)"
2022-09-21,25727.13,23417.42,"niftyindices.com Historical Data - Total Return Index (NIFTY 50, gross TRI)"
2022-09-22,25598.6,23300.42,"niftyindices.com Historical Data - Total Return Index (NIFTY 50, gross TRI)"
2022-09-23,25159.42,22900.66,"niftyindices.com Historical Data - Total Return Index (NIFTY 50, gross TRI)"
2022-09-26,24707.77,22489.57,"niftyindices.com Historical Data - Total Return Index (NIFTY 50, gross TRI)"
2022-09-27,24694.83,22477.79,"niftyindices.com Historical Data - Total Return Index (NIFTY 50, gross TRI)"
2022-09-28,24478.82,22281.17,"niftyindices.com Historical Data - Total Return Index (NIFTY 50, gross TRI)"
2022-09-29,24419.98,22227.62,"niftyindices.com Historical Data - Total Return Index (NIFTY 50, gross TRI)"
2022-09-30,24821.08,22592.71,"niftyindices.com Historical Data - Total Return Index (NIFTY 50, gross TRI)"
2022-10-03,24520.52,22319.13,"niftyindices.com Historical Data - Total Return Index (NIFTY 50, gross TRI)"
2022-10-04,25082.39,22830.55,"niftyindices.com Historical Data - Total Return Index (NIFTY 50, gross TRI)"
2022-10-06,25165.85,22906.52,"niftyindices.com Historical Data - Total Return Index (NIFTY 50, gross TRI)"
2022-10-07,25140.99,22883.89,"niftyindices.com Historical Data - Total Return Index (NIFTY 50, gross TRI)"
2022-10-10,25034.02,22786.53,"niftyindices.com Historical Data - Total Return Index (NIFTY 50, gross TRI)"
2022-10-11,24660.2,22446.27,"niftyindices.com Historical Data - Total Return Index (NIFTY 50, gross TRI)"
2022-10-12,24863.58,22631.39,"niftyindices.com Historical Data - Total Return Index (NIFTY 50, gross TRI)"
2022-10-13,24704.95,22487.0,"niftyindices.com Historical Data - Total Return Index (NIFTY 50, gross TRI)"
2022-10-14,24953.75,22713.47,"niftyindices.com Historical Data - Total Return Index (NIFTY 50, gross TRI)"
2022-10-17,25139.55,22882.0,"niftyindices.com Historical Data - Total Return Index (NIFTY 50, gross TRI)"
2022-10-18,25393.89,23113.49,"niftyindices.com Historical Data - Total Return Index (NIFTY 50, gross TRI)"
2022-10-19,25434.1,23149.34,"niftyindices.com Historical Data - Total Return Index (NIFTY 50, gross TRI)"
2022-10-20,25509.14,23217.64,"niftyindices.com Historical Data - Total Return Index (NIFTY 50, gross TRI)"
2022-10-21,25527.09,23233.98,"niftyindices.com Historical Data - Total Return Index (NIFTY 50, gross TRI)"
2022-10-24,25751.45,23438.19,"niftyindices.com Historical Data - Total Return Index (NIFTY 50, gross TRI)"
2022-10-25,25643.34,23339.78,"niftyindices.com Historical Data - Total Return Index (NIFTY 50, gross TRI)"
2022-10-27,25780.23,23460.06,"niftyindices.com Historical Data - Total Return Index (NIFTY 50, gross TRI)"
2022-10-28,25852.72,23526.03,"niftyindices.com Historical Data - Total Return Index (NIFTY 50, gross TRI)"
2022-10-31,26182.36,23825.55,"niftyindices.com Historical Data - Total Return Index (NIFTY 50, gross TRI)"
2022-11-01,26380.97,24005.21,"niftyindices.com Historical Data - Total Return Index (NIFTY 50, gross TRI)"
2022-11-02,26290.01,23922.43,"niftyindices.com Historical Data - Total Return Index (NIFTY 50, gross TRI)"
2022-11-03,26246.23,23882.6,"niftyindices.com Historical Data - Total Return Index (NIFTY 50, gross TRI)"
2022-11-04,26339.9,23967.83,"niftyindices.com Historical Data - Total Return Index (NIFTY 50, gross TRI)"
2022-11-07,26464.44,24081.16,"niftyindices.com Historical Data - Total Return Index (NIFTY 50, gross TRI)"
2022-11-09,26401.58,24023.14,"niftyindices.com Historical Data - Total Return Index (NIFTY 50, gross TRI)"
2022-11-10,26214.31,23852.74,"niftyindices.com Historical Data - Total Return Index (NIFTY 50, gross TRI)"
2022-11-11,26681.76,24278.09,"niftyindices.com Historical Data - Total Return Index (NIFTY 50, gross TRI)"
2022-11-14,26651.93,24249.71,"niftyindices.com Historical Data - Total Return Index (NIFTY 50, gross TRI)"
2022-11-15,26759.85,24345.66,"niftyindices.com Historical Data - Total Return Index (NIFTY 50, gross TRI)"
2022-11-16,26768.95,24353.94,"niftyindices.com Historical Data - Total Return Index (NIFTY 50, gross TRI)"
2022-11-17,26673.32,24266.93,"niftyindices.com Historical Data - Total Return Index (NIFTY 50, gross TRI)"
2022-11-18,26620.61,24218.98,"niftyindices.com Historical Data - Total Return Index (NIFTY 50, gross TRI)"
2022-11-21,26405.9,24021.76,"niftyindices.com Historical Data - Total Return Index (NIFTY 50, gross TRI)"
2022-11-22,26528.4,24133.2,"niftyindices.com Historical Data - Total Return Index (NIFTY 50, gross TRI)"
2022-11-23,26561.89,24163.67,"niftyindices.com Historical Data - Total Return Index (NIFTY 50, gross TRI)"
2022-11-24,26877.24,24450.54,"niftyindices.com Historical Data - Total Return Index (NIFTY 50, gross TRI)"
2022-11-25,26918.89,24488.44,"niftyindices.com Historical Data - Total Return Index (NIFTY 50, gross TRI)"
2022-11-28,26991.6,24554.58,"niftyindices.com Historical Data - Total Return Index (NIFTY 50, gross TRI)"
2022-11-29,27071.98,24627.7,"niftyindices.com Historical Data - Total Return Index (NIFTY 50, gross TRI)"
2022-11-30,27276.01,24813.31,"niftyindices.com Historical Data - Total Return Index (NIFTY 50, gross TRI)"
2022-12-01,27354.74,24884.93,"niftyindices.com Historical Data - Total Return Index (NIFTY 50, gross TRI)"
2022-12-02,27185.44,24730.92,"niftyindices.com Historical Data - Total Return Index (NIFTY 50, gross TRI)"
2022-12-05,27192.64,24737.46,"niftyindices.com Historical Data - Total Return Index (NIFTY 50, gross TRI)"
2022-12-06,27107.87,24660.35,"niftyindices.com Historical Data - Total Return Index (NIFTY 50, gross TRI)"
2022-12-07,26988.31,24551.59,"niftyindices.com Historical Data - Total Return Index (NIFTY 50, gross TRI)"
2022-12-08,27059.31,24616.18,"niftyindices.com Historical Data - Total Return Index (NIFTY 50, gross TRI)"
2022-12-09,26895.35,24467.02,"niftyindices.com Historical Data - Total Return Index (NIFTY 50, gross TRI)"
2022-12-12,26896.21,24467.8,"niftyindices.com Historical Data - Total Return Index (NIFTY 50, gross TRI)"
2022-12-13,27057.35,24614.39,"niftyindices.com Historical Data - Total Return Index (NIFTY 50, gross TRI)"
2022-12-14,27133.4,24683.57,"niftyindices.com Historical Data - Total Return Index (NIFTY 50, gross TRI)"
2022-12-15,26776.56,24358.95,"niftyindices.com Historical Data - Total Return Index (NIFTY 50, gross TRI)"
2022-12-16,26564.46,24166.01,"niftyindices.com Historical Data - Total Return Index (NIFTY 50, gross TRI)"
2022-12-19,26784.68,24366.34,"niftyindices.com Historical Data - Total Return Index (NIFTY 50, gross TRI)"
2022-12-20,26733.51,24319.79,"niftyindices.com Historical Data - Total Return Index (NIFTY 50, gross TRI)"
2022-12-21,26462.77,24073.49,"niftyindices.com Historical Data - Total Return Index (NIFTY 50, gross TRI)"
2022-12-22,26358.44,23978.58,"niftyindices.com Historical Data - Total Return Index (NIFTY 50, gross TRI)"
2022-12-23,25892.35,23554.58,"niftyindices.com Historical Data - Total Return Index (NIFTY 50, gross TRI)"
2022-12-26,26194.52,23829.46,"niftyindices.com Historical Data - Total Return Index (NIFTY 50, gross TRI)"
2022-12-27,26365.65,23985.14,"niftyindices.com Historical Data - Total Return Index (NIFTY 50, gross TRI)"
2022-12-28,26351.4,23972.18,"niftyindices.com Historical Data - Total Return Index (NIFTY 50, gross TRI)"
2022-12-29,26451.02,24062.8,"niftyindices.com Historical Data - Total Return Index (NIFTY 50, gross TRI)"
2022-12-30,26326.37,23949.41,"niftyindices.com Historical Data - Total Return Index (NIFTY 50, gross TRI)"
2023-01-02,26460.41,24071.35,"niftyindices.com Historical Data - Total Return Index (NIFTY 50, gross TRI)"
2023-01-03,26511.45,24117.78,"niftyindices.com Historical Data - Total Return Index (NIFTY 50, gross TRI)"
2023-01-04,26235.73,23866.95,"niftyindices.com Historical Data - Total Return Index (NIFTY 50, gross TRI)"
2023-01-05,26161.85,23799.74,"niftyindices.com Historical Data - Total Return Index (NIFTY 50, gross TRI)"
2023-01-06,25968.95,23624.26,"niftyindices.com Historical Data - Total Return Index (NIFTY 50, gross TRI)"
2023-01-09,26320.41,23943.99,"niftyindices.com Historical Data - Total Return Index (NIFTY 50, gross TRI)"
2023-01-10,26048.47,23696.6,"niftyindices.com Historical Data - Total Return Index (NIFTY 50, gross TRI)"
2023-01-11,26021.6,23672.16,"niftyindices.com Historical Data - Total Return Index (NIFTY 50, gross TRI)"
2023-01-12,25967.07,23622.55,"niftyindices.com Historical Data - Total Return Index (NIFTY 50, gross TRI)"
2023-01-13,26110.2,23752.76,"niftyindices.com Historical Data - Total Return Index (NIFTY 50, gross TRI)"
2023-01-16,26020.39,23665.56,"niftyindices.com Historical Data - Total Return Index (NIFTY 50, gross TRI)"
2023-01-17,26250.81,23875.12,"niftyindices.com Historical Data - Total Return Index (NIFTY 50, gross TRI)"
2023-01-18,26413.71,24023.27,"niftyindices.com Historical Data - Total Return Index (NIFTY 50, gross TRI)"
2023-01-19,26333.57,23949.63,"niftyindices.com Historical Data - Total Return Index (NIFTY 50, gross TRI)"
2023-01-20,26216.94,23843.55,"niftyindices.com Historical Data - Total Return Index (NIFTY 50, gross TRI)"
2023-01-23,26349.14,23963.79,"niftyindices.com Historical Data - Total Return Index (NIFTY 50, gross TRI)"
2023-01-24,26349.28,23963.81,"niftyindices.com Historical Data - Total Return Index (NIFTY 50, gross TRI)"
2023-01-25,26020.13,23664.46,"niftyindices.com Historical Data - Total Return Index (NIFTY 50, gross TRI)"
2023-01-27,25601.88,23284.07,"niftyindices.com Historical Data - Total Return Index (NIFTY 50, gross TRI)"
2023-01-30,25666.69,23343.02,"niftyindices.com Historical Data - Total Return Index (NIFTY 50, gross TRI)"
2023-01-31,25685.94,23360.52,"niftyindices.com Historical Data - Total Return Index (NIFTY 50, gross TRI)"
2023-02-01,25619.24,23299.87,"niftyindices.com Historical Data - Total Return Index (NIFTY 50, gross TRI)"
2023-02-02,25610.65,23292.05,"niftyindices.com Historical Data - Total Return Index (NIFTY 50, gross TRI)"
2023-02-03,25965.0,23612.87,"niftyindices.com Historical Data - Total Return Index (NIFTY 50, gross TRI)"
2023-02-06,25834.87,23494.53,"niftyindices.com Historical Data - Total Return Index (NIFTY 50, gross TRI)"
2023-02-07,25772.19,23437.53,"niftyindices.com Historical Data - Total Return Index (NIFTY 50, gross TRI)"
2023-02-08,25993.34,23636.05,"niftyindices.com Historical Data - Total Return Index (NIFTY 50, gross TRI)"
2023-02-09,26024.94,23664.79,"niftyindices.com Historical Data - Total Return Index (NIFTY 50, gross TRI)"
2023-02-10,25971.23,23615.95,"niftyindices.com Historical Data - Total Return Index (NIFTY 50, gross TRI)"
2023-02-13,25846.7,23502.71,"niftyindices.com Historical Data - Total Return Index (NIFTY 50, gross TRI)"
2023-02-14,26077.93,23712.97,"niftyindices.com Historical Data - Total Return Index (NIFTY 50, gross TRI)"
2023-02-15,26220.43,23838.76,"niftyindices.com Historical Data - Total Return Index (NIFTY 50, gross TRI)"
2023-02-16,26249.52,23865.21,"niftyindices.com Historical Data - Total Return Index (NIFTY 50, gross TRI)"
2023-02-17,26116.12,23743.32,"niftyindices.com Historical Data - Total Return Index (NIFTY 50, gross TRI)"
2023-02-20,25971.19,23611.56,"niftyindices.com Historical Data - Total Return Index (NIFTY 50, gross TRI)"
2023-02-21,25945.08,23587.82,"niftyindices.com Historical Data - Total Return Index (NIFTY 50, gross TRI)"
2023-02-22,25548.67,23227.43,"niftyindices.com Historical Data - Total Return Index (NIFTY 50, gross TRI)"
2023-02-23,25485.97,23170.43,"niftyindices.com Historical Data - Total Return Index (NIFTY 50, gross TRI)"
2023-02-24,25420.07,23109.35,"niftyindices.com Historical Data - Total Return Index (NIFTY 50, gross TRI)"
2023-02-27,25313.7,23012.64,"niftyindices.com Historical Data - Total Return Index (NIFTY 50, gross TRI)"
2023-02-28,25184.47,22895.16,"niftyindices.com Historical Data - Total Return Index (NIFTY 50, gross TRI)"
2023-03-01,25398.4,23089.65,"niftyindices.com Historical Data - Total Return Index (NIFTY 50, gross TRI)"
2023-03-02,25210.65,22918.97,"niftyindices.com Historical Data - Total Return Index (NIFTY 50, gross TRI)"
2023-03-03,25607.14,23279.41,"niftyindices.com Historical Data - Total Return Index (NIFTY 50, gross TRI)"
2023-03-06,25777.6,23434.37,"niftyindices.com Historical Data - Total Return Index (NIFTY 50, gross TRI)"
2023-03-08,25840.12,23491.21,"niftyindices.com Historical Data - Total Return Index (NIFTY 50, gross TRI)"
2023-03-09,25600.24,23273.14,"niftyindices.com Historical Data - Total Return Index (NIFTY 50, gross TRI)"
2023-03-10,25343.09,23039.37,"niftyindices.com Historical Data - Total Return Index (NIFTY 50, gross TRI)"
2023-03-13,24966.68,22697.17,"niftyindices.com Historical Data - Total Return Index (NIFTY 50, gross TRI)"
2023-03-14,24805.11,22550.29,"niftyindices.com Historical Data - Total Return Index (NIFTY 50, gross TRI)"
2023-03-15,24701.6,22456.19,"niftyindices.com Historical Data - Total Return Index (NIFTY 50, gross TRI)"
2023-03-16,24721.52,22474.22,"niftyindices.com Historical Data - Total Return Index (NIFTY 50, gross TRI)"
2023-03-17,24888.1,22625.65,"niftyindices.com Historical Data - Total Return Index (NIFTY 50, gross TRI)"
2023-03-20,24725.6,22477.92,"niftyindices.com Historical Data - Total Return Index (NIFTY 50, gross TRI)"
2023-03-21,24898.97,22635.53,"niftyindices.com Historical Data - Total Return Index (NIFTY 50, gross TRI)"
2023-03-22,24963.55,22694.24,"niftyindices.com Historical Data - Total Return Index (NIFTY 50, gross TRI)"
2023-03-23,24854.39,22595.01,"niftyindices.com Historical Data - Total Return Index (NIFTY 50, gross TRI)"
2023-03-24,24662.53,22420.59,"niftyindices.com Historical Data - Total Return Index (NIFTY 50, gross TRI)"
2023-03-27,24721.71,22474.39,"niftyindices.com Historical Data - Total Return Index (NIFTY 50, gross TRI)"
2023-03-28,24672.17,22429.35,"niftyindices.com Historical Data - Total Return Index (NIFTY 50, gross TRI)"
2023-03-29,24859.93,22600.05,"niftyindices.com Historical Data - Total Return Index (NIFTY 50, gross TRI)"
2023-03-31,25266.06,22969.25,"niftyindices.com Historical Data - Total Return Index (NIFTY 50, gross TRI)"
2023-04-03,25321.85,23019.97,"niftyindices.com Historical Data - Total Return Index (NIFTY 50, gross TRI)"
2023-04-05,25553.28,23230.36,"niftyindices.com Historical Data - Total Return Index (NIFTY 50, gross TRI)"
2023-04-06,25614.55,23286.07,"niftyindices.com Historical Data - Total Return Index (NIFTY 50, gross TRI)"
2023-04-10,25650.73,23318.96,"niftyindices.com Historical Data - Total Return Index (NIFTY 50, gross TRI)"
2023-04-11,25793.77,23449.0,"niftyindices.com Historical Data - Total Return Index (NIFTY 50, gross TRI)"
2023-04-12,25924.89,23568.2,"niftyindices.com Historical Data - Total Return Index (NIFTY 50, gross TRI)"
2023-04-13,25950.39,23590.76,"niftyindices.com Historical Data - Total Return Index (NIFTY 50, gross TRI)"
2023-04-17,25774.07,23430.48,"niftyindices.com Historical Data - Total Return Index (NIFTY 50, gross TRI)"
2023-04-18,25706.09,23368.68,"niftyindices.com Historical Data - Total Return Index (NIFTY 50, gross TRI)"
2023-04-19,25645.82,23313.89,"niftyindices.com Historical Data - Total Return Index (NIFTY 50, gross TRI)"
2023-04-20,25654.16,23321.47,"niftyindices.com Historical Data - Total Return Index (NIFTY 50, gross TRI)"
2023-04-21,25654.78,23321.77,"niftyindices.com Historical Data - Total Return Index (NIFTY 50, gross TRI)"
2023-04-24,25828.46,23479.65,"niftyindices.com Historical Data - Total Return Index (NIFTY 50, gross TRI)"
2023-04-25,25866.09,23513.86,"niftyindices.com Historical Data - Total Return Index (NIFTY 50, gross TRI)"
2023-04-26,25930.7,23572.6,"niftyindices.com Historical Data - Total Return Index (NIFTY 50, gross TRI)"
2023-04-27,26078.38,23706.85,"niftyindices.com Historical Data - Total Return Index (NIFTY 50, gross TRI)"
2023-04-28,26302.92,23909.59,"niftyindices.com Historical Data - Total Return Index (NIFTY 50, gross TRI)"
2023-05-02,26423.3,24019.02,"niftyindices.com Historical Data - Total Return Index (NIFTY 50, gross TRI)"
2023-05-03,26339.14,23942.52,"niftyindices.com Historical Data - Total Return Index (NIFTY 50, gross TRI)"
2023-05-04,26580.77,24162.16,"niftyindices.com Historical Data - Total Return Index (NIFTY 50, gross TRI)"
2023-05-05,26308.78,23914.93,"niftyindices.com Historical Data - Total Return Index (NIFTY 50, gross TRI)"
2023-05-08,26593.29,24173.54,"niftyindices.com Historical Data - Total Return Index (NIFTY 50, gross TRI)"
2023-05-09,26595.52,24175.57,"niftyindices.com Historical Data - Total Return Index (NIFTY 50, gross TRI)"
2023-05-10,26667.11,24240.65,"niftyindices.com Historical Data - Total Return Index (NIFTY 50, gross TRI)"
2023-05-11,26640.77,24216.7,"niftyindices.com Historical Data - Total Return Index (NIFTY 50, gross TRI)"
2023-05-12,26666.67,24240.25,"niftyindices.com Historical Data - Total Return Index (NIFTY 50, gross TRI)"
2023-05-15,26789.02,24351.47,"niftyindices.com Historical Data - Total Return Index (NIFTY 50, gross TRI)"
2023-05-16,26679.67,24240.28,"niftyindices.com Historical Data - Total Return Index (NIFTY 50, gross TRI)"
2023-05-17,26526.82,24101.4,"niftyindices.com Historical Data - Total Return Index (NIFTY 50, gross TRI)"
2023-05-18,26451.26,24032.75,"niftyindices.com Historical Data - Total Return Index (NIFTY 50, gross TRI)"
2023-05-19,26560.1,24131.28,"niftyindices.com Historical Data - Total Return Index (NIFTY 50, gross TRI)"
2023-05-22,26722.03,24278.4,"niftyindices.com Historical Data - Total Return Index (NIFTY 50, gross TRI)"
2023-05-23,26771.1,24322.98,"niftyindices.com Historical Data - Total Return Index (NIFTY 50, gross TRI)"
2023-05-24,26679.72,24239.96,"niftyindices.com Historical Data - Total Return Index (NIFTY 50, gross TRI)"
2023-05-25,26731.86,24287.34,"niftyindices.com Historical Data - Total Return Index (NIFTY 50, gross TRI)"
2023-05-26,26991.87,24523.57,"niftyindices.com Historical Data - Total Return Index (NIFTY 50, gross TRI)"
2023-05-29,27136.82,24655.26,"niftyindices.com Historical Data - Total Return Index (NIFTY 50, gross TRI)"
2023-05-30,27188.18,24695.86,"niftyindices.com Historical Data - Total Return Index (NIFTY 50, gross TRI)"
2023-05-31,27057.44,24573.97,"niftyindices.com Historical Data - Total Return Index (NIFTY 50, gross TRI)"
2023-06-01,26989.35,24512.14,"niftyindices.com Historical Data - Total Return Index (NIFTY 50, gross TRI)"
2023-06-02,27080.87,24590.09,"niftyindices.com Historical Data - Total Return Index (NIFTY 50, gross TRI)"
2023-06-05,27168.13,24669.32,"niftyindices.com Historical Data - Total Return Index (NIFTY 50, gross TRI)"
2023-06-06,27175.7,24676.19,"niftyindices.com Historical Data - Total Return Index (NIFTY 50, gross TRI)"
2023-06-07,27361.85,24845.22,"niftyindices.com Historical Data - Total Return Index (NIFTY 50, gross TRI)"
2023-06-08,27227.59,24723.3,"niftyindices.com Historical Data - Total Return Index (NIFTY 50, gross TRI)"
2023-06-09,27126.86,24631.15,"niftyindices.com Historical Data - Total Return Index (NIFTY 50, gross TRI)"
2023-06-12,27182.55,24681.72,"niftyindices.com Historical Data - Total Return Index (NIFTY 50, gross TRI)"
2023-06-13,27350.09,24833.84,"niftyindices.com Historical Data - Total Return Index (NIFTY 50, gross TRI)"
2023-06-14,27408.12,24886.53,"niftyindices.com Historical Data - Total Return Index (NIFTY 50, gross TRI)"
2023-06-15,27317.25,24802.24,"niftyindices.com Historical Data - Total Return Index (NIFTY 50, gross TRI)"
2023-06-16,27519.44,24985.68,"niftyindices.com Historical Data - Total Return Index (NIFTY 50, gross TRI)"
2023-06-19,27422.87,24896.58,"niftyindices.com Historical Data - Total Return Index (NIFTY 50, gross TRI)"
2023-06-20,27512.41,24977.87,"niftyindices.com Historical Data - Total Return Index (NIFTY 50, gross TRI)"
2023-06-21,27571.14,25031.2,"niftyindices.com Historical Data - Total Return Index (NIFTY 50, gross TRI)"
2023-06-22,27445.97,24915.45,"niftyindices.com Historical Data - Total Return Index (NIFTY 50, gross TRI)"
2023-06-23,27291.39,24775.13,"niftyindices.com Historical Data - Total Return Index (NIFTY 50, gross TRI)"
2023-06-26,27328.91,24809.19,"niftyindices.com Historical Data - Total Return Index (NIFTY 50, gross TRI)"
2023-06-27,27513.45,24976.71,"niftyindices.com Historical Data - Total Return Index (NIFTY 50, gross TRI)"
2023-06-28,27739.64,25182.04,"niftyindices.com Historical Data - Total Return Index (NIFTY 50, gross TRI)"
2023-06-30,28059.65,25470.8,"niftyindices.com Historical Data - Total Return Index (NIFTY 50, gross TRI)"
2023-07-03,28254.9,25648.04,"niftyindices.com Historical Data - Total Return Index (NIFTY 50, gross TRI)"
2023-07-04,28352.01,25736.19,"niftyindices.com Historical Data - Total Return Index (NIFTY 50, gross TRI)"
2023-07-05,28365.96,25748.85,"niftyindices.com Historical Data - Total Return Index (NIFTY 50, gross TRI)"
2023-07-06,28510.39,25879.96,"niftyindices.com Historical Data - Total Return Index (NIFTY 50, gross TRI)"
2023-07-07,28269.43,25661.0,"niftyindices.com Historical Data - Total Return Index (NIFTY 50, gross TRI)"
2023-07-10,28304.66,25692.98,"niftyindices.com Historical Data - Total Return Index (NIFTY 50, gross TRI)"
2023-07-11,28429.42,25805.65,"niftyindices.com Historical Data - Total Return Index (NIFTY 50, gross TRI)"
2023-07-12,28348.88,25732.55,"niftyindices.com Historical Data - Total Return Index (NIFTY 50, gross TRI)"
2023-07-13,28393.32,25772.58,"niftyindices.com Historical Data - Total Return Index (NIFTY 50, gross TRI)"
2023-07-14,28618.6,25976.03,"niftyindices.com Historical Data - Total Return Index (NIFTY 50, gross TRI)"
2023-07-17,28833.54,26171.12,"niftyindices.com Historical Data - Total Return Index (NIFTY 50, gross TRI)"
2023-07-18,28888.85,26221.32,"niftyindices.com Historical Data - Total Return Index (NIFTY 50, gross TRI)"
2023-07-19,29011.55,26332.69,"niftyindices.com Historical Data - Total Return Index (NIFTY 50, gross TRI)"
2023-07-20,29231.71,26531.1,"niftyindices.com Historical Data - Total Return Index (NIFTY 50, gross TRI)"
2023-07-21,28890.53,26219.69,"niftyindices.com Historical Data - Total Return Index (NIFTY 50, gross TRI)"
2023-07-24,28784.26,26123.25,"niftyindices.com Historical Data - Total Return Index (NIFTY 50, gross TRI)"
2023-07-25,28796.35,26134.22,"niftyindices.com Historical Data - Total Return Index (NIFTY 50, gross TRI)"
2023-07-26,28939.3,26263.95,"niftyindices.com Historical Data - Total Return Index (NIFTY 50, gross TRI)"
2023-07-27,28769.02,26108.77,"niftyindices.com Historical Data - Total Return Index (NIFTY 50, gross TRI)"
2023-07-28,28752.69,26093.09,"niftyindices.com Historical Data - Total Return Index (NIFTY 50, gross TRI)"
2023-07-31,28910.43,26236.24,"niftyindices.com Historical Data - Total Return Index (NIFTY 50, gross TRI)"
2023-08-01,28880.78,26209.33,"niftyindices.com Historical Data - Total Return Index (NIFTY 50, gross TRI)"
2023-08-02,28589.81,25942.67,"niftyindices.com Historical Data - Total Return Index (NIFTY 50, gross TRI)"
2023-08-03,28383.28,25754.04,"niftyindices.com Historical Data - Total Return Index (NIFTY 50, gross TRI)"
2023-08-04,28582.25,25934.42,"niftyindices.com Historical Data - Total Return Index (NIFTY 50, gross TRI)"
2023-08-07,28699.8,26041.09,"niftyindices.com Historical Data - Total Return Index (NIFTY 50, gross TRI)"
2023-08-08,28661.08,26004.78,"niftyindices.com Historical Data - Total Return Index (NIFTY 50, gross TRI)"
2023-08-09,28769.97,26099.56,"niftyindices.com Historical Data - Total Return Index (NIFTY 50, gross TRI)"
2023-08-10,28638.92,25980.67,"niftyindices.com Historical Data - Total Return Index (NIFTY 50, gross TRI)"
2023-08-11,28482.45,25836.16,"niftyindices.com Historical Data - Total Return Index (NIFTY 50, gross TRI)"
2023-08-14,28494.78,25846.67,"niftyindices.com Historical Data - Total Return Index (NIFTY 50, gross TRI)"
2023-08-16,28539.38,25887.13,"niftyindices.com Historical Data - Total Return Index (NIFTY 50, gross TRI)"
2023-08-17,28393.16,25754.49,"niftyindices.com Historical Data - Total Return Index (NIFTY 50, gross TRI)"
2023-08-18,28316.31,25683.93,"niftyindices.com Historical Data - Total Return Index (NIFTY 50, gross TRI)"
2023-08-21,28448.83,25801.94,"niftyindices.com Historical Data - Total Return Index (NIFTY 50, gross TRI)"
2023-08-22,28453.01,25805.73,"niftyindices.com Historical Data - Total Return Index (NIFTY 50, gross TRI)"
2023-08-23,28522.76,25868.99,"niftyindices.com Historical Data - Total Return Index (NIFTY 50, gross TRI)"
2023-08-24,28438.68,25792.73,"niftyindices.com Historical Data - Total Return Index (NIFTY 50, gross TRI)"
2023-08-25,28261.32,25631.87,"niftyindices.com Historical Data - Total Return Index (NIFTY 50, gross TRI)"
2023-08-28,28320.4,25685.46,"niftyindices.com Historical Data - Total Return Index (NIFTY 50, gross TRI)"
2023-08-29,28374.03,25734.1,"niftyindices.com Historical Data - Total Return Index (NIFTY 50, gross TRI)"
2023-08-30,28381.13,25740.54,"niftyindices.com Historical Data - Total Return Index (NIFTY 50, gross TRI)"
2023-08-31,28243.74,25615.93,"niftyindices.com Historical Data - Total Return Index (NIFTY 50, gross TRI)"
2023-09-01,28509.94,25857.36,"niftyindices.com Historical Data - Total Return Index (NIFTY 50, gross TRI)"
2023-09-04,28647.16,25981.81,"niftyindices.com Historical Data - Total Return Index (NIFTY 50, gross TRI)"
2023-09-05,28714.78,26043.15,"niftyindices.com Historical Data - Total Return Index (NIFTY 50, gross TRI)"
2023-09-06,28767.78,26091.21,"niftyindices.com Historical Data - Total Return Index (NIFTY 50, gross TRI)"
2023-09-07,28937.96,26245.56,"niftyindices.com Historical Data - Total Return Index (NIFTY 50, gross TRI)"
2023-09-08,29074.22,26369.14,"niftyindices.com Historical Data - Total Return Index (NIFTY 50, gross TRI)"
2023-09-11,29333.0,26603.84,"niftyindices.com Historical Data - Total Return Index (NIFTY 50, gross TRI)"
2023-09-12,29328.37,26587.76,"niftyindices.com Historical Data - Total Return Index (NIFTY 50, gross TRI)"
2023-09-13,29441.04,26689.91,"niftyindices.com Historical Data - Total Return Index (NIFTY 50, gross TRI)"
2023-09-14,29489.61,26733.94,"niftyindices.com Historical Data - Total Return Index (NIFTY 50, gross TRI)"
2023-09-15,29620.53,26852.63,"niftyindices.com Historical Data - Total Return Index (NIFTY 50, gross TRI)"
2023-09-18,29533.91,26774.1,"niftyindices.com Historical Data - Total Return Index (NIFTY 50, gross TRI)"
2023-09-20,29193.69,26465.67,"niftyindices.com Historical Data - Total Return Index (NIFTY 50, gross TRI)"
2023-09-21,28960.36,26254.15,"niftyindices.com Historical Data - Total Return Index (NIFTY 50, gross TRI)"
2023-09-22,28860.46,26163.59,"niftyindices.com Historical Data - Total Return Index (NIFTY 50, gross TRI)"
2023-09-25,28860.9,26163.98,"niftyindices.com Historical Data - Total Return Index (NIFTY 50, gross TRI)"
2023-09-26,28846.47,26150.9,"niftyindices.com Historical Data - Total Return Index (NIFTY 50, gross TRI)"
2023-09-27,28922.43,26219.76,"niftyindices.com Historical Data - Total Return Index (NIFTY 50, gross TRI)"
2023-09-28,28639.44,25963.22,"niftyindices.com Historical Data - Total Return Index (NIFTY 50, gross TRI)"
2023-09-29,28807.77,26115.82,"niftyindices.com Historical Data - Total Return Index (NIFTY 50, gross TRI)"
2023-10-03,28647.04,25970.11,"niftyindices.com Historical Data - Total Return Index (NIFTY 50, gross TRI)"
2023-10-04,28511.13,25846.9,"niftyindices.com Historical Data - Total Return Index (NIFTY 50, gross TRI)"
2023-10-05,28671.97,25992.7,"niftyindices.com Historical Data - Total Return Index (NIFTY 50, gross TRI)"
2023-10-06,28830.08,26136.04,"niftyindices.com Historical Data - Total Return Index (NIFTY 50, gross TRI)"
2023-10-09,28622.98,25948.3,"niftyindices.com Historical Data - Total Return Index (NIFTY 50, gross TRI)"
2023-10-10,28883.35,26184.33,"niftyindices.com Historical Data - Total Return Index (NIFTY 50, gross TRI)"
2023-10-11,29061.61,26345.93,"niftyindices.com Historical Data - Total Return Index (NIFTY 50, gross TRI)"
2023-10-12,29036.17,26322.87,"niftyindices.com Historical Data - Total Return Index (NIFTY 50, gross TRI)"
2023-10-13,28973.14,26265.73,"niftyindices.com Historical Data - Total Return Index (NIFTY 50, gross TRI)"
2023-10-16,28944.87,26240.1,"niftyindices.com Historical Data - Total Return Index (NIFTY 50, gross TRI)"
2023-10-17,29061.8,26346.11,"niftyindices.com Historical Data - Total Return Index (NIFTY 50, gross TRI)"
2023-10-18,28855.87,26159.42,"niftyindices.com Historical Data - Total Return Index (NIFTY 50, gross TRI)"
2023-10-19,28790.88,26099.83,"niftyindices.com Historical Data - Total Return Index (NIFTY 50, gross TRI)"
2023-10-20,28674.78,25993.67,"niftyindices.com Historical Data - Total Return Index (NIFTY 50, gross TRI)"
2023-10-23,28291.96,25646.64,"niftyindices.com Historical Data - Total Return Index (NIFTY 50, gross TRI)"
2023-10-25,28079.26,25449.17,"niftyindices.com Historical Data - Total Return Index (NIFTY 50, gross TRI)"
2023-10-26,27690.29,25096.63,"niftyindices.com Historical Data - Total Return Index (NIFTY 50, gross TRI)"
2023-10-27,27969.92,25349.93,"niftyindices.com Historical Data - Total Return Index (NIFTY 50, gross TRI)"
2023-10-30,28107.42,25474.56,"niftyindices.com Historical Data - Total Return Index (NIFTY 50, gross TRI)"
2023-10-31,28017.36,25392.94,"niftyindices.com Historical Data - Total Return Index (NIFTY 50, gross TRI)"
2023-11-01,27886.24,25273.73,"niftyindices.com Historical Data - Total Return Index (NIFTY 50, gross TRI)"
2023-11-02,28105.75,25470.96,"niftyindices.com Historical Data - Total Return Index (NIFTY 50, gross TRI)"
2023-11-03,28253.09,25603.55,"niftyindices.com Historical Data - Total Return Index (NIFTY 50, gross TRI)"
2023-11-06,28519.25,25844.75,"niftyindices.com Historical Data - Total Return Index (NIFTY 50, gross TRI)"
2023-11-07,28511.81,25838.01,"niftyindices.com Historical Data - Total Return Index (NIFTY 50, gross TRI)"
2023-11-08,28565.86,25886.99,"niftyindices.com Historical Data - Total Return Index (NIFTY 50, gross TRI)"
2023-11-09,28495.08,25822.85,"niftyindices.com Historical Data - Total Return Index (NIFTY 50, gross TRI)"
2023-11-10,28539.24,25862.87,"niftyindices.com Historical Data - Total Return Index (NIFTY 50, gross TRI)"
2023-11-12,28686.47,25996.29,"niftyindices.com Historical Data - Total Return Index (NIFTY 50, gross TRI)"
2023-11-13,28565.95,25887.07,"niftyindices.com Historical Data - Total Return Index (NIFTY 50, gross TRI)"
2023-11-15,28906.7,26195.86,"niftyindices.com Historical Data - Total Return Index (NIFTY 50, gross TRI)"
2023-11-16,29044.66,26319.57,"niftyindices.com Historical Data - Total Return Index (NIFTY 50, gross TRI)"
2023-11-17,28995.52,26275.04,"niftyindices.com Historical Data - Total Return Index (NIFTY 50, gross TRI)"
2023-11-20,28939.98,26224.7,"niftyindices.com Historical Data - Total Return Index (NIFTY 50, gross TRI)"
2023-11-21,29071.36,26339.61,"niftyindices.com Historical Data - Total Return Index (NIFTY 50, gross TRI)"
2023-11-22,29113.18,26377.5,"niftyindices.com Historical Data - Total Return Index (NIFTY 50, gross TRI)"
2023-11-23,29098.74,26364.41,"niftyindices.com Historical Data - Total Return Index (NIFTY 50, gross TRI)"
2023-11-24,29087.95,26354.64,"niftyindices.com Historical Data - Total Return Index (NIFTY 50, gross TRI)"
2023-11-28,29227.61,26481.17,"niftyindices.com Historical Data - Total Return Index (NIFTY 50, gross TRI)"
2023-11-29,29531.63,26756.63,"niftyindices.com Historical Data - Total Return Index (NIFTY 50, gross TRI)"
2023-11-30,29585.36,26805.3,"niftyindices.com Historical Data - Total Return Index (NIFTY 50, gross TRI)"
2023-12-01,29783.34,26984.68,"niftyindices.com Historical Data - Total Return Index (NIFTY 50, gross TRI)"
2023-12-04,30398.91,27542.41,"niftyindices.com Historical Data - Total Return Index (NIFTY 50, gross TRI)"
2023-12-05,30646.19,27766.45,"niftyindices.com Historical Data - Total Return Index (NIFTY 50, gross TRI)"
2023-12-06,30767.6,27876.45,"niftyindices.com Historical Data - Total Return Index (NIFTY 50, gross TRI)"
2023-12-07,30713.86,27827.76,"niftyindices.com Historical Data - Total Return Index (NIFTY 50, gross TRI)"
2023-12-08,30814.15,27918.63,"niftyindices.com Historical Data - Total Return Index (NIFTY 50, gross TRI)"
2023-12-11,30854.9,27955.55,"niftyindices.com Historical Data - Total Return Index (NIFTY 50, gross TRI)"
2023-12-12,30721.59,27833.31,"niftyindices.com Historical Data - Total Return Index (NIFTY 50, gross TRI)"
2023-12-13,30750.95,27859.91,"niftyindices.com Historical Data - Total Return Index (NIFTY 50, gross TRI)"
2023-12-14,31127.6,28201.14,"niftyindices.com Historical Data - Total Return Index (NIFTY 50, gross TRI)"
2023-12-15,31530.19,28565.89,"niftyindices.com Historical Data - Total Return Index (NIFTY 50, gross TRI)"
2023-12-18,31474.35,28515.3,"niftyindices.com Historical Data - Total Return Index (NIFTY 50, gross TRI)"
2023-12-19,31525.0,28561.19,"niftyindices.com Historical Data - Total Return Index (NIFTY 50, gross TRI)"
2023-12-20,31079.76,28157.81,"niftyindices.com Historical Data - Total Return Index (NIFTY 50, gross TRI)"
2023-12-21,31233.93,28297.48,"niftyindices.com Historical Data - Total Return Index (NIFTY 50, gross TRI)"
2023-12-22,31372.6,28423.12,"niftyindices.com Historical Data - Total Return Index (NIFTY 50, gross TRI)"
2023-12-26,31507.69,28545.51,"niftyindices.com Historical Data - Total Return Index (NIFTY 50, gross TRI)"
2023-12-27,31821.31,28829.64,"niftyindices.com Historical Data - Total Return Index (NIFTY 50, gross TRI)"
2023-12-28,32003.47,28994.67,"niftyindices.com Historical Data - Total Return Index (NIFTY 50, gross TRI)"
2023-12-29,31933.93,28931.67,"niftyindices.com Historical Data - Total Return Index (NIFTY 50, gross TRI)"
2024-01-01,31949.36,28945.65,"niftyindices.com Historical Data - Total Return Index (NIFTY 50, gross TRI)"
2024-01-02,31837.56,28844.36,"niftyindices.com Historical Data - Total Return Index (NIFTY 50, gross TRI)"
2024-01-03,31619.36,28646.67,"niftyindices.com Historical Data - Total Return Index (NIFTY 50, gross TRI)"
2024-01-04,31826.97,28834.77,"niftyindices.com Historical Data - Total Return Index (NIFTY 50, gross TRI)"
2024-01-05,31903.69,28904.27,"niftyindices.com Historical Data - Total Return Index (NIFTY 50, gross TRI)"
2024-01-08,31613.01,28640.92,"niftyindices.com Historical Data - Total Return Index (NIFTY 50, gross TRI)"
2024-01-09,31659.81,28683.33,"niftyindices.com Historical Data - Total Return Index (NIFTY 50, gross TRI)"
2024-01-10,31768.3,28781.4,"niftyindices.com Historical Data - Total Return Index (NIFTY 50, gross TRI)"
2024-01-11,31810.18,28819.34,"niftyindices.com Historical Data - Total Return Index (NIFTY 50, gross TRI)"
2024-01-12,32173.66,29148.64,"niftyindices.com Historical Data - Total Return Index (NIFTY 50, gross TRI)"
2024-01-15,32471.8,29418.75,"niftyindices.com Historical Data - Total Return Index (NIFTY 50, gross TRI)"
2024-01-16,32376.1,29332.05,"niftyindices.com Historical Data - Total Return Index (NIFTY 50, gross TRI)"
2024-01-17,31699.64,28719.19,"niftyindices.com Historical Data - Total Return Index (NIFTY 50, gross TRI)"
2024-01-18,31538.4,28573.11,"niftyindices.com Historical Data - Total Return Index (NIFTY 50, gross TRI)"
2024-01-19,31787.24,28795.64,"niftyindices.com Historical Data - Total Return Index (NIFTY 50, gross TRI)"
2024-01-20,31712.86,28728.26,"niftyindices.com Historical Data - Total Return Index (NIFTY 50, gross TRI)"
2024-01-23,31223.3,28284.77,"niftyindices.com Historical Data - Total Return Index (NIFTY 50, gross TRI)"
2024-01-24,31540.07,28571.62,"niftyindices.com Historical Data - Total Return Index (NIFTY 50, gross TRI)"
2024-01-25,31391.07,28436.65,"niftyindices.com Historical Data - Total Return Index (NIFTY 50, gross TRI)"
2024-01-29,31957.05,28949.36,"niftyindices.com Historical Data - Total Return Index (NIFTY 50, gross TRI)"
2024-01-30,31640.24,28662.37,"niftyindices.com Historical Data - Total Return Index (NIFTY 50, gross TRI)"
2024-01-31,31939.59,28933.54,"niftyindices.com Historical Data - Total Return Index (NIFTY 50, gross TRI)"
2024-02-01,31898.06,28895.92,"niftyindices.com Historical Data - Total Return Index (NIFTY 50, gross TRI)"
2024-02-02,32127.9,29104.13,"niftyindices.com Historical Data - Total Return Index (NIFTY 50, gross TRI)"
2024-02-05,32007.18,28994.78,"niftyindices.com Historical Data - Total Return Index (NIFTY 50, gross TRI)"
2024-02-06,32242.59,29207.25,"niftyindices.com Historical Data - Total Return Index (NIFTY 50, gross TRI)"
2024-02-07,32244.22,29208.72,"niftyindices.com Historical Data - Total Return Index (NIFTY 50, gross TRI)"
2024-02-08,31950.32,28938.46,"niftyindices.com Historical Data - Total Return Index (NIFTY 50, gross TRI)"
2024-02-09,32048.38,29026.61,"niftyindices.com Historical Data - Total Return Index (NIFTY 50, gross TRI)"
2024-02-12,31803.52,28804.83,"niftyindices.com Historical Data - Total Return Index (NIFTY 50, gross TRI)"
2024-02-13,31990.61,28974.28,"niftyindices.com Historical Data - Total Return Index (NIFTY 50, gross TRI)"
2024-02-14,32133.04,29103.29,"niftyindices.com Historical Data - Total Return Index (NIFTY 50, gross TRI)"
2024-02-15,32244.79,29202.82,"niftyindices.com Historical Data - Total Return Index (NIFTY 50, gross TRI)"
2024-02-16,32441.32,29379.68,"niftyindices.com Historical Data - Total Return Index (NIFTY 50, gross TRI)"
2024-02-19,32561.34,29488.37,"niftyindices.com Historical Data - Total Return Index (NIFTY 50, gross TRI)"
2024-02-20,32675.53,29590.87,"niftyindices.com Historical Data - Total Return Index (NIFTY 50, gross TRI)"
2024-02-21,32466.65,29400.75,"niftyindices.com Historical Data - Total Return Index (NIFTY 50, gross TRI)"
2024-02-22,32705.7,29617.23,"niftyindices.com Historical Data - Total Return Index (NIFTY 50, gross TRI)"
2024-02-23,32698.69,29610.88,"niftyindices.com Historical Data - Total Return Index (NIFTY 50, gross TRI)"
2024-02-26,32565.29,29490.08,"niftyindices.com Historical Data - Total Return Index (NIFTY 50, gross TRI)"
2024-02-27,32677.61,29591.79,"niftyindices.com Historical Data - Total Return Index (NIFTY 50, gross TRI)"
2024-02-28,32313.7,29262.25,"niftyindices.com Historical Data - Total Return Index (NIFTY 50, gross TRI)"
2024-02-29,32360.25,29304.4,"niftyindices.com Historical Data - Total Return Index (NIFTY 50, gross TRI)"
2024-03-01,32884.29,29778.96,"niftyindices.com Historical Data - Total Return Index (NIFTY 50, gross TRI)"
2024-03-02,32942.63,29831.79,"niftyindices.com Historical Data - Total Return Index (NIFTY 50, gross TRI)"
2024-03-04,32982.68,29868.06,"niftyindices.com Historical Data - Total Return Index (NIFTY 50, gross TRI)"
2024-03-05,32910.07,29802.3,"niftyindices.com Historical Data - Total Return Index (NIFTY 50, gross TRI)"
2024-03-06,33083.42,29959.28,"niftyindices.com Historical Data - Total Return Index (NIFTY 50, gross TRI)"
2024-03-07,33112.15,29985.3,"niftyindices.com Historical Data - Total Return Index (NIFTY 50, gross TRI)"
2024-03-11,32875.25,29770.77,"niftyindices.com Historical Data - Total Return Index (NIFTY 50, gross TRI)"
2024-03-12,32879.74,29774.84,"niftyindices.com Historical Data - Total Return Index (NIFTY 50, gross TRI)"
2024-03-13,32382.22,29324.3,"niftyindices.com Historical Data - Total Return Index (NIFTY 50, gross TRI)"
2024-03-14,32601.49,29522.86,"niftyindices.com Historical Data - Total Return Index (NIFTY 50, gross TRI)"
2024-03-15,32420.41,29358.79,"niftyindices.com Historical Data - Total Return Index (NIFTY 50, gross TRI)"
2024-03-18,32468.0,29401.89,"niftyindices.com Historical Data - Total Return Index (NIFTY 50, gross TRI)"
2024-03-19,32117.3,29084.31,"niftyindices.com Historical Data - Total Return Index (NIFTY 50, gross TRI)"
2024-03-20,32149.17,29113.17,"niftyindices.com Historical Data - Total Return Index (NIFTY 50, gross TRI)"
2024-03-21,32403.6,29343.57,"niftyindices.com Historical Data - Total Return Index (NIFTY 50, gross TRI)"
2024-03-22,32528.43,29456.61,"niftyindices.com Historical Data - Total Return Index (NIFTY 50, gross TRI)"
2024-03-26,32392.94,29333.92,"niftyindices.com Historical Data - Total Return Index (NIFTY 50, gross TRI)"
2024-03-27,32568.01,29492.46,"niftyindices.com Historical Data - Total Return Index (NIFTY 50, gross TRI)"
2024-03-28,32867.23,29763.42,"niftyindices.com Historical Data - Total Return Index (NIFTY 50, gross TRI)"
2024-04-01,33066.13,29943.53,"niftyindices.com Historical Data - Total Return Index (NIFTY 50, gross TRI)"
2024-04-02,33053.33,29931.95,"niftyindices.com Historical Data - Total Return Index (NIFTY 50, gross TRI)"
2024-04-03,33025.82,29907.03,"niftyindices.com Historical Data - Total Return Index (NIFTY 50, gross TRI)"
2024-04-04,33143.59,30013.68,"niftyindices.com Historical Data - Total Return Index (NIFTY 50, gross TRI)"
2024-04-05,33142.19,30012.41,"niftyindices.com Historical Data - Total Return Index (NIFTY 50, gross TRI)"
2024-04-08,33366.87,30215.88,"niftyindices.com Historical Data - Total Return Index (NIFTY 50, gross TRI)"
2024-04-09,33332.19,30184.47,"niftyindices.com Historical Data - Total Return Index (NIFTY 50, gross TRI)"
2024-04-10,33495.65,30332.5,"niftyindices.com Historical Data - Total Return Index (NIFTY 50, gross TRI)"
2024-04-12,33150.59,30020.02,"niftyindices.com Historical Data - Total Return Index (NIFTY 50, gross TRI)"
2024-04-15,32787.15,29690.9,"niftyindices.com Historical Data - Total Return Index (NIFTY 50, gross TRI)"
2024-04-16,32603.74,29524.81,"niftyindices.com Historical Data - Total Return Index (NIFTY 50, gross TRI)"
2024-04-18,32379.9,29322.1,"niftyindices.com Historical Data - Total Return Index (NIFTY 50, gross TRI)"
2024-04-19,32602.42,29523.61,"niftyindices.com Historical Data - Total Return Index (NIFTY 50, gross TRI)"
2024-04-22,32881.22,29776.08,"niftyindices.com Historical Data - Total Return Index (NIFTY 50, gross TRI)"
2024-04-23,32927.73,29818.21,"niftyindices.com Historical Data - Total Return Index (NIFTY 50, gross TRI)"
2024-04-24,32978.37,29864.07,"niftyindices.com Historical Data - Total Return Index (NIFTY 50, gross TRI)"
2024-04-25,33225.64,30087.98,"niftyindices.com Historical Data - Total Return Index (NIFTY 50, gross TRI)"
2024-04-26,33004.19,29887.45,"niftyindices.com Historical Data - Total Return Index (NIFTY 50, gross TRI)"
2024-04-29,33333.12,30185.31,"niftyindices.com Historical Data - Total Return Index (NIFTY 50, gross TRI)"
2024-04-30,33276.41,30133.96,"niftyindices.com Historical Data - Total Return Index (NIFTY 50, gross TRI)"
2024-05-02,33340.2,30191.72,"niftyindices.com Historical Data - Total Return Index (NIFTY 50, gross TRI)"
2024-05-03,33086.51,29961.99,"niftyindices.com Historical Data - Total Return Index (NIFTY 50, gross TRI)"
2024-05-06,33037.73,29917.82,"niftyindices.com Historical Data - Total Return Index (NIFTY 50, gross TRI)"
2024-05-07,32837.71,29735.3,"niftyindices.com Historical Data - Total Return Index (NIFTY 50, gross TRI)"
2024-05-08,32837.65,29735.25,"niftyindices.com Historical Data - Total Return Index (NIFTY 50, gross TRI)"
2024-05-09,32329.72,29275.31,"niftyindices.com Historical Data - Total Return Index (NIFTY 50, gross TRI)"
2024-05-10,32522.55,29439.3,"niftyindices.com Historical Data - Total Return Index (NIFTY 50, gross TRI)"
2024-05-13,32594.61,29504.54,"niftyindices.com Historical Data - Total Return Index (NIFTY 50, gross TRI)"
2024-05-14,32762.37,29656.4,"niftyindices.com Historical Data - Total Return Index (NIFTY 50, gross TRI)"
2024-05-15,32736.91,29633.34,"niftyindices.com Historical Data - Total Return Index (NIFTY 50, gross TRI)"
2024-05-16,33046.16,29911.22,"niftyindices.com Historical Data - Total Return Index (NIFTY 50, gross TRI)"
2024-05-17,33138.02,29994.37,"niftyindices.com Historical Data - Total Return Index (NIFTY 50, gross TRI)"
2024-05-18,33190.97,30042.3,"niftyindices.com Historical Data - Total Return Index (NIFTY 50, gross TRI)"
2024-05-21,33230.84,30078.39,"niftyindices.com Historical Data - Total Return Index (NIFTY 50, gross TRI)"
2024-05-22,33349.84,30182.28,"niftyindices.com Historical Data - Total Return Index (NIFTY 50, gross TRI)"
2024-05-23,33895.66,30676.26,"niftyindices.com Historical Data - Total Return Index (NIFTY 50, gross TRI)"
2024-05-24,33881.75,30663.32,"niftyindices.com Historical Data - Total Return Index (NIFTY 50, gross TRI)"
2024-05-27,33845.39,30630.41,"niftyindices.com Historical Data - Total Return Index (NIFTY 50, gross TRI)"
2024-05-28,33780.01,30571.24,"niftyindices.com Historical Data - Total Return Index (NIFTY 50, gross TRI)"
2024-05-29,33509.23,30326.18,"niftyindices.com Historical Data - Total Return Index (NIFTY 50, gross TRI)"
2024-05-30,33190.35,30037.6,"niftyindices.com Historical Data - Total Return Index (NIFTY 50, gross TRI)"
2024-05-31,33285.9,30116.83,"niftyindices.com Historical Data - Total Return Index (NIFTY 50, gross TRI)"
2024-06-03,34369.13,31096.92,"niftyindices.com Historical Data - Total Return Index (NIFTY 50, gross TRI)"
2024-06-04,32353.5,29268.38,"niftyindices.com Historical Data - Total Return Index (NIFTY 50, gross TRI)"
2024-06-05,33441.4,30252.53,"niftyindices.com Historical Data - Total Return Index (NIFTY 50, gross TRI)"
2024-06-06,33738.58,30521.37,"niftyindices.com Historical Data - Total Return Index (NIFTY 50, gross TRI)"
2024-06-07,34431.61,31148.32,"niftyindices.com Historical Data - Total Return Index (NIFTY 50, gross TRI)"
2024-06-10,34385.84,31106.92,"niftyindices.com Historical Data - Total Return Index (NIFTY 50, gross TRI)"
2024-06-11,34402.0,31119.84,"niftyindices.com Historical Data - Total Return Index (NIFTY 50, gross TRI)"
2024-06-12,34487.88,31197.53,"niftyindices.com Historical Data - Total Return Index (NIFTY 50, gross TRI)"
2024-06-13,34600.19,31299.13,"niftyindices.com Historical Data - Total Return Index (NIFTY 50, gross TRI)"
2024-06-14,34710.67,31396.51,"niftyindices.com Historical Data - Total Return Index (NIFTY 50, gross TRI)"
2024-06-18,34847.24,31520.03,"niftyindices.com Historical Data - Total Return Index (NIFTY 50, gross TRI)"
2024-06-19,34786.58,31464.87,"niftyindices.com Historical Data - Total Return Index (NIFTY 50, gross TRI)"
2024-06-20,34873.15,31540.77,"niftyindices.com Historical Data - Total Return Index (NIFTY 50, gross TRI)"
2024-06-21,34779.9,31437.35,"niftyindices.com Historical Data - Total Return Index (NIFTY 50, gross TRI)"
2024-06-24,34834.33,31486.55,"niftyindices.com Historical Data - Total Return Index (NIFTY 50, gross TRI)"
2024-06-25,35105.79,31731.92,"niftyindices.com Historical Data - Total Return Index (NIFTY 50, gross TRI)"
2024-06-26,35324.11,31929.26,"niftyindices.com Historical Data - Total Return Index (NIFTY 50, gross TRI)"
2024-06-27,35585.62,32165.3,"niftyindices.com Historical Data - Total Return Index (NIFTY 50, gross TRI)"
2024-06-28,35539.16,32122.52,"niftyindices.com Historical Data - Total Return Index (NIFTY 50, gross TRI)"
2024-07-01,35733.58,32298.24,"niftyindices.com Historical Data - Total Return Index (NIFTY 50, gross TRI)"
2024-07-02,35706.77,32274.02,"niftyindices.com Historical Data - Total Return Index (NIFTY 50, gross TRI)"
2024-07-03,35947.53,32491.63,"niftyindices.com Historical Data - Total Return Index (NIFTY 50, gross TRI)"
2024-07-04,35970.64,32512.51,"niftyindices.com Historical Data - Total Return Index (NIFTY 50, gross TRI)"
2024-07-05,36009.61,32546.26,"niftyindices.com Historical Data - Total Return Index (NIFTY 50, gross TRI)"
2024-07-08,36004.74,32541.86,"niftyindices.com Historical Data - Total Return Index (NIFTY 50, gross TRI)"
2024-07-09,36173.87,32694.22,"niftyindices.com Historical Data - Total Return Index (NIFTY 50, gross TRI)"
2024-07-10,36012.82,32548.66,"niftyindices.com Historical Data - Total Return Index (NIFTY 50, gross TRI)"
2024-07-11,36000.25,32537.3,"niftyindices.com Historical Data - Total Return Index (NIFTY 50, gross TRI)"
2024-07-12,36278.67,32788.34,"niftyindices.com Historical Data - Total Return Index (NIFTY 50, gross TRI)"
2024-07-15,36403.86,32901.48,"niftyindices.com Historical Data - Total Return Index (NIFTY 50, gross TRI)"
2024-07-16,36445.79,32938.73,"niftyindices.com Historical Data - Total Return Index (NIFTY 50, gross TRI)"
2024-07-18,36723.93,33190.11,"niftyindices.com Historical Data - Total Return Index (NIFTY 50, gross TRI)"
2024-07-19,36328.6,32830.58,"niftyindices.com Historical Data - Total Return Index (NIFTY 50, gross TRI)"
2024-07-22,36296.55,32801.62,"niftyindices.com Historical Data - Total Return Index (NIFTY 50, gross TRI)"
2024-07-23,36257.51,32765.12,"niftyindices.com Historical Data - Total Return Index (NIFTY 50, gross TRI)"
2024-07-24,36160.36,32677.33,"niftyindices.com Historical Data - Total Return Index (NIFTY 50, gross TRI)"
2024-07-25,36149.4,32667.42,"niftyindices.com Historical Data - Total Return Index (NIFTY 50, gross TRI)"
2024-07-26,36784.48,33241.33,"niftyindices.com Historical Data - Total Return Index (NIFTY 50, gross TRI)"
2024-07-29,36786.3,33242.97,"niftyindices.com Historical Data - Total Return Index (NIFTY 50, gross TRI)"
2024-07-30,36820.47,33273.27,"niftyindices.com Historical Data - Total Return Index (NIFTY 50, gross TRI)"
2024-07-31,36959.48,33398.89,"niftyindices.com Historical Data - Total Return Index (NIFTY 50, gross TRI)"
2024-08-01,37049.7,33480.04,"niftyindices.com Historical Data - Total Return Index (NIFTY 50, gross TRI)"
2024-08-02,36624.49,33093.83,"niftyindices.com Historical Data - Total Return Index (NIFTY 50, gross TRI)"
2024-08-05,35646.37,32209.37,"niftyindices.com Historical Data - Total Return Index (NIFTY 50, gross TRI)"
2024-08-06,35554.15,32125.78,"niftyindices.com Historical Data - Total Return Index (NIFTY 50, gross TRI)"
2024-08-07,36020.75,32544.21,"niftyindices.com Historical Data - Total Return Index (NIFTY 50, gross TRI)"
2024-08-08,35753.12,32302.41,"niftyindices.com Historical Data - Total Return Index (NIFTY 50, gross TRI)"
2024-08-09,36126.23,32637.65,"niftyindices.com Historical Data - Total Return Index (NIFTY 50, gross TRI)"
2024-08-12,36119.45,32626.43,"niftyindices.com Historical Data - Total Return Index (NIFTY 50, gross TRI)"
2024-08-13,35810.83,32347.66,"niftyindices.com Historical Data - Total Return Index (NIFTY 50, gross TRI)"
2024-08-14,35817.89,32354.04,"niftyindices.com Historical Data - Total Return Index (NIFTY 50, gross TRI)"
2024-08-16,36415.85,32892.35,"niftyindices.com Historical Data - Total Return Index (NIFTY 50, gross TRI)"
2024-08-19,36473.95,32942.38,"niftyindices.com Historical Data - Total Return Index (NIFTY 50, gross TRI)"
2024-08-20,36661.24,33111.54,"niftyindices.com Historical Data - Total Return Index (NIFTY 50, gross TRI)"
2024-08-21,36767.19,33207.23,"niftyindices.com Historical Data - Total Return Index (NIFTY 50, gross TRI)"
2024-08-22,36828.5,33262.6,"niftyindices.com Historical Data - Total Return Index (NIFTY 50, gross TRI)"
2024-08-23,36849.02,33280.43,"niftyindices.com Historical Data - Total Return Index (NIFTY 50, gross TRI)"
2024-08-26,37127.3,33531.75,"niftyindices.com Historical Data - Total Return Index (NIFTY 50, gross TRI)"
2024-08-27,37137.91,33541.34,"niftyindices.com Historical Data - Total Return Index (NIFTY 50, gross TRI)"
2024-08-28,37189.27,33587.73,"niftyindices.com Historical Data - Total Return Index (NIFTY 50, gross TRI)"
2024-08-29,37337.09,33721.23,"niftyindices.com Historical Data - Total Return Index (NIFTY 50, gross TRI)"
2024-08-30,37461.73,33833.8,"niftyindices.com Historical Data - Total Return Index (NIFTY 50, gross TRI)"
2024-09-02,37525.28,33891.2,"niftyindices.com Historical Data - Total Return Index (NIFTY 50, gross TRI)"
2024-09-03,37526.97,33892.72,"niftyindices.com Historical Data - Total Return Index (NIFTY 50, gross TRI)"
2024-09-04,37406.55,33783.97,"niftyindices.com Historical Data - Total Return Index (NIFTY 50, gross TRI)"
2024-09-05,37326.99,33712.1,"niftyindices.com Historical Data - Total Return Index (NIFTY 50, gross TRI)"
2024-09-06,36892.07,33319.31,"niftyindices.com Historical Data - Total Return Index (NIFTY 50, gross TRI)"
2024-09-09,37017.15,33432.27,"niftyindices.com Historical Data - Total Return Index (NIFTY 50, gross TRI)"
2024-09-10,37172.57,33572.64,"niftyindices.com Historical Data - Total Return Index (NIFTY 50, gross TRI)"
2024-09-11,36990.52,33408.22,"niftyindices.com Historical Data - Total Return Index (NIFTY 50, gross TRI)"
2024-09-12,37688.9,34038.97,"niftyindices.com Historical Data - Total Return Index (NIFTY 50, gross TRI)"
2024-09-13,37640.8,33995.53,"niftyindices.com Historical Data - Total Return Index (NIFTY 50, gross TRI)"
2024-09-16,37681.24,34032.05,"niftyindices.com Historical Data - Total Return Index (NIFTY 50, gross TRI)"
2024-09-17,37732.87,34078.68,"niftyindices.com Historical Data - Total Return Index (NIFTY 50, gross TRI)"
2024-09-18,37672.03,34023.74,"niftyindices.com Historical Data - Total Return Index (NIFTY 50, gross TRI)"
2024-09-19,37728.83,34075.03,"niftyindices.com Historical Data - Total Return Index (NIFTY 50, gross TRI)"
2024-09-20,38285.67,34577.94,"niftyindices.com Historical Data - Total Return Index (NIFTY 50, gross TRI)"
2024-09-23,38505.51,34776.5,"niftyindices.com Historical Data - Total Return Index (NIFTY 50, gross TRI)"
2024-09-24,38507.55,34778.34,"niftyindices.com Historical Data - Total Return Index (NIFTY 50, gross TRI)"
2024-09-25,38602.21,34863.83,"niftyindices.com Historical Data - Total Return Index (NIFTY 50, gross TRI)"
2024-09-26,38916.76,35147.92,"niftyindices.com Historical Data - Total Return Index (NIFTY 50, gross TRI)"
2024-09-27,38861.64,35098.13,"niftyindices.com Historical Data - Total Return Index (NIFTY 50, gross TRI)"
2024-09-30,38315.21,34604.62,"niftyindices.com Historical Data - Total Return Index (NIFTY 50, gross TRI)"
2024-10-01,38294.54,34585.96,"niftyindices.com Historical Data - Total Return Index (NIFTY 50, gross TRI)"
2024-10-03,37482.84,33852.86,"niftyindices.com Historical Data - Total Return Index (NIFTY 50, gross TRI)"
2024-10-04,37133.25,33537.13,"niftyindices.com Historical Data - Total Return Index (NIFTY 50, gross TRI)"
2024-10-07,36808.37,33243.72,"niftyindices.com Historical Data - Total Return Index (NIFTY 50, gross TRI)"
2024-10-08,37131.07,33535.16,"niftyindices.com Historical Data - Total Return Index (NIFTY 50, gross TRI)"
2024-10-09,37084.75,33493.33,"niftyindices.com Historical Data - Total Return Index (NIFTY 50, gross TRI)"
2024-10-10,37109.26,33515.46,"niftyindices.com Historical Data - Total Return Index (NIFTY 50, gross TRI)"
2024-10-11,37058.49,33469.61,"niftyindices.com Historical Data - Total Return Index (NIFTY 50, gross TRI)"
2024-10-14,37301.5,33689.08,"niftyindices.com Historical Data - Total Return Index (NIFTY 50, gross TRI)"
2024-10-15,37196.69,33594.43,"niftyindices.com Historical Data - Total Return Index (NIFTY 50, gross TRI)"
2024-10-16,37068.99,33479.09,"niftyindices.com Historical Data - Total Return Index (NIFTY 50, gross TRI)"
2024-10-17,36740.25,33182.19,"niftyindices.com Historical Data - Total Return Index (NIFTY 50, gross TRI)"
2024-10-18,36898.25,33324.16,"niftyindices.com Historical Data - Total Return Index (NIFTY 50, gross TRI)"
2024-10-21,36789.95,33226.35,"niftyindices.com Historical Data - Total Return Index (NIFTY 50, gross TRI)"
2024-10-22,36335.46,32814.98,"niftyindices.com Historical Data - Total Return Index (NIFTY 50, gross TRI)"
2024-10-23,36281.1,32765.89,"niftyindices.com Historical Data - Total Return Index (NIFTY 50, gross TRI)"
2024-10-24,36227.52,32717.49,"niftyindices.com Historical Data - Total Return Index (NIFTY 50, gross TRI)"
2024-10-25,35902.92,32424.34,"niftyindices.com Historical Data - Total Return Index (NIFTY 50, gross TRI)"
2024-10-28,36138.03,32313.47,"niftyindices.com Historical Data - Total Return Index (NIFTY 50, gross TRI)"
2024-10-29,36352.63,32500.01,"niftyindices.com Historical Data - Total Return Index (NIFTY 50, gross TRI)"
2024-10-30,36165.43,32332.66,"niftyindices.com Historical Data - Total Return Index (NIFTY 50, gross TRI)"
2024-10-31,35971.14,32157.45,"niftyindices.com Historical Data - Total Return Index (NIFTY 50, gross TRI)"
2024-11-01,36118.25,32288.96,"niftyindices.com Historical Data - Total Return Index (NIFTY 50, gross TRI)"
2024-11-04,35659.07,31878.46,"niftyindices.com Historical Data - Total Return Index (NIFTY 50, gross TRI)"
2024-11-05,35982.96,32165.48,"niftyindices.com Historical Data - Total Return Index (NIFTY 50, gross TRI)"
2024-11-06,36393.85,32530.95,"niftyindices.com Historical Data - Total Return Index (NIFTY 50, gross TRI)"
2024-11-07,35972.74,32154.11,"niftyindices.com Historical Data - Total Return Index (NIFTY 50, gross TRI)"
2024-11-08,35896.71,32086.14,"niftyindices.com Historical Data - Total Return Index (NIFTY 50, gross TRI)"
2024-11-11,35886.42,32076.95,"niftyindices.com Historical Data - Total Return Index (NIFTY 50, gross TRI)"
2024-11-12,35503.11,31734.32,"niftyindices.com Historical Data - Total Return Index (NIFTY 50, gross TRI)"
2024-11-13,35020.93,31303.33,"niftyindices.com Historical Data - Total Return Index (NIFTY 50, gross TRI)"
2024-11-14,34988.48,31272.88,"niftyindices.com Historical Data - Total Return Index (NIFTY 50, gross TRI)"
2024-11-18,34871.21,31168.07,"niftyindices.com Historical Data - Total Return Index (NIFTY 50, gross TRI)"
2024-11-19,34968.0,31252.79,"niftyindices.com Historical Data - Total Return Index (NIFTY 50, gross TRI)"
2024-11-21,34717.32,31028.75,"niftyindices.com Historical Data - Total Return Index (NIFTY 50, gross TRI)"
2024-11-22,35546.01,31769.39,"niftyindices.com Historical Data - Total Return Index (NIFTY 50, gross TRI)"
2024-11-25,36013.85,32187.53,"niftyindices.com Historical Data - Total Return Index (NIFTY 50, gross TRI)"
2024-11-26,35973.11,32151.12,"niftyindices.com Historical Data - Total Return Index (NIFTY 50, gross TRI)"
2024-11-27,36092.65,32257.96,"niftyindices.com Historical Data - Total Return Index (NIFTY 50, gross TRI)"
2024-11-28,35556.27,31778.56,"niftyindices.com Historical Data - Total Return Index (NIFTY 50, gross TRI)"
2024-11-29,35878.82,32066.84,"niftyindices.com Historical Data - Total Return Index (NIFTY 50, gross TRI)"
2024-12-02,36094.39,32259.51,"niftyindices.com Historical Data - Total Return Index (NIFTY 50, gross TRI)"
2024-12-03,36363.63,32470.94,"niftyindices.com Historical Data - Total Return Index (NIFTY 50, gross TRI)"
2024-12-04,36378.91,32484.59,"niftyindices.com Historical Data - Total Return Index (NIFTY 50, gross TRI)"
2024-12-05,36737.18,32804.5,"niftyindices.com Historical Data - Total Return Index (NIFTY 50, gross TRI)"
2024-12-06,36691.68,32763.87,"niftyindices.com Historical Data - Total Return Index (NIFTY 50, gross TRI)"
2024-12-09,36604.29,32685.83,"niftyindices.com Historical Data - Total Return Index (NIFTY 50, gross TRI)"
2024-12-10,36590.98,32673.95,"niftyindices.com Historical Data - Total Return Index (NIFTY 50, gross TRI)"
2024-12-11,36638.14,32716.06,"niftyindices.com Historical Data - Total Return Index (NIFTY 50, gross TRI)"
2024-12-12,36499.75,32592.48,"niftyindices.com Historical Data - Total Return Index (NIFTY 50, gross TRI)"
2024-12-13,36826.27,32884.05,"niftyindices.com Historical Data - Total Return Index (NIFTY 50, gross TRI)"
2024-12-16,36677.48,32751.19,"niftyindices.com Historical Data - Total Return Index (NIFTY 50, gross TRI)"
2024-12-17,36183.53,32310.12,"niftyindices.com Historical Data - Total Return Index (NIFTY 50, gross TRI)"
2024-12-18,35979.58,32128.0,"niftyindices.com Historical Data - Total Return Index (NIFTY 50, gross TRI)"
2024-12-19,35612.11,31799.87,"niftyindices.com Historical Data - Total Return Index (NIFTY 50, gross TRI)"
2024-12-20,35070.59,31316.32,"niftyindices.com Historical Data - Total Return Index (NIFTY 50, gross TRI)"
2024-12-23,35317.36,31536.67,"niftyindices.com Historical Data - Total Return Index (NIFTY 50, gross TRI)"
2024-12-24,35278.97,31502.39,"niftyindices.com Historical Data - Total Return Index (NIFTY 50, gross TRI)"
2024-12-26,35312.5,31532.33,"niftyindices.com Historical Data - Total Return Index (NIFTY 50, gross TRI)"
2024-12-27,35406.5,31616.26,"niftyindices.com Historical Data - Total Return Index (NIFTY 50, gross TRI)"
2024-12-30,35155.94,31392.53,"niftyindices.com Historical Data - Total Return Index (NIFTY 50, gross TRI)"
2024-12-31,35155.77,31392.38,"niftyindices.com Historical Data - Total Return Index (NIFTY 50, gross TRI)"
2025-01-01,35301.63,31522.62,"niftyindices.com Historical Data - Total Return Index (NIFTY 50, gross TRI)"
2025-01-02,35964.43,32114.47,"niftyindices.com Historical Data - Total Return Index (NIFTY 50, gross TRI)"
2025-01-03,35690.96,31870.27,"niftyindices.com Historical Data - Total Return Index (NIFTY 50, gross TRI)"
2025-01-06,35113.04,31354.22,"niftyindices.com Historical Data - Total Return Index (NIFTY 50, gross TRI)"
2025-01-07,35249.64,31476.2,"niftyindices.com Historical Data - Total Return Index (NIFTY 50, gross TRI)"
2025-01-08,35221.43,31451.01,"niftyindices.com Historical Data - Total Return Index (NIFTY 50, gross TRI)"
2025-01-09,34979.91,31235.34,"niftyindices.com Historical Data - Total Return Index (NIFTY 50, gross TRI)"
2025-01-10,34838.66,31109.22,"niftyindices.com Historical Data - Total Return Index (NIFTY 50, gross TRI)"
2025-01-13,34324.87,30650.43,"niftyindices.com Historical Data - Total Return Index (NIFTY 50, gross TRI)"
2025-01-14,34458.87,30770.08,"niftyindices.com Historical Data - Total Return Index (NIFTY 50, gross TRI)"
2025-01-15,34514.06,30819.36,"niftyindices.com Historical Data - Total Return Index (NIFTY 50, gross TRI)"
2025-01-16,34660.67,30950.28,"niftyindices.com Historical Data - Total Return Index (NIFTY 50, gross TRI)"
2025-01-17,34531.21,30827.84,"niftyindices.com Historical Data - Total Return Index (NIFTY 50, gross TRI)"
2025-01-20,34741.89,31015.92,"niftyindices.com Historical Data - Total Return Index (NIFTY 50, gross TRI)"
2025-01-21,34265.55,30590.67,"niftyindices.com Historical Data - Total Return Index (NIFTY 50, gross TRI)"
2025-01-22,34460.03,30764.29,"niftyindices.com Historical Data - Total Return Index (NIFTY 50, gross TRI)"
2025-01-23,34534.46,30830.74,"niftyindices.com Historical Data - Total Return Index (NIFTY 50, gross TRI)"
2025-01-24,34366.04,30680.38,"niftyindices.com Historical Data - Total Return Index (NIFTY 50, gross TRI)"
2025-01-27,33974.58,30330.9,"niftyindices.com Historical Data - Total Return Index (NIFTY 50, gross TRI)"
2025-01-28,34165.22,30499.89,"niftyindices.com Historical Data - Total Return Index (NIFTY 50, gross TRI)"
2025-01-29,34474.8,30775.58,"niftyindices.com Historical Data - Total Return Index (NIFTY 50, gross TRI)"
2025-01-30,34603.4,30890.38,"niftyindices.com Historical Data - Total Return Index (NIFTY 50, gross TRI)"
2025-01-31,34998.01,31240.66,"niftyindices.com Historical Data - Total Return Index (NIFTY 50, gross TRI)"
2025-02-01,34958.89,31205.74,"niftyindices.com Historical Data - Total Return Index (NIFTY 50, gross TRI)"
2025-02-03,34778.66,31044.86,"niftyindices.com Historical Data - Total Return Index (NIFTY 50, gross TRI)"
2025-02-04,35341.64,31547.4,"niftyindices.com Historical Data - Total Return Index (NIFTY 50, gross TRI)"
2025-02-05,35277.7,31490.32,"niftyindices.com Historical Data - Total Return Index (NIFTY 50, gross TRI)"
2025-02-06,35143.08,31369.35,"niftyindices.com Historical Data - Total Return Index (NIFTY 50, gross TRI)"
2025-02-07,35091.5,31320.53,"niftyindices.com Historical Data - Total Return Index (NIFTY 50, gross TRI)"
2025-02-10,34825.87,31083.45,"niftyindices.com Historical Data - Total Return Index (NIFTY 50, gross TRI)"
2025-02-11,34364.39,30671.56,"niftyindices.com Historical Data - Total Return Index (NIFTY 50, gross TRI)"
2025-02-12,34344.93,30648.98,"niftyindices.com Historical Data - Total Return Index (NIFTY 50, gross TRI)"
2025-02-13,34324.31,30630.59,"niftyindices.com Historical Data - Total Return Index (NIFTY 50, gross TRI)"
2025-02-14,34172.38,30494.94,"niftyindices.com Historical Data - Total Return Index (NIFTY 50, gross TRI)"
2025-02-17,34217.48,30535.18,"niftyindices.com Historical Data - Total Return Index (NIFTY 50, gross TRI)"
2025-02-18,34196.32,30516.3,"niftyindices.com Historical Data - Total Return Index (NIFTY 50, gross TRI)"
2025-02-19,34177.82,30499.79,"niftyindices.com Historical Data - Total Return Index (NIFTY 50, gross TRI)"
2025-02-20,34148.36,30473.5,"niftyindices.com Historical Data - Total Return Index (NIFTY 50, gross TRI)"
2025-02-21,33973.61,30317.56,"niftyindices.com Historical Data - Total Return Index (NIFTY 50, gross TRI)"
2025-02-24,33612.18,29995.02,"niftyindices.com Historical Data - Total Return Index (NIFTY 50, gross TRI)"
2025-02-25,33603.55,29987.32,"niftyindices.com Historical Data - Total Return Index (NIFTY 50, gross TRI)"
2025-02-27,33599.79,29983.97,"niftyindices.com Historical Data - Total Return Index (NIFTY 50, gross TRI)"
2025-02-28,32973.36,29424.95,"niftyindices.com Historical Data - Total Return Index (NIFTY 50, gross TRI)"
2025-03-03,32965.25,29417.71,"niftyindices.com Historical Data - Total Return Index (NIFTY 50, gross TRI)"
2025-03-04,32910.63,29368.97,"niftyindices.com Historical Data - Total Return Index (NIFTY 50, gross TRI)"
2025-03-05,33290.2,29707.7,"niftyindices.com Historical Data - Total Return Index (NIFTY 50, gross TRI)"
2025-03-06,33599.3,29983.53,"niftyindices.com Historical Data - Total Return Index (NIFTY 50, gross TRI)"
2025-03-07,33611.3,29994.15,"niftyindices.com Historical Data - Total Return Index (NIFTY 50, gross TRI)"
2025-03-10,33473.92,29871.55,"niftyindices.com Historical Data - Total Return Index (NIFTY 50, gross TRI)"
2025-03-11,33531.68,29922.72,"niftyindices.com Historical Data - Total Return Index (NIFTY 50, gross TRI)"
2025-03-12,33490.87,29886.3,"niftyindices.com Historical Data - Total Return Index (NIFTY 50, gross TRI)"
2025-03-13,33381.62,29788.81,"niftyindices.com Historical Data - Total Return Index (NIFTY 50, gross TRI)"
2025-03-17,33547.88,29937.18,"niftyindices.com Historical Data - Total Return Index (NIFTY 50, gross TRI)"
2025-03-18,34033.06,30370.14,"niftyindices.com Historical Data - Total Return Index (NIFTY 50, gross TRI)"
2025-03-19,34142.35,30467.67,"niftyindices.com Historical Data - Total Return Index (NIFTY 50, gross TRI)"
2025-03-20,34564.18,30844.09,"niftyindices.com Historical Data - Total Return Index (NIFTY 50, gross TRI)"
2025-03-21,34802.3,31056.59,"niftyindices.com Historical Data - Total Return Index (NIFTY 50, gross TRI)"
2025-03-24,35261.27,31466.16,"niftyindices.com Historical Data - Total Return Index (NIFTY 50, gross TRI)"
2025-03-25,35276.65,31479.88,"niftyindices.com Historical Data - Total Return Index (NIFTY 50, gross TRI)"
2025-03-26,35005.67,31238.07,"niftyindices.com Historical Data - Total Return Index (NIFTY 50, gross TRI)"
2025-03-27,35162.32,31377.86,"niftyindices.com Historical Data - Total Return Index (NIFTY 50, gross TRI)"
2025-03-28,35054.08,31281.27,"niftyindices.com Historical Data - Total Return Index (NIFTY 50, gross TRI)"
2025-04-01,34527.01,30810.92,"niftyindices.com Historical Data - Total Return Index (NIFTY 50, gross TRI)"
2025-04-02,34775.4,31032.58,"niftyindices.com Historical Data - Total Return Index (NIFTY 50, gross TRI)"
2025-04-03,34652.84,30923.22,"niftyindices.com Historical Data - Total Return Index (NIFTY 50, gross TRI)"
2025-04-04,34137.61,30463.44,"niftyindices.com Historical Data - Total Return Index (NIFTY 50, gross TRI)"
2025-04-07,33030.49,29475.47,"niftyindices.com Historical Data - Total Return Index (NIFTY 50, gross TRI)"
2025-04-08,33588.28,29973.23,"niftyindices.com Historical Data - Total Return Index (NIFTY 50, gross TRI)"
2025-04-09,33384.56,29791.43,"niftyindices.com Historical Data - Total Return Index (NIFTY 50, gross TRI)"
2025-04-11,34024.5,30362.51,"niftyindices.com Historical Data - Total Return Index (NIFTY 50, gross TRI)"
2025-04-15,34769.71,31027.5,"niftyindices.com Historical Data - Total Return Index (NIFTY 50, gross TRI)"
2025-04-16,34931.66,31172.02,"niftyindices.com Historical Data - Total Return Index (NIFTY 50, gross TRI)"
2025-04-17,35549.39,31723.27,"niftyindices.com Historical Data - Total Return Index (NIFTY 50, gross TRI)"
2025-04-21,35957.62,32087.56,"niftyindices.com Historical Data - Total Return Index (NIFTY 50, gross TRI)"
2025-04-22,36019.75,32143.01,"niftyindices.com Historical Data - Total Return Index (NIFTY 50, gross TRI)"
2025-04-23,36260.74,32358.06,"niftyindices.com Historical Data - Total Return Index (NIFTY 50, gross TRI)"
2025-04-24,36138.21,32248.72,"niftyindices.com Historical Data - Total Return Index (NIFTY 50, gross TRI)"
2025-04-25,35829.16,31972.92,"niftyindices.com Historical Data - Total Return Index (NIFTY 50, gross TRI)"
2025-04-28,36266.41,32361.77,"niftyindices.com Historical Data - Total Return Index (NIFTY 50, gross TRI)"
2025-04-29,36277.48,32371.66,"niftyindices.com Historical Data - Total Return Index (NIFTY 50, gross TRI)"
2025-04-30,36274.87,32369.33,"niftyindices.com Historical Data - Total Return Index (NIFTY 50, gross TRI)"
2025-05-02,36293.51,32385.96,"niftyindices.com Historical Data - Total Return Index (NIFTY 50, gross TRI)"
2025-05-05,36464.1,32538.18,"niftyindices.com Historical Data - Total Return Index (NIFTY 50, gross TRI)"
2025-05-06,36342.6,32429.76,"niftyindices.com Historical Data - Total Return Index (NIFTY 50, gross TRI)"
2025-05-07,36394.46,32476.04,"niftyindices.com Historical Data - Total Return Index (NIFTY 50, gross TRI)"
2025-05-08,36184.82,32288.97,"niftyindices.com Historical Data - Total Return Index (NIFTY 50, gross TRI)"
2025-05-09,35789.63,31936.11,"niftyindices.com Historical Data - Total Return Index (NIFTY 50, gross TRI)"
2025-05-12,37156.25,33155.58,"niftyindices.com Historical Data - Total Return Index (NIFTY 50, gross TRI)"
2025-05-13,36639.87,32694.8,"niftyindices.com Historical Data - Total Return Index (NIFTY 50, gross TRI)"
2025-05-14,36771.94,32812.65,"niftyindices.com Historical Data - Total Return Index (NIFTY 50, gross TRI)"
2025-05-15,37361.05,33338.33,"niftyindices.com Historical Data - Total Return Index (NIFTY 50, gross TRI)"
2025-05-16,37318.13,33295.74,"niftyindices.com Historical Data - Total Return Index (NIFTY 50, gross TRI)"
2025-05-19,37207.25,33196.81,"niftyindices.com Historical Data - Total Return Index (NIFTY 50, gross TRI)"
2025-05-20,36817.14,32848.74,"niftyindices.com Historical Data - Total Return Index (NIFTY 50, gross TRI)"
2025-05-21,37010.35,33021.13,"niftyindices.com Historical Data - Total Return Index (NIFTY 50, gross TRI)"
2025-05-22,36706.44,32749.97,"niftyindices.com Historical Data - Total Return Index (NIFTY 50, gross TRI)"
2025-05-23,37069.55,33073.95,"niftyindices.com Historical Data - Total Return Index (NIFTY 50, gross TRI)"
2025-05-26,37290.3,33270.91,"niftyindices.com Historical Data - Total Return Index (NIFTY 50, gross TRI)"
2025-05-27,37029.33,33038.06,"niftyindices.com Historical Data - Total Return Index (NIFTY 50, gross TRI)"
2025-05-28,36943.42,32956.27,"niftyindices.com Historical Data - Total Return Index (NIFTY 50, gross TRI)"
2025-05-29,37066.34,33065.55,"niftyindices.com Historical Data - Total Return Index (NIFTY 50, gross TRI)"
2025-05-30,36972.5,32975.45,"niftyindices.com Historical Data - Total Return Index (NIFTY 50, gross TRI)"
2025-06-02,36921.62,32930.07,"niftyindices.com Historical Data - Total Return Index (NIFTY 50, gross TRI)"
2025-06-03,36674.69,32707.02,"niftyindices.com Historical Data - Total Return Index (NIFTY 50, gross TRI)"
2025-06-04,36805.09,32820.27,"niftyindices.com Historical Data - Total Return Index (NIFTY 50, gross TRI)"
2025-06-05,37000.49,32994.52,"niftyindices.com Historical Data - Total Return Index (NIFTY 50, gross TRI)"
2025-06-06,37377.42,33328.54,"niftyindices.com Historical Data - Total Return Index (NIFTY 50, gross TRI)"
2025-06-09,37527.12,33462.02,"niftyindices.com Historical Data - Total Return Index (NIFTY 50, gross TRI)"
2025-06-10,37531.76,33465.5,"niftyindices.com Historical Data - Total Return Index (NIFTY 50, gross TRI)"
2025-06-11,37587.31,33515.04,"niftyindices.com Historical Data - Total Return Index (NIFTY 50, gross TRI)"
2025-06-12,37209.11,33177.73,"niftyindices.com Historical Data - Total Return Index (NIFTY 50, gross TRI)"
2025-06-13,36957.38,32952.89,"niftyindices.com Historical Data - Total Return Index (NIFTY 50, gross TRI)"
2025-06-16,37298.12,33118.34,"niftyindices.com Historical Data - Total Return Index (NIFTY 50, gross TRI)"
2025-06-17,37158.95,32994.77,"niftyindices.com Historical Data - Total Return Index (NIFTY 50, gross TRI)"
2025-06-18,37097.13,32939.87,"niftyindices.com Historical Data - Total Return Index (NIFTY 50, gross TRI)"
2025-06-19,37069.02,32914.92,"niftyindices.com Historical Data - Total Return Index (NIFTY 50, gross TRI)"
2025-06-20,37546.89,33337.44,"niftyindices.com Historical Data - Total Return Index (NIFTY 50, gross TRI)"
2025-06-23,37343.91,33155.72,"niftyindices.com Historical Data - Total Return Index (NIFTY 50, gross TRI)"
2025-06-24,37452.24,33251.9,"niftyindices.com Historical Data - Total Return Index (NIFTY 50, gross TRI)"
2025-06-25,37751.94,33517.99,"niftyindices.com Historical Data - Total Return Index (NIFTY 50, gross TRI)"
2025-06-26,38206.88,33921.91,"niftyindices.com Historical Data - Total Return Index (NIFTY 50, gross TRI)"
2025-06-27,38398.23,34079.37,"niftyindices.com Historical Data - Total Return Index (NIFTY 50, gross TRI)"
2025-06-30,38217.32,33918.81,"niftyindices.com Historical Data - Total Return Index (NIFTY 50, gross TRI)"
2025-07-01,38254.39,33951.71,"niftyindices.com Historical Data - Total Return Index (NIFTY 50, gross TRI)"
2025-07-02,38121.99,33834.2,"niftyindices.com Historical Data - Total Return Index (NIFTY 50, gross TRI)"
2025-07-03,38049.97,33770.28,"niftyindices.com Historical Data - Total Return Index (NIFTY 50, gross TRI)"
2025-07-04,38142.94,33849.43,"niftyindices.com Historical Data - Total Return Index (NIFTY 50, gross TRI)"
2025-07-07,38145.33,33851.14,"niftyindices.com Historical Data - Total Return Index (NIFTY 50, gross TRI)"
2025-07-08,38239.39,33934.1,"niftyindices.com Historical Data - Total Return Index (NIFTY 50, gross TRI)"
2025-07-09,38169.85,33872.4,"niftyindices.com Historical Data - Total Return Index (NIFTY 50, gross TRI)"
2025-07-10,37990.41,33712.82,"niftyindices.com Historical Data - Total Return Index (NIFTY 50, gross TRI)"
2025-07-11,37684.07,33440.68,"niftyindices.com Historical Data - Total Return Index (NIFTY 50, gross TRI)"
2025-07-14,37582.84,33350.85,"niftyindices.com Historical Data - Total Return Index (NIFTY 50, gross TRI)"
2025-07-15,37752.92,33501.78,"niftyindices.com Historical Data - Total Return Index (NIFTY 50, gross TRI)"
2025-07-16,37780.94,33525.85,"niftyindices.com Historical Data - Total Return Index (NIFTY 50, gross TRI)"
2025-07-17,37630.21,33392.09,"niftyindices.com Historical Data - Total Return Index (NIFTY 50, gross TRI)"
2025-07-18,37435.72,33215.3,"niftyindices.com Historical Data - Total Return Index (NIFTY 50, gross TRI)"
2025-07-21,37619.09,33378.0,"niftyindices.com Historical Data - Total Return Index (NIFTY 50, gross TRI)"
2025-07-22,37574.38,33338.33,"niftyindices.com Historical Data - Total Return Index (NIFTY 50, gross TRI)"
2025-07-23,37812.76,33549.83,"niftyindices.com Historical Data - Total Return Index (NIFTY 50, gross TRI)"
2025-07-24,37578.97,33341.81,"niftyindices.com Historical Data - Total Return Index (NIFTY 50, gross TRI)"
2025-07-25,37257.14,33052.94,"niftyindices.com Historical Data - Total Return Index (NIFTY 50, gross TRI)"
2025-07-28,37027.65,32848.35,"niftyindices.com Historical Data - Total Return Index (NIFTY 50, gross TRI)"
2025-07-29,37238.03,33034.98,"niftyindices.com Historical Data - Total Return Index (NIFTY 50, gross TRI)"
2025-07-30,37288.94,33080.14,"niftyindices.com Historical Data - Total Return Index (NIFTY 50, gross TRI)"
2025-07-31,37158.88,32964.76,"niftyindices.com Historical Data - Total Return Index (NIFTY 50, gross TRI)"
2025-08-01,36863.4,32700.71,"niftyindices.com Historical Data - Total Return Index (NIFTY 50, gross TRI)"
2025-08-04,37099.55,32910.2,"niftyindices.com Historical Data - Total Return Index (NIFTY 50, gross TRI)"
2025-08-05,36989.75,32812.79,"niftyindices.com Historical Data - Total Return Index (NIFTY 50, gross TRI)"
2025-08-06,36880.81,32715.28,"niftyindices.com Historical Data - Total Return Index (NIFTY 50, gross TRI)"
2025-08-07,36913.76,32744.5,"niftyindices.com Historical Data - Total Return Index (NIFTY 50, gross TRI)"
2025-08-08,36566.63,32408.45,"niftyindices.com Historical Data - Total Return Index (NIFTY 50, gross TRI)"
2025-08-11,36900.03,32703.82,"niftyindices.com Historical Data - Total Return Index (NIFTY 50, gross TRI)"
2025-08-12,36780.73,32592.31,"niftyindices.com Historical Data - Total Return Index (NIFTY 50, gross TRI)"
2025-08-13,36978.89,32767.91,"niftyindices.com Historical Data - Total Return Index (NIFTY 50, gross TRI)"
2025-08-14,37010.27,32792.88,"niftyindices.com Historical Data - Total Return Index (NIFTY 50, gross TRI)"
2025-08-18,37379.38,33119.92,"niftyindices.com Historical Data - Total Return Index (NIFTY 50, gross TRI)"
2025-08-19,37537.42,33259.49,"niftyindices.com Historical Data - Total Return Index (NIFTY 50, gross TRI)"
2025-08-20,37642.41,33352.51,"niftyindices.com Historical Data - Total Return Index (NIFTY 50, gross TRI)"
2025-08-21,37696.23,33399.37,"niftyindices.com Historical Data - Total Return Index (NIFTY 50, gross TRI)"
2025-08-22,37375.09,33114.84,"niftyindices.com Historical Data - Total Return Index (NIFTY 50, gross TRI)"
2025-08-25,37521.9,33244.91,"niftyindices.com Historical Data - Total Return Index (NIFTY 50, gross TRI)"
2025-08-26,37137.57,32382.79,"niftyindices.com Historical Data - Total Return Index (NIFTY 50, gross TRI)"
2025-08-28,36820.25,32106.1,"niftyindices.com Historical Data - Total Return Index (NIFTY 50, gross TRI)"
2025-08-29,36709.0,32009.09,"niftyindices.com Historical Data - Total Return Index (NIFTY 50, gross TRI)"
2025-09-01,37006.87,32268.83,"niftyindices.com Historical Data - Total Return Index (NIFTY 50, gross TRI)"
2025-09-02,36938.57,32209.27,"niftyindices.com Historical Data - Total Return Index (NIFTY 50, gross TRI)"
2025-09-03,37142.11,32386.75,"niftyindices.com Historical Data - Total Return Index (NIFTY 50, gross TRI)"
2025-09-04,37177.94,32416.56,"niftyindices.com Historical Data - Total Return Index (NIFTY 50, gross TRI)"
2025-09-05,37188.02,32425.35,"niftyindices.com Historical Data - Total Return Index (NIFTY 50, gross TRI)"
2025-09-08,37236.28,32467.43,"niftyindices.com Historical Data - Total Return Index (NIFTY 50, gross TRI)"
2025-09-09,37379.78,32592.55,"niftyindices.com Historical Data - Total Return Index (NIFTY 50, gross TRI)"
2025-09-10,37536.88,32729.53,"niftyindices.com Historical Data - Total Return Index (NIFTY 50, gross TRI)"
2025-09-11,37585.52,32771.94,"niftyindices.com Historical Data - Total Return Index (NIFTY 50, gross TRI)"
2025-09-12,37748.61,32914.14,"niftyindices.com Historical Data - Total Return Index (NIFTY 50, gross TRI)"
2025-09-15,37681.33,32855.48,"niftyindices.com Historical Data - Total Return Index (NIFTY 50, gross TRI)"
2025-09-16,37936.66,33078.11,"niftyindices.com Historical Data - Total Return Index (NIFTY 50, gross TRI)"
2025-09-17,38073.65,33197.56,"niftyindices.com Historical Data - Total Return Index (NIFTY 50, gross TRI)"
2025-09-18,38213.97,33319.9,"niftyindices.com Historical Data - Total Return Index (NIFTY 50, gross TRI)"
2025-09-19,38068.84,33193.36,"niftyindices.com Historical Data - Total Return Index (NIFTY 50, gross TRI)"
2025-09-22,37881.41,33029.93,"niftyindices.com Historical Data - Total Return Index (NIFTY 50, gross TRI)"
2025-09-23,37832.09,32986.93,"niftyindices.com Historical Data - Total Return Index (NIFTY 50, gross TRI)"
2025-09-24,37662.84,32839.36,"niftyindices.com Historical Data - Total Return Index (NIFTY 50, gross TRI)"
2025-09-25,37413.25,32621.74,"niftyindices.com Historical Data - Total Return Index (NIFTY 50, gross TRI)"
2025-09-26,37058.3,32312.24,"niftyindices.com Historical Data - Total Return Index (NIFTY 50, gross TRI)"
2025-09-29,37028.48,32286.24,"niftyindices.com Historical Data - Total Return Index (NIFTY 50, gross TRI)"
2025-09-30,36992.7,32255.05,"niftyindices.com Historical Data - Total Return Index (NIFTY 50, gross TRI)"
2025-10-01,37331.2,32550.19,"niftyindices.com Historical Data - Total Return Index (NIFTY 50, gross TRI)"
2025-10-03,37418.3,32626.14,"niftyindices.com Historical Data - Total Return Index (NIFTY 50, gross TRI)"
2025-10-06,37694.02,32866.54,"niftyindices.com Historical Data - Total Return Index (NIFTY 50, gross TRI)"
2025-10-07,37740.1,32906.73,"niftyindices.com Historical Data - Total Return Index (NIFTY 50, gross TRI)"
2025-10-08,37646.65,32825.25,"niftyindices.com Historical Data - Total Return Index (NIFTY 50, gross TRI)"
2025-10-09,37850.52,33003.0,"niftyindices.com Historical Data - Total Return Index (NIFTY 50, gross TRI)"
2025-10-10,38006.18,33138.73,"niftyindices.com Historical Data - Total Return Index (NIFTY 50, gross TRI)"
2025-10-13,37918.98,33062.7,"niftyindices.com Historical Data - Total Return Index (NIFTY 50, gross TRI)"
2025-10-14,37795.97,32955.44,"niftyindices.com Historical Data - Total Return Index (NIFTY 50, gross TRI)"
2025-10-15,38067.31,33191.26,"niftyindices.com Historical Data - Total Return Index (NIFTY 50, gross TRI)"
2025-10-16,38460.73,33534.29,"niftyindices.com Historical Data - Total Return Index (NIFTY 50, gross TRI)"
2025-10-17,38652.19,33700.35,"niftyindices.com Historical Data - Total Return Index (NIFTY 50, gross TRI)"
2025-10-20,38855.68,33877.13,"niftyindices.com Historical Data - Total Return Index (NIFTY 50, gross TRI)"
2025-10-21,38893.95,33910.49,"niftyindices.com Historical Data - Total Return Index (NIFTY 50, gross TRI)"
2025-10-23,38928.23,33940.38,"niftyindices.com Historical Data - Total Return Index (NIFTY 50, gross TRI)"
2025-10-24,38783.54,33814.23,"niftyindices.com Historical Data - Total Return Index (NIFTY 50, gross TRI)"
2025-10-27,39067.59,34056.22,"niftyindices.com Historical Data - Total Return Index (NIFTY 50, gross TRI)"
2025-10-28,39022.73,34017.11,"niftyindices.com Historical Data - Total Return Index (NIFTY 50, gross TRI)"
2025-10-29,39199.8,34171.47,"niftyindices.com Historical Data - Total Return Index (NIFTY 50, gross TRI)"
2025-10-30,38934.92,33940.57,"niftyindices.com Historical Data - Total Return Index (NIFTY 50, gross TRI)"
2025-10-31,38700.6,33736.3,"niftyindices.com Historical Data - Total Return Index (NIFTY 50, gross TRI)"
2025-11-03,38762.65,33790.39,"niftyindices.com Historical Data - Total Return Index (NIFTY 50, gross TRI)"
2025-11-04,38513.37,33571.5,"niftyindices.com Historical Data - Total Return Index (NIFTY 50, gross TRI)"
2025-11-06,38381.02,33456.13,"niftyindices.com Historical Data - Total Return Index (NIFTY 50, gross TRI)"
2025-11-07,38366.88,33441.3,"niftyindices.com Historical Data - Total Return Index (NIFTY 50, gross TRI)"
2025-11-10,38497.01,33553.33,"niftyindices.com Historical Data - Total Return Index (NIFTY 50, gross TRI)"
2025-11-11,38678.54,33711.54,"niftyindices.com Historical Data - Total Return Index (NIFTY 50, gross TRI)"
2025-11-12,38950.78,33948.83,"niftyindices.com Historical Data - Total Return Index (NIFTY 50, gross TRI)"
2025-11-13,38955.83,33953.23,"niftyindices.com Historical Data - Total Return Index (NIFTY 50, gross TRI)"
2025-11-14,39002.37,33992.2,"niftyindices.com Historical Data - Total Return Index (NIFTY 50, gross TRI)"
2025-11-17,39157.99,34126.45,"niftyindices.com Historical Data - Total Return Index (NIFTY 50, gross TRI)"
2025-11-18,39003.01,33991.25,"niftyindices.com Historical Data - Total Return Index (NIFTY 50, gross TRI)"
2025-11-19,39217.69,34178.34,"niftyindices.com Historical Data - Total Return Index (NIFTY 50, gross TRI)"
2025-11-20,39427.65,34361.32,"niftyindices.com Historical Data - Total Return Index (NIFTY 50, gross TRI)"
2025-11-21,39241.0,34198.66,"niftyindices.com Historical Data - Total Return Index (NIFTY 50, gross TRI)"
2025-11-24,39077.5,34056.16,"niftyindices.com Historical Data - Total Return Index (NIFTY 50, gross TRI)"
2025-11-25,38965.0,33958.12,"niftyindices.com Historical Data - Total Return Index (NIFTY 50, gross TRI)"
2025-11-26,39447.49,34378.61,"niftyindices.com Historical Data - Total Return Index (NIFTY 50, gross TRI)"
2025-11-27,39462.93,34392.07,"niftyindices.com Historical Data - Total Return Index (NIFTY 50, gross TRI)"
2025-11-28,39443.91,34375.49,"niftyindices.com Historical Data - Total Return Index (NIFTY 50, gross TRI)"
2025-12-01,39403.02,34339.86,"niftyindices.com Historical Data - Total Return Index (NIFTY 50, gross TRI)"
2025-12-02,39186.92,34151.52,"niftyindices.com Historical Data - Total Return Index (NIFTY 50, gross TRI)"
2025-12-03,39117.33,34090.87,"niftyindices.com Historical Data - Total Return Index (NIFTY 50, gross TRI)"
2025-12-04,39189.27,34153.57,"niftyindices.com Historical Data - Total Return Index (NIFTY 50, gross TRI)"
2025-12-05,39419.07,34353.84,"niftyindices.com Historical Data - Total Return Index (NIFTY 50, gross TRI)"
2025-12-08,39079.02,34057.48,"niftyindices.com Historical Data - Total Return Index (NIFTY 50, gross TRI)"
2025-12-09,38897.02,33898.88,"niftyindices.com Historical Data - Total Return Index (NIFTY 50, gross TRI)"
2025-12-10,38774.13,33791.77,"niftyindices.com Historical Data - Total Return Index (NIFTY 50, gross TRI)"
2025-12-11,38985.75,33976.2,"niftyindices.com Historical Data - Total Return Index (NIFTY 50, gross TRI)"
2025-12-12,39209.12,34170.87,"niftyindices.com Historical Data - Total Return Index (NIFTY 50, gross TRI)"
2025-12-15,39179.54,34145.09,"niftyindices.com Historical Data - Total Return Index (NIFTY 50, gross TRI)"
2025-12-16,38927.87,33925.76,"niftyindices.com Historical Data - Total Return Index (NIFTY 50, gross TRI)"
2025-12-17,38865.29,33871.22,"niftyindices.com Historical Data - Total Return Index (NIFTY 50, gross TRI)"
2025-12-18,38860.78,33867.28,"niftyindices.com Historical Data - Total Return Index (NIFTY 50, gross TRI)"
2025-12-19,39087.88,34065.21,"niftyindices.com Historical Data - Total Return Index (NIFTY 50, gross TRI)"
2025-12-22,39397.94,34335.42,"niftyindices.com Historical Data - Total Return Index (NIFTY 50, gross TRI)"
2025-12-23,39405.1,34341.67,"niftyindices.com Historical Data - Total Return Index (NIFTY 50, gross TRI)"
2025-12-24,39352.35,34295.7,"niftyindices.com Historical Data - Total Return Index (NIFTY 50, gross TRI)"
2025-12-26,39202.11,34164.76,"niftyindices.com Historical Data - Total Return Index (NIFTY 50, gross TRI)"
2025-12-29,39051.24,34033.28,"niftyindices.com Historical Data - Total Return Index (NIFTY 50, gross TRI)"
2025-12-30,39046.4,34029.05,"niftyindices.com Historical Data - Total Return Index (NIFTY 50, gross TRI)"
2025-12-31,39333.55,34279.31,"niftyindices.com Historical Data - Total Return Index (NIFTY 50, gross TRI)"
2026-01-01,39359.02,34301.51,"niftyindices.com Historical Data - Total Return Index (NIFTY 50, gross TRI)"
2026-01-02,39632.99,34540.27,"niftyindices.com Historical Data - Total Return Index (NIFTY 50, gross TRI)"
2026-01-05,39515.23,34437.64,"niftyindices.com Historical Data - Total Return Index (NIFTY 50, gross TRI)"
2026-01-06,39407.42,34343.69,"niftyindices.com Historical Data - Total Return Index (NIFTY 50, gross TRI)"
2026-01-07,39350.28,34293.89,"niftyindices.com Historical Data - Total Return Index (NIFTY 50, gross TRI)"
2026-01-08,38953.08,33947.73,"niftyindices.com Historical Data - Total Return Index (NIFTY 50, gross TRI)"
2026-01-09,38661.67,33693.76,"niftyindices.com Historical Data - Total Return Index (NIFTY 50, gross TRI)"
2026-01-12,38822.72,33834.12,"niftyindices.com Historical Data - Total Return Index (NIFTY 50, gross TRI)"
2026-01-13,38735.47,33758.08,"niftyindices.com Historical Data - Total Return Index (NIFTY 50, gross TRI)"
2026-01-14,38635.05,33670.57,"niftyindices.com Historical Data - Total Return Index (NIFTY 50, gross TRI)"
2026-01-16,38701.71,33723.78,"niftyindices.com Historical Data - Total Return Index (NIFTY 50, gross TRI)"
2026-01-19,38537.78,33580.94,"niftyindices.com Historical Data - Total Return Index (NIFTY 50, gross TRI)"
2026-01-20,38006.05,33117.6,"niftyindices.com Historical Data - Total Return Index (NIFTY 50, gross TRI)"
2026-01-21,37893.11,33019.19,"niftyindices.com Historical Data - Total Return Index (NIFTY 50, gross TRI)"
2026-01-22,38092.55,33192.98,"niftyindices.com Historical Data - Total Return Index (NIFTY 50, gross TRI)"
2026-01-23,37729.14,32876.31,"niftyindices.com Historical Data - Total Return Index (NIFTY 50, gross TRI)"
2026-01-27,37920.03,33041.47,"niftyindices.com Historical Data - Total Return Index (NIFTY 50, gross TRI)"
2026-01-28,38172.11,33261.12,"niftyindices.com Historical Data - Total Return Index (NIFTY 50, gross TRI)"
2026-01-29,38286.86,33361.1,"niftyindices.com Historical Data - Total Return Index (NIFTY 50, gross TRI)"
2026-01-30,38138.83,33232.11,"niftyindices.com Historical Data - Total Return Index (NIFTY 50, gross TRI)"
2026-02-01,37392.92,32582.17,"niftyindices.com Historical Data - Total Return Index (NIFTY 50, gross TRI)"
2026-02-02,37789.0,32927.3,"niftyindices.com Historical Data - Total Return Index (NIFTY 50, gross TRI)"
2026-02-03,38751.71,33766.15,"niftyindices.com Historical Data - Total Return Index (NIFTY 50, gross TRI)"
2026-02-04,38824.69,33825.42,"niftyindices.com Historical Data - Total Return Index (NIFTY 50, gross TRI)"
2026-02-05,38627.94,33653.2,"niftyindices.com Historical Data - Total Return Index (NIFTY 50, gross TRI)"
2026-02-06,38710.58,33723.96,"niftyindices.com Historical Data - Total Return Index (NIFTY 50, gross TRI)"
2026-02-09,38976.99,33955.04,"niftyindices.com Historical Data - Total Return Index (NIFTY 50, gross TRI)"
2026-02-10,39079.22,34044.1,"niftyindices.com Historical Data - Total Return Index (NIFTY 50, gross TRI)"
2026-02-11,39107.4,34068.65,"niftyindices.com Historical Data - Total Return Index (NIFTY 50, gross TRI)"
2026-02-12,38886.41,33876.13,"niftyindices.com Historical Data - Total Return Index (NIFTY 50, gross TRI)"
2026-02-13,38379.95,33434.92,"niftyindices.com Historical Data - Total Return Index (NIFTY 50, gross TRI)"
2026-02-16,38699.22,33712.99,"niftyindices.com Historical Data - Total Return Index (NIFTY 50, gross TRI)"
2026-02-17,38763.5,33768.98,"niftyindices.com Historical Data - Total Return Index (NIFTY 50, gross TRI)"
2026-02-18,38909.22,33893.4,"niftyindices.com Historical Data - Total Return Index (NIFTY 50, gross TRI)"
2026-02-19,38359.13,33414.22,"niftyindices.com Historical Data - Total Return Index (NIFTY 50, gross TRI)"
2026-02-20,38535.31,33567.69,"niftyindices.com Historical Data - Total Return Index (NIFTY 50, gross TRI)"
2026-02-23,38748.94,33753.78,"niftyindices.com Historical Data - Total Return Index (NIFTY 50, gross TRI)"
2026-02-24,38314.37,33375.23,"niftyindices.com Historical Data - Total Return Index (NIFTY 50, gross TRI)"
2026-02-25,38401.58,33451.2,"niftyindices.com Historical Data - Total Return Index (NIFTY 50, gross TRI)"
2026-02-26,38422.72,33469.62,"niftyindices.com Historical Data - Total Return Index (NIFTY 50, gross TRI)"
2026-02-27,37943.67,33052.32,"niftyindices.com Historical Data - Total Return Index (NIFTY 50, gross TRI)"
2026-03-02,37472.06,32641.51,"niftyindices.com Historical Data - Total Return Index (NIFTY 50, gross TRI)"
2026-03-04,36891.56,32135.84,"niftyindices.com Historical Data - Total Return Index (NIFTY 50, gross TRI)"
2026-03-05,37321.66,32510.5,"niftyindices.com Historical Data - Total Return Index (NIFTY 50, gross TRI)"
2026-03-06,36848.97,32098.17,"niftyindices.com Historical Data - Total Return Index (NIFTY 50, gross TRI)"
2026-03-09,36212.4,31543.68,"niftyindices.com Historical Data - Total Return Index (NIFTY 50, gross TRI)"
2026-03-10,36564.4,31850.29,"niftyindices.com Historical Data - Total Return Index (NIFTY 50, gross TRI)"
2026-03-11,35969.45,31332.04,"niftyindices.com Historical Data - Total Return Index (NIFTY 50, gross TRI)"
2026-03-12,35626.27,31033.11,"niftyindices.com Historical Data - Total Return Index (NIFTY 50, gross TRI)"
2026-03-13,34890.78,30392.44,"niftyindices.com Historical Data - Total Return Index (NIFTY 50, gross TRI)"
2026-03-16,35279.17,30730.76,"niftyindices.com Historical Data - Total Return Index (NIFTY 50, gross TRI)"
2026-03-17,35538.92,30957.02,"niftyindices.com Historical Data - Total Return Index (NIFTY 50, gross TRI)"
2026-03-18,35835.24,31215.14,"niftyindices.com Historical Data - Total Return Index (NIFTY 50, gross TRI)"
2026-03-19,34666.28,30196.89,"niftyindices.com Historical Data - Total Return Index (NIFTY 50, gross TRI)"
2026-03-20,34835.63,30344.41,"niftyindices.com Historical Data - Total Return Index (NIFTY 50, gross TRI)"
2026-03-23,33928.59,29554.31,"niftyindices.com Historical Data - Total Return Index (NIFTY 50, gross TRI)"
2026-03-24,34530.99,30079.04,"niftyindices.com Historical Data - Total Return Index (NIFTY 50, gross TRI)"
2026-03-25,35124.87,30596.36,"niftyindices.com Historical Data - Total Return Index (NIFTY 50, gross TRI)"
2026-03-27,34391.13,29957.21,"niftyindices.com Historical Data - Total Return Index (NIFTY 50, gross TRI)"
2026-03-30,33655.43,29316.37,"niftyindices.com Historical Data - Total Return Index (NIFTY 50, gross TRI)"
2026-04-01,34179.9,29773.21,"niftyindices.com Historical Data - Total Return Index (NIFTY 50, gross TRI)"
2026-04-02,34230.63,29817.4,"niftyindices.com Historical Data - Total Return Index (NIFTY 50, gross TRI)"
2026-04-06,34615.19,30152.39,"niftyindices.com Historical Data - Total Return Index (NIFTY 50, gross TRI)"
2026-04-07,34849.41,30356.41,"niftyindices.com Historical Data - Total Return Index (NIFTY 50, gross TRI)"
2026-04-08,36166.14,31503.37,"niftyindices.com Historical Data - Total Return Index (NIFTY 50, gross TRI)"
2026-04-09,35831.22,31211.63,"niftyindices.com Historical Data - Total Return Index (NIFTY 50, gross TRI)"
2026-04-10,36246.4,31573.29,"niftyindices.com Historical Data - Total Return Index (NIFTY 50, gross TRI)"
2026-04-13,35932.96,31300.26,"niftyindices.com Historical Data - Total Return Index (NIFTY 50, gross TRI)"
2026-04-15,36518.69,31810.47,"niftyindices.com Historical Data - Total Return Index (NIFTY 50, gross TRI)"
2026-04-16,36466.62,31765.12,"niftyindices.com Historical Data - Total Return Index (NIFTY 50, gross TRI)"
2026-04-17,36702.93,31970.96,"niftyindices.com Historical Data - Total Return Index (NIFTY 50, gross TRI)"
2026-04-20,36719.99,31985.82,"niftyindices.com Historical Data - Total Return Index (NIFTY 50, gross TRI)"
2026-04-21,37039.12,32263.81,"niftyindices.com Historical Data - Total Return Index (NIFTY 50, gross TRI)"
2026-04-22,36739.93,32003.19,"niftyindices.com Historical Data - Total Return Index (NIFTY 50, gross TRI)"
2026-04-23,36430.96,31734.06,"niftyindices.com Historical Data - Total Return Index (NIFTY 50, gross TRI)"
2026-04-24,36024.64,31378.39,"niftyindices.com Historical Data - Total Return Index (NIFTY 50, gross TRI)"
2026-04-27,36318.25,31634.12,"niftyindices.com Historical Data - Total Return Index (NIFTY 50, gross TRI)"
2026-04-28,36172.04,31506.78,"niftyindices.com Historical Data - Total Return Index (NIFTY 50, gross TRI)"
2026-04-29,36446.26,31745.63,"niftyindices.com Historical Data - Total Return Index (NIFTY 50, gross TRI)"
2026-04-30,36174.8,31509.18,"niftyindices.com Historical Data - Total Return Index (NIFTY 50, gross TRI)"
2026-05-04,36358.33,31669.04,"niftyindices.com Historical Data - Total Return Index (NIFTY 50, gross TRI)"
2026-05-05,36227.97,31555.49,"niftyindices.com Historical Data - Total Return Index (NIFTY 50, gross TRI)"
2026-05-06,36677.36,31946.92,"niftyindices.com Historical Data - Total Return Index (NIFTY 50, gross TRI)"
2026-05-07,36670.88,31941.28,"niftyindices.com Historical Data - Total Return Index (NIFTY 50, gross TRI)"
2026-05-08,36444.03,31743.68,"niftyindices.com Historical Data - Total Return Index (NIFTY 50, gross TRI)"
2026-05-11,35900.87,31270.58,"niftyindices.com Historical Data - Total Return Index (NIFTY 50, gross TRI)"
2026-05-12,35243.17,30697.71,"niftyindices.com Historical Data - Total Return Index (NIFTY 50, gross TRI)"
2026-05-13,35293.05,30741.16,"niftyindices.com Historical Data - Total Return Index (NIFTY 50, gross TRI)"
2026-05-14,35710.57,31104.82,"niftyindices.com Historical Data - Total Return Index (NIFTY 50, gross TRI)"
2026-05-15,35664.76,31059.99,"niftyindices.com Historical Data - Total Return Index (NIFTY 50, gross TRI)"
2026-05-18,35674.46,31068.43,"niftyindices.com Historical Data - Total Return Index (NIFTY 50, gross TRI)"
2026-05-19,35626.29,31026.49,"niftyindices.com Historical Data - Total Return Index (NIFTY 50, gross TRI)"
2026-05-20,35688.12,31080.34,"niftyindices.com Historical Data - Total Return Index (NIFTY 50, gross TRI)"
2026-05-21,35681.64,31074.69,"niftyindices.com Historical Data - Total Return Index (NIFTY 50, gross TRI)"
2026-05-22,35793.78,31169.3,"niftyindices.com Historical Data - Total Return Index (NIFTY 50, gross TRI)"
2026-05-25,36277.77,31588.14,"niftyindices.com Historical Data - Total Return Index (NIFTY 50, gross TRI)"
2026-05-26,36099.61,31433.01,"niftyindices.com Historical Data - Total Return Index (NIFTY 50, gross TRI)"
2026-05-27,36089.71,31419.1,"niftyindices.com Historical Data - Total Return Index (NIFTY 50, gross TRI)"
2026-05-29,35552.64,30950.4,"niftyindices.com Historical Data - Total Return Index (NIFTY 50, gross TRI)"
2026-06-01,35303.3,30733.33,"niftyindices.com Historical Data - Total Return Index (NIFTY 50, gross TRI)"
2026-06-02,35455.73,30866.03,"niftyindices.com Historical Data - Total Return Index (NIFTY 50, gross TRI)"
2026-06-03,35338.07,30763.6,"niftyindices.com Historical Data - Total Return Index (NIFTY 50, gross TRI)"
2026-06-04,35354.58,30756.38,"niftyindices.com Historical Data - Total Return Index (NIFTY 50, gross TRI)"
2026-06-05,35295.11,30701.36,"niftyindices.com Historical Data - Total Return Index (NIFTY 50, gross TRI)"
2026-06-08,34926.96,30381.13,"niftyindices.com Historical Data - Total Return Index (NIFTY 50, gross TRI)"
2026-06-09,35106.89,30537.64,"niftyindices.com Historical Data - Total Return Index (NIFTY 50, gross TRI)"
2026-06-10,35065.85,30495.93,"niftyindices.com Historical Data - Total Return Index (NIFTY 50, gross TRI)"
2026-06-11,34985.25,30425.83,"niftyindices.com Historical Data - Total Return Index (NIFTY 50, gross TRI)"
2026-06-12,35695.33,31040.6,"niftyindices.com Historical Data - Total Return Index (NIFTY 50, gross TRI)"
2026-06-15,36044.4,31344.15,"niftyindices.com Historical Data - Total Return Index (NIFTY 50, gross TRI)"
2026-06-16,36248.81,31521.91,"niftyindices.com Historical Data - Total Return Index (NIFTY 50, gross TRI)"
2026-06-17,36394.66,31648.74,"niftyindices.com Historical Data - Total Return Index (NIFTY 50, gross TRI)"
2026-06-18,36519.02,31756.88,"niftyindices.com Historical Data - Total Return Index (NIFTY 50, gross TRI)"
2026-06-19,36353.45,31598.67,"niftyindices.com Historical Data - Total Return Index (NIFTY 50, gross TRI)"
2026-06-22,36489.39,31716.82,"niftyindices.com Historical Data - Total Return Index (NIFTY 50, gross TRI)"
2026-06-23,36077.17,31356.47,"niftyindices.com Historical Data - Total Return Index (NIFTY 50, gross TRI)"
2026-06-24,36376.39,31616.53,"niftyindices.com Historical Data - Total Return Index (NIFTY 50, gross TRI)"
2026-06-25,36428.37,31661.71,"niftyindices.com Historical Data - Total Return Index (NIFTY 50, gross TRI)"
2026-06-29,36262.15,31517.24,"niftyindices.com Historical Data - Total Return Index (NIFTY 50, gross TRI)"
2026-06-30,36145.88,31415.02,"niftyindices.com Historical Data - Total Return Index (NIFTY 50, gross TRI)"
2026-07-01,36358.08,31599.45,"niftyindices.com Historical Data - Total Return Index (NIFTY 50, gross TRI)"
2026-07-02,36615.31,31823.01,"niftyindices.com Historical Data - Total Return Index (NIFTY 50, gross TRI)"
2026-07-03,36772.46,31955.31,"niftyindices.com Historical Data - Total Return Index (NIFTY 50, gross TRI)"
2026-07-06,37014.1,32165.29,"niftyindices.com Historical Data - Total Return Index (NIFTY 50, gross TRI)"
2026-07-07,36970.13,32126.26,"niftyindices.com Historical Data - Total Return Index (NIFTY 50, gross TRI)"
2026-07-08,36187.26,31445.97,"niftyindices.com Historical Data - Total Return Index (NIFTY 50, gross TRI)"
2026-07-09,36311.62,31553.61,"niftyindices.com Historical Data - Total Return Index (NIFTY 50, gross TRI)"
2026-07-10,36688.15,31879.42,"niftyindices.com Historical Data - Total Return Index (NIFTY 50, gross TRI)"
2026-07-13,36694.4,31884.85,"niftyindices.com Historical Data - Total Return Index (NIFTY 50, gross TRI)"
2026-07-14,36453.46,31675.49,"niftyindices.com Historical Data - Total Return Index (NIFTY 50, gross TRI)"
2026-07-15,36497.59,31712.99,"niftyindices.com Historical Data - Total Return Index (NIFTY 50, gross TRI)"
2026-07-16,36488.9,31705.45,"niftyindices.com Historical Data - Total Return Index (NIFTY 50, gross TRI)"
2026-07-17,36891.14,32053.76,"niftyindices.com Historical Data - Total Return Index (NIFTY 50, gross TRI)"
2026-07-20,36745.92,31927.58,"niftyindices.com Historical Data - Total Return Index (NIFTY 50, gross TRI)"
2026-07-21,36668.86,31860.62,"niftyindices.com Historical Data - Total Return Index (NIFTY 50, gross TRI)"
2026-07-22,36378.67,31608.48,"niftyindices.com Historical Data - Total Return Index (NIFTY 50, gross TRI)"
2026-07-23,36186.61,31441.6,"niftyindices.com Historical Data - Total Return Index (NIFTY 50, gross TRI)"
2026-07-24,36055.94,31323.05,"niftyindices.com Historical Data - Total Return Index (NIFTY 50, gross TRI)"
2026-07-27,36404.48,31625.44,"niftyindices.com Historical Data - Total Return Index (NIFTY 50, gross TRI)"
2026-07-28,36388.43,31611.5,"niftyindices.com Historical Data - Total Return Index (NIFTY 50, gross TRI)"
2026-07-29,36790.18,31960.51,"niftyindices.com Historical Data - Total Return Index (NIFTY 50, gross TRI)"
2026-07-30,36891.81,32046.84,"niftyindices.com Historical Data - Total Return Index (NIFTY 50, gross TRI)"
2026-07-31,37000.72,32139.76,"niftyindices.com Historical Data - Total Return Index (NIFTY 50, gross TRI)"
